number,year,country,activity,sex,age,fatal_clean,decade,century
61753,2018,USA,Paddling,F,57.0,0,2010,21
61754,2018,USA,Standing,F,11.0,0,2010,21
61755,2018,USA,Surfing,M,48.0,0,2010,21
61756,2018,AUSTRALIA,Surfing,M,24.0,0,2010,21
61757,2018,MEXICO,Free diving,M,24.0,0,2010,21
61758,2018,AUSTRALIA,Kite surfing,M,24.0,0,2010,21
61759,2018,BRAZIL,Swimming,M,18.0,1,2010,21
61760,2018,USA,Fishing,M,52.0,0,2010,21
61761,2018,USA,Walking,M,15.0,0,2010,21
61762,2018,USA,Standing,M,12.0,0,2010,21
61763,2018,AUSTRALIA,Feeding sharks,M,32.0,0,2010,21
61764,2018,USA,Boogie boarding,M,10.0,0,2010,21
61765,2018,USA,Swimming,M,10.0,0,2010,21
61766,2018,ENGLAND,Fishing,M,21.0,0,2010,21
61767,2018,AUSTRALIA,Feeding sharks,F,34.0,0,2010,21
61768,2018,SOUTH AFRICA,Surfing,M,24.0,0,2010,21
61769,2018,AUSTRALIA,Surfing,M,24.0,0,2010,21
61770,2018,THAILAND,Swimming,M,24.0,0,2010,21
61771,2018,COSTA RICA,Scuba diving,M,30.0,0,2010,21
61772,2018,AUSTRALIA,Surfing,M,24.0,0,2010,21
61773,2018,AUSTRALIA,Surfing,M,24.0,0,2010,21
61774,2018,AUSTRALIA,Surfing,M,60.0,0,2010,21
61775,2018,AUSTRALIA,Surfing,M,24.0,0,2010,21
61776,2018,MALDIVES,Fishing,M,32.0,0,2010,21
61777,2018,SOUTH AFRICA,Paddle-skiing,M,33.0,0,2010,21
61778,2018,USA,Body boarding,M,29.0,0,2010,21
61779,2018,THAILAND,Swimming,M,54.0,0,2010,21
61780,2018,BRAZIL,Swimming,M,34.0,0,2010,21
61781,2018,AUSTRALIA,Surfing,M,41.0,0,2010,21
61782,2018,AUSTRALIA,Surfing,M,37.0,0,2010,21
61783,2018,BAHAMAS,Surfing,M,24.0,0,2010,21
61784,2018,BRAZIL,Fishing,M,56.0,0,2010,21
61785,2018,NEW CALEDONIA,Windsurfing,Unknown,24.0,0,2010,21
61786,2018,BAHAMAS,Swimming,M,12.0,0,2010,21
61787,2018,SOUTH AFRICA,Surfing,M,19.0,0,2010,21
61788,2018,USA,Stand-Up Paddleboarding,M,25.0,0,2010,21
61789,2018,AUSTRALIA,Wading,M,10.0,0,2010,21
61790,2018,AUSTRALIA,Swimming,M,69.0,0,2010,21
61791,2018,AUSTRALIA,Surfing,M,18.0,0,2010,21
61792,2018,SOUTH AFRICA,Scuba Diving,M,38.0,0,2010,21
61793,2018,AUSTRALIA,Swimming,F,55.0,0,2010,21
61794,2018,AUSTRALIA,Kayak fishing for sharks,M,34.0,0,2010,21
61795,2018,AUSTRALIA,Walking,M,35.0,0,2010,21
61796,2018,AUSTRALIA,Swimming,F,24.0,0,2010,21
61797,2018,BRAZIL,Cleaning fish,F,46.0,0,2010,21
61798,2018,ECUADOR,Snorkeling,M,45.0,0,2010,21
61799,2018,AUSTRALIA,Spearfishing,M,14.0,0,2010,21
61800,2018,AUSTRALIA,Unknown,M,18.0,0,2010,21
61801,2018,NEW CALEDONIA,Spearfishing,M,40.0,0,2010,21
61802,2018,AUSTRALIA,Diving,M,24.0,0,2010,21
61803,2018,AUSTRALIA,Free diving,M,28.0,0,2010,21
61804,2018,BRAZIL,Surfing,M,20.0,0,2010,21
61805,2018,AUSTRALIA,Surfing,M,24.0,0,2010,21
61806,2017,USA,Surfing,F,54.0,0,2010,21
61807,2017,USA,Surfing,F,35.0,0,2010,21
61808,2017,MALAYSIA,Fishing / Wading,M,24.0,0,2010,21
61809,2017,BAHAMAS,Snorkeling,F,25.0,0,2010,21
61810,2017,COSTA RICA,Scuba Diving,M,26.0,0,2010,21
61811,2017,COSTA RICA,Scuba diving,F,49.0,1,2010,21
61812,2017,LIBYA,2 boats capsized,Unknown,24.0,1,2010,21
61813,2017,USA,Spearfishing,M,25.0,0,2010,21
61814,2017,USA,Surfing,F,14.0,0,2010,21
61815,2017,Unknown,Surfing,M,24.0,0,2010,21
61816,2017,AUSTRALIA,Surfing,M,25.0,0,2010,21
61817,2017,CUBA,Night bathing,M,22.0,1,2010,21
61818,2017,AUSTRALIA,Snorkeling,M,7.0,0,2010,21
61819,2017,AUSTRALIA,Surfing,M,31.0,0,2010,21
61820,2017,USA,Stand-Up Paddleboarding,M,24.0,0,2010,21
61821,2017,MAURITIUS,Swimming,M,24.0,0,2010,21
61822,2017,USA,Surfing,M,17.0,0,2010,21
61823,2017,USA,Swimming,F,60.0,0,2010,21
61824,2017,AUSTRALIA,Kayaking / Fishing,F,15.0,0,2010,21
61825,2017,NEW ZEALAND,Kayaking,M,24.0,0,2010,21
61826,2017,USA,Swimming,M,24.0,0,2010,21
61827,2017,USA,Surfing,M,54.0,0,2010,21
61828,2017,USA,Snorkeling,F,40.0,0,2010,21
61829,2017,SOUTH AFRICA,Scuba Diving,M,31.0,0,2010,21
61830,2017,USA,Surfing,M,24.0,0,2010,21
61831,2017,AUSTRALIA,Surfing,M,24.0,0,2010,21
61832,2017,USA,Surfing,M,33.0,0,2010,21
61833,2017,USA,Surfing,M,24.0,0,2010,21
61834,2017,USA,Surfing,M,24.0,0,2010,21
61835,2017,SPAIN,Body surfing,M,13.0,0,2010,21
61836,2017,USA,Surfing,M,28.0,0,2010,21
61837,2017,SOUTH AFRICA,Scuba Diving,M,25.0,0,2010,21
61838,2017,SAMOA,Fishing,M,24.0,0,2010,21
61839,2017,AUSTRALIA,Fishing,Unknown,24.0,0,2010,21
61840,2017,USA,Surfing,M,18.0,0,2010,21
61841,2017,AUSTRALIA,Swimming,M,24.0,0,2010,21
61842,2017,AUSTRALIA,Surfing,M,35.0,0,2010,21
61843,2017,SOLOMON ISLANDS,Spearfishing,M,24.0,0,2010,21
61844,2017,SOUTH AFRICA,"Swimming, poaching abalone",M,24.0,1,2010,21
61845,2017,JAPAN,Surfing,M,42.0,0,2010,21
61846,2017,USA,Swimming,M,24.0,0,2010,21
61847,2017,USA,Swimming,F,24.0,0,2010,21
61848,2017,USA,Surfing,M,17.0,0,2010,21
61849,2017,AUSTRALIA,Surfing,M,37.0,0,2010,21
61850,2017,USA,Wading,F,3.0,0,2010,21
61851,2017,SPAIN,Swimming,F,11.0,0,2010,21
61852,2017,NEW ZEALAND,Canoeing,M,24.0,0,2010,21
61853,2017,USA,SUP,M,69.0,0,2010,21
61854,2017,BAHAMAS,Spearfishing,M,24.0,0,2010,21
61855,2017,USA,Swimming,M,13.0,0,2010,21
61856,2017,EGYPT,Snorkeling,F,20.0,0,2010,21
61857,2017,USA,Fishing,M,34.0,0,2010,21
61858,2017,USA,Kayaking / Fishing,M,24.0,0,2010,21
61859,2017,USA,Skimboarding,M,15.0,0,2010,21
61860,2017,USA,Swimming,M,10.0,0,2010,21
61861,2017,USA,Unknown,F,12.0,0,2010,21
61862,2017,BAHAMAS,Snorkeling,F,24.0,0,2010,21
61863,2017,BAHAMAS,Spearfishing,M,24.0,0,2010,21
61864,2017,"ST HELENA, British overseas territory",Surfing,M,37.0,0,2010,21
61865,2017,USA,Unknown,F,24.0,0,2010,21
61866,2017,SPAIN,Swimming,F,24.0,0,2010,21
61867,2017,USA,Unknown,F,40.0,0,2010,21
61868,2017,USA,Swimming,F,8.0,0,2010,21
61869,2017,USA,Kayaking,M,40.0,0,2010,21
61870,2017,USA,SUP,M,50.0,0,2010,21
61871,2017,USA,Surfing,M,24.0,0,2010,21
61872,2017,AUSTRALIA,Surfing,M,24.0,0,2010,21
61873,2017,USA,Kayaking,M,24.0,0,2010,21
61874,2017,USA,Swimming,M,46.0,0,2010,21
61875,2017,MEXICO,Fishing,M,32.0,0,2010,21
61876,2017,SOUTH AFRICA,Surfing,F,13.0,0,2010,21
61877,2017,COMOROS,Fishing,Unknown,24.0,0,2010,21
61878,2017,USA,Fishing,M,24.0,0,2010,21
61879,2017,USA,Swimming,F,16.0,0,2010,21
61880,2017,USA,Surfing,M,24.0,0,2010,21
61881,2017,USA,Swimming,F,14.0,0,2010,21
61882,2017,REUNION,Body boarding,M,34.0,0,2010,21
61883,2017,SPAIN,Swimming,M,82.0,0,2010,21
61884,2017,FRENCH POLYNESIA,Surfing,M,24.0,0,2010,21
61885,2017,BAHAMAS,Feeding sharks,F,24.0,0,2010,21
61886,2017,AUSTRALIA,Body boarding,M,48.0,0,2010,21
61887,2017,AUSTRALIA,Surfing,F,24.0,0,2010,21
61888,2017,USA,Surfing,M,19.0,0,2010,21
61889,2017,UNITED KINGDOM,Surfing,M,30.0,0,2010,21
61890,2017,USA,Spearfishing,M,24.0,0,2010,21
61891,2017,BAHAMAS,Snorkeling,F,32.0,0,2010,21
61892,2017,USA,Touching a shark,F,20.0,0,2010,21
61893,2017,USA,Feeding sharks,M,24.0,0,2010,21
61894,2017,AUSTRALIA,Fishing,M,73.0,0,2010,21
61895,2017,UNITED ARAB EMIRATES,Spearfishing,M,41.0,0,2010,21
61896,2017,AUSTRALIA,Attempting to lasso a shark,M,29.0,0,2010,21
61897,2017,MEXICO,Snorkeling,M,33.0,1,2010,21
61898,2017,USA,Surfing,F,18.0,0,2010,21
61899,2017,USA,Swimming,F,24.0,0,2010,21
61900,2017,SOUTH AFRICA,Surfing,M,14.0,0,2010,21
61901,2017,USA,Surfing,F,33.0,0,2010,21
61902,2017,REUNION,Body boarding,M,28.0,1,2010,21
61903,2017,NEW ZEALAND,Body boarding,F,20.0,0,2010,21
61904,2017,USA,Photo shoot,F,24.0,0,2010,21
61905,2017,"ST HELENA, British overseas territory",Snorkeling,F,40.0,0,2010,21
61906,2017,USA,Swimming,M,24.0,0,2010,21
61907,2017,USA,Unknown,Unknown,24.0,0,2010,21
61908,2017,AUSTRALIA,Surfing,F,17.0,1,2010,21
61909,2017,USA,Surfing,M,28.0,0,2010,21
61910,2017,USA,Surfing,M,17.0,0,2010,21
61911,2017,USA,Surfing,F,24.0,0,2010,21
61912,2017,SOUTH AFRICA,Scuba Diving,M,68.0,0,2010,21
61913,2017,USA,Surfing,F,35.0,0,2010,21
61914,2017,USA,Paddle boarding,F,10.0,0,2010,21
61915,2017,USA,Swimming,F,21.0,0,2010,21
61916,2017,USA,Swimming,M,16.0,0,2010,21
61917,2017,USA,Swimming,F,51.0,0,2010,21
61918,2017,AUSTRALIA,Kakaying,M,39.0,0,2010,21
61919,2017,USA,Swimming,F,17.0,0,2010,21
61920,2017,USA,Surfing,M,58.0,0,2010,21
61921,2017,AUSTRALIA,Body boarding,M,30.0,0,2010,21
61922,2017,USA,Kayaking,M,24.0,0,2010,21
61923,2017,PHILIPPINES,Spearfishing,M,25.0,0,2010,21
61924,2017,BAHAMAS,Washing hands,M,58.0,0,2010,21
61925,2017,AUSTRALIA,Snorkeling,F,24.0,0,2010,21
61926,2017,AUSTRALIA,Surfing,M,24.0,0,2010,21
61927,2017,REUNION,Body boarding,M,26.0,1,2010,21
61928,2017,AUSTRALIA,Spearfishing,M,26.0,0,2010,21
61929,2017,USA,Swimming,M,22.0,0,2010,21
61930,2017,BRAZIL,Grabbing shark for a selfie,F,24.0,0,2010,21
61931,2017,SOUTH AFRICA,Kayak fishing,M,24.0,0,2010,21
61932,2017,USA,Tagging sharks,Unknown,24.0,0,2010,21
61933,2017,BAHAMAS,Scuba Diving,M,37.0,0,2010,21
61934,2017,BRAZIL,Swimming,M,21.0,0,2010,21
61935,2017,USA,Unknown,M,24.0,0,2010,21
61936,2017,AUSTRALIA,Scuba Diving,M,55.0,0,2010,21
61937,2017,AUSTRALIA,Swimming,M,57.0,0,2010,21
61938,2017,USA,Unknown,M,24.0,0,2010,21
61939,2017,INDONESIA,Surfing,M,48.0,0,2010,21
61940,2017,USA,Wading,M,47.0,0,2010,21
61941,2017,AUSTRALIA,Wading,M,20.0,0,2010,21
61942,2016,USA,Surfing,M,16.0,0,2010,21
61943,2016,AUSTRALIA,Snorkeling,F,24.0,0,2010,21
61944,2016,SOUTH AFRICA,Surf skiing,M,55.0,0,2010,21
61945,2016,AUSTRALIA,Free diving,M,61.0,0,2010,21
61946,2016,FRENCH POLYNESIA,Fishing,M,40.0,0,2010,21
61947,2016,USA,Surfing,M,19.0,0,2010,21
61948,2016,AUSTRALIA,Surf fishing,M,20.0,0,2010,21
61949,2016,AUSTRALIA,Surfing,M,65.0,0,2010,21
61950,2016,AUSTRALIA,Fishing,M,73.0,0,2010,21
61951,2016,USA,Floating,F,58.0,0,2010,21
61952,2016,USA,Surfing,M,41.0,0,2010,21
61953,2016,USA,Surfing,M,42.0,0,2010,21
61954,2016,AUSTRALIA,Surfing,M,36.0,0,2010,21
61955,2016,USA,Surfing,M,36.0,0,2010,21
61956,2016,AUSTRALIA,Surfing,M,24.0,0,2010,21
61957,2016,USA,Snorkeling,F,66.0,0,2010,21
61958,2016,MEXICO,Cage Diving,M,24.0,0,2010,21
61959,2016,AUSTRALIA,Surfing,M,25.0,0,2010,21
61960,2016,USA,Surfing,M,29.0,0,2010,21
61961,2016,USA,Surfing,M,21.0,0,2010,21
61962,2016,USA,Surfng,M,32.0,0,2010,21
61963,2016,AUSTRALIA,Surfing,M,17.0,0,2010,21
61964,2016,USA,Surfing,M,16.0,0,2010,21
61965,2016,USA,Surfing,M,36.0,0,2010,21
61966,2016,USA,Surfing,M,43.0,0,2010,21
61967,2016,USA,Surfing,M,43.0,0,2010,21
61968,2016,AUSTRALIA,Surfing,M,24.0,0,2010,21
61969,2016,AUSTRALIA,Surfing,M,24.0,0,2010,21
61970,2016,AUSTRALIA,Fishing,Unknown,24.0,0,2010,21
61971,2016,USA,Wading,M,60.0,0,2010,21
61972,2016,USA,Swimming,F,51.0,0,2010,21
61973,2016,NEW CALEDONIA,Kite surfing,M,50.0,1,2010,21
61974,2016,USA,Boogie boarding,F,12.0,0,2010,21
61975,2016,AUSTRALIA,Surfing,M,24.0,0,2010,21
61976,2016,USA,Body boarding,M,9.0,0,2010,21
61977,2016,USA,Spearfishing,M,22.0,0,2010,21
61978,2016,MEXICO,Cage Diving,Unknown,24.0,0,2010,21
61979,2016,USA,Surfing,M,25.0,0,2010,21
61980,2016,USA,Surfing,M,37.0,0,2010,21
61981,2016,REUNION,Surfing,M,20.0,0,2010,21
61982,2016,USA,Wading,M,49.0,0,2010,21
61983,2016,BAHAMAS,Snorkeling,M,15.0,0,2010,21
61984,2016,USA,SUP Foil boarding,M,21.0,0,2010,21
61985,2016,USA,Surfing,M,22.0,0,2010,21
61986,2016,SPAIN,Swimming,M,40.0,0,2010,21
61987,2016,CHINA,Swimming,M,72.0,0,2010,21
61988,2016,AUSTRALIA,Kayaking,M,24.0,0,2010,21
61989,2016,USA,Lobstering,M,43.0,0,2010,21
61990,2016,AUSTRALIA,Surfing,M,18.0,0,2010,21
61991,2016,JAPAN,Surfing,M,29.0,0,2010,21
61992,2016,AUSTRALIA,Surfing,M,36.0,0,2010,21
61993,2016,BAHAMAS,Spearfishing,M,24.0,0,2010,21
61994,2016,AUSTRALIA,Fishing,M,31.0,0,2010,21
61995,2016,USA,Fishing in Alabama Deep Fishing Rodeo,Unknown,24.0,0,2010,21
61996,2016,USA,Surfing,F,9.0,0,2010,21
61997,2016,USA,Unknown,F,11.0,0,2010,21
61998,2016,USA,Kite surfing,M,61.0,0,2010,21
61999,2016,USA,Swimming,M,24.0,0,2010,21
62000,2016,BAHAMAS,Scuba Diving,M,24.0,0,2010,21
62001,2016,SPAIN,Wading,F,10.0,0,2010,21
62002,2016,USA,Fishing for squid,M,24.0,0,2010,21
62003,2016,USA,Fishing,M,59.0,0,2010,21
62004,2016,USA,Fishing for sharks,M,24.0,0,2010,21
62005,2016,USA,Swimming,F,42.0,0,2010,21
62006,2016,AUSTRALIA,Fishing,M,34.0,0,2010,21
62007,2016,USA,Unknown,M,35.0,0,2010,21
62008,2016,USA,Surfing,M,11.0,0,2010,21
62009,2016,COLUMBIA,Scuba Diving,M,59.0,0,2010,21
62010,2016,SOUTH AFRICA,Spearfishing,M,43.0,0,2010,21
62011,2016,USA,Floating,M,42.0,0,2010,21
62012,2016,USA,Wading,M,24.0,0,2010,21
62013,2016,USA,Surfing,M,24.0,0,2010,21
62014,2016,AUSTRALIA,Spearfishing,M,19.0,0,2010,21
62015,2016,USA,Floating in tube,F,6.0,0,2010,21
62016,2016,USA,Standing,M,19.0,0,2010,21
62017,2016,USA,Surfing,M,27.0,0,2010,21
62018,2016,USA,Swimming,M,64.0,0,2010,21
62019,2016,AUSTRALIA,Diving,F,60.0,1,2010,21
62020,2016,EGYPT,Swimming,M,23.0,0,2010,21
62021,2016,AUSTRALIA,Spearfishing,M,24.0,0,2010,21
62022,2016,NEW CALEDONIA,Kite surfing,M,24.0,0,2010,21
62023,2016,AUSTRALIA,Surfing,M,29.0,1,2010,21
62024,2016,USA,Swimming,F,52.0,0,2010,21
62025,2016,USA,Swimming,M,13.0,0,2010,21
62026,2016,USA,Swimming,F,57.0,0,2010,21
62027,2016,USA,Swimming,F,22.0,0,2010,21
62028,2016,USA,Swimming,F,11.0,0,2010,21
62029,2016,USA,Swimming,M,48.0,0,2010,21
62030,2016,USA,Teasing a shark,F,23.0,0,2010,21
62031,2016,USA,Floating,M,59.0,0,2010,21
62032,2016,NEW ZEALAND,Fishing,M,39.0,0,2010,21
62033,2016,INDONESIA,Surfing,M,24.0,0,2010,21
62034,2016,USA,Surfing,M,15.0,0,2010,21
62035,2016,SOUTH AFRICA,Surf-skiing,M,24.0,0,2010,21
62036,2016,AUSTRALIA,Swimming,M,12.0,0,2010,21
62037,2016,FRENCH POLYNESIA,Spearfishing,M,22.0,0,2010,21
62038,2016,FRENCH POLYNESIA,Spearfishing,M,26.0,0,2010,21
62039,2016,USA,Spearfishing,M,26.0,0,2010,21
62040,2016,NEW CALEDONIA,Walking,F,69.0,1,2010,21
62041,2016,CAPE VERDE,Unknown,M,60.0,0,2010,21
62042,2016,USA,Fishing,M,34.0,0,2010,21
62043,2016,USA,SUP,M,24.0,0,2010,21
62044,2016,USA,Snorkeling,F,46.0,0,2010,21
62045,2016,AUSTRALIA,Surfing,M,22.0,0,2010,21
62046,2016,USA,Unknown,M,24.0,0,2010,21
62047,2016,AUSTRALIA,Surfing,M,41.0,0,2010,21
62048,2016,BAHAMAS,Unknown,M,9.0,0,2010,21
62049,2016,USA,Surfing,Unknown,24.0,0,2010,21
62050,2016,USA,Body surfing,M,19.0,0,2010,21
62051,2016,Fiji,Diving for beche-de-mer,M,45.0,1,2010,21
62052,2016,USA,Unknown,M,12.0,0,2010,21
62053,2016,AUSTRALIA,Fishing,M,24.0,0,2010,21
62054,2016,BRAZIL,Swimming,M,41.0,0,2010,21
62055,2016,NEW CALEDONIA,Kite surfing,M,21.0,0,2010,21
62056,2016,NEW CALEDONIA,Spearfishing,M,31.0,0,2010,21
62057,2016,DOMINICAN REPUBLIC,Wading,F,24.0,0,2010,21
62058,2016,CAYMAN ISLANDS,Feeding stingrays?,M,65.0,0,2010,21
62059,2016,AUSTRALIA,Surfing,M,24.0,0,2010,21
62060,2016,AUSTRALIA,Walking,F,45.0,0,2010,21
62061,2016,AUSTRALIA,Windsurfing,M,40.0,0,2010,21
62062,2016,BRAZIL,Swimming,M,41.0,0,2010,21
62063,2016,SOUTH AFRICA,Kayak fishing,M,24.0,0,2010,21
62064,2016,USA,Surfing,M,24.0,0,2010,21
62065,2016,USA,Surfing,F,15.0,0,2010,21
62066,2016,USA,Spearfishing,M,24.0,0,2010,21
62067,2016,UNITED ARAB EMIRATES,Fishing,M,24.0,0,2010,21
62068,2016,USA,Paddle boarding,M,48.0,0,2010,21
62069,2016,AUSTRALIA,Surfing,M,24.0,0,2010,21
62070,2016,AUSTRALIA,Wading,M,11.0,0,2010,21
62071,2016,AUSTRALIA,Spearfishing,M,31.0,0,2010,21
62072,2015,SOUTH AFRICA,Kayak Fishing,M,24.0,0,2010,21
62073,2015,SPAIN,Swimming,F,38.0,0,2010,21
62074,2015,USA,Paddle boarding,M,71.0,0,2010,21
62075,2015,AUSTRALIA,Surfing,M,43.0,0,2010,21
62076,2015,BRAZIL,Scuba diving,M,32.0,0,2010,21
62077,2015,ARUBA,Sea disaster,M,58.0,1,2010,21
62078,2015,AUSTRALIA,Fishing,Unknown,24.0,0,2010,21
62079,2015,BAHAMAS,Lobster fishing,M,26.0,0,2010,21
62080,2015,SOUTH AFRICA,Swimming / Wading,F,22.0,0,2010,21
62081,2015,ECUADOR,Snorkeling,M,55.0,0,2010,21
62082,2015,USA,Surfing,M,24.0,0,2010,21
62083,2015,USA,Swimming,F,24.0,0,2010,21
62084,2015,USA,Surfing,M,28.0,0,2010,21
62085,2015,AUSTRALIA,Surfing,M,20.0,0,2010,21
62086,2015,USA,Surfing,F,9.0,0,2010,21
62087,2015,USA,Swimming,M,54.0,0,2010,21
62088,2015,USA,Wading,F,28.0,0,2010,21
62089,2015,MOZAMBIQUE,Fishing,M,19.0,0,2010,21
62090,2015,AUSTRALIA,Spearfishing,M,50.0,0,2010,21
62091,2015,USA,Body boarding,M,10.0,0,2010,21
62092,2015,SOUTH AFRICA,Surfing,M,42.0,0,2010,21
62093,2015,USA,Surfing,M,21.0,0,2010,21
62094,2015,USA,Surfing,M,21.0,0,2010,21
62095,2015,MOZAMBIQUE,Fishing for shrimp,F,35.0,1,2010,21
62096,2015,USA,Surfing,M,32.0,0,2010,21
62097,2015,USA,Swimming,M,44.0,0,2010,21
62098,2015,USA,Kayak Fishing,M,24.0,0,2010,21
62099,2015,USA,Boogie boarding,F,9.0,0,2010,21
62100,2015,USA,Surfing,M,25.0,0,2010,21
62101,2015,MOZAMBIQUE,Fishing,M,24.0,0,2010,21
62102,2015,AUSTRALIA,Surfing,M,18.0,0,2010,21
62103,2015,USA,Body boarding,M,22.0,0,2010,21
62104,2015,USA,Wading,M,13.0,0,2010,21
62105,2015,USA,Surfing,M,14.0,0,2010,21
62106,2015,USA,Surfing,M,22.0,0,2010,21
62107,2015,AUSTRALIA,Snorkeling,F,7.0,0,2010,21
62108,2015,USA,Kayak fishing,M,24.0,0,2010,21
62109,2015,USA,Surfing,M,14.0,0,2010,21
62110,2015,USA,Spearfishing,M,27.0,0,2010,21
62111,2015,USA,Wading,M,12.0,0,2010,21
62112,2015,USA,Photographing fish,M,16.0,0,2010,21
62113,2015,USA,Kayak Fishing,M,24.0,0,2010,21
62114,2015,USA,Swimming,M,24.0,0,2010,21
62115,2015,USA,Surfing,M,20.0,0,2010,21
62116,2015,AUSTRALIA,Surfing,M,42.0,0,2010,21
62117,2015,USA,Stand-Up Paddleboarding,F,50.0,0,2010,21
62118,2015,USA,Kayak Fishing,M,29.0,0,2010,21
62119,2015,AUSTRALIA,Surf-skiing,M,62.0,0,2010,21
62120,2015,USA,Unknown,M,24.0,0,2010,21
62121,2015,THAILAND,Wading,F,37.0,0,2010,21
62122,2015,FIJI,Spearfishing,M,24.0,0,2010,21
62123,2015,USA,Surfing,F,54.0,0,2010,21
62124,2015,USA,Surfing,M,21.0,0,2010,21
62125,2015,USA,Unknown,M,24.0,0,2010,21
62126,2015,AUSTRALIA,Surfing,M,38.0,0,2010,21
62127,2015,USA,Surfing,M,15.0,0,2010,21
62128,2015,USA,Walking,F,10.0,0,2010,21
62129,2015,USA,Kayak Fishing,M,22.0,0,2010,21
62130,2015,SPAIN,Swimming,M,10.0,0,2010,21
62131,2015,USA,Spearfishing,M,57.0,0,2010,21
62132,2015,AUSTRALIA,Surfing,M,52.0,0,2010,21
62133,2015,COSTA RICA,Surfing,M,47.0,0,2010,21
62134,2015,AUSTRALIA,Surfing,M,40.0,0,2010,21
62135,2015,USA,Surfing,M,25.0,0,2010,21
62136,2015,USA,Floating,F,35.0,0,2010,21
62137,2015,AUSTRALIA,Scallop diving on hookah,M,46.0,1,2010,21
62138,2015,USA,Kayak Fishing,M,31.0,0,2010,21
62139,2015,AUSTRALIA,Surfing,M,40.0,0,2010,21
62140,2015,REUNION,Surfing,M,45.0,0,2010,21
62141,2015,SOUTH AFRICA,Surfing,M,34.0,0,2010,21
62142,2015,USA,Surfing,M,38.0,0,2010,21
62143,2015,USA,Treading water,M,39.0,0,2010,21
62144,2015,FRENCH POLYNESIA,Swimming,M,24.0,0,2010,21
62145,2015,BAHAMAS,Spearfishing,F,23.0,0,2010,21
62146,2015,USA,Unknown,M,32.0,0,2010,21
62147,2015,AUSTRALIA,Surfing,M,52.0,0,2010,21
62148,2015,AUSTRALIA,Body boarding,M,32.0,0,2010,21
62149,2015,USA,Swimming,M,68.0,0,2010,21
62150,2015,AUSTRALIA,Surfing,M,24.0,0,2010,21
62151,2015,USA,Playing in the water,M,12.0,0,2010,21
62152,2015,USA,Swimming,M,18.0,0,2010,21
62153,2015,SOUTH AFRICA,Body Boarding,M,19.0,0,2010,21
62154,2015,USA,Swimming,F,24.0,0,2010,21
62155,2015,SOUTH AFRICA,Surfing,M,23.0,0,2010,21
62156,2015,USA,Standing,M,43.0,0,2010,21
62157,2015,AUSTRALIA,Swimming,M,19.0,0,2010,21
62158,2015,USA,Body surfing?,M,47.0,0,2010,21
62159,2015,USA,Swimming,M,6.0,0,2010,21
62160,2015,AUSTRALIA,Surfing,F,37.0,0,2010,21
62161,2015,USA,Standing,M,9.0,0,2010,21
62162,2015,PUERTO RICO,Spearfishing,M,36.0,0,2010,21
62163,2015,USA,Swimming,M,10.0,0,2010,21
62164,2015,USA,Wading,M,16.0,0,2010,21
62165,2015,USA,Wading,F,12.0,0,2010,21
62166,2015,USA,Unknown,F,24.0,0,2010,21
62167,2015,USA,Boogie boarding,F,13.0,0,2010,21
62168,2015,USA,Playing,M,11.0,0,2010,21
62169,2015,USA,Attempting to rescue a shark,F,17.0,0,2010,21
62170,2015,REUNION,Surfing,M,47.0,0,2010,21
62171,2015,USA,Standing,F,14.0,0,2010,21
62172,2015,USA,Wading,F,19.0,0,2010,21
62173,2015,FRENCH POLYNESIA,Spearfishing,M,19.0,0,2010,21
62174,2015,USA,Swimming,F,13.0,0,2010,21
62175,2015,USA,Surfing,M,18.0,0,2010,21
62176,2015,USA,Unknown,M,30.0,0,2010,21
62177,2015,NEW CALEDONIA,Snorkeling,M,50.0,1,2010,21
62178,2015,USA,Swimming,M,24.0,0,2010,21
62179,2015,AUSTRALIA,Surfing,M,24.0,0,2010,21
62180,2015,SOUTH AFRICA,Diving,M,29.0,0,2010,21
62181,2015,USA,Snorkeling,F,65.0,1,2010,21
62182,2015,USA,Wading,M,63.0,0,2010,21
62183,2015,AUSTRALIA,Surfing,M,26.0,0,2010,21
62184,2015,AUSTRALIA,Surf skiing,M,71.0,0,2010,21
62185,2015,USA,Photographing the shark,M,48.0,0,2010,21
62186,2015,REUNION,Surfing,M,13.0,1,2010,21
62187,2015,AUSTRALIA,Paddle boarding,M,24.0,0,2010,21
62188,2015,USA,Spearfishing,M,70.0,0,2010,21
62189,2015,ITALY,Diving,M,43.0,0,2010,21
62190,2015,BRAZIL,Surfing,M,23.0,0,2010,21
62191,2015,SOUTH AFRICA,Kayak Fishing,M,36.0,0,2010,21
62192,2015,EGYPT,Swimming,M,52.0,1,2010,21
62193,2015,USA,Standing / Snorkeling,M,58.0,0,2010,21
62194,2015,FRENCH POLYNESIA,Hand feeding sharks,M,9.0,0,2010,21
62195,2015,AUSTRALIA,Fishing,M,24.0,0,2010,21
62196,2015,MEXICO,Fishing,M,36.0,0,2010,21
62197,2015,FRENCH POLYNESIA,Sitting in the water,M,18.0,0,2010,21
62198,2015,ATLANTIC OCEAN,Transatlantic Rowing,Unknown,24.0,0,2010,21
62199,2015,REUNION,Swimming,F,22.0,1,2010,21
62200,2015,AUSTRALIA,Surfing,M,41.0,1,2010,21
62201,2015,AUSTRALIA,Surfing,M,35.0,0,2010,21
62202,2015,AUSTRALIA,Bodysurfing,M,24.0,0,2010,21
62203,2015,AUSTRALIA,Rowing,M,57.0,0,2010,21
62204,2015,USA,Shark fishing,M,20.0,0,2010,21
62205,2015,AUSTRALIA,Surfing,M,24.0,0,2010,21
62206,2015,SOUTH AFRICA,Floating,M,24.0,0,2010,21
62207,2015,USA,Fishing,M,24.0,0,2010,21
62208,2015,AUSTRALIA,Surfing & filming dolphins,F,24.0,0,2010,21
62209,2015,AUSTRALIA,Fishing,M,24.0,0,2010,21
62210,2015,AUSTRALIA,Filming,M,17.0,0,2010,21
62211,2015,USA,Swimming after falling overboard,M,38.0,0,2010,21
62212,2015,BAHAMAS,Snorkeling,F,34.0,0,2010,21
62213,2015,SOUTH AFRICA,Surfing,M,15.0,0,2010,21
62214,2015,USA,Unknown,M,12.0,0,2010,21
62215,2014,AUSTRALIA,Surfing,Unknown,24.0,0,2010,21
62216,2014,AUSTRALIA,Spearfishing,M,17.0,1,2010,21
62217,2014,GREECE,Unknown,Unknown,24.0,0,2010,21
62218,2014,SOUTH AFRICA,Swimming,Unknown,24.0,0,2010,21
62219,2014,USA,Surfing,M,50.0,0,2010,21
62220,2014,AUSTRALIA,Fishing,M,40.0,0,2010,21
62221,2014,JAPAN,Diving / Filming,M,24.0,0,2010,21
62222,2014,AUSTRALIA,Spearfishing,M,17.0,1,2010,21
62223,2014,SPAIN,Fishing for blue sharks,M,24.0,0,2010,21
62224,2014,AUSTRALIA,Surfing,M,13.0,0,2010,21
62225,2014,MAURITIUS,Fishing,M,39.0,1,2010,21
62226,2014,AUSTRALIA,Fishing,M,24.0,0,2010,21
62227,2014,USA,Unknown,Unknown,24.0,0,2010,21
62228,2014,USA,Surfing,M,44.0,0,2010,21
62229,2014,USA,Snorkeling,M,53.0,0,2010,21
62230,2014,AUSTRALIA,Surfing,M,24.0,0,2010,21
62231,2014,USA,Surfing,M,18.0,0,2010,21
62232,2014,USA,Surfing,F,34.0,0,2010,21
62233,2014,AUSTRALIA,Surfing,M,20.0,0,2010,21
62234,2014,USA,Stand-Up Paddleboarding,F,24.0,0,2010,21
62235,2014,USA,Stand-Up Paddleboarding,M,24.0,0,2010,21
62236,2014,USA,Canoeing,F,24.0,0,2010,21
62237,2014,USA,Surfing,M,24.0,0,2010,21
62238,2014,AUSTRALIA,Surfing,F,13.0,0,2010,21
62239,2014,USA,Standing in inner tube,F,7.0,0,2010,21
62240,2014,USA,Body surfing or Boogie boarding,F,24.0,0,2010,21
62241,2014,AUSTRALIA,Kayaking,M,24.0,0,2010,21
62242,2014,USA,Surfing,M,29.0,0,2010,21
62243,2014,USA,Fishing,F,40.0,0,2010,21
62244,2014,USA,Surfing,M,15.0,0,2010,21
62245,2014,USA,Kayaking,M,24.0,0,2010,21
62246,2014,USA,Kayaking,M,24.0,0,2010,21
62247,2014,USA,Surfing,M,28.0,0,2010,21
62248,2014,AUSTRALIA,Surfing,M,23.0,0,2010,21
62249,2014,USA,Surfing,M,24.0,0,2010,21
62250,2014,FRENCH POLYNESIA,Feeding fish,F,36.0,0,2010,21
62251,2014,USA,Surfing,M,24.0,0,2010,21
62252,2014,AUSTRALIA,Swimming,M,50.0,1,2010,21
62253,2014,USA,Fishing,M,43.0,0,2010,21
62254,2014,USA,Kayaking,F,20.0,0,2010,21
62255,2014,USA,Fishing,M,52.0,0,2010,21
62256,2014,SPAIN,Playing with an air mattress,M,16.0,0,2010,21
62257,2014,USA,Body surfing,F,13.0,0,2010,21
62258,2014,USA,Surfing,M,17.0,0,2010,21
62259,2014,USA,Unknown,Unknown,24.0,0,2010,21
62260,2014,USA,Fishing,M,33.0,0,2010,21
62261,2014,SPAIN,Swimming,F,30.0,0,2010,21
62262,2014,USA,Surfing,M,29.0,0,2010,21
62263,2014,USA,Standing,F,24.0,0,2010,21
62264,2014,USA,Fishing for sharks,M,24.0,0,2010,21
62265,2014,USA,Kite boarding,Unknown,24.0,0,2010,21
62266,2014,AUSTRALIA,Spearfishing,M,31.0,0,2010,21
62267,2014,USA,Standing,M,24.0,0,2010,21
62268,2014,USA,Unknown,M,26.0,0,2010,21
62269,2014,BAHAMAS,Spearfishing,M,24.0,0,2010,21
62270,2014,USA,Swimming,F,10.0,0,2010,21
62271,2014,USA,Swimming,M,7.0,0,2010,21
62272,2014,USA,Boogie boarding,M,10.0,0,2010,21
62273,2014,USA,Swimming,F,45.0,0,2010,21
62274,2014,USA,Surfing,M,50.0,0,2010,21
62275,2014,USA,Boogie boarding,M,8.0,0,2010,21
62276,2014,SOUTH AFRICA,Surfing,M,20.0,0,2010,21
62277,2014,Unknown,Sea disaster,M,24.0,0,2010,21
62278,2014,USA,Swimming,M,24.0,0,2010,21
62279,2014,REUNION,Surfing,M,51.0,0,2010,21
62280,2014,USA,Standing,M,8.0,0,2010,21
62281,2014,SPAIN,Wading,Unknown,24.0,0,2010,21
62282,2014,USA,Swimming,M,61.0,0,2010,21
62283,2014,USA,Swimming,M,39.0,0,2010,21
62284,2014,BAHAMAS,Shark diving,M,63.0,0,2010,21
62285,2014,USA,Body surfing,M,24.0,0,2010,21
62286,2014,USA,Surfing,M,14.0,0,2010,21
62287,2014,USA,Swimming,M,24.0,0,2010,21
62288,2014,USA,Surfing,M,24.0,0,2010,21
62289,2014,USA,Body surfing,M,19.0,0,2010,21
62290,2014,ST. MARTIN,Transatlantic Rowing,M,48.0,0,2010,21
62291,2014,BAHAMAS,Spearfishing,M,42.0,0,2010,21
62292,2014,AUSTRALIA,Surfing,M,24.0,0,2010,21
62293,2014,AUSTRALIA,Body boarding,M,15.0,0,2010,21
62294,2014,AUSTRALIA,Petting a shark,M,24.0,0,2010,21
62295,2014,BRAZIL,Fishing,M,43.0,0,2010,21
62296,2014,USA,Standing,M,16.0,0,2010,21
62297,2014,AUSTRALIA,Body boarding,M,39.0,0,2010,21
62298,2014,JAPAN,Surfing,M,43.0,0,2010,21
62299,2014,USA,Kneeling in the water,F,14.0,0,2010,21
62300,2014,USA,Swimming,F,22.0,0,2010,21
62301,2014,AUSTRALIA,Surfing,M,24.0,0,2010,21
62302,2014,USA,Tagging sharks,F,37.0,0,2010,21
62303,2014,AUSTRALIA,Fell into the water,F,29.0,0,2010,21
62304,2014,FRANCE,Scuba diving,M,24.0,0,2010,21
62305,2014,AUSTRALIA,Teasing a shark,M,10.0,0,2010,21
62306,2014,USA,Body boarding,F,38.0,0,2010,21
62307,2014,AUSTRALIA,Surfing,M,35.0,0,2010,21
62308,2014,USA,Wading,F,44.0,0,2010,21
62309,2014,USA,Surfing,M,12.0,0,2010,21
62310,2014,USA,Diving,M,24.0,0,2010,21
62311,2014,USA,Swimming,F,40.0,0,2010,21
62312,2014,SOUTH AFRICA,Diving,Unknown,24.0,0,2010,21
62313,2014,USA,Surfing,M,23.0,0,2010,21
62314,2014,AUSTRALIA,Spearfishing,M,24.0,0,2010,21
62315,2014,USA,Swimming,M,42.0,0,2010,21
62316,2014,USA,Wading,M,25.0,0,2010,21
62317,2014,SOUTH AFRICA,Shark watching,Unknown,24.0,0,2010,21
62318,2014,SOUTH AFRICA,Fishing,M,24.0,0,2010,21
62319,2014,USA,Surfing,M,24.0,0,2010,21
62320,2014,USA,Surfing,M,24.0,0,2010,21
62321,2014,AUSTRALIA,Swimming,F,63.0,1,2010,21
62322,2014,AUSTRALIA,Diving for lobsters,M,38.0,0,2010,21
62323,2014,SOUTH AFRICA,Swimming,M,66.0,1,2010,21
62324,2014,USA,Kite Surfing,M,24.0,0,2010,21
62325,2014,USA,Surfing,M,9.0,0,2010,21
62326,2014,NEW CALEDONIA,Kite Surfing,M,42.0,0,2010,21
62327,2014,AUSTRALIA,Surfing,M,42.0,0,2010,21
62328,2014,AUSTRALIA,Unknown,F,10.0,0,2010,21
62329,2014,AUSTRALIA,Swimming,M,24.0,0,2010,21
62330,2014,CAYMAN ISLANDS,Scuba diving / culling lionfish,M,24.0,0,2010,21
62331,2014,USA,Surfing,M,21.0,0,2010,21
62332,2014,FRENCH POLYNESIA,Kitesurfing,M,21.0,0,2010,21
62333,2014,PAPUA NEW GUINEA,Sailing,M,21.0,0,2010,21
62334,2014,AUSTRALIA,Spearfishing / Free diving,M,28.0,1,2010,21
62335,2014,TRINIDAD & TOBAGO,Fishing,M,24.0,0,2010,21
62336,2014,NEW ZEALAND,Surfing,M,28.0,0,2010,21
62337,2014,AUSTRALIA,Fishing,M,24.0,0,2010,21
62338,2014,NEW ZEALAND,Spearfishing,M,24.0,0,2010,21
62339,2014,JAPAN,Sea disaster,M,31.0,0,2010,21
62340,2014,USA,Free diving / Photographing pilot whales,M,24.0,0,2010,21
62341,2014,NEW ZEALAND,Filming a documentary,Unknown,24.0,0,2010,21
62342,2013,NEW CALEDONIA,Snorkeling,M,37.0,0,2010,21
62343,2013,SOUTH AFRICA,Surfing,M,19.0,0,2010,21
62344,2013,KIRIBATI,Attempting to remove fishing net from submerged object,M,35.0,0,2010,21
62345,2013,USA,Boogie boarding,M,29.0,0,2010,21
62346,2013,USA,Surfing,M,30.0,0,2010,21
62347,2013,AUSTRALIA,Surfing,M,26.0,0,2010,21
62348,2013,USA,Kayaking / Fishing,M,57.0,1,2010,21
62349,2013,AUSTRALIA,Body boarding,M,19.0,1,2010,21
62350,2013,USA,Snorkeling,F,58.0,0,2010,21
62351,2013,AUSTRALIA,Surfing,M,35.0,1,2010,21
62352,2013,USA,Surfing,M,25.0,0,2010,21
62353,2013,AUSTRALIA,Surfing,M,24.0,0,2010,21
62354,2013,BAHAMAS,Shark fishing,M,77.0,0,2010,21
62355,2013,USA,Body boarding,M,16.0,0,2010,21
62356,2013,USA,Surfing,M,24.0,0,2010,21
62357,2013,USA,Kiteboarding,M,46.0,0,2010,21
62358,2013,AUSTRALIA,Snorkeling,F,60.0,0,2010,21
62359,2013,REUNION,Body boarding,M,24.0,0,2010,21
62360,2013,AUSTRALIA,Diving for crayfish,M,24.0,0,2010,21
62361,2013,AUSTRALIA,Surfing,M,41.0,0,2010,21
62362,2013,USA,Diving,M,45.0,0,2010,21
62363,2013,USA,Surfing,M,25.0,0,2010,21
62364,2013,USA,Wading,M,6.0,0,2010,21
62365,2013,SOUTH AFRICA,Swimming / snorkeling,M,74.0,1,2010,21
62366,2013,AUSTRALIA,Diving for Abalone,M,55.0,0,2010,21
62367,2013,USA,Surfing,M,45.0,0,2010,21
62368,2013,USA,Wading,M,12.0,0,2010,21
62369,2013,USA,Surfing,M,50.0,0,2010,21
62370,2013,ISRAEL,Diving,M,27.0,0,2010,21
62371,2013,USA,Standing,M,7.0,0,2010,21
62372,2013,USA,Swimming,M,45.0,0,2010,21
62373,2013,USA,Surfing,M,24.0,0,2010,21
62374,2013,USA,Swimming,M,21.0,0,2010,21
62375,2013,USA,Surfing,F,13.0,0,2010,21
62376,2013,USA,Unknown,F,24.0,0,2010,21
62377,2013,USA,Surfing,M,43.0,0,2010,21
62378,2013,USA,Standing,M,25.0,0,2010,21
62379,2013,USA,Swimming,M,17.0,0,2010,21
62380,2013,USA,Unknown,M,3.0,0,2010,21
62381,2013,BAHAMAS,Unknown,M,24.0,0,2010,21
62382,2013,USA,Casting a net,M,9.0,0,2010,21
62383,2013,BAHAMAS,Spearfishing,M,24.0,0,2010,21
62384,2013,USA,Swimming,M,24.0,0,2010,21
62385,2013,USA,Marathon swimming,F,47.0,0,2010,21
62386,2013,FRANCE,Longline fishing for sharks,M,50.0,0,2010,21
62387,2013,USA,Boogie boarding,F,11.0,0,2010,21
62388,2013,AUSTRALIA,Wrangling a shark,M,24.0,0,2010,21
62389,2013,USA,Surfing,M,16.0,0,2010,21
62390,2013,USA,Surfing,F,24.0,0,2010,21
62391,2013,USA,Snorkeling,F,20.0,1,2010,21
62392,2013,USA,Kiteboarding,F,19.0,0,2010,21
62393,2013,USA,Surfing,M,10.0,0,2010,21
62394,2013,SOUTH AFRICA,Attempting to free the shark,M,24.0,0,2010,21
62395,2013,USA,Fishing,M,17.0,0,2010,21
62396,2013,USA,Snorkeling,F,56.0,0,2010,21
62397,2013,USA,Swimming,M,32.0,0,2010,21
62398,2013,BAHAMAS,Spearfishing,M,40.0,0,2010,21
62399,2013,MEXICO,Wading,F,24.0,0,2010,21
62400,2013,USA,Surfing,M,18.0,0,2010,21
62401,2013,BAHAMAS,Cleaning fish,M,64.0,0,2010,21
62402,2013,BAHAMAS,Diving,M,50.0,0,2010,21
62403,2013,BRAZIL,Swimming,F,18.0,1,2010,21
62404,2013,USA,Walking in surf,F,50.0,0,2010,21
62405,2013,USA,Swimming,M,24.0,0,2010,21
62406,2013,REUNION,Swimming & snorkeling,F,15.0,1,2010,21
62407,2013,DIEGO GARCIA,Swimming,M,33.0,1,2010,21
62408,2013,USA,Wading,F,63.0,0,2010,21
62409,2013,SPAIN,Swimming,M,48.0,0,2010,21
62410,2013,AUSTRALIA,Body surfing,M,29.0,0,2010,21
62411,2013,TAIWAN,Fishing,M,24.0,0,2010,21
62412,2013,JAMAICA,Unknown,M,20.0,0,2010,21
62413,2013,USA,Kayaking / Fishing,M,24.0,0,2010,21
62414,2013,USA,Swimming,M,24.0,0,2010,21
62415,2013,USA,Swimming,M,14.0,0,2010,21
62416,2013,USA,Swimming,M,28.0,0,2010,21
62417,2013,USA,Swimming,M,15.0,0,2010,21
62418,2013,SOUTH AFRICA,Surfing,M,24.0,0,2010,21
62419,2013,USA,Surfing,F,24.0,0,2010,21
62420,2013,USA,Boogie Boarding,F,10.0,0,2010,21
62421,2013,USA,Fishing for sharks,M,58.0,0,2010,21
62422,2013,AUSTRALIA,Surfing,M,24.0,0,2010,21
62423,2013,USA,Diving,M,32.0,0,2010,21
62424,2013,USA,Swimming,M,11.0,0,2010,21
62425,2013,BRAZIL,Unknown,M,41.0,1,2010,21
62426,2013,PALESTINIAN TERRITORIES,Fishing,M,30.0,0,2010,21
62427,2013,ECUADOR,Surfing,M,29.0,0,2010,21
62428,2013,USA,Surfing,M,42.0,0,2010,21
62429,2013,REUNION,Body boarding,M,36.0,1,2010,21
62430,2013,USA,Surfing,M,16.0,0,2010,21
62431,2013,AUSTRALIA,Fishing,M,24.0,0,2010,21
62432,2013,MEXICO,Swimming,F,34.0,0,2010,21
62433,2013,AUSTRALIA,Fishing,M,51.0,0,2010,21
62434,2013,USA,Playing in the surf,M,9.0,0,2010,21
62435,2013,SOUTH AFRICA,Free diving,M,24.0,0,2010,21
62436,2013,USA,Surfing,M,21.0,0,2010,21
62437,2013,GUAM,Unknown,M,40.0,1,2010,21
62438,2013,FRENCH POLYNESIA,Kite boarding,M,53.0,0,2010,21
62439,2013,USA,Swimming,M,50.0,0,2010,21
62440,2013,AUSTRALIA,Unknown,M,24.0,0,2010,21
62441,2013,USA,Surfing,M,58.0,0,2010,21
62442,2013,AUSTRALIA,Surfing,M,47.0,0,2010,21
62443,2013,SEYCHELLES,Free diving,M,34.0,0,2010,21
62444,2013,BELIZE,Snorkeling,F,24.0,0,2010,21
62445,2013,BAHAMAS,Fly fishing,M,50.0,0,2010,21
62446,2013,SOUTH AFRICA,Fishing - 'tag & release',M,30.0,0,2010,21
62447,2013,SOUTH AFRICA,Surfing,M,24.0,0,2010,21
62448,2013,JAMAICA,Spearfishing,M,68.0,1,2010,21
62449,2013,AUSTRALIA,Spearfishing,M,28.0,0,2010,21
62450,2013,PHILIPPINES,Swimming to shore with floatioon devices after boat engine conked out,M,28.0,0,2010,21
62451,2013,SOUTH AFRICA,Swimming,M,39.0,0,2010,21
62452,2013,NEW ZEALAND,Swimming,M,46.0,1,2010,21
62453,2013,USA,Surfing,Unknown,24.0,0,2010,21
62454,2013,USA,Surfing,M,24.0,0,2010,21
62455,2013,USA,Surfing,M,16.0,0,2010,21
62456,2013,FRENCH POLYNESIA,Scuba diving,M,48.0,0,2010,21
62457,2013,JAMAICA,Unknown,M,18.0,0,2010,21
62458,2013,AUSTRALIA,Fishing,M,24.0,0,2010,21
62459,2013,AUSTRALIA,Surfing,M,24.0,0,2010,21
62460,2013,AUSTRALIA,Dragging stranded shark into deeper water,M,62.0,0,2010,21
62461,2013,USA,Surfing,M,43.0,0,2010,21
62462,2013,NEW ZEALAND,Spearfishing,M,24.0,0,2010,21
62463,2013,AUSTRALIA,Spearfishing / Free diving,M,26.0,0,2010,21
62464,2012,USA,Swimming,M,24.0,0,2010,21
62465,2012,AUSTRALIA,Surfing,M,23.0,0,2010,21
62466,2012,AUSTRALIA,Paddle boarding,M,29.0,0,2010,21
62467,2012,SOUTH AFRICA,Swimming,M,20.0,1,2010,21
62468,2012,AUSTRALIA,Surfing,M,32.0,0,2010,21
62469,2012,USA,Surfing,M,60.0,0,2010,21
62470,2012,AUSTRALIA,Spearfishing,M,31.0,0,2010,21
62471,2012,NEW ZEALAND,Scuba diving,F,25.0,0,2010,21
62472,2012,USA,Snorkeling,M,61.0,0,2010,21
62473,2012,AUSTRALIA,Unknown,M,20.0,0,2010,21
62474,2012,MEXICO,Swimming,M,32.0,1,2010,21
62475,2012,USA,Surfing,M,14.0,0,2010,21
62476,2012,USA,Diving,M,30.0,0,2010,21
62477,2012,USA,Surfing,M,43.0,0,2010,21
62478,2012,USA,Surfing,M,25.0,0,2010,21
62479,2012,USA,Swimming,F,51.0,0,2010,21
62480,2012,USA,Surfing,M,39.0,1,2010,21
62481,2012,USA,Unknown,F,35.0,0,2010,21
62482,2012,USA,Surfing,M,24.0,0,2010,21
62483,2012,USA,Paddle boarding,M,55.0,0,2010,21
62484,2012,USA,Unknown,M,24.0,0,2010,21
62485,2012,NIGERIA,Bathing,F,38.0,0,2010,21
62486,2012,USA,Windsurfing,M,42.0,0,2010,21
62487,2012,AUSTRALIA,Bodyboarding,M,11.0,0,2010,21
62488,2012,USA,Surfing,M,21.0,0,2010,21
62489,2012,USA,Surfing,M,22.0,0,2010,21
62490,2012,USA,Surfing,M,52.0,0,2010,21
62491,2012,TONGA,Swimming,F,29.0,0,2010,21
62492,2012,USA,Surfing,Unknown,19.0,0,2010,21
62493,2012,USA,Surfing,M,25.0,0,2010,21
62494,2012,USA,Swimming,M,24.0,0,2010,21
62495,2012,USA,Surfing,M,30.0,0,2010,21
62496,2012,USA,Surfing,M,37.0,0,2010,21
62497,2012,USA,Surfing,M,32.0,0,2010,21
62498,2012,USA,Boogie boarding,F,8.0,0,2010,21
62499,2012,USA,Spearfishing,Unknown,24.0,0,2010,21
62500,2012,USA,Swimming or boogie boarding,F,56.0,0,2010,21
62501,2012,SCOTLAND,Shark fishing,M,53.0,0,2010,21
62502,2012,AUSTRALIA,Surfing,M,34.0,0,2010,21
62503,2012,BRAZIL,Swimming,M,18.0,1,2010,21
62504,2012,USA,Wading or swimming,M,31.0,0,2010,21
62505,2012,AUSTRALIA,Fishing,Unknown,24.0,0,2010,21
62506,2012,USA,Free diving,M,56.0,0,2010,21
62507,2012,REUNION,Surfing,M,39.0,0,2010,21
62508,2012,FRENCH POLYNESIA,Spearfishing,M,24.0,0,2010,21
62509,2012,USA,Surfing,M,17.0,0,2010,21
62510,2012,AUSTRALIA,Surfing,M,48.0,0,2010,21
62511,2012,USA,Surfing,M,44.0,0,2010,21
62512,2012,USA,Body surfing,M,50.0,0,2010,21
62513,2012,USA,Unknown,M,12.0,0,2010,21
62514,2012,REUNION,Surfing,M,22.0,1,2010,21
62515,2012,TRINIDAD & TOBAGO,Swimming,M,24.0,0,2010,21
62516,2012,CANADA,Surfing,F,23.0,0,2010,21
62517,2012,AUSTRALIA,Surfing,M,24.0,1,2010,21
62518,2012,USA,Swimming,F,43.0,0,2010,21
62519,2012,BAHAMAS,Spearfishing,M,24.0,0,2010,21
62520,2012,AUSTRALIA,Scuba diving,F,42.0,0,2010,21
62521,2012,USA,Kayaking,M,52.0,0,2010,21
62522,2012,SOUTH AFRICA,Surfing,M,29.0,0,2010,21
62523,2012,CROATIA,Swimming,Unknown,60.0,0,2010,21
62524,2012,USA,Swimming,M,6.0,0,2010,21
62525,2012,USA,Surfing,M,26.0,0,2010,21
62526,2012,USA,Sitting in the water,F,16.0,0,2010,21
62527,2012,AUSTRALIA,Surfing,M,24.0,0,2010,21
62528,2012,USA,Swimming,M,12.0,0,2010,21
62529,2012,AUSTRALIA,Surf skiing,M,62.0,0,2010,21
62530,2012,USA,Standing,M,16.0,0,2010,21
62531,2012,USA,Wading,F,6.0,0,2010,21
62532,2012,USA,Fishing,M,23.0,0,2010,21
62533,2012,USA,Swimming,F,18.0,0,2010,21
62534,2012,USA,Swimming,M,24.0,0,2010,21
62535,2012,USA,Swimming,M,24.0,0,2010,21
62536,2012,USA,Swimming,M,16.0,0,2010,21
62537,2012,AUSTRALIA,Surfing,M,42.0,0,2010,21
62538,2012,ITALY,Attempting to rescue an injured & beached shark,M,57.0,0,2010,21
62539,2012,AUSTRALIA,Surf skiing,M,30.0,0,2010,21
62540,2012,USA,Surfing,F,12.0,0,2010,21
62541,2012,USA,Boogie Boarding,M,25.0,0,2010,21
62542,2012,USA,Wading,F,33.0,0,2010,21
62543,2012,MEXICO,Free diving / spearfishing,M,46.0,0,2010,21
62544,2012,USA,Surfing,M,22.0,0,2010,21
62545,2012,USA,Kayak Fishing,M,24.0,0,2010,21
62546,2012,FIJI,Spearfishing,M,20.0,0,2010,21
62547,2012,USA,Kayaking / Fishing,M,30.0,0,2010,21
62548,2012,USA,Swimming,F,47.0,0,2010,21
62549,2012,USA,Paddle boarding,F,15.0,0,2010,21
62550,2012,USA,Surfing,M,28.0,0,2010,21
62551,2012,SOUTH AFRICA,Body boarding,M,20.0,1,2010,21
62552,2012,AUSTRALIA,Kayaking,M,27.0,0,2010,21
62553,2012,USA,Surfing,M,28.0,0,2010,21
62554,2012,USA,Unknown,M,24.0,0,2010,21
62555,2012,AUSTRALIA,Scuba diving,M,33.0,1,2010,21
62556,2012,USA,Surfing,M,21.0,0,2010,21
62557,2012,AUSTRALIA,Crayfishing,Unknown,24.0,0,2010,21
62558,2012,AUSTRALIA,Surfing,M,20.0,0,2010,21
62559,2012,USA,Surfing,M,61.0,0,2010,21
62560,2012,USA,Surfing,F,15.0,0,2010,21
62561,2012,USA,Surfing,M,17.0,0,2010,21
62562,2012,NEW ZEALAND,Surfing,M,24.0,0,2010,21
62563,2012,AUSTRALIA,"Diving, feeding sharks",F,34.0,0,2010,21
62564,2012,REUNION,Body boarding,M,31.0,0,2010,21
62565,2012,USA,Kite Surfing,M,19.0,0,2010,21
62566,2012,SAUDI ARABIA,Attempting to Kite surf from Egypt to Saudi Arabia,M,42.0,0,2010,21
62567,2012,CHILE,Fishing (illegally),M,24.0,0,2010,21
62568,2012,USA,Kite Surfing,M,24.0,0,2010,21
62569,2012,AUSTRALIA,Fishing,M,24.0,0,2010,21
62570,2012,SOUTH AFRICA,Fishing,Unknown,24.0,0,2010,21
62571,2012,AUSTRALIA,Surfing,M,29.0,0,2010,21
62572,2012,USA,Snorkeling,Unknown,24.0,0,2010,21
62573,2012,AUSTRALIA,Snorkeling,M,26.0,0,2010,21
62574,2012,BAHAMAS,"Diving, photographing sharks",M,24.0,0,2010,21
62575,2012,TAIWAN,Fishing,M,24.0,0,2010,21
62576,2012,AUSTRALIA,Surfing,M,44.0,0,2010,21
62577,2012,SOUTH AFRICA,Swimming,M,25.0,1,2010,21
62578,2012,USA,Surfing,M,53.0,0,2010,21
62579,2012,AUSTRALIA,Surfing,M,28.0,0,2010,21
62580,2012,AUSTRALIA,Spearfishing,M,34.0,0,2010,21
62581,2011,USA,Unknown,M,24.0,0,2010,21
62582,2011,ANTIGUA,Swimming,M,24.0,0,2010,21
62583,2011,ECUADOR,Surfing,M,23.0,0,2010,21
62584,2011,USA,Surfing,M,27.0,0,2010,21
62585,2011,USA,Canoeing,M,24.0,0,2010,21
62586,2011,SOUTH AFRICA,Kayak Fishing,M,35.0,0,2010,21
62587,2011,AUSTRALIA,Surfing,M,51.0,0,2010,21
62588,2011,SOUTH AFRICA,Surf skiing,M,24.0,0,2010,21
62589,2011,AUSTRALIA,Surfing,M,14.0,0,2010,21
62590,2011,USA,Surfing,F,24.0,0,2010,21
62591,2011,AUSTRALIA,Spearfishing,Unknown,24.0,0,2010,21
62592,2011,AUSTRALIA,Surfing,M,63.0,0,2010,21
62593,2011,INDONESIA,Surfing,M,18.0,0,2010,21
62594,2011,AUSTRALIA,Swimming,M,10.0,0,2010,21
62595,2011,USA,Kayaking,M,24.0,0,2010,21
62596,2011,PAPUA NEW GUINEA,Scuba diving,M,24.0,0,2010,21
62597,2011,BRAZIL,Surfing,M,35.0,0,2010,21
62598,2011,REUNION,Free diving / spearfishing,M,42.0,0,2010,21
62599,2011,USA,Surfing,M,27.0,0,2010,21
62600,2011,SCOTLAND,Surfing,M,26.0,0,2010,21
62601,2011,SOUTH AFRICA,Diving,Unknown,24.0,0,2010,21
62602,2011,AUSTRALIA,Diving,M,32.0,1,2010,21
62603,2011,USA,Surfing,M,41.0,0,2010,21
62604,2011,AUSTRALIA,Diving,M,50.0,0,2010,21
62605,2011,USA,Surfing,M,24.0,0,2010,21
62606,2011,USA,Surfing,M,24.0,0,2010,21
62607,2011,AUSTRALIA,Swimming,M,64.0,1,2010,21
62608,2011,REUNION,Canoeing,M,51.0,0,2010,21
62609,2011,USA,Wade fishing,M,24.0,0,2010,21
62610,2011,USA,Unknown,M,29.0,0,2010,21
62611,2011,USA,Surfing,M,27.0,0,2010,21
62612,2011,DOMINICAN REPUBLIC,Fishing,M,48.0,0,2010,21
62613,2011,SOUTH AFRICA,Swimming,M,43.0,0,2010,21
62614,2011,USA,Spearfishing,M,21.0,0,2010,21
62615,2011,USA,Jumping in the waves,M,5.0,0,2010,21
62616,2011,USA,Canoeing,M,24.0,0,2010,21
62617,2011,REUNION,Body boarding,M,38.0,1,2010,21
62618,2011,KENYA,Swimming,M,17.0,1,2010,21
62619,2011,USA,Surfing,M,25.0,0,2010,21
62620,2011,USA,Surfing,M,37.0,0,2010,21
62621,2011,PAPUA NEW GUINEA,Kite Surfing,M,30.0,0,2010,21
62622,2011,USA,Surfing,Unknown,24.0,0,2010,21
62623,2011,AUSTRALIA,Body boarding,M,21.0,1,2010,21
62624,2011,USA,Surfing,M,19.0,0,2010,21
62625,2011,USA,Surfing,M,19.0,0,2010,21
62626,2011,AUSTRALIA,Swimming,M,48.0,0,2010,21
62627,2011,USA,Wade Fishing,F,39.0,0,2010,21
62628,2011,RUSSIA,"Standing, collecting sea stars",M,24.0,0,2010,21
62629,2011,USA,Surfing,M,21.0,0,2010,21
62630,2011,USA,Unknown,M,10.0,0,2010,21
62631,2011,SOUTH AFRICA,Surfing,M,49.0,1,2010,21
62632,2011,RUSSIA,Swimming,M,16.0,0,2010,21
62633,2011,USA,Wading,F,20.0,0,2010,21
62634,2011,USA,Unknown,M,12.0,0,2010,21
62635,2011,RUSSIA,Swimming,M,25.0,0,2010,21
62636,2011,FRENCH POLYNESIA,Surfing,M,32.0,0,2010,21
62637,2011,USA,Floating,M,27.0,0,2010,21
62638,2011,SEYCHELLES,Swimming or Snorkeling,M,30.0,1,2010,21
62639,2011,USA,Playing in the surf,M,7.0,0,2010,21
62640,2011,USA,Swimming,M,54.0,0,2010,21
62641,2011,SEYCHELLES,Diving,M,36.0,1,2010,21
62642,2011,BRAZIL,Swimming,M,14.0,0,2010,21
62643,2011,PHILIPPINES,Sea disaster,M,43.0,0,2010,21
62644,2011,USA,Wade Fishing,M,24.0,0,2010,21
62645,2011,SOUTH AFRICA,Surfing,M,29.0,0,2010,21
62646,2011,USA,Boogie Boarding,F,6.0,0,2010,21
62647,2011,REUNION,Kayaking or Wave skiing,M,24.0,0,2010,21
62648,2011,USA,Surf fishing,M,24.0,0,2010,21
62649,2011,BAHAMAS,Scuba diving,M,54.0,0,2010,21
62650,2011,USA,Swimming,M,12.0,0,2010,21
62651,2011,USA,Wade Fishing,M,14.0,0,2010,21
62652,2011,REUNION,Surfing,M,16.0,0,2010,21
62653,2011,COLUMBIA,Kayaking,M,17.0,0,2010,21
62654,2011,TURKS & CAICOS,Snorkeling,M,28.0,0,2010,21
62655,2011,BRAZIL,Surfing,M,21.0,0,2010,21
62656,2011,SOUTH AFRICA,Scuba diving,M,22.0,0,2010,21
62657,2011,USA,Playing in the surf,F,10.0,0,2010,21
62658,2011,USA,Surfing,M,24.0,0,2010,21
62659,2011,USA,Jet skiing,M,20.0,0,2010,21
62660,2011,TURKS & CAICOS,Spearfishing,M,35.0,0,2010,21
62661,2011,COSTA RICA,Surfing,M,15.0,1,2010,21
62662,2011,REUNION,Boogie Boarding,M,31.0,1,2010,21
62663,2011,UNITED KINGDOM,Fishing,Unknown,24.0,0,2010,21
62664,2011,USA,Scuba diving,M,28.0,0,2010,21
62665,2011,COLUMBIA,Spearfishing,M,24.0,0,2010,21
62666,2011,USA,Spearfishing,M,28.0,0,2010,21
62667,2011,USA,Wading,M,19.0,0,2010,21
62668,2011,MALAYSIA,Snorkeling,F,24.0,0,2010,21
62669,2011,USA,Standing or boogie boardin,F,22.0,0,2010,21
62670,2011,SOUTH AFRICA,Surfing,M,33.0,0,2010,21
62671,2011,USA,Surfing,F,24.0,0,2010,21
62672,2011,USA,Paddle boarding,F,24.0,0,2010,21
62673,2011,SOUTH AFRICA,Spearfishing,M,28.0,1,2010,21
62674,2011,USA,Body surfing,M,86.0,0,2010,21
62675,2011,NEW CALEDONIA,Kite Boarding,M,15.0,1,2010,21
62676,2011,USA,Surfing,M,37.0,0,2010,21
62677,2011,USA,Fishing,M,24.0,0,2010,21
62678,2011,UNITED ARAB EMIRATES (UAE),Fishing,M,43.0,0,2010,21
62679,2011,SOUTH AFRICA,Spearfishing,M,37.0,0,2010,21
62680,2011,USA,Spearfishing,M,32.0,0,2010,21
62681,2011,AUSTRALIA,Washing sand off a speared fish,M,17.0,0,2010,21
62682,2011,USA,Surfing,M,49.0,0,2010,21
62683,2011,NEW ZEALAND,Surfing,M,41.0,0,2010,21
62684,2011,INDONESIA,Surfing,M,24.0,0,2010,21
62685,2011,FIJI,Diving,M,27.0,0,2010,21
62686,2011,USA,"Standing, holding shark pup",M,24.0,0,2010,21
62687,2011,MEXICO,Swimming,F,24.0,0,2010,21
62688,2011,AUSTRALIA,Surfing,M,48.0,0,2010,21
62689,2011,MEXICO,Swimming,M,46.0,0,2010,21
62690,2011,FIJI,Diving / fishing,M,30.0,0,2010,21
62691,2011,AUSTRALIA,Wakeboarding,F,24.0,0,2010,21
62692,2011,EGYPT,Unknown,F,24.0,0,2010,21
62693,2011,AUSTRALIA,Surfing,M,24.0,0,2010,21
62694,2011,AUSTRALIA,Fishing,M,36.0,0,2010,21
62695,2011,NEW CALEDONIA,Spearfishing,M,21.0,0,2010,21
62696,2011,REUNION,Surfing,M,32.0,0,2010,21
62697,2011,AUSTRALIA,Diving for abalone,M,49.0,1,2010,21
62698,2011,AUSTRALIA,Fishing,M,24.0,0,2010,21
62699,2011,AUSTRALIA,Snorkeling,M,58.0,0,2010,21
62700,2011,MEXICO,Shark fishing on the Ricardo Astorga,M,24.0,0,2010,21
62701,2011,SOUTH AFRICA,Surf fishing,M,37.0,0,2010,21
62702,2011,MEXICO,Swimming,F,38.0,0,2010,21
62703,2011,MEXICO,Shark fishing on the Don Agustín-VI.,M,25.0,0,2010,21
62704,2011,BAHAMAS,Scuba diving,M,55.0,0,2010,21
62705,2011,AUSTRALIA,Swimming,F,7.0,0,2010,21
62706,2011,SOUTH AFRICA,Surfing,M,16.0,1,2010,21
62707,2011,MEXICO,Attempting to fix motor,M,37.0,0,2010,21
62708,2011,AUSTRALIA,Fishing,Unknown,24.0,0,2010,21
62709,2010,USA,Body boarding,M,16.0,0,2010,21
62710,2010,FIJI,Surfing,M,24.0,0,2010,21
62711,2010,USA,Surfing,M,46.0,0,2010,21
62712,2010,EGYPT,Snorkeling,F,70.0,1,2010,21
62713,2010,INDONESIA,Surfing,M,24.0,0,2010,21
62714,2010,EGYPT,Snorkeling,M,54.0,0,2010,21
62715,2010,EGYPT,Snorkeling,M,46.0,0,2010,21
62716,2010,EGYPT,Snorkeling,F,70.0,0,2010,21
62717,2010,EGYPT,Snorkeling,F,48.0,0,2010,21
62718,2010,SAMOA,Fishing,M,47.0,0,2010,21
62719,2010,AUSTRALIA,Swimming,M,24.0,0,2010,21
62720,2010,USA,Snorkeling,M,33.0,0,2010,21
62721,2010,DOMINICAN REPUBLIC,Diving,M,21.0,1,2010,21
62722,2010,INDONESIA,Surfing,M,24.0,0,2010,21
62723,2010,AUSTRALIA,Fishing,M,24.0,0,2010,21
62724,2010,AUSTRALIA,Snorkeling,F,20.0,0,2010,21
62725,2010,AUSTRALIA,Spearfishing,M,24.0,0,2010,21
62726,2010,USA,Surfing,M,24.0,0,2010,21
62727,2010,AZORES,Fishing,M,24.0,0,2010,21
62728,2010,USA,Scuba diving,M,30.0,0,2010,21
62729,2010,AUSTRALIA,Kite Surfing,M,14.0,0,2010,21
62730,2010,USA,Body boarding,M,19.0,1,2010,21
62731,2010,EGYPT,Snorkeling,F,24.0,0,2010,21
62732,2010,AUSTRALIA,Surfing,M,22.0,0,2010,21
62733,2010,BAHAMAS,Snorkeling,M,24.0,0,2010,21
62734,2010,BAHAMAS,Surfing,F,24.0,0,2010,21
62735,2010,SOUTH AFRICA,Surfing,M,24.0,0,2010,21
62736,2010,USA,Surfing,M,29.0,0,2010,21
62737,2010,USA,Surfing,M,18.0,0,2010,21
62738,2010,SOUTH AFRICA,Swimming,M,29.0,1,2010,21
62739,2010,AUSTRALIA,Surfing,M,15.0,0,2010,21
62740,2010,USA,Swimming,M,27.0,0,2010,21
62741,2010,TONGA,Swimming /  Whale Watching,M,24.0,0,2010,21
62742,2010,USA,Surfing,M,24.0,0,2010,21
62743,2010,USA,Surfing,M,24.0,0,2010,21
62744,2010,USA,Surfing,M,24.0,0,2010,21
62745,2010,SOLOMON ISLANDS,Unknown,M,34.0,0,2010,21
62746,2010,BAHAMAS,Swimming after boat became disabled,M,43.0,0,2010,21
62747,2010,USA,Boogie Boarding,M,10.0,0,2010,21
62748,2010,AUSTRALIA,Surfing,M,31.0,1,2010,21
62749,2010,USA,Kayak Fishing,M,45.0,0,2010,21
62750,2010,AUSTRALIA,Fishing,F,24.0,0,2010,21
62751,2010,SOUTH KOREA,Swimming,F,16.0,0,2010,21
62752,2010,AUSTRALIA,Surfing,M,47.0,0,2010,21
62753,2010,USA,Surfing,M,25.0,0,2010,21
62754,2010,MALTA,Windsurfing,M,35.0,0,2010,21
62755,2010,USA,Swimming,F,24.0,0,2010,21
62756,2010,USA,Kayaking,M,24.0,0,2010,21
62757,2010,USA,Standing,F,37.0,0,2010,21
62758,2010,USA,Standing,M,16.0,0,2010,21
62759,2010,USA,Surfing,M,20.0,0,2010,21
62760,2010,USA,Swimming,M,10.0,0,2010,21
62761,2010,USA,Swimming,F,13.0,0,2010,21
62762,2010,USA,Surfing,M,55.0,0,2010,21
62763,2010,SPAIN,Swimming,M,9.0,0,2010,21
62764,2010,USA,Fishing,M,24.0,0,2010,21
62765,2010,USA,Fishing,M,24.0,0,2010,21
62766,2010,SOUTH AFRICA,Snorkeling,F,21.0,0,2010,21
62767,2010,USA,Fishing,M,20.0,0,2010,21
62768,2010,USA,Surfing,M,19.0,0,2010,21
62769,2010,USA,Stand-Up Paddleboarding,M,48.0,0,2010,21
62770,2010,USA,Surfing,M,20.0,0,2010,21
62771,2010,USA,Boogie Boarding,F,6.0,0,2010,21
62772,2010,USA,Swimming,F,13.0,0,2010,21
62773,2010,VIETNAM,Swimming,M,17.0,0,2010,21
62774,2010,USA,Boogie Boarding,F,18.0,0,2010,21
62775,2010,AUSTRALIA,Surfing,M,40.0,0,2010,21
62776,2010,USA,Surfing,M,20.0,0,2010,21
62777,2010,USA,Fishing,M,49.0,0,2010,21
62778,2010,VIETNAM,Rescuing,F,58.0,0,2010,21
62779,2010,VIETNAM,Swimming,F,60.0,0,2010,21
62780,2010,AUSTRALIA,Surfing,M,24.0,0,2010,21
62781,2010,MADAGASCAR,Scuba diving,M,59.0,0,2010,21
62782,2010,USA,Wading,F,10.0,0,2010,21
62783,2010,USA,Measuring sharks,M,29.0,0,2010,21
62784,2010,USA,Surfing,M,68.0,0,2010,21
62785,2010,SOUTH AFRICA,Surfing,M,35.0,0,2010,21
62786,2010,EGYPT,Swimming / treading water,M,24.0,0,2010,21
62787,2010,REUNION,Surfing,M,34.0,0,2010,21
62788,2010,NEW ZEALAND,Swimming,M,24.0,0,2010,21
62789,2010,SOUTH AFRICA,Surfing,M,24.0,0,2010,21
62790,2010,FIJI,Scuba diving,M,19.0,1,2010,21
62791,2010,AUSTRALIA,Snorkeling,F,60.0,0,2010,21
62792,2010,AUSTRALIA,Surfing,M,46.0,0,2010,21
62793,2010,NEW ZEALAND,Spearfishing,M,24.0,0,2010,21
62794,2010,AUSTRALIA,Body boarding,M,18.0,0,2010,21
62795,2010,USA,Surf fishing / wading,M,24.0,0,2010,21
62796,2010,GUAM,Spearfishing (free diving),M,31.0,0,2010,21
62797,2010,USA,Kite Boarding,M,38.0,1,2010,21
62798,2010,NEW ZEALAND,Boogie Boarding,F,14.0,0,2010,21
62799,2010,BRAZIL,Surfing,M,29.0,0,2010,21
62800,2010,AUSTRALIA,Surfing,M,24.0,0,2010,21
62801,2010,UNITED ARAB EMIRATES (UAE),Surfing,M,54.0,0,2010,21
62802,2010,AUSTRALIA,Surfing,M,24.0,0,2010,21
62803,2010,SOUTH AFRICA,Standing,M,37.0,1,2010,21
62804,2010,AUSTRALIA,Snorkeling,F,9.0,0,2010,21
62805,2010,VIETNAM,Unknown,F,24.0,0,2010,21
62806,2010,VIETNAM,Unknown,M,24.0,0,2010,21
62807,2010,VIETNAM,Bathing,M,24.0,0,2010,21
62808,2010,USA,Spearfishing,M,32.0,0,2010,21
62809,2010,SOUTH AFRICA,Surfing,M,24.0,0,2010,21
62810,2009,SOUTH AFRICA,Wading,M,20.0,0,2000,21
62811,2009,AUSTRALIA,Swimming,M,55.0,0,2000,21
62812,2009,MOZAMBIQUE,Swimming,M,27.0,0,2000,21
62813,2009,AUSTRALIA,Kayaking,M,24.0,0,2000,21
62814,2009,AUSTRALIA,Spearfishing,M,18.0,0,2000,21
62815,2009,SOUTH AFRICA,Paddling on kneeboard,M,22.0,1,2000,21
62816,2009,SOUTH AFRICA,Surfing,M,24.0,0,2000,21
62817,2009,NEW ZEALAND,Swimming to shore from capsized kayak,M,24.0,1,2000,21
62818,2009,AUSTRALIA,Surfing,M,39.0,0,2000,21
62819,2009,AUSTRALIA,Rowing,Unknown,24.0,0,2000,21
62820,2009,USA,Diving,M,58.0,0,2000,21
62821,2009,USA,Surfing,M,49.0,0,2000,21
62822,2009,USA,Wading,M,10.0,0,2000,21
62823,2009,USA,Fishing,M,31.0,0,2000,21
62824,2009,USA,Surfing,M,22.0,0,2000,21
62825,2009,USA,Surfing,F,27.0,0,2000,21
62826,2009,USA,Surfing,M,18.0,0,2000,21
62827,2009,AUSTRALIA,Kayaking,M,25.0,0,2000,21
62828,2009,USA,Surfing,M,21.0,0,2000,21
62829,2009,AUSTRALIA,Kayaking,M,27.0,0,2000,21
62830,2009,MOZAMBIQUE,Spearfishing,M,24.0,0,2000,21
62831,2009,AUSTRALIA,Paddle-boarding,F,17.0,0,2000,21
62832,2009,USA,Surfing,M,24.0,0,2000,21
62833,2009,USA,Surfing,M,54.0,0,2000,21
62834,2009,PANAMA,Wading,F,10.0,0,2000,21
62835,2009,SCOTLAND,Diving,M,23.0,0,2000,21
62836,2009,AUSTRALIA,Diving,M,23.0,0,2000,21
62837,2009,USA,Surfing,M,24.0,0,2000,21
62838,2009,UNITED KINGDOM,Fishing,M,39.0,0,2000,21
62839,2009,USA,Swimming,M,24.0,0,2000,21
62840,2009,VIETNAM,Unknown,M,24.0,0,2000,21
62841,2009,SOMALIA,Fishing,M,24.0,0,2000,21
62842,2009,BRAZIL,Unknown,M,34.0,1,2000,21
62843,2009,USA,Swimming,M,60.0,1,2000,21
62844,2009,BRAZIL,"Swimming, attempting to rescue a girl  believed to be drowning",M,15.0,1,2000,21
62845,2009,NEVIS,Swimming,M,24.0,0,2000,21
62846,2009,SOLOMON ISLANDS,Fishing,M,24.0,0,2000,21
62847,2009,USA,Surfing,M,24.0,0,2000,21
62848,2009,SOUTH AFRICA,Surfing,M,25.0,1,2000,21
62849,2009,USA,Swimming,F,22.0,0,2000,21
62850,2009,SOUTH AFRICA,Body boarding,M,24.0,0,2000,21
62851,2009,USA,Swimming,M,26.0,0,2000,21
62852,2009,USA,Surfing,M,24.0,0,2000,21
62853,2009,USA,Wade Fishing,M,56.0,0,2000,21
62854,2009,BAHAMAS,Spearfishing,M,14.0,0,2000,21
62855,2009,AUSTRALIA,Surfing,M,14.0,0,2000,21
62856,2009,VIETNAM,Swimming,F,41.0,0,2000,21
62857,2009,KENYA,Washing his feet,M,24.0,1,2000,21
62858,2009,USA,Wading,F,14.0,0,2000,21
62859,2009,SPAIN,Swimming,F,11.0,0,2000,21
62860,2009,USA,Swimming,F,26.0,0,2000,21
62861,2009,USA,Swimming,F,19.0,0,2000,21
62862,2009,VIETNAM,Swimming,M,57.0,0,2000,21
62863,2009,BAHAMAS,Spearfishing,M,24.0,0,2000,21
62864,2009,USA,Paddle-surfing,M,24.0,0,2000,21
62865,2009,SOUTH AFRICA,Surfing,M,37.0,0,2000,21
62866,2009,USA,Boogie Boarding,F,12.0,0,2000,21
62867,2009,USA,Swimming,F,43.0,0,2000,21
62868,2009,AUSTRALIA,Surfing,M,52.0,0,2000,21
62869,2009,USA,Surfing,M,26.0,0,2000,21
62870,2009,USA,Crawling,M,14.0,0,2000,21
62871,2009,VIETNAM,Fishing for sharks,M,24.0,0,2000,21
62872,2009,EGYPT,Scuba diving,M,24.0,0,2000,21
62873,2009,EGYPT,Scuba diving,M,24.0,0,2000,21
62874,2009,EGYPT,Snorkeling,F,50.0,1,2000,21
62875,2009,TAIWAN,Fishing,M,46.0,0,2000,21
62876,2009,USA,Swimming,M,24.0,0,2000,21
62877,2009,USA,Surfing,M,31.0,0,2000,21
62878,2009,USA,Surfing,M,49.0,0,2000,21
62879,2009,USA,Surfing,M,55.0,0,2000,21
62880,2009,GUAM,Spearfishing,M,27.0,0,2000,21
62881,2009,BAHAMAS,Spearfishing,M,48.0,0,2000,21
62882,2009,USA,Unknown,F,24.0,0,2000,21
62883,2009,USA,Surfing,M,24.0,0,2000,21
62884,2009,USA,Surfing,M,20.0,0,2000,21
62885,2009,PHILIPPINES,Swimming,M,23.0,0,2000,21
62886,2009,USA,Surfing,M,52.0,0,2000,21
62887,2009,USA,Surfing,M,31.0,0,2000,21
62888,2009,USA,Spearfishing,M,49.0,0,2000,21
62889,2009,AUSTRALIA,Surf skiing,M,40.0,0,2000,21
62890,2009,SOUTH AFRICA,Swimming,M,24.0,0,2000,21
62891,2009,USA,Spearfishing,M,24.0,0,2000,21
62892,2009,USA,Wading,M,15.0,0,2000,21
62893,2009,SOUTH AFRICA,Fishing,M,59.0,0,2000,21
62894,2009,SOUTH AFRICA,Surfing,M,16.0,1,2000,21
62895,2009,AUSTRALIA,Surfing,M,17.0,0,2000,21
62896,2009,AUSTRALIA,Surfing,M,24.0,0,2000,21
62897,2009,AUSTRALIA,Surfing,F,24.0,0,2000,21
62898,2009,USA,Surfing,F,17.0,0,2000,21
62899,2009,MALAYSIA,Feeding fish,F,24.0,0,2000,21
62900,2009,USA,Swimming,M,61.0,0,2000,21
62901,2009,AUSTRALIA,Wading,M,21.0,0,2000,21
62902,2009,NEW CALEDONIA,Surfing,M,19.0,1,2000,21
62903,2009,SOUTH AFRICA,Fishing,M,40.0,0,2000,21
62904,2009,NEW ZEALAND,Fishing,M,24.0,0,2000,21
62905,2009,AUSTRALIA,Surfing,M,15.0,0,2000,21
62906,2009,AUSTRALIA,Fishing,M,24.0,0,2000,21
62907,2009,AUSTRALIA,Surfing,M,24.0,0,2000,21
62908,2009,AUSTRALIA,Surfing,M,33.0,0,2000,21
62909,2009,AUSTRALIA,"Diving, but on the surface when bitten by the shark",M,31.0,0,2000,21
62910,2009,USA,Air Disaster,M,24.0,1,2000,21
62911,2009,AUSTRALIA,Surfing,M,41.0,0,2000,21
62912,2009,AUSTRALIA,Surfing,M,24.0,0,2000,21
62913,2009,AZORES,Fishing,M,49.0,0,2000,21
62914,2009,BRAZIL,Unknown,M,17.0,0,2000,21
62915,2009,CUBA,Spearfishing,M,15.0,0,2000,21
62916,2009,NEW ZEALAND,Fishing,Unknown,24.0,0,2000,21
62917,2009,AUSTRALIA,Swimming,M,19.0,0,2000,21
62918,2009,SOUTH AFRICA,Swimming,M,25.0,1,2000,21
62919,2009,BRAZIL,Swimming,M,17.0,0,2000,21
62920,2009,AUSTRALIA,Fishing,M,24.0,0,2000,21
62921,2009,NEW ZEALAND,Surfing,M,24.0,0,2000,21
62922,2009,SOUTH AFRICA,Unknown,Unknown,24.0,1,2000,21
62923,2009,AUSTRALIA,Snorkeling,M,24.0,0,2000,21
62924,2009,AUSTRALIA,Surfing,F,13.0,0,2000,21
62925,2009,AUSTRALIA,Surfing,M,31.0,0,2000,21
62926,2009,NEW ZEALAND,Fishing,Unknown,24.0,0,2000,21
62927,2009,ECUADOR,Surfing,M,22.0,0,2000,21
62928,2009,NEW ZEALAND,Swimming,M,49.0,0,2000,21
62929,2009,CUBA,Spearfishing,Unknown,24.0,0,2000,21
62930,2008,AUSTRALIA,Crabbing,Unknown,24.0,0,2000,21
62931,2008,AUSTRALIA,Yacht race,Unknown,24.0,0,2000,21
62932,2008,AUSTRALIA,Boogie Boarding,M,10.0,0,2000,21
62933,2008,AUSTRALIA,Kayaking,M,29.0,0,2000,21
62934,2008,AUSTRALIA,Snorkeling,M,51.0,1,2000,21
62935,2008,USA,Kayaking,M,24.0,0,2000,21
62936,2008,NEW ZEALAND,Fishing,M,24.0,0,2000,21
62937,2008,SOUTH AFRICA,Fishing,M,15.0,0,2000,21
62938,2008,AUSTRALIA,Fishing,Unknown,24.0,0,2000,21
62939,2008,MOZAMBIQUE,Spearfishing,M,24.0,1,2000,21
62940,2008,EGYPT,Scuba diving,F,24.0,0,2000,21
62941,2008,PHILIPPINES,Sinking of the cargo ship Mark Jason,M,24.0,0,2000,21
62942,2008,ECUADOR,Unknown,F,24.0,0,2000,21
62943,2008,AUSTRALIA,Fishing,M,24.0,0,2000,21
62944,2008,TAIWAN,Fishing boat swamped in storm,M,45.0,1,2000,21
62945,2008,PHILIPPINES,Fishing,M,39.0,1,2000,21
62946,2008,AUSTRALIA,Scuba diving,M,34.0,0,2000,21
62947,2008,NEW CALEDONIA,Spearfishing,M,24.0,0,2000,21
62948,2008,AUSTRALIA,Fishing,M,50.0,0,2000,21
62949,2008,AUSTRALIA,Surfing,M,15.0,0,2000,21
62950,2008,USA,Fishing,M,11.0,0,2000,21
62951,2008,CROATIA,Spearfishing,M,43.0,0,2000,21
62952,2008,USA,Surfing,M,44.0,0,2000,21
62953,2008,USA,Surfing,M,40.0,0,2000,21
62954,2008,AUSTRALIA,Swimming,M,43.0,0,2000,21
62955,2008,USA,Swimming,M,32.0,0,2000,21
62956,2008,USA,Surfing,M,40.0,0,2000,21
62957,2008,USA,Surfing,M,24.0,0,2000,21
62958,2008,AUSTRALIA,Surfing,M,51.0,0,2000,21
62959,2008,USA,Surfing,M,43.0,0,2000,21
62960,2008,USA,Surfing,M,15.0,0,2000,21
62961,2008,USA,Surfing,M,52.0,0,2000,21
62962,2008,USA,Surfing,M,24.0,0,2000,21
62963,2008,AUSTRALIA,Surfing,M,29.0,0,2000,21
62964,2008,USA,Swimming,M,27.0,0,2000,21
62965,2008,ENGLAND,Fishing,M,52.0,0,2000,21
62966,2008,USA,Surfing,M,19.0,0,2000,21
62967,2008,USA,Surfing,M,26.0,0,2000,21
62968,2008,USA,"Swimming, towing surfboard",M,20.0,0,2000,21
62969,2008,USA,Surfing,F,20.0,0,2000,21
62970,2008,USA,Swimming,M,47.0,0,2000,21
62971,2008,USA,Unknown,M,7.0,0,2000,21
62972,2008,USA,Treading water,F,38.0,0,2000,21
62973,2008,USA,Wading,F,13.0,0,2000,21
62974,2008,USA,Diving,M,24.0,0,2000,21
62975,2008,AUSTRALIA,Surfing,M,31.0,0,2000,21
62976,2008,SOUTH AFRICA,Unknown,M,24.0,0,2000,21
62977,2008,PANAMA,Swimming or surfing,M,24.0,0,2000,21
62978,2008,MEXICO,Swimming,M,33.0,0,2000,21
62979,2008,USA,Swimming,M,24.0,0,2000,21
62980,2008,USA,Surfing,M,17.0,0,2000,21
62981,2008,USA,Snorkeling,F,44.0,0,2000,21
62982,2008,USA,Wading,M,9.0,0,2000,21
62983,2008,USA,Wading,F,8.0,0,2000,21
62984,2008,USA,Surfing,M,15.0,0,2000,21
62985,2008,USA,Wading,M,16.0,0,2000,21
62986,2008,EGYPT,Diving,M,24.0,0,2000,21
62987,2008,USA,Body surfing,M,52.0,0,2000,21
62988,2008,USA,Surfing,M,24.0,0,2000,21
62989,2008,USA,Swimming,F,14.0,0,2000,21
62990,2008,USA,Unknown,F,17.0,0,2000,21
62991,2008,UNITED KINGDOM,Rowing an inflatable dinghy,M,16.0,0,2000,21
62992,2008,USA,Wading,M,53.0,0,2000,21
62993,2008,BAHAMAS,Spearfishing,M,42.0,0,2000,21
62994,2008,SOUTH AFRICA,Surf skiing,M,46.0,0,2000,21
62995,2008,SOUTH AFRICA,Spearfishing (free diving),M,24.0,0,2000,21
62996,2008,USA,Surfing,M,29.0,0,2000,21
62997,2008,USA,Swimming,M,37.0,0,2000,21
62998,2008,BRAZIL,Surfing,M,24.0,0,2000,21
62999,2008,USA,Kayaking,F,40.0,0,2000,21
63000,2008,USA,Wading,F,35.0,0,2000,21
63001,2008,BRAZIL,Surfing,M,14.0,0,2000,21
63002,2008,USA,Body surfing,M,40.0,0,2000,21
63003,2008,SCOTLAND,Fishing,Unknown,24.0,0,2000,21
63004,2008,USA,Body surfing,F,15.0,0,2000,21
63005,2008,BRAZIL,Swimming,M,14.0,0,2000,21
63006,2008,USA,Surfing,M,9.0,0,2000,21
63007,2008,BAHAMAS,Sea Disaster,M,24.0,0,2000,21
63008,2008,MEXICO,Surfing,M,49.0,0,2000,21
63009,2008,MEXICO,Surfing,M,21.0,1,2000,21
63010,2008,FIJI,Night diving,M,28.0,1,2000,21
63011,2008,AUSTRALIA,Swimming,M,37.0,0,2000,21
63012,2008,NEW CALEDONIA,Fishing,M,40.0,0,2000,21
63013,2008,USA,Wading,M,6.0,0,2000,21
63014,2008,SOUTH AFRICA,Fishing,M,24.0,0,2000,21
63015,2008,MEXICO,Surfing,M,24.0,1,2000,21
63016,2008,USA,Surfing,M,18.0,0,2000,21
63017,2008,USA,Surfing,M,24.0,0,2000,21
63018,2008,NEW CALEDONIA,Swimming,M,32.0,0,2000,21
63019,2008,USA,Surfing,M,21.0,0,2000,21
63020,2008,USA,Swimming,M,66.0,1,2000,21
63021,2008,USA,Surfing,M,14.0,0,2000,21
63022,2008,AUSTRALIA,Unknown,M,24.0,0,2000,21
63023,2008,SOUTH AFRICA,Free-diving,M,24.0,0,2000,21
63024,2008,MEXICO,Swimming,M,32.0,0,2000,21
63025,2008,AUSTRALIA,Surfing,M,19.0,0,2000,21
63026,2008,USA,Surfing,M,30.0,0,2000,21
63027,2008,FIJI,Spearfishing,M,24.0,0,2000,21
63028,2008,USA,Wading,M,15.0,0,2000,21
63029,2008,USA,Surfing,Unknown,24.0,0,2000,21
63030,2008,AUSTRALIA,Body boarding,M,16.0,1,2000,21
63031,2008,USA,Walking out of the water after surfing,M,18.0,0,2000,21
63032,2008,SOUTH AFRICA,Fishing from surfski,M,39.0,0,2000,21
63033,2008,USA,Surfing,M,52.0,0,2000,21
63034,2008,USA,Boogie Boarding,M,24.0,0,2000,21
63035,2008,USA,Walking out of the water after surfing,M,13.0,0,2000,21
63036,2008,USA,Wading,M,14.0,0,2000,21
63037,2008,USA,Jet skiing,M,8.0,0,2000,21
63038,2008,USA,Surfing,M,27.0,0,2000,21
63039,2008,BAHAMAS,Diving,M,49.0,1,2000,21
63040,2008,FRENCH POLYNESIA,Spearfishing,M,26.0,0,2000,21
63041,2008,USA,Surfing,M,25.0,0,2000,21
63042,2008,AUSTRALIA,Surfing,F,14.0,0,2000,21
63043,2008,USA,Surf-skiing,M,24.0,0,2000,21
63044,2008,JAPAN,Diving,M,24.0,0,2000,21
63045,2008,SOUTH AFRICA,Surf-skiing,M,42.0,0,2000,21
63046,2008,AUSTRALIA,Accidentally stood on hooked shark's tail before attempting to gut it,M,20.0,0,2000,21
63047,2008,NEW ZEALAND,Wading,M,24.0,0,2000,21
63048,2008,NEW ZEALAND,Attempting to chase shark out to sea,Unknown,24.0,0,2000,21
63049,2008,USA,Surfing,M,20.0,0,2000,21
63050,2008,USA,Fishing for snapper,M,24.0,0,2000,21
63051,2008,MEXICO,Surfing,M,26.0,0,2000,21
63052,2007,ECUADOR,Surfing,M,24.0,0,2000,21
63053,2007,BRITISH VIRGIN ISLANDS,Scuba diving,M,53.0,0,2000,21
63054,2007,AUSTRALIA,Surfing,M,31.0,0,2000,21
63055,2007,AUSTRALIA,Swimming,M,24.0,0,2000,21
63056,2007,AUSTRALIA,Swimming,M,34.0,0,2000,21
63057,2007,USA,Surfing,M,52.0,0,2000,21
63058,2007,NEW ZEALAND,Surfing,F,24.0,0,2000,21
63059,2007,BRAZIL,Removing fish from a trap,M,28.0,0,2000,21
63060,2007,AUSTRALIA,Fishing,M,32.0,0,2000,21
63061,2007,AUSTRALIA,Surfing,M,24.0,0,2000,21
63062,2007,SOUTH AFRICA,Surfing,M,14.0,0,2000,21
63063,2007,USA,Surfing,M,21.0,0,2000,21
63064,2007,USA,Surfing,M,42.0,0,2000,21
63065,2007,SOUTH AFRICA,Surfing,M,37.0,0,2000,21
63066,2007,MEXICO,Shark diving,M,24.0,0,2000,21
63067,2007,USA,Floating,M,32.0,0,2000,21
63068,2007,AUSTRALIA,Surf-skiing,F,52.0,0,2000,21
63069,2007,AUSTRALIA,Spearfishing,M,31.0,0,2000,21
63070,2007,USA,Surfing,M,22.0,0,2000,21
63071,2007,USA,Surfing,M,16.0,0,2000,21
63072,2007,USA,Surfing,M,24.0,0,2000,21
63073,2007,PHILIPPINES,"The 426-ton cargo ship Mia, laden with cement, capsized in heavy seas",M,24.0,1,2000,21
63074,2007,NEW CALEDONIA,Swimming,F,23.0,1,2000,21
63075,2007,BAHAMAS,Spearfishing,F,48.0,0,2000,21
63076,2007,USA,Surfing,F,24.0,0,2000,21
63077,2007,EGYPT,Swimming,F,18.0,0,2000,21
63078,2007,USA,Scuba diving,F,24.0,0,2000,21
63079,2007,USA,Surfing,F,24.0,0,2000,21
63080,2007,USA,Surfing,M,23.0,0,2000,21
63081,2007,SOLOMON ISLANDS,Spearfishing,M,24.0,0,2000,21
63082,2007,USA,Wading?,M,56.0,0,2000,21
63083,2007,USA,Surfing,F,24.0,0,2000,21
63084,2007,USA,Snorkeling,M,14.0,0,2000,21
63085,2007,USA,Wading,F,58.0,0,2000,21
63086,2007,USA,Wading,F,36.0,0,2000,21
63087,2007,USA,Standing,M,15.0,0,2000,21
63088,2007,USA,Jumping,F,12.0,0,2000,21
63089,2007,USA,Swimming,M,58.0,0,2000,21
63090,2007,USA,Body boarding,M,15.0,0,2000,21
63091,2007,USA,Surfing,M,24.0,0,2000,21
63092,2007,USA,Surfing,M,54.0,0,2000,21
63093,2007,USA,Surfing,M,27.0,0,2000,21
63094,2007,USA,Diving,M,24.0,0,2000,21
63095,2007,USA,Fishing,M,24.0,0,2000,21
63096,2007,USA,Swimming,M,52.0,0,2000,21
63097,2007,USA,Surfing,M,16.0,0,2000,21
63098,2007,USA,Playing,M,7.0,0,2000,21
63099,2007,USA,Floating near boat & observing bioluminesce,M,20.0,0,2000,21
63100,2007,USA,Swimming,F,15.0,0,2000,21
63101,2007,USA,Walking out of the water after surfing,M,19.0,0,2000,21
63102,2007,USA,Swimming,M,30.0,0,2000,21
63103,2007,USA,Boogie Boarding,M,9.0,0,2000,21
63104,2007,USA,Jumped into the water,F,19.0,0,2000,21
63105,2007,USA,Surfing,M,51.0,0,2000,21
63106,2007,USA,Surfing,M,20.0,0,2000,21
63107,2007,USA,Surf paddling,M,24.0,0,2000,21
63108,2007,USA,Kayak Fishing,M,24.0,0,2000,21
63109,2007,USA,Snorkeling,M,36.0,0,2000,21
63110,2007,AUSTRALIA,Wading,M,15.0,0,2000,21
63111,2007,USA,Swimming,M,14.0,0,2000,21
63112,2007,NORWAY,Scuba diving,M,48.0,0,2000,21
63113,2007,USA,Swimming,F,43.0,0,2000,21
63114,2007,USA,Wading,F,30.0,0,2000,21
63115,2007,BAHAMAS,Spearfishing,F,48.0,0,2000,21
63116,2007,USA,Surfing,M,18.0,0,2000,21
63117,2007,REUNION,Body boarding,M,17.0,0,2000,21
63118,2007,SENEGAL,Murder,Unknown,24.0,0,2000,21
63119,2007,USA,Removing hook from shark,M,24.0,0,2000,21
63120,2007,USA,Swimming,F,24.0,0,2000,21
63121,2007,USA,Surfing,M,20.0,0,2000,21
63122,2007,USA,Surfing,M,24.0,0,2000,21
63123,2007,USA,Surfing,F,9.0,0,2000,21
63124,2007,USA,Swimming,F,24.0,0,2000,21
63125,2007,AUSTRALIA,Surfing,M,24.0,0,2000,21
63126,2007,USA,Wading,F,24.0,0,2000,21
63127,2007,USA,Reviving a sedated shark,F,40.0,0,2000,21
63128,2007,ENGLAND,Fishing,M,38.0,0,2000,21
63129,2007,AUSTRALIA,Wading,F,38.0,0,2000,21
63130,2007,AUSTRALIA,Surfing,M,19.0,0,2000,21
63131,2007,USA,Surfing,F,21.0,0,2000,21
63132,2007,SEYCHELLES,Snorkeling,M,24.0,0,2000,21
63133,2007,AUSTRALIA,Swimming,M,45.0,0,2000,21
63134,2007,USA,Snorkeling,F,63.0,0,2000,21
63135,2007,USA,Swimming,M,68.0,0,2000,21
63136,2007,TURKS & CAICOS,Sea Disaster,Unknown,24.0,1,2000,21
63137,2007,BAHAMAS,Shark tagging,F,20.0,0,2000,21
63138,2007,AUSTRALIA,Swimming / jumping off a jetty,F,13.0,0,2000,21
63139,2007,USA,Body boarding,M,12.0,0,2000,21
63140,2007,USA,Surfing,M,24.0,0,2000,21
63141,2007,USA,Fishing,Unknown,24.0,0,2000,21
63142,2007,NEW CALEDONIA,Surfing,M,26.0,0,2000,21
63143,2007,USA,Playing on a sandbar,M,7.0,0,2000,21
63144,2007,USA,Surfing,M,27.0,0,2000,21
63145,2007,USA,Unknown,M,9.0,0,2000,21
63146,2007,YEMEN,Murder,Unknown,24.0,1,2000,21
63147,2007,USA,Surfing,M,11.0,0,2000,21
63148,2007,AUSTRALIA,Surfing,F,42.0,0,2000,21
63149,2007,USA,Shark fishing,M,24.0,0,2000,21
63150,2007,AUSTRALIA,Swimming,F,59.0,0,2000,21
63151,2007,USA,Surfing,M,29.0,0,2000,21
63152,2007,NEW ZEALAND,Spearfishing,M,16.0,0,2000,21
63153,2007,COSTA RICA,Swimming,M,36.0,0,2000,21
63154,2007,AUSTRALIA,Boogie Boarding,M,26.0,0,2000,21
63155,2007,NEW CALEDONIA,Spearfishing,M,24.0,0,2000,21
63156,2007,NEW CALEDONIA,Spearfishing (free diving),M,30.0,0,2000,21
63157,2007,USA,Shrimping,Unknown,24.0,0,2000,21
63158,2007,AUSTRALIA,Diving,M,41.0,0,2000,21
63159,2007,AUSTRALIA,Swimming,M,20.0,0,2000,21
63160,2007,SOUTH AFRICA,Swimming / Body Surfing,M,24.0,1,2000,21
63161,2007,AUSTRALIA,Surfing,M,24.0,0,2000,21
63162,2007,USA,Surfing,M,54.0,0,2000,21
63163,2007,USA,Surfing,M,24.0,0,2000,21
63164,2006,AUSTRALIA,Surfing,M,25.0,0,2000,21
63165,2006,NEW ZEALAND,Surfing,M,10.0,0,2000,21
63166,2006,USA,Surfing,M,43.0,0,2000,21
63167,2006,SOUTH AFRICA,Fishing,M,25.0,0,2000,21
63168,2006,AUSTRALIA,Body boarding,M,15.0,0,2000,21
63169,2006,PHILIPPINES,Sea Disaster,Unknown,24.0,1,2000,21
63170,2006,USA,Swimming,M,29.0,0,2000,21
63171,2006,SOUTH AFRICA,Canoeing,M,24.0,0,2000,21
63172,2006,USA,Surfing,M,22.0,0,2000,21
63173,2006,USA,Fishing,M,15.0,0,2000,21
63174,2006,USA,Surfing,M,20.0,0,2000,21
63175,2006,USA,Surfing,M,24.0,0,2000,21
63176,2006,USA,Playing soccer in the water,M,18.0,0,2000,21
63177,2006,BAHAMAS,Free diving / modeling,F,26.0,0,2000,21
63178,2006,GULF OF ADEN,Murder,Unknown,24.0,1,2000,21
63179,2006,SOUTH AFRICA,Spearfishing,M,36.0,0,2000,21
63180,2006,USA,Surfing,M,19.0,0,2000,21
63181,2006,USA,Diving / Kissing the shark,M,24.0,0,2000,21
63182,2006,USA,Surfing,M,16.0,0,2000,21
63183,2006,USA,Swimming,M,55.0,0,2000,21
63184,2006,USA,Surfing,M,52.0,0,2000,21
63185,2006,AUSTRALIA,Diving,M,44.0,0,2000,21
63186,2006,BRAZIL,Unknown,M,20.0,1,2000,21
63187,2006,USA,Standing,M,33.0,0,2000,21
63188,2006,USA,Swimming,M,12.0,0,2000,21
63189,2006,SOUTH AFRICA,Surfing,M,37.0,0,2000,21
63190,2006,USA,Surfing,M,23.0,0,2000,21
63191,2006,AUSTRALIA,Surfing,M,24.0,0,2000,21
63192,2006,REUNION,Body boarding,M,27.0,0,2000,21
63193,2006,BRAZIL,Unknown,M,17.0,0,2000,21
63194,2006,BELIZE,Spearfishing,M,34.0,0,2000,21
63195,2006,ITALY,Sea Disaster,M,24.0,1,2000,21
63196,2006,REUNION,Surfing,M,34.0,1,2000,21
63197,2006,SOUTH AFRICA,Surfing,M,24.0,0,2000,21
63198,2006,SOUTH AFRICA,Lifesaving drill,M,24.0,0,2000,21
63199,2006,USA,Wading,F,59.0,0,2000,21
63200,2006,REUNION,Spearfishing,M,24.0,0,2000,21
63201,2006,USA,Touching sharks,Unknown,24.0,0,2000,21
63202,2006,USA,Surfing,M,41.0,0,2000,21
63203,2006,USA,Boogie Boarding,M,24.0,0,2000,21
63204,2006,USA,Surfing,M,15.0,0,2000,21
63205,2006,SOUTH AFRICA,Surf-skiing,M,19.0,0,2000,21
63206,2006,USA,Surfing,M,14.0,0,2000,21
63207,2006,USA,Surf fishing,M,24.0,0,2000,21
63208,2006,AUSTRALIA,Unknown,Unknown,24.0,0,2000,21
63209,2006,USA,Standing,M,49.0,0,2000,21
63210,2006,SPAIN,Swimming,F,7.0,0,2000,21
63211,2006,USA,Swimming,F,21.0,0,2000,21
63212,2006,BRAZIL,Unknown,M,24.0,1,2000,21
63213,2006,USA,Wading,M,40.0,0,2000,21
63214,2006,USA,Walking,M,11.0,0,2000,21
63215,2006,USA,Body boarding,F,14.0,0,2000,21
63216,2006,USA,Swimming,M,13.0,0,2000,21
63217,2006,USA,Spearfishing,F,28.0,0,2000,21
63218,2006,USA,Spearfishing,M,35.0,0,2000,21
63219,2006,USA,Body boarding,F,9.0,0,2000,21
63220,2006,USA,Fishing,M,24.0,0,2000,21
63221,2006,BAHAMAS,Spearfishing,M,25.0,0,2000,21
63222,2006,USA,Surfing,F,22.0,0,2000,21
63223,2006,BRAZIL,Body boarding,M,27.0,1,2000,21
63224,2006,USA,Scuba diving,M,43.0,0,2000,21
63225,2006,USA,Surfing,M,24.0,0,2000,21
63226,2006,USA,Playing,F,7.0,0,2000,21
63227,2006,AUSTRALIA,Surfing,M,40.0,0,2000,21
63228,2006,USA,Spearfishing,M,26.0,0,2000,21
63229,2006,USA,Tagging sharks,Unknown,24.0,0,2000,21
63230,2006,USA,Surfing,M,31.0,0,2000,21
63231,2006,USA,Spearfishing,M,15.0,0,2000,21
63232,2006,BRAZIL,Surfing,M,33.0,0,2000,21
63233,2006,USA,Scuba diving,F,30.0,0,2000,21
63234,2006,USA,Unknown,M,24.0,0,2000,21
63235,2006,USA,Swimming,F,20.0,0,2000,21
63236,2006,AUSTRALIA,Snorkeling,M,46.0,0,2000,21
63237,2006,USA,Unknown,M,24.0,0,2000,21
63238,2006,USA,Surfing,M,54.0,0,2000,21
63239,2006,USA,Standing,F,13.0,0,2000,21
63240,2006,USA,Fishing,M,35.0,0,2000,21
63241,2006,AUSTRALIA,Surfing,M,15.0,0,2000,21
63242,2006,SOUTH AFRICA,Body boarding,M,15.0,0,2000,21
63243,2006,BRAZIL,Swimming,M,35.0,0,2000,21
63244,2006,USA,Wading,M,11.0,0,2000,21
63245,2006,Sierra Leone,Fishing,M,24.0,1,2000,21
63246,2006,USA,Surfing,F,28.0,0,2000,21
63247,2006,SOUTH AFRICA,Swimming,M,17.0,0,2000,21
63248,2006,FIJI,Surfing,M,21.0,0,2000,21
63249,2006,AUSTRALIA,Surfing,M,15.0,0,2000,21
63250,2006,USA,Standing,F,15.0,0,2000,21
63251,2006,USA,Free diving,M,45.0,0,2000,21
63252,2006,AUSTRALIA,Wading,M,18.0,0,2000,21
63253,2006,AUSTRALIA,Swimming,M,24.0,0,2000,21
63254,2006,AUSTRALIA,Fishing,M,24.0,0,2000,21
63255,2006,SOUTH AFRICA,Surfing,M,15.0,0,2000,21
63256,2006,TONGA,Swimming,F,24.0,1,2000,21
63257,2006,USA,Kayaking,M,57.0,0,2000,21
63258,2006,ATLANTIC OCEAN,Competing in the Woodvale Atlantic Rowing Race,M,46.0,0,2000,21
63259,2006,SOUTH AFRICA,Spearfishing,M,34.0,0,2000,21
63260,2006,ATLANTIC OCEAN,Competing in the Woodvale Atlantic Rowing Race,F,28.0,0,2000,21
63261,2006,USA,Night Surfing,M,24.0,0,2000,21
63262,2006,AUSTRALIA,Scuba diving,M,52.0,0,2000,21
63263,2006,BAHAMAS,Diving for lobsters,M,24.0,0,2000,21
63264,2006,AUSTRALIA,Swimming,F,21.0,1,2000,21
63265,2006,USA,Surfing,M,21.0,0,2000,21
63266,2006,SOUTH AFRICA,Diving for crayfish,M,49.0,0,2000,21
63267,2005,USA,Surfing,M,30.0,0,2000,21
63268,2005,USA,Swimming,M,29.0,0,2000,21
63269,2005,ATLANTIC OCEAN,Competing in the Woodvale Atlantic Rowing Race,Unknown,24.0,0,2000,21
63270,2005,AUSTRALIA,Spearfishing,M,44.0,0,2000,21
63271,2005,AUSTRALIA,Fishing,Unknown,24.0,0,2000,21
63272,2005,USA,Surfing,M,24.0,0,2000,21
63273,2005,USA,Surfing,M,23.0,0,2000,21
63274,2005,AUSTRALIA,Fishing,Unknown,24.0,0,2000,21
63275,2005,AUSTRALIA,Surfing,M,18.0,0,2000,21
63276,2005,SOUTH AFRICA,Surfing,M,26.0,0,2000,21
63277,2005,NEW CALEDONIA,Spearfishing,Unknown,24.0,0,2000,21
63278,2005,USA,Surfing,M,30.0,0,2000,21
63279,2005,USA,Surfing,M,17.0,0,2000,21
63280,2005,NEW CALEDONIA,Unknown,Unknown,24.0,0,2000,21
63281,2005,SOUTH AFRICA,Fishing for sharks,M,32.0,0,2000,21
63282,2005,USA,Surfing,M,18.0,0,2000,21
63283,2005,USA,Surfing,M,25.0,0,2000,21
63284,2005,USA,Surfing,M,26.0,0,2000,21
63285,2005,USA,Wading,M,15.0,0,2000,21
63286,2005,ST. MAARTIN,Standing,M,55.0,0,2000,21
63287,2005,SOUTH AFRICA,Standing / Surfing,M,20.0,0,2000,21
63288,2005,USA,Surfing,M,36.0,0,2000,21
63289,2005,USA,Surfing,F,20.0,0,2000,21
63290,2005,USA,Wading,M,15.0,0,2000,21
63291,2005,USA,Surfing,M,22.0,0,2000,21
63292,2005,GRAND CAYMAN,Scuba diving,F,57.0,0,2000,21
63293,2005,USA,Treading water/ Surfing,M,48.0,0,2000,21
63294,2005,BAHAMAS,Diving,M,35.0,0,2000,21
63295,2005,SOUTH AFRICA,Surf-skiing,M,52.0,0,2000,21
63296,2005,AUSTRALIA,Surfing,M,28.0,0,2000,21
63297,2005,AUSTRALIA,Surfing,M,26.0,0,2000,21
63298,2005,AUSTRALIA,Surfing,M,44.0,0,2000,21
63299,2005,USA,Surfing,M,24.0,0,2000,21
63300,2005,USA,Body surfing,F,68.0,0,2000,21
63301,2005,USA,Surfing,M,18.0,1,2000,21
63302,2005,AUSTRALIA,Standing,M,15.0,0,2000,21
63303,2005,USA,Wading,F,18.0,0,2000,21
63304,2005,AUSTRALIA,Surfing,M,40.0,0,2000,21
63305,2005,USA,Standing / Surfing,M,62.0,0,2000,21
63306,2005,THAILAND,Removing shark from net,M,21.0,1,2000,21
63307,2005,AUSTRALIA,Scuba diving,M,23.0,1,2000,21
63308,2005,USA,Surfing,M,37.0,0,2000,21
63309,2005,USA,"Boogie boarding, kicked at object in the water",M,17.0,0,2000,21
63310,2005,USA,Swimming,M,8.0,0,2000,21
63311,2005,USA,Walking,M,12.0,0,2000,21
63312,2005,SOUTH AFRICA,Unknown,Unknown,24.0,0,2000,21
63313,2005,USA,Surfing,M,16.0,0,2000,21
63314,2005,USA,Swimming,M,14.0,0,2000,21
63315,2005,Seychelles,Fishing,M,24.0,0,2000,21
63316,2005,USA,Wading,F,13.0,0,2000,21
63317,2005,USA,Surfing,M,61.0,0,2000,21
63318,2005,USA,Surfing,M,25.0,0,2000,21
63319,2005,LIBERIA,Swimming,M,24.0,0,2000,21
63320,2005,CHINA,Scuba diving in aquarium tank,M,24.0,0,2000,21
63321,2005,AUSTRALIA,Unknown,Unknown,24.0,0,2000,21
63322,2005,USA,Swimming,M,22.0,0,2000,21
63323,2005,USA,Holding onto an inflatable boat,F,14.0,0,2000,21
63324,2005,USA,Standing,M,19.0,0,2000,21
63325,2005,USA,Fishing,M,16.0,0,2000,21
63326,2005,USA,Swimming with boogie board,F,14.0,1,2000,21
63327,2005,VANUATU,Swimming,F,7.0,1,2000,21
63328,2005,MEXICO,Surfing,M,24.0,0,2000,21
63329,2005,USA,Swimming,M,49.0,0,2000,21
63330,2005,USA,Swimming,M,20.0,0,2000,21
63331,2005,SOUTH KOREA,Diving,F,38.0,0,2000,21
63332,2005,USA,Boogie boarding,F,11.0,0,2000,21
63333,2005,USA,Surfing,M,17.0,0,2000,21
63334,2005,SOUTH AFRICA,Spearfishing (Free diving),M,22.0,1,2000,21
63335,2005,USA,Wading,M,6.0,0,2000,21
63336,2005,USA,Swimming,M,33.0,0,2000,21
63337,2005,USA,Crouching in 2' of water,F,24.0,0,2000,21
63338,2005,SOUTH AFRICA,Surfing,M,32.0,0,2000,21
63339,2005,AUSTRALIA,Spearfishing,M,24.0,0,2000,21
63340,2005,USA,Kayaking,Unknown,24.0,0,2000,21
63341,2005,MADAGASCAR,Fishing,M,24.0,0,2000,21
63342,2005,USA,Sea Disaster,M,24.0,0,2000,21
63343,2005,USA,Surfing,M,47.0,0,2000,21
63344,2005,AUSTRALIA,Fishing,M,25.0,0,2000,21
63345,2005,AUSTRALIA,Unknown,Unknown,24.0,0,2000,21
63346,2005,AUSTRALIA,Spearfishing,M,20.0,0,2000,21
63347,2005,AUSTRALIA,Surfing,M,40.0,0,2000,21
63348,2005,USA,Wading,F,70.0,0,2000,21
63349,2005,USA,Surfing,M,52.0,0,2000,21
63350,2005,USA,Surfing,M,37.0,0,2000,21
63351,2005,USA,Unknown,F,24.0,0,2000,21
63352,2005,HONDURAS,SCUBA Diving,F,24.0,0,2000,21
63353,2005,SOUTH AFRICA,Surfing,M,32.0,0,2000,21
63354,2005,AUSTRALIA,Surfing,M,24.0,0,2000,21
63355,2005,VENEZUELA,Surfing,M,24.0,0,2000,21
63356,2005,AUSTRALIA,Snorkeling,M,26.0,1,2000,21
63357,2005,USA,Diving in aquarium display tank,M,45.0,0,2000,21
63358,2005,SOUTH AFRICA,Unknown,M,51.0,0,2000,21
63359,2005,NEW ZEALAND,Fishing,M,24.0,0,2000,21
63360,2005,SOLOMON ISLANDS,Diving,M,24.0,0,2000,21
63361,2005,AUSTRALIA,Swimming,M,18.0,0,2000,21
63362,2005,USA,Spearfishing,M,24.0,0,2000,21
63363,2005,USA,Surfing,M,24.0,0,2000,21
63364,2005,USA,Spearfishing,M,24.0,0,2000,21
63365,2005,BRAZIL,Surfing,M,12.0,0,2000,21
63366,2005,CUBA,Swimming,M,19.0,0,2000,21
63367,2005,AUSTRALIA,Spearfishing,M,24.0,0,2000,21
63368,2005,AUSTRALIA,Attempting to drive shark away from sailing regatta,Unknown,24.0,0,2000,21
63369,2005,NEW ZEALAND,Fishing from a kayak,M,39.0,0,2000,21
63370,2004,SRI LANKA,"Swept out to sea by the tsunami, she clung  to a log for 24 hours",F,11.0,0,2000,21
63371,2004,AUSTRALIA,Scurfing (surfboard being  towed behind a boat),M,18.0,1,2000,21
63372,2004,AUSTRALIA,Spearfishing,M,38.0,1,2000,21
63373,2004,SOUTH AFRICA,Surfing,M,20.0,0,2000,21
63374,2004,SOUTH AFRICA,Playing,M,16.0,0,2000,21
63375,2004,SOUTH AFRICA,Swimming,F,77.0,1,2000,21
63376,2004,USA,Surfing,lli,38.0,0,2000,21
63377,2004,VANUATU,Snorkeling,M,30.0,0,2000,21
63378,2004,NEW CALEDONIA,Diving,Unknown,24.0,0,2000,21
63379,2004,CUBA,Diving,M,40.0,0,2000,21
63380,2004,NEW ZEALAND,Unknown,Unknown,24.0,0,2000,21
63381,2004,SOUTH AFRICA,Chumming for white sharks,M,52.0,0,2000,21
63382,2004,AUSTRALIA,Surfing,M,59.0,0,2000,21
63383,2004,USA,Surfing,M,24.0,0,2000,21
63384,2004,USA,Spearfishing,M,34.0,0,2000,21
63385,2004,SOUTH AFRICA,Surfing,M,34.0,0,2000,21
63386,2004,REUNION,Body boarding,M,15.0,0,2000,21
63387,2004,USA,Surfing,M,16.0,0,2000,21
63388,2004,USA,Surfing,M,40.0,0,2000,21
63389,2004,AUSTRALIA,Spearfishing/ filming,Unknown,24.0,0,2000,21
63390,2004,USA,Surfing,M,26.0,0,2000,21
63391,2004,USA,Surf fishing,M,24.0,0,2000,21
63392,2004,BRAZIL,Swimming,Unknown,24.0,1,2000,21
63393,2004,USA,Jumping,F,17.0,0,2000,21
63394,2004,USA,Walking,F,38.0,0,2000,21
63395,2004,BRAZIL,Bathing,M,24.0,0,2000,21
63396,2004,USA,Surfing,M,24.0,0,2000,21
63397,2004,USA,Diving,M,50.0,1,2000,21
63398,2004,USA,Swimming,M,47.0,0,2000,21
63399,2004,AUSTRALIA,Spearfishing,M,30.0,0,2000,21
63400,2004,SOUTH AFRICA,Fishing,Unknown,24.0,0,2000,21
63401,2004,USA,Surfing,F,20.0,0,2000,21
63402,2004,RUSSIA,Diving & fishing with net,M,24.0,0,2000,21
63403,2004,USA,Surfing,F,28.0,0,2000,21
63404,2004,USA,Swimming,F,13.0,0,2000,21
63405,2004,USA,Swimming,F,19.0,0,2000,21
63406,2004,USA,Wading / fishing & carrying a bag of fish,M,11.0,0,2000,21
63407,2004,AUSTRALIA,Fishing,Unknown,24.0,0,2000,21
63408,2004,JAPAN,Fishing for squid aboard the trawler Shikishima-Maru when the shark leapt into the boat,M,51.0,0,2000,21
63409,2004,AUSTRALIA,Surfing,M,30.0,1,2000,21
63410,2004,EGYPT,Snorkeling,F,24.0,0,2000,21
63411,2004,USA,Wading,M,7.0,0,2000,21
63412,2004,USA,Surfing,M,45.0,0,2000,21
63413,2004,AUSTRALIA,Crayfishing,M,24.0,0,2000,21
63414,2004,USA,In water with diving seabirds,F,24.0,0,2000,21
63415,2004,AUSTRALIA,Body boarding,M,17.0,0,2000,21
63416,2004,USA,Swimming,M,8.0,0,2000,21
63417,2004,SOUTH AFRICA,"Swimming, poaching perlemoen",M,21.0,1,2000,21
63418,2004,USA,Wading,M,16.0,0,2000,21
63419,2004,BRAZIL,Swimming,M,17.0,0,2000,21
63420,2004,USA,Surfing,M,44.0,0,2000,21
63421,2004,USA,Boogie-boarding / swimming,M,9.0,0,2000,21
63422,2004,USA,Swimming,M,9.0,0,2000,21
63423,2004,USA,Unknown,F,9.0,0,2000,21
63424,2004,BRAZIL,Wading,F,24.0,0,2000,21
63425,2004,BAHAMAS,Free diving & spearfishing,M,63.0,0,2000,21
63426,2004,USA,Tandem surfing,M,28.0,0,2000,21
63427,2004,BRAZIL,Swimming,M,22.0,1,2000,21
63428,2004,AUSTRALIA,Diving,M,24.0,0,2000,21
63429,2004,NEW ZEALAND,Fishing,Unknown,24.0,0,2000,21
63430,2004,TONGA,Five men on makeshift raft after their 10 m fishing boat  capsized and sank in rough seas. Survivors rescued after  7.5 hours in the water,M,24.0,1,2000,21
63431,2004,TONGA,Five men on makeshift raft after their 10 m fishing boat  capsized and sank in rough seas. Survivors rescued after  7.5 hours in the water,M,24.0,1,2000,21
63432,2004,USA,Surfing,M,57.0,1,2000,21
63433,2004,SOUTH AFRICA,Surfing,M,16.0,0,2000,21
63434,2004,USA,Surfing,F,22.0,0,2000,21
63435,2004,USA,Unknown,M,26.0,0,2000,21
63436,2004,USA,Surfing,M,20.0,0,2000,21
63437,2004,BRAZIL,Body boarding,M,22.0,0,2000,21
63438,2004,USA,Surfing,M,24.0,0,2000,21
63439,2004,REUNION,Surfing,M,20.0,0,2000,21
63440,2004,USA,Swimming,M,61.0,0,2000,21
63441,2004,USA,Snorkeling,F,24.0,0,2000,21
63442,2004,NEW ZEALAND,Spearfishing,M,24.0,0,2000,21
63443,2004,USA,Surfing,M,51.0,0,2000,21
63444,2004,AUSTRALIA,Spearfishing,M,47.0,0,2000,21
63445,2004,BRAZIL,Swimming,M,29.0,1,2000,21
63446,2004,NEW ZEALAND,Surfing,M,15.0,0,2000,21
63447,2004,AUSTRALIA,Swimming,M,24.0,0,2000,21
63448,2004,AUSTRALIA,Free diving & spearfishing,M,31.0,0,2000,21
63449,2004,EGYPT,Snorkeling,M,24.0,1,2000,21
63450,2004,AUSTRALIA,Snorkeling,M,22.0,0,2000,21
63451,2004,AUSTRALIA,Scuba diving,M,46.0,0,2000,21
63452,2004,URUGUAY,Surfing,M,21.0,0,2000,21
63453,2004,NEW ZEALAND,Boogie boarding,M,24.0,0,2000,21
63454,2004,VENEZUELA,Swimming,M,24.0,0,2000,21
63455,2004,VENEZUELA,Spearfishing,M,40.0,0,2000,21
63456,2004,SOUTH AFRICA,Surf skiing,M,24.0,0,2000,21
63457,2004,AUSTRALIA,Diving,M,24.0,0,2000,21
63458,2004,SOUTH AFRICA,Surfing,M,22.0,0,2000,21
63459,2004,NEW ZEALAND,Kayaking (returning from spearfishing),M,24.0,0,2000,21
63460,2004,EGYPT,Air disaster. Flash Airlines Boeing 737 crashed into the Red Sea,Unknown,24.0,1,2000,21
63461,2004,AUSTRALIA,Surfing,M,24.0,0,2000,21
63462,2003,SOUTH AFRICA,Unknown,Unknown,24.0,0,2000,21
63463,2003,USA,Swimming,M,28.0,0,2000,21
63464,2003,USA,Swimming,M,13.0,0,2000,21
63465,2003,NEW ZEALAND,Swimming / shipwreck,M,45.0,1,2000,21
63466,2003,AUSTRALIA,Surfing amid a shoal of sharks,M,36.0,0,2000,21
63467,2003,AUSTRALIA,Swimming,M,24.0,0,2000,21
63468,2003,AUSTRALIA,Swimming,M,24.0,0,2000,21
63469,2003,SOUTH AFRICA,Spearfishing,M,21.0,1,2000,21
63470,2003,USA,Surfing,F,35.0,0,2000,21
63471,2003,INDIA,Swimming or surfing,M,35.0,0,2000,21
63472,2003,USA,Surfing,M,24.0,0,2000,21
63473,2003,EGYPT,Snorkeling,M,24.0,0,2000,21
63474,2003,SOUTH AFRICA,Surf skiing,Unknown,24.0,0,2000,21
63475,2003,AUSTRALIA,Standing,M,24.0,0,2000,21
63476,2003,PANAMA,Spearfishing,M,24.0,0,2000,21
63477,2003,USA,Surfing,M,18.0,0,2000,21
63478,2003,AUSTRALIA,Surfing,M,22.0,0,2000,21
63479,2003,USA,Surfing,F,13.0,0,2000,21
63480,2003,USA,Surfing,M,46.0,0,2000,21
63481,2003,USA,Snorkeling,M,56.0,0,2000,21
63482,2003,USA,Surfing,M,19.0,0,2000,21
63483,2003,USA,Swimming to shore from boat or kayak,M,24.0,1,2000,21
63484,2003,USA,Surfing,F,24.0,0,2000,21
63485,2003,USA,Surfing,M,18.0,0,2000,21
63486,2003,USA,Surfing,M,30.0,0,2000,21
63487,2003,USA,Sitting on surfboard,M,50.0,0,2000,21
63488,2003,USA,Wading near a fishing net,F,41.0,0,2000,21
63489,2003,FIJI,Wading to shore from his boat,M,40.0,1,2000,21
63490,2003,USA,Surfing,M,16.0,0,2000,21
63491,2003,USA,Surfing,M,21.0,0,2000,21
63492,2003,USA,Surfing,M,19.0,0,2000,21
63493,2003,USA,Surfing,M,17.0,0,2000,21
63494,2003,USA,Surfing,M,30.0,0,2000,21
63495,2003,SOUTH AFRICA,Fishing,Unknown,36.0,0,2000,21
63496,2003,USA,Swimming,F,8.0,0,2000,21
63497,2003,USA,Body boarding,M,18.0,0,2000,21
63498,2003,USA,"Standing, stepped on shark",M,15.0,0,2000,21
63499,2003,SOUTH AFRICA,Body boarding,M,19.0,1,2000,21
63500,2003,USA,Wade-fishing,M,24.0,0,2000,21
63501,2003,USA,Fishing,M,24.0,0,2000,21
63502,2003,USA,"Swimming, wearing black wetsuit & swim fins",F,50.0,1,2000,21
63503,2003,USA,Swimming,M,31.0,0,2000,21
63504,2003,SOUTH AFRICA,Sitting on surfboard,M,16.0,0,2000,21
63505,2003,AUSTRALIA,Surf skiing,M,37.0,0,2000,21
63506,2003,USA,Surfing,M,18.0,0,2000,21
63507,2003,USA,Wading,F,15.0,0,2000,21
63508,2003,BAHAMAS,Spearfishing,M,58.0,0,2000,21
63509,2003,USA,"Walking, carrying surfboard & stepped on shark",M,10.0,0,2000,21
63510,2003,USA,Surfing,M,21.0,0,2000,21
63511,2003,BAHAMAS,Spearfishing,M,39.0,0,2000,21
63512,2003,USA,Spearfishing,M,24.0,0,2000,21
63513,2003,FRENCH POLYNESIA,Spearfishing,M,24.0,0,2000,21
63514,2003,NEW ZEALAND,Snorkeling,M,24.0,0,2000,21
63515,2003,USA,Surfing,M,17.0,0,2000,21
63516,2003,USA,Surfing,M,15.0,0,2000,21
63517,2003,BRAZIL,Unknown,M,24.0,1,2000,21
63518,2003,USA,Standing,F,12.0,0,2000,21
63519,2003,USA,Swimming with pod of dolphins,M,60.0,0,2000,21
63520,2003,USA,Swimming,M,51.0,0,2000,21
63521,2003,USA,Surfing,M,33.0,0,2000,21
63522,2003,USA,Surfing,Unknown,15.0,0,2000,21
63523,2003,USA,Swimming,F,22.0,0,2000,21
63524,2003,USA,Surfing,M,18.0,0,2000,21
63525,2003,USA,Wading,M,22.0,0,2000,21
63526,2003,USA,Swimming,M,20.0,0,2000,21
63527,2003,USA,Surfing,M,34.0,0,2000,21
63528,2003,USA,Walking,F,9.0,0,2000,21
63529,2003,PHILIPPINES,Unknown,Unknown,24.0,0,2000,21
63530,2003,BRAZIL,Killing  sharks,M,24.0,0,2000,21
63531,2003,BRAZIL,Swimming,M,16.0,0,2000,21
63532,2003,BRAZIL,Surfing,M,17.0,0,2000,21
63533,2003,BRAZIL,Swimming,M,7.0,0,2000,21
63534,2003,USA,Surfing,M,36.0,0,2000,21
63535,2003,USA,Surfing,M,17.0,0,2000,21
63536,2003,USA,Surfing,M,30.0,0,2000,21
63537,2003,USA,Surfing,M,23.0,0,2000,21
63538,2003,USA,Surfing,M,18.0,0,2000,21
63539,2003,USA,Jumping,M,11.0,0,2000,21
63540,2003,USA,Surfing,M,12.0,0,2000,21
63541,2003,USA,Swimming (using a float),M,20.0,0,2000,21
63542,2003,VENEZUELA,Surfing,M,28.0,0,2000,21
63543,2003,USA,Surfing,M,24.0,0,2000,21
63544,2003,USA,Surfing,M,50.0,0,2000,21
63545,2003,USA,Petting captive sharks,F,24.0,0,2000,21
63546,2003,NEW ZEALAND,Scuba diving,M,44.0,0,2000,21
63547,2003,AUSTRALIA,Wading,M,37.0,0,2000,21
63548,2003,USA,Swimming,M,54.0,0,2000,21
63549,2003,AUSTRALIA,Swimming,M,24.0,0,2000,21
63550,2003,AUSTRALIA,Swimming,M,84.0,1,2000,21
63551,2003,SOUTH AFRICA,Unknown,M,14.0,0,2000,21
63552,2003,COSTA RICA,Surfing,M,24.0,0,2000,21
63553,2003,AUSTRALIA,Surfing,F,24.0,0,2000,21
63554,2002,AUSTRALIA,Snorkeling,F,18.0,0,2000,21
63555,2002,SOUTH AFRICA,Snorkeling,M,25.0,0,2000,21
63556,2002,AUSTRALIA,Scuba diving,M,26.0,0,2000,21
63557,2002,AUSTRALIA,Swimming,M,11.0,0,2000,21
63558,2002,AUSTRALIA,Swimming,M,23.0,1,2000,21
63559,2002,BRAZIL,Surfing,M,19.0,1,2000,21
63560,2002,MICRONESIA,Scuba diving,M,24.0,0,2000,21
63561,2002,USA,Body boarding,M,48.0,0,2000,21
63562,2002,USA,Swimming,F,34.0,0,2000,21
63563,2002,TURKS & CAICOS,Snorkeling,F,41.0,0,2000,21
63564,2002,USA,Surfing,M,21.0,0,2000,21
63565,2002,USA,Boogie boarding,M,16.0,0,2000,21
63566,2002,FRENCH POLYNESIA,"Fishing, standing in 2' of water",M,52.0,0,2000,21
63567,2002,USA,Swimming,F,60.0,0,2000,21
63568,2002,BRAZIL,Swimming,M,36.0,1,2000,21
63569,2002,USA,Surfing,M,21.0,0,2000,21
63570,2002,USA,Surfing,M,14.0,0,2000,21
63571,2002,USA,Surfing,M,35.0,0,2000,21
63572,2002,USA,Surfing,M,18.0,0,2000,21
63573,2002,USA,Surfing,M,47.0,0,2000,21
63574,2002,USA,Surfing,M,32.0,0,2000,21
63575,2002,USA,Fishing from Surfboard,M,55.0,0,2000,21
63576,2002,USA,Fishing,M,24.0,0,2000,21
63577,2002,TONGA,Swimming,M,24.0,0,2000,21
63578,2002,USA,Boogie boarding or Surfing,M,24.0,0,2000,21
63579,2002,USA,Surfing,M,35.0,0,2000,21
63580,2002,BRAZIL,Swimming,M,19.0,0,2000,21
63581,2002,USA,Body boarding,Unknown,24.0,0,2000,21
63582,2002,SOUTH AFRICA,Surf skiing,M,47.0,0,2000,21
63583,2002,USA,Boogie boarding,M,20.0,0,2000,21
63584,2002,USA,"Wading, when he stepped on the shark",M,36.0,0,2000,21
63585,2002,USA,Surfing,M,16.0,0,2000,21
63586,2002,USA,Swimming,F,29.0,0,2000,21
63587,2002,USA,Surfing,M,27.0,0,2000,21
63588,2002,USA,Surfing,M,15.0,0,2000,21
63589,2002,USA,Standing,M,15.0,0,2000,21
63590,2002,UNITED KINGDOM,Diving,M,30.0,0,2000,21
63591,2002,USA,Standing,M,14.0,0,2000,21
63592,2002,USA,Surfing,M,13.0,0,2000,21
63593,2002,USA,Swimming,F,15.0,0,2000,21
63594,2002,USA,Surfing,M,19.0,0,2000,21
63595,2002,USA,Shark Fishing,M,41.0,1,2000,21
63596,2002,BRAZIL,Surfing,M,22.0,0,2000,21
63597,2002,USA,Standing,F,9.0,0,2000,21
63598,2002,AUSTRALIA,Surfing,M,30.0,0,2000,21
63599,2002,USA,Swimming,F,11.0,0,2000,21
63600,2002,INDONESIA,Unknown,Unknown,24.0,0,2000,21
63601,2002,PAPUA NEW GUINEA,Unknown,Unknown,24.0,0,2000,21
63602,2002,PAPUA NEW GUINEA,Attempting to retreive a dinghy,Unknown,24.0,1,2000,21
63603,2002,USA,Sitting on surfboard,Unknown,24.0,0,2000,21
63604,2002,USA,Surfing,M,28.0,0,2000,21
63605,2002,USA,Surfing,M,50.0,0,2000,21
63606,2002,USA,Swimming,M,10.0,0,2000,21
63607,2002,SOUTH AFRICA,Snorkeling (filming the sardine run),M,50.0,0,2000,21
63608,2002,USA,Surfing,M,24.0,0,2000,21
63609,2002,USA,Floating on a raft,M,16.0,0,2000,21
63610,2002,USA,"Fishing, removing the shark from his line",M,55.0,0,2000,21
63611,2002,USA,Playing in the surf with his 2 dogs,M,35.0,0,2000,21
63612,2002,COSTA RICA,Surfing,M,24.0,0,2000,21
63613,2002,PAPUA NEW GUINEA,Collecting beche-de-mer,M,14.0,0,2000,21
63614,2002,USA,Fishing,M,31.0,0,2000,21
63615,2002,BRAZIL,Surfing,M,40.0,0,2000,21
63616,2002,AUSTRALIA,Fishing from prawn trawler,M,20.0,0,2000,21
63617,2002,AUSTRALIA,Scallop diving (using surface-supplied air & a POD),M,23.0,1,2000,21
63618,2002,AUSTRALIA,Fishing (Drowned 2-Apr-2002),M,52.0,0,2000,21
63619,2002,USA,"Surfing, but standing in water alongside board",M,34.0,0,2000,21
63620,2002,USA,Surfing,M,28.0,0,2000,21
63621,2002,AUSTRALIA,Swimming,M,45.0,0,2000,21
63622,2002,BAHAMAS,Standing,M,43.0,0,2000,21
63623,2002,USA,Wading,M,41.0,0,2000,21
63624,2002,USA,Swimming / Wading,M,29.0,0,2000,21
63625,2002,USA,Body-boarding,M,17.0,0,2000,21
63626,2002,USA,Wading,F,11.0,0,2000,21
63627,2002,BRAZIL,Swimming,M,16.0,1,2000,21
63628,2002,USA,Swimming /  boogie boarding,M,20.0,0,2000,21
63629,2002,USA,Snorkeling,M,39.0,0,2000,21
63630,2002,USA,Surfing,M,31.0,0,2000,21
63631,2002,NEW CALEDONIA,Spearfishing,M,44.0,0,2000,21
63632,2002,TURKS & CAICOS,Capsized fishing boat,M,24.0,1,2000,21
63633,2002,AUSTRALIA,Surfing,M,30.0,0,2000,21
63634,2002,FIJI,Unknown,M,15.0,1,2000,21
63635,2002,AUSTRALIA,Kayaking,M,35.0,0,2000,21
63636,2002,AUSTRALIA,Surfing,M,20.0,0,2000,21
63637,2002,AUSTRALIA,Swimming,M,32.0,0,2000,21
63638,2002,SOUTH AFRICA,Fishing,M,16.0,0,2000,21
63639,2002,BRAZIL,Swimming,Unknown,24.0,1,2000,21
63640,2002,SOUTH AFRICA,Surf skiing,M,26.0,0,2000,21
63641,2002,USA,Snorkeling,M,35.0,0,2000,21
63642,2001,AUSTRALIA,Surfing,M,36.0,0,2000,21
63643,2001,AUSTRALIA,Surfing,M,49.0,0,2000,21
63644,2001,USA,Surfing,Unknown,24.0,0,2000,21
63645,2001,AUSTRALIA,Surf-skiing,M,24.0,0,2000,21
63646,2001,SOUTH AFRICA,Kite-Boarding,M,24.0,0,2000,21
63647,2001,AUSTRALIA,Snorkeling,F,20.0,0,2000,21
63648,2001,MEXICO,Body surfing,M,26.0,0,2000,21
63649,2001,AUSTRALIA,Unknown,M,31.0,0,2000,21
63650,2001,USA,"Surfing, fell off surfboard & stepped on the shark.",M,21.0,0,2000,21
63651,2001,USA,Surfing,M,14.0,0,2000,21
63652,2001,USA,Wreck / Technical diving,M,42.0,1,2000,21
63653,2001,USA,Boogie boarding,M,6.0,0,2000,21
63654,2001,USA,Surfing,M,16.0,0,2000,21
63655,2001,UNITED KINGDOM,Diving,M,24.0,0,2000,21
63656,2001,USA,Fishing,M,44.0,0,2000,21
63657,2001,USA,Walking in shallows,M,13.0,0,2000,21
63658,2001,USA,Swimming,F,24.0,0,2000,21
63659,2001,USA,Swimming,M,28.0,1,2000,21
63660,2001,USA,Swimming,F,23.0,0,2000,21
63661,2001,USA,Wading,M,20.0,0,2000,21
63662,2001,USA,Swimming,M,10.0,1,2000,21
63663,2001,BAHAMAS,Spearfishing,M,44.0,0,2000,21
63664,2001,USA,Standing,F,29.0,0,2000,21
63665,2001,USA,Wading,M,69.0,0,2000,21
63666,2001,USA,Boogie Boarding,M,18.0,0,2000,21
63667,2001,USA,Boogie Boarding,M,18.0,0,2000,21
63668,2001,USA,Surfing,M,17.0,0,2000,21
63669,2001,USA,Surfing,M,27.0,0,2000,21
63670,2001,USA,Surfing,M,32.0,0,2000,21
63671,2001,USA,Surfing,F,17.0,0,2000,21
63672,2001,USA,Surfing,F,17.0,0,2000,21
63673,2001,USA,Surfing,M,20.0,0,2000,21
63674,2001,USA,Surfing,M,19.0,0,2000,21
63675,2001,USA,Surfing,M,19.0,0,2000,21
63676,2001,BAHAMAS,Spearfishing,M,43.0,0,2000,21
63677,2001,THAILAND,Fell off banana boat,M,21.0,0,2000,21
63678,2001,USA,Unknown,F,24.0,0,2000,21
63679,2001,BAHAMAS,Swimming,M,36.0,0,2000,21
63680,2001,ITALY,Fishing,Unknown,24.0,0,2000,21
63681,2001,USA,Unknown,F,24.0,0,2000,21
63682,2001,USA,Unknown,M,24.0,0,2000,21
63683,2001,USA,Unknown,F,24.0,0,2000,21
63684,2001,USA,Fishing,Unknown,24.0,0,2000,21
63685,2001,USA,Surfing,M,48.0,0,2000,21
63686,2001,USA,Boogie boarding,M,18.0,0,2000,21
63687,2001,MEXICO,Surfing,M,42.0,0,2000,21
63688,2001,USA,Swimming,M,8.0,0,2000,21
63689,2001,USA,Unknown,Unknown,24.0,0,2000,21
63690,2001,USA,Floating face-down in knee-deep water,M,35.0,0,2000,21
63691,2001,USA,Swimming,M,14.0,0,2000,21
63692,2001,USA,Spearfishing,M,52.0,0,2000,21
63693,2001,AUSTRALIA,Hiking on the beach,M,75.0,0,2000,21
63694,2001,USA,Wading,F,29.0,0,2000,21
63695,2001,USA,Unknown,M,16.0,0,2000,21
63696,2001,USA,Swimming,M,11.0,0,2000,21
63697,2001,USA,Swimming,M,24.0,0,2000,21
63698,2001,PHILIPPINES,Shark fishing,M,24.0,0,2000,21
63699,2001,MADAGASCAR,Unknown,M,24.0,0,2000,21
63700,2001,SOUTH AFRICA,Surfing,M,26.0,0,2000,21
63701,2001,AUSTRALIA,Surfing,M,33.0,0,2000,21
63702,2001,USA,Surfing,M,45.0,0,2000,21
63703,2001,FIJI,"Spearfishing, carrying his catch",M,24.0,1,2000,21
63704,2001,USA,Boogie boarding,M,14.0,0,2000,21
63705,2001,USA,Surfing,M,16.0,0,2000,21
63706,2001,USA,Surfing,M,12.0,0,2000,21
63707,2001,USA,Unknown,M,30.0,0,2000,21
63708,2001,USA,Surfing,M,38.0,0,2000,21
63709,2001,USA,Surfing,M,21.0,0,2000,21
63710,2001,USA,Body boarding,M,12.0,0,2000,21
63711,2001,USA,Surfing,M,22.0,0,2000,21
63712,2001,USA,Surfing,M,19.0,0,2000,21
63713,2001,USA,Surfing,M,22.0,0,2000,21
63714,2001,USA,Surfing,M,24.0,0,2000,21
63715,2001,USA,Surfing,Unknown,16.0,0,2000,21
63716,2001,SOUTH AFRICA,Surfing,M,46.0,0,2000,21
63717,2001,AUSTRALIA,Snorkeling,M,24.0,0,2000,21
63718,2001,USA,Standing alongside surfboard,M,26.0,0,2000,21
63719,2001,BRAZIL,Batin,F,12.0,0,2000,21
63720,2001,AUSTRALIA,Surfing,M,40.0,0,2000,21
63721,2001,USA,Body-boarding,M,24.0,0,2000,21
63722,2001,USA,Surfing,M,24.0,0,2000,21
63723,2001,BRAZIL,Attempting to catch a crocodile,M,12.0,0,2000,21
63724,2001,BRAZIL,Swimming,M,20.0,1,2000,21
63725,2001,CARIBBEAN SEA,Sinking of the 40' Esperanza off St. Maartin with 36 refugees on board,Unknown,24.0,1,2000,21
63726,2001,AUSTRALIA,Fishing for whiting,Unknown,24.0,0,2000,21
63727,2001,MALAYSIA,Unknown,F,24.0,0,2000,21
63728,2001,AUSTRALIA,Surfing,M,40.0,0,2000,21
63729,2001,AUSTRALIA,Kayaking,M,35.0,0,2000,21
63730,2001,CUBA,Swimming,F,55.0,0,2000,21
63731,2001,AUSTRALIA,Fishing,Unknown,24.0,0,2000,21
63732,2001,USA,Surfing,M,24.0,0,2000,21
63733,2001,NEW ZEALAND,Kayaking,M,24.0,0,2000,21
63734,2000,AUSTRALIA,Scuba diving,M,23.0,0,2000,20
63735,2000,FIJI,Swimming back from anchored sailboat,M,47.0,1,2000,20
63736,2000,AUSTRALIA,Fishing for whiting,Unknown,24.0,0,2000,20
63737,2000,CANADA,Diving for sea urchins,M,30.0,0,2000,20
63738,2000,AUSTRALIA,Spearfishing,M,38.0,0,2000,20
63739,2000,NEW ZEALAND,Surfing,F,24.0,1,2000,20
63740,2000,AUSTRALIA,Diving (shell maintenance),M,28.0,0,2000,20
63741,2000,AUSTRALIA,Shipwrecked,M,47.0,0,2000,20
63742,2000,USA,Swimming,M,73.0,0,2000,20
63743,2000,USA,Walking,F,27.0,0,2000,20
63744,2000,AUSTRALIA,Swimming,M,52.0,0,2000,20
63745,2000,AUSTRALIA,Swimming,M,49.0,1,2000,20
63746,2000,USA,Surfing,M,27.0,0,2000,20
63747,2000,AUSTRALIA,Fishing,Unknown,31.0,0,2000,20
63748,2000,USA,Surfing,M,23.0,0,2000,20
63749,2000,USA,Swimming / snorkeling,F,56.0,0,2000,20
63750,2000,USA,Swimming,M,69.0,0,2000,20
63751,2000,USA,Surfing,M,17.0,0,2000,20
63752,2000,USA,Surfing,M,23.0,0,2000,20
63753,2000,USA,Body surfing,M,11.0,0,2000,20
63754,2000,USA,Surfing,M,24.0,0,2000,20
63755,2000,USA,Sitting on surfboard,M,24.0,0,2000,20
63756,2000,AUSTRALIA,Surfing,M,17.0,1,2000,20
63757,2000,AUSTRALIA,Surfing,M,25.0,1,2000,20
63758,2000,AUSTRALIA,Fell onto dead shark,M,12.0,0,2000,20
63759,2000,OKINAWA,Surfing,M,31.0,1,2000,20
63760,2000,USA,Unknown,Unknown,24.0,0,2000,20
63761,2000,USA,Standing / surfing,M,49.0,0,2000,20
63762,2000,USA,Surfing,F,26.0,0,2000,20
63763,2000,USA,Swimming / Body surfing,M,25.0,0,2000,20
63764,2000,USA,Swimming,M,8.0,0,2000,20
63765,2000,SOUTH AFRICA,Free diving,M,48.0,0,2000,20
63766,2000,TANZANIA,Swimming,M,28.0,1,2000,20
63767,2000,USA,Wading,M,40.0,0,2000,20
63768,2000,REUNION,Surfing,M,27.0,0,2000,20
63769,2000,TANZANIA,Swimming,Unknown,24.0,1,2000,20
63770,2000,USA,Swimming,M,47.0,0,2000,20
63771,2000,USA,Jumped into the water,M,69.0,1,2000,20
63772,2000,USA,Conducting research,M,24.0,0,2000,20
63773,2000,USA,Swimming out to porpoises,M,24.0,0,2000,20
63774,2000,USA,"Windsurfing, but sitting on his board",M,53.0,0,2000,20
63775,2000,USA,Surfing / Wading,M,27.0,0,2000,20
63776,2000,USA,Standing,F,44.0,0,2000,20
63777,2000,USA,Swimming,M,24.0,0,2000,20
63778,2000,USA,Attempting to illegally enter the USA,M,23.0,0,2000,20
63779,2000,TANZANIA,Swimming,Unknown,24.0,1,2000,20
63780,2000,USA,Unknown,M,5.0,0,2000,20
63781,2000,USA,Snorkeling,F,45.0,0,2000,20
63782,2000,USA,Surfing,M,16.0,0,2000,20
63783,2000,USA,Surfing,M,14.0,0,2000,20
63784,2000,SOUTH AFRICA,Surfing,M,15.0,0,2000,20
63785,2000,SOUTH AFRICA,Surfing,M,18.0,0,2000,20
63786,2000,SOUTH AFRICA,Surfing,M,24.0,0,2000,20
63787,2000,TONGA,Scuba diving,M,69.0,0,2000,20
63788,2000,USA,Wading,M,13.0,0,2000,20
63789,2000,USA,Swimming,M,41.0,0,2000,20
63790,2000,USA,Jumping,M,5.0,0,2000,20
63791,2000,USA,Playing,F,12.0,0,2000,20
63792,2000,USA,Wading,F,20.0,0,2000,20
63793,2000,USA,"Spearfishing, holding mesh bag with speared fish",F,55.0,0,2000,20
63794,2000,USA,Wading,F,13.0,0,2000,20
63795,2000,USA,Standing,F,19.0,0,2000,20
63796,2000,TANZANIA,Swimming,Unknown,24.0,1,2000,20
63797,2000,PAPUA NEW GUINEA,Unknown,M,24.0,1,2000,20
63798,2000,NEW ZEALAND,Fishing,M,24.0,0,2000,20
63799,2000,USA,Standing,M,52.0,0,2000,20
63800,2000,USA,Sailing,Unknown,24.0,0,2000,20
63801,2000,USA,Surfing,M,17.0,0,2000,20
63802,2000,USA,Swimming,M,55.0,0,2000,20
63803,2000,USA,Swimming,M,44.0,0,2000,20
63804,2000,USA,Snorkeling,M,13.0,0,2000,20
63805,2000,TANZANIA,Swimming,M,24.0,1,2000,20
63806,2000,NEW CALEDONIA,"Air Disaster - Piper aircraft crashed into the sea, killing all on board",Unknown,24.0,1,2000,20
63807,2000,AUSTRALIA,Unknown,Unknown,24.0,0,2000,20
63808,2000,PAPUA NEW GUINEA,Standing,M,9.0,0,2000,20
63809,2000,PAPUA NEW GUINEA,Diving,M,24.0,1,2000,20
63810,2000,USA,Walking,M,34.0,0,2000,20
63811,2000,USA,Boogie boarding / wading,M,24.0,0,2000,20
63812,2000,USA,Fishing,M,24.0,0,2000,20
63813,2000,AUSTRALIA,Swimming,M,26.0,0,2000,20
63814,2000,USA,Boogie boarding,F,14.0,0,2000,20
63815,2000,USA,Surfing,M,37.0,0,2000,20
63816,2000,NEW CALEDONIA,Spearfishing,M,35.0,1,2000,20
63817,2000,AUSTRALIA,Surfing,M,24.0,0,2000,20
63818,2000,AUSTRALIA,Rowing,Unknown,24.0,0,2000,20
63819,2000,AUSTRALIA,Rowing,Unknown,24.0,0,2000,20
63820,2000,NEW ZEALAND,Kayaking,M,27.0,0,2000,20
63821,2000,AUSTRALIA,Swimming,M,24.0,0,2000,20
63822,2000,USA,Spearfishing,M,39.0,0,2000,20
63823,2000,USA,Unknown,M,27.0,0,2000,20
63824,2000,SOUTH AFRICA,Body surfing,M,24.0,0,2000,20
63825,2000,ENGLAND,Feeding prawns to captive sharks,M,24.0,0,2000,20
63826,2000,NEW ZEALAND,Surfing,M,12.0,0,2000,20
63827,2000,AUSTRALIA,Surfing,M,26.0,0,2000,20
63828,2000,REUNION,Canoe with 3 men onboard sank,M,24.0,1,2000,20
63829,2000,THAILAND,Diving,M,35.0,1,2000,20
63830,2000,USA,Fishing for tarpon,M,24.0,0,2000,20
63831,1999,NEW ZEALAND,Surfing,M,15.0,0,1990,20
63832,1999,NEW ZEALAND,Swimming,F,13.0,0,1990,20
63833,1999,NEW ZEALAND,Bathing,F,12.0,0,1990,20
63834,1999,BRAZIL,Surfing,M,18.0,0,1990,20
63835,1999,USA,Scuba diving,M,24.0,0,1990,20
63836,1999,BRAZIL,Spearfishing,M,39.0,0,1990,20
63837,1999,USA,Surfing,M,35.0,0,1990,20
63838,1999,USA,Surfing,M,19.0,0,1990,20
63839,1999,USA,Swimming,F,51.0,0,1990,20
63840,1999,USA,Surfing (sitting on his board),M,24.0,0,1990,20
63841,1999,SOUTH AFRICA,Surfing,M,35.0,0,1990,20
63842,1999,BRAZIL,"Spearfishing, but swimming at surface",M,39.0,0,1990,20
63843,1999,MARSHALL ISLANDS,Swimming,M,12.0,0,1990,20
63844,1999,MARSHALL ISLANDS,Swimming,M,12.0,0,1990,20
63845,1999,USA,Body boarding,M,45.0,0,1990,20
63846,1999,USA,Body surfing,M,13.0,0,1990,20
63847,1999,USA,Surfing,M,24.0,0,1990,20
63848,1999,USA,"Surfing, lying on surfboard",M,16.0,0,1990,20
63849,1999,USA,Wading to shore after surfing,M,22.0,0,1990,20
63850,1999,ITALY,Fishing,Unknown,24.0,0,1990,20
63851,1999,USA,Kayaking,M,37.0,0,1990,20
63852,1999,USA,Wading,F,61.0,0,1990,20
63853,1999,USA,Wading,F,10.0,0,1990,20
63854,1999,USA,Surfing,M,13.0,0,1990,20
63855,1999,USA,Wading,M,7.0,0,1990,20
63856,1999,USA,Wading with surfboard,M,39.0,0,1990,20
63857,1999,USA,Surfing,M,28.0,0,1990,20
63858,1999,USA,Surfing,M,24.0,0,1990,20
63859,1999,MARSHALL ISLANDS,Fishing,M,23.0,0,1990,20
63860,1999,USA,Surfing,M,17.0,0,1990,20
63861,1999,USA,Lying prone in 2' of water,M,10.0,0,1990,20
63862,1999,USA,Body surfing,M,62.0,0,1990,20
63863,1999,BAHAMAS,Spearfishing & holding catch,M,35.0,0,1990,20
63864,1999,SOUTH AFRICA,Surfing,M,42.0,0,1990,20
63865,1999,USA,Swimming with dolphins,M,43.0,0,1990,20
63866,1999,USA,Surfing,M,43.0,0,1990,20
63867,1999,SOUTH AFRICA,Boogie boarding,M,14.0,1,1990,20
63868,1999,USA,Unknown,M,24.0,0,1990,20
63869,1999,USA,Wading in school of baitfish,F,30.0,0,1990,20
63870,1999,SOUTH AFRICA,Surfing,M,29.0,0,1990,20
63871,1999,USA,Adrift in a life jacket,M,20.0,0,1990,20
63872,1999,USA,Surfing,M,21.0,0,1990,20
63873,1999,USA,Swimming,M,41.0,0,1990,20
63874,1999,USA,Splashing / wading,M,5.0,0,1990,20
63875,1999,AUSTRALIA,Windsurfing,M,22.0,1,1990,20
63876,1999,BRAZIL,Surfing,M,21.0,0,1990,20
63877,1999,MAURITIUS,Swimming,F,41.0,0,1990,20
63878,1999,REUNION,Swimming after being swept into sea by a large wave,M,52.0,1,1990,20
63879,1999,USA,Surfing,M,14.0,0,1990,20
63880,1999,NEW ZEALAND,Spearfishing & diving for paua,M,24.0,0,1990,20
63881,1999,BRAZIL,Scientific research (Dr. Sonny Gruber's student),M,24.0,0,1990,20
63882,1999,USA,"Swimming, towing a kayak",F,29.0,1,1990,20
63883,1999,NEW CALEDONIA,Spearfishing,M,24.0,0,1990,20
63884,1999,NEW ZEALAND,Fishing,M,28.0,0,1990,20
63885,1999,USA,Body surfing or body boarding,M,18.0,0,1990,20
63886,1999,USA,Swimming near pod of whales,F,29.0,0,1990,20
63887,1999,USA,Cruising,Unknown,24.0,0,1990,20
63888,1999,AUSTRALIA,Surfing,M,35.0,0,1990,20
63889,1999,USA,Surfing,M,25.0,0,1990,20
63890,1999,MAURITIUS,Spearfishing,M,47.0,0,1990,20
63891,1999,SOUTH AFRICA,Paddle Skiing,M,24.0,0,1990,20
63892,1999,NEW ZEALAND,Inflatable boat,Unknown,24.0,0,1990,20
63893,1999,AUSTRALIA,Fishing,F,37.0,0,1990,20
63894,1999,REUNION,Spearfishing,Unknown,24.0,1,1990,20
63895,1999,SOUTH AFRICA,Spearfishing,M,30.0,0,1990,20
63896,1999,USA,Body surfing,M,24.0,0,1990,20
63897,1998,USA,Surfing,M,19.0,0,1990,20
63898,1998,AUSTRALIA,Standing,F,21.0,0,1990,20
63899,1998,SOUTH AFRICA,Surfing,M,18.0,0,1990,20
63900,1998,SOUTH AFRICA,Splashing,M,14.0,0,1990,20
63901,1998,AUSTRALIA,Surfing,F,21.0,0,1990,20
63902,1998,USA,Swimming,M,9.0,1,1990,20
63903,1998,USA,Surfing,M,14.0,0,1990,20
63904,1998,USA,Walking,M,13.0,0,1990,20
63905,1998,USA,Surfing,M,32.0,0,1990,20
63906,1998,JAPAN,Fishing for tuna,M,52.0,0,1990,20
63907,1998,BRAZIL,Surfing,M,22.0,1,1990,20
63908,1998,USA,Swimming,F,17.0,0,1990,20
63909,1998,SOUTH AFRICA,Surfing,M,30.0,0,1990,20
63910,1998,USA,Surfing,M,24.0,0,1990,20
63911,1998,BRAZIL,Surfing,M,17.0,0,1990,20
63912,1998,REUNION,Diving,Unknown,24.0,0,1990,20
63913,1998,USA,Unknown,M,28.0,0,1990,20
63914,1998,USA,Surfing,M,6.0,0,1990,20
63915,1998,USA,Surfing,M,18.0,0,1990,20
63916,1998,SOUTH AFRICA,Fishing / washing bait off hands,M,24.0,0,1990,20
63917,1998,USA,Surfing,M,28.0,0,1990,20
63918,1998,SENEGAL,Spearfishing,M,25.0,0,1990,20
63919,1998,USA,Surfing,M,26.0,0,1990,20
63920,1998,ITALY,Fishing,Unknown,24.0,0,1990,20
63921,1998,USA,Boogie boarding,M,16.0,0,1990,20
63922,1998,USA,Spearfishing,M,24.0,0,1990,20
63923,1998,BAHAMAS,Spearfishing,M,28.0,0,1990,20
63924,1998,USA,Body-boarding,M,11.0,0,1990,20
63925,1998,SOUTH AFRICA,Moving a shark in a net,M,24.0,0,1990,20
63926,1998,SOUTH AFRICA,Surfing (or body boarding),M,19.0,0,1990,20
63927,1998,SOUTH AFRICA,Spearfishing,M,24.0,0,1990,20
63928,1998,BRAZIL,Surfing,M,24.0,0,1990,20
63929,1998,USA,Surfing,M,13.0,0,1990,20
63930,1998,SOUTH AFRICA,Wading,M,47.0,0,1990,20
63931,1998,SOUTH AFRICA,Surfing,M,16.0,0,1990,20
63932,1998,SOUTH AFRICA,Surfing,M,10.0,0,1990,20
63933,1998,AUSTRALIA,Free diving for abalone,M,26.0,1,1990,20
63934,1998,SOUTH AFRICA,Body Boarding,M,20.0,1,1990,20
63935,1998,USA,Surfing,M,18.0,0,1990,20
63936,1998,SOUTH AFRICA,Surfing,M,24.0,0,1990,20
63937,1998,SOUTH AFRICA,Surfing,M,17.0,0,1990,20
63938,1998,SOUTH AFRICA,Body boarding,M,15.0,0,1990,20
63939,1998,SOUTH AFRICA,Body boarding,M,16.0,0,1990,20
63940,1998,USA,Surfing,M,40.0,0,1990,20
63941,1998,USA,Swimming,F,14.0,0,1990,20
63942,1998,USA,Swimming / surfing,M,24.0,0,1990,20
63943,1998,SOUTH AFRICA,Body boarding,M,22.0,0,1990,20
63944,1998,MOZAMBIQUE,Towing rubber dinghy,F,35.0,1,1990,20
63945,1998,USA,Surfing (lying prone on his board),M,50.0,0,1990,20
63946,1998,USA,Scuba diving,M,16.0,0,1990,20
63947,1998,BRAZIL,Swimming,M,24.0,1,1990,20
63948,1998,NEW CALEDONIA,Unknown,Unknown,24.0,0,1990,20
63949,1998,USA,Swimming,M,40.0,0,1990,20
63950,1998,SOUTH AFRICA,Snorkeling  hunting crayfish and abalone,M,33.0,0,1990,20
63951,1998,USA,Swimming or paddle boarding,M,32.0,0,1990,20
63952,1998,USA,Swimming,M,24.0,0,1990,20
63953,1998,AUSTRALIA,Spearfishing,M,31.0,0,1990,20
63954,1998,NEW CALEDONIA,Windsurfing,M,24.0,0,1990,20
63955,1998,REUNION,Bathing,M,24.0,1,1990,20
63956,1998,SOUTH AFRICA,Surfing,M,21.0,0,1990,20
63957,1998,AUSTRALIA,Surfing,M,24.0,0,1990,20
63958,1998,MOZAMBIQUE,Surfing,M,23.0,0,1990,20
63959,1998,SOUTH AFRICA,Surfing,M,28.0,1,1990,20
63960,1998,REUNION,Diving,Unknown,24.0,1,1990,20
63961,1998,USA,Spearfishing on scuba & transferring fish onto a stringer,M,24.0,0,1990,20
63962,1997,SOUTH AFRICA,Spearfishing,M,39.0,1,1990,20
63963,1997,SOUTH AFRICA,Sitting on surfboard,M,24.0,0,1990,20
63964,1997,USA,Unknown,F,29.0,0,1990,20
63965,1997,USA,Swimming,M,8.0,0,1990,20
63966,1997,AUSTRALIA,Scuba diving (submerged riding a scooter),M,42.0,0,1990,20
63967,1997,USA,Swimming,M,32.0,0,1990,20
63968,1997,AUSTRALIA,Unknown,M,21.0,0,1990,20
63969,1997,AUSTRALIA,Surf-skiing,M,51.0,0,1990,20
63970,1997,USA,Body boarding or surfing,M,19.0,0,1990,20
63971,1997,USA,Surfing,M,23.0,0,1990,20
63972,1997,USA,Surfing,M,12.0,0,1990,20
63973,1997,SOUTH AFRICA,Fishingat,Unknown,24.0,0,1990,20
63974,1997,USA,Swimming,F,14.0,0,1990,20
63975,1997,BRAZIL,Swimming,M,20.0,1,1990,20
63976,1997,USA,Surfing,M,12.0,0,1990,20
63977,1997,USA,Surfing,Unknown,17.0,0,1990,20
63978,1997,USA,Surfing,M,20.0,0,1990,20
63979,1997,USA,Surfing,M,18.0,0,1990,20
63980,1997,USA,Walking / surfing,M,22.0,0,1990,20
63981,1997,USA,Surfing (sitting on his board),M,29.0,0,1990,20
63982,1997,MEXICO,SCUBA diving,M,28.0,0,1990,20
63983,1997,MEXICO,SCUBA diving,M,33.0,1,1990,20
63984,1997,USA,Floating on raft,F,12.0,0,1990,20
63985,1997,EGYPT,Fishing,M,17.0,0,1990,20
63986,1997,EGYPT,Fishing,M,16.0,1,1990,20
63987,1997,USA,Boogie boarding,M,17.0,0,1990,20
63988,1997,USA,Surfing,M,24.0,0,1990,20
63989,1997,USA,Wading,F,10.0,0,1990,20
63990,1997,USA,Wade-fishing,M,24.0,0,1990,20
63991,1997,USA,Body surfing,M,17.0,0,1990,20
63992,1997,USA,Wading / Surfing,M,19.0,0,1990,20
63993,1997,AUSTRALIA,Surfing,M,19.0,0,1990,20
63994,1997,SOUTH AFRICA,Surfing,M,25.0,1,1990,20
63995,1997,BRAZIL,Surfing,M,24.0,0,1990,20
63996,1997,USA,Standing,M,50.0,0,1990,20
63997,1997,OKINAWA,Fishing for octopus,M,55.0,1,1990,20
63998,1997,BRAZIL,Surfing,Unknown,24.0,0,1990,20
63999,1997,USA,Spearfishing / night diving,M,24.0,0,1990,20
64000,1997,FIJI,Snorkeling,F,47.0,0,1990,20
64001,1997,USA,Surfing,M,18.0,0,1990,20
64002,1997,BRAZIL,Bathing,M,24.0,0,1990,20
64003,1997,USA,"Body surfing, stood up on sandbar",M,33.0,0,1990,20
64004,1997,USA,Spearfishing,M,35.0,0,1990,20
64005,1997,USA,Surfing,M,34.0,0,1990,20
64006,1997,USA,Surfing,M,12.0,0,1990,20
64007,1997,BAHAMAS,Spearfishing,M,54.0,0,1990,20
64008,1997,BAHAMAS,Spearfishing,M,24.0,0,1990,20
64009,1997,BRAZIL,Windsurfing,M,22.0,0,1990,20
64010,1997,AUSTRALIA,Swimming,F,21.0,0,1990,20
64011,1997,AUSTRALIA,Scuba diving,M,30.0,0,1990,20
64012,1997,USA,Unknown,M,24.0,0,1990,20
64013,1997,REUNION,Unknown,M,24.0,0,1990,20
64014,1997,AUSTRALIA,Rowing,F,49.0,0,1990,20
64015,1997,AUSTRALIA,Snorkeling,M,27.0,0,1990,20
64016,1997,AUSTRALIA,Windsurfing,M,41.0,1,1990,20
64017,1997,REUNION,Spearfishing,M,24.0,1,1990,20
64018,1997,AUSTRALIA,Watching seals,Unknown,24.0,0,1990,20
64019,1996,AUSTRALIA,Surfing,M,18.0,0,1990,20
64020,1996,SOUTH AFRICA,Surfing,M,24.0,0,1990,20
64021,1996,NEW CALEDONIA,Spearfishing,M,24.0,1,1990,20
64022,1996,NEW CALEDONIA,Attempting to attract dolphins,F,24.0,0,1990,20
64023,1996,USA,Surfing,M,45.0,0,1990,20
64024,1996,USA,Surfing,M,26.0,0,1990,20
64025,1996,BRAZIL,Surfing,Unknown,24.0,0,1990,20
64026,1996,BRAZIL,Surfing,M,24.0,0,1990,20
64027,1996,OKINAWA,Swimming or snorkeling,M,24.0,1,1990,20
64028,1996,USA,Surfing,M,22.0,0,1990,20
64029,1996,USA,Surfing,M,21.0,0,1990,20
64030,1996,USA,Surfing,M,31.0,0,1990,20
64031,1996,BRAZIL,Unknown,Unknown,24.0,0,1990,20
64032,1996,USA,Swimming,M,14.0,0,1990,20
64033,1996,NEW ZEALAND,Diving for abalone,M,23.0,0,1990,20
64034,1996,USA,Surfing / Swimming,M,19.0,0,1990,20
64035,1996,USA,Standing,M,5.0,0,1990,20
64036,1996,USA,Sitting on surfboard,M,28.0,0,1990,20
64037,1996,USA,Boogie boarding,F,28.0,0,1990,20
64038,1996,SOUTH AFRICA,Spearfishing,M,29.0,0,1990,20
64039,1996,USA,Body Boarding,M,19.0,0,1990,20
64040,1996,USA,Free diving for abalone,M,36.0,0,1990,20
64041,1996,USA,Wade fishing,M,21.0,0,1990,20
64042,1996,USA,Standing,F,8.0,0,1990,20
64043,1996,OKINAWA,Swimming,M,52.0,1,1990,20
64044,1996,EGYPT / ISRAEL,Free diving with a pod of dolphins,M,24.0,0,1990,20
64045,1996,USA,Swimming,M,46.0,0,1990,20
64046,1996,USA,Swimming,M,9.0,0,1990,20
64047,1996,USA,Unknown,Unknown,24.0,0,1990,20
64048,1996,USA,Unknown,M,18.0,0,1990,20
64049,1996,USA,Standing,F,63.0,0,1990,20
64050,1996,BAHAMAS,Diving,M,24.0,0,1990,20
64051,1996,USA,Body surfing,F,24.0,0,1990,20
64052,1996,AUSTRALIA,Surfing,M,24.0,0,1990,20
64053,1996,SOUTH AFRICA,Surfing,M,24.0,0,1990,20
64054,1996,SOUTH AFRICA,Surfing,M,17.0,0,1990,20
64055,1996,AUSTRALIA,Tech diving,M,45.0,1,1990,20
64056,1996,USA,Surfing,M,22.0,0,1990,20
64057,1996,SOUTH KOREA,Shell Diving,M,33.0,1,1990,20
64058,1996,USA,Surfing,M,27.0,0,1990,20
64059,1996,USA,Unknown,M,24.0,0,1990,20
64060,1996,AUSTRALIA,Swimming,M,11.0,0,1990,20
64061,1996,AUSTRALIA,Swimming,F,16.0,0,1990,20
64062,1996,BRAZIL,Swimming,M,24.0,1,1990,20
64063,1996,AUSTRALIA,Swimming breast stoke,F,47.0,0,1990,20
64064,1996,AUSTRALIA,Fishing in knee-deep water,M,7.0,0,1990,20
64065,1996,AUSTRALIA,Dived naked into the water on a bet,M,24.0,0,1990,20
64066,1996,USA,Swimming in fish tank,F,32.0,0,1990,20
64067,1996,PAPUA NEW GUINEA,Unknown,M,24.0,1,1990,20
64068,1996,PAPUA NEW GUINEA,Unknown,Unknown,24.0,0,1990,20
64069,1996,PAPUA NEW GUINEA,Diving,Unknown,14.0,1,1990,20
64070,1996,DOMINICAN REPUBLIC,Boeing 757 enroute from Porta Plata plunged into the sea,Unknown,24.0,1,1990,20
64071,1996,AUSTRALIA,Swimming,M,7.0,0,1990,20
64072,1996,USA,Wading,M,33.0,0,1990,20
64073,1996,AUSTRALIA,Swimming,F,13.0,0,1990,20
64074,1996,USA,Swimming with mask & snorkel,M,53.0,0,1990,20
64075,1996,AUSTRALIA,Unknown,Unknown,24.0,0,1990,20
64076,1996,AUSTRALIA,Chumming for sharks,Unknown,24.0,0,1990,20
64077,1996,REUNION,Surfing,M,25.0,1,1990,20
64078,1996,FIJI,Unknown,M,24.0,1,1990,20
64079,1996,USA,Surfing,M,24.0,0,1990,20
64080,1995,USA,Unknown,M,24.0,0,1990,20
64081,1995,NEW ZEALAND,"Diving, gathering shellfish",M,22.0,0,1990,20
64082,1995,USA,Unknown,M,24.0,0,1990,20
64083,1995,NORTHERN ARABIAN SEA,Fell off aircraft carrier,M,24.0,0,1990,20
64084,1995,AUSTRALIA,Unknown,M,24.0,0,1990,20
64085,1995,USA,Boogie boarding,M,13.0,0,1990,20
64086,1995,USA,Surfing,M,17.0,0,1990,20
64087,1995,AUSTRALIA,Playing / standing,F,15.0,0,1990,20
64088,1995,USA,Surfing,M,39.0,0,1990,20
64089,1995,USA,Surfing,M,14.0,0,1990,20
64090,1995,USA,Surfing,M,17.0,0,1990,20
64091,1995,USA,Windsurfing,M,25.0,0,1990,20
64092,1995,USA,Surfing,M,19.0,0,1990,20
64093,1995,USA,Swimming,F,19.0,0,1990,20
64094,1995,REUNION,Body-boarding,M,24.0,1,1990,20
64095,1995,USA,Scuba diving,M,25.0,1,1990,20
64096,1995,AUSTRALIA,Abalone diving using Hookah (near calving whales),M,29.0,1,1990,20
64097,1995,USA,Abalone diving using Hookah (resting on the surface),M,32.0,0,1990,20
64098,1995,USA,Swimming,M,9.0,0,1990,20
64099,1995,USA,Surfing,M,19.0,0,1990,20
64100,1995,USA,On a float,M,44.0,0,1990,20
64101,1995,BRAZIL,Surfing,M,24.0,0,1990,20
64102,1995,USA,Surfing,M,16.0,0,1990,20
64103,1995,USA,Surfing,M,18.0,0,1990,20
64104,1995,USA,Swimming,M,16.0,0,1990,20
64105,1995,USA,Swimming,M,23.0,0,1990,20
64106,1995,USA,Surfing,M,19.0,0,1990,20
64107,1995,USA,Diving,Unknown,24.0,0,1990,20
64108,1995,TONGA,Fishing,M,18.0,0,1990,20
64109,1995,USA,Wading,M,20.0,0,1990,20
64110,1995,USA,Swimming,M,15.0,0,1990,20
64111,1995,USA,Surfing,M,20.0,0,1990,20
64112,1995,USA,"""Riding waves on a board""",F,14.0,0,1990,20
64113,1995,USA,Body boarding,M,12.0,0,1990,20
64114,1995,TONGA,Fishing,M,24.0,0,1990,20
64115,1995,USA,Diving,M,24.0,0,1990,20
64116,1995,USA,Surfing,M,24.0,0,1990,20
64117,1995,USA,Surfing,M,24.0,0,1990,20
64118,1995,USA,Surfing,M,18.0,0,1990,20
64119,1995,USA,Standing,M,18.0,0,1990,20
64120,1995,USA,Unknown,M,12.0,0,1990,20
64121,1995,USA,Swimming,F,7.0,0,1990,20
64122,1995,USA,Body boarding,M,47.0,0,1990,20
64123,1995,BRAZIL,Surfing,M,18.0,1,1990,20
64124,1984,SOUTH AFRICA,Surfing,M,14.0,0,1980,20
64125,1995,USA,Surfing,M,34.0,0,1990,20
64126,1995,USA,Fishing,F,32.0,0,1990,20
64127,1995,USA,Jumped off surfboard & landed on the shark,M,24.0,0,1990,20
64128,1995,USA,Scuba diving (ascending using scooter),M,31.0,0,1990,20
64129,1995,USA,Kayaking,F,24.0,0,1990,20
64130,1995,USA,Playing / jumping,M,13.0,0,1990,20
64131,1995,USA,Surfing,M,24.0,0,1990,20
64132,1995,USA,Swimming,M,45.0,0,1990,20
64133,1995,USA,Swimming,F,10.0,0,1990,20
64134,1995,USA,Swimming,M,38.0,0,1990,20
64135,1995,HONG KONG,Swimming,F,45.0,1,1990,20
64136,1995,HONG KONG,Swimming,M,29.0,1,1990,20
64137,1995,HONG KONG,Diving,Unknown,44.0,1,1990,20
64138,1995,USA,Surfing,M,15.0,0,1990,20
64139,1995,FIJI,Sleeping in anchored boat,M,69.0,1,1990,20
64140,1995,AUSTRALIA,Unknown,Unknown,24.0,0,1990,20
64141,1995,SOUTH KOREA,Diving for abalone,F,44.0,1,1990,20
64142,1995,USA,Unknown,M,12.0,0,1990,20
64143,1995,USA,Unknown,M,20.0,0,1990,20
64144,1995,AUSTRALIA,Diving,M,24.0,0,1990,20
64145,1995,JAPAN,Scuba diving for bivalves,M,47.0,1,1990,20
64146,1995,AUSTRALIA,Surf skiing,F,24.0,0,1990,20
64147,1995,AUSTRALIA,Surfing,M,35.0,0,1990,20
64148,1995,BRAZIL,Swimming,Unknown,24.0,1,1990,20
64149,1995,SOUTH AFRICA,Swimming,M,22.0,0,1990,20
64150,1995,VENEZUELA,Wind surfing,M,24.0,0,1990,20
64151,1995,SOUTH AFRICA,Swimming,M,14.0,1,1990,20
64152,1995,BRAZIL,Surfing,M,17.0,0,1990,20
64153,1995,SOUTH AFRICA,Diving,M,33.0,0,1990,20
64154,1995,AUSTRALIA,Snorkeling,M,24.0,0,1990,20
64155,1995,USA,Scuba diving,M,24.0,0,1990,20
64156,1995,USA,Unknown,M,24.0,0,1990,20
64157,1994,SOUTH AFRICA,Body boarding,M,26.0,0,1990,20
64158,1994,USA,"Surfing, sitting on board",Unknown,24.0,0,1990,20
64159,1994,BRAZIL,Surfing,M,24.0,0,1990,20
64160,1994,BRAZIL,Surfing,M,24.0,0,1990,20
64161,1994,VANUATU,Unknown,Unknown,24.0,0,1990,20
64162,1994,AUSTRALIA,Murder victim,M,44.0,0,1990,20
64163,1994,USA,Commercial diver (submerged or treading water),M,42.0,1,1990,20
64164,1994,BRAZIL,Surfing,M,24.0,1,1990,20
64165,1994,SOUTH AFRICA,Spearfishing,M,24.0,0,1990,20
64166,1994,USA,"Surfing, paddling seawards",F,34.0,0,1990,20
64167,1994,USA,Surfing,Unknown,24.0,0,1990,20
64168,1994,BRAZIL,Surfing,Unknown,24.0,0,1990,20
64169,1994,BRAZIL,Surfing,M,24.0,0,1990,20
64170,1994,USA,Wading,F,9.0,0,1990,20
64171,1994,USA,Surfing,M,16.0,0,1990,20
64172,1994,USA,Swimming,F,30.0,0,1990,20
64173,1994,USA,Surfing,M,43.0,0,1990,20
64174,1994,USA,Adrift on refugee raft,M,7.0,1,1990,20
64175,1994,USA,Jumped off rocks into white water,F,12.0,0,1990,20
64176,1994,JAPAN,Unknown,Unknown,24.0,0,1990,20
64177,1994,BRAZIL,Surfing,M,15.0,0,1990,20
64178,1994,BRAZIL,Swimming,M,24.0,1,1990,20
64179,1994,REUNION,Windsurfing,M,24.0,1,1990,20
64180,1994,SOUTH AFRICA,Surfing,M,22.0,1,1990,20
64181,1994,SOUTH AFRICA,Surfing,M,31.0,0,1990,20
64182,1994,BRAZIL,Surfing,M,24.0,0,1990,20
64183,1994,USA,Surfing,M,15.0,0,1990,20
64184,1994,BAHAMAS,Spearfishing,M,30.0,0,1990,20
64185,1994,USA,Surfing,M,24.0,0,1990,20
64186,1994,USA,Surfing,M,28.0,0,1990,20
64187,1994,USA,Spearfishing,M,35.0,0,1990,20
64188,1994,USA,Wading,F,36.0,0,1990,20
64189,1994,USA,Wading,M,26.0,0,1990,20
64190,1994,USA,Surfing,M,22.0,0,1990,20
64191,1994,USA,Unknown,F,25.0,0,1990,20
64192,1994,REUNION,Unknown,Unknown,24.0,1,1990,20
64193,1994,BAHAMAS,Wading,M,20.0,0,1990,20
64194,1994,USA,Freediving for seashells,M,71.0,0,1990,20
64195,1994,SOUTH AFRICA,Spearfishing,M,24.0,1,1990,20
64196,1994,CHILE,Swimming alongside NOAA research vessel Discoverer,F,19.0,0,1990,20
64197,1994,CHILE,Swimming alongside NOAA research vessel Discoverer,M,24.0,0,1990,20
64198,1994,USA,Removing shark from tank in nightclub,M,33.0,0,1990,20
64199,1994,BRAZIL,Surfing,M,25.0,0,1990,20
64200,1994,SOUTH AFRICA,Spearfishing,M,24.0,0,1990,20
64201,1994,USA,Surfing,M,23.0,0,1990,20
64202,1994,USA,Fishing,M,24.0,0,1990,20
64203,1994,SOUTH AFRICA,Surfing,M,15.0,0,1990,20
64204,1994,NEW CALEDONIA,Fishing,Unknown,24.0,1,1990,20
64205,1994,BRAZIL,Swimming,M,24.0,0,1990,20
64206,1994,USA,Surfing,M,24.0,1,1990,20
64207,1994,SOUTH AFRICA,Windsurfing,M,44.0,0,1990,20
64208,1994,AUSTRALIA,Fishing,Unknown,24.0,0,1990,20
64209,1994,AUSTRALIA,"Swimming, after falling off towed kneeboard",M,23.0,0,1990,20
64210,1994,SOUTH AFRICA,Swimming,M,33.0,0,1990,20
64211,1994,HONG KONG,Playing volleyball with friends,F,24.0,0,1990,20
64212,1994,USA,Surfing,M,24.0,0,1990,20
64213,1993,USA,Surfing,M,24.0,1,1990,20
64214,1993,USA,Swimming,M,30.0,0,1990,20
64215,1993,AUSTRALIA,Hookah diving,M,27.0,1,1990,20
64216,1993,USA,"Surfing, paddling shorewards",M,24.0,0,1990,20
64217,1993,SOMALIA,Stamding,M,24.0,1,1990,20
64218,1993,USA,Surfing,M,26.0,0,1990,20
64219,1993,USA,Swimming,F,26.0,0,1990,20
64220,1993,USA,Kayaking,F,34.0,0,1990,20
64221,1993,USA,Surfing,Unknown,24.0,0,1990,20
64222,1993,SOMALIA,Swimming,M,21.0,1,1990,20
64223,1993,SOUTH AFRICA,Spearfishing,M,36.0,0,1990,20
64224,1993,EL SALVADOR,Surfing,Unknown,15.0,0,1990,20
64225,1993,EL SALVADOR,Surfing,M,17.0,1,1990,20
64226,1993,USA,Wading,M,19.0,0,1990,20
64227,1993,USA,Unknown,M,16.0,0,1990,20
64228,1993,SPAIN,Swimming,M,69.0,0,1990,20
64229,1993,BAHAMAS,Spearfishing,M,51.0,0,1990,20
64230,1993,USA,Surfing,Unknown,13.0,0,1990,20
64231,1993,USA,"Surfing, paddling seawards",M,24.0,0,1990,20
64232,1993,USA,Watching the shark feeding on a dead pinniped,Unknown,24.0,0,1990,20
64233,1993,USA,Riding floatation device,F,19.0,0,1990,20
64234,1993,AUSTRALIA,Fishing,Unknown,24.0,0,1990,20
64235,1993,USA,Free diving for abalone (ascending),M,39.0,0,1990,20
64236,1993,NEW CALEDONIA,Fishing for lobsters,M,24.0,1,1990,20
64237,1993,EL SALVADOR,Oyster fishing,Unknown,24.0,1,1990,20
64238,1993,SOUTH AFRICA,Surfing,M,28.0,0,1990,20
64239,1993,USA,Playing,F,12.0,0,1990,20
64240,1993,BRAZIL,Swimming,M,24.0,1,1990,20
64241,1993,REUNION,Body boarding,M,16.0,0,1990,20
64242,1993,HONG KONG,Swimming,M,61.0,1,1990,20
64243,1993,MEXICO,Scuba diving,F,42.0,1,1990,20
64244,1993,USA,Paddling on surfboard or body board,M,22.0,0,1990,20
64245,1993,AUSTRALIA,Scuba diving,M,31.0,1,1990,20
64246,1993,AUSTRALIA,Scuba diving at seal colony,F,34.0,1,1990,20
64247,1993,HONG KONG,Swimming,M,42.0,1,1990,20
64248,1993,USA,Swimming,F,60.0,0,1990,20
64249,1993,HONG KONG,Unknown,F,24.0,1,1990,20
64250,1993,SOMALIA,Swimming,F,24.0,1,1990,20
64251,1993,AUSTRALIA,Spearfishing,M,32.0,0,1990,20
64252,1993,BRAZIL,Surfing,M,24.0,0,1990,20
64253,1993,USA,Floating on his back,M,25.0,0,1990,20
64254,1993,JAPAN,Unknown,Unknown,24.0,0,1990,20
64255,1993,USA,Paddling on surfboard,M,35.0,0,1990,20
64256,1993,USA,Free diving & spearfishing (ascending),M,55.0,0,1990,20
64257,1993,NEW CALEDONIA,Swimming,Unknown,24.0,0,1990,20
64258,1993,TONGA,Sea disaster,M,24.0,0,1990,20
64259,1993,TONGA,Sea disaster,M,24.0,0,1990,20
64260,1993,AUSTRALIA,Fishing,M,69.0,0,1990,20
64261,1993,BRAZIL,Body boarding,M,15.0,0,1990,20
64262,1993,AUSTRALIA,Spearfishing,M,21.0,0,1990,20
64263,1993,CARIBBEAN SEA,Unknown,M,32.0,0,1990,20
64264,1993,USA,Surfing,M,29.0,0,1990,20
64265,1993,ANGOLA,Surfing,M,24.0,0,1990,20
64266,1993,SOMALIA,Unknown,Unknown,24.0,1,1990,20
64267,1993,TONGA,Spearfishing,Unknown,30.0,0,1990,20
64268,1993,USA,Snorkeling,Unknown,24.0,0,1990,20
64269,1992,USA,"Standing in waist-deep water, helping his father tend a gill net containing dead fish",M,10.0,0,1990,20
64270,1992,USA,Lying on surfboard,M,30.0,0,1990,20
64271,1992,USA,Spearfishing / free diving,M,31.0,0,1990,20
64272,1992,USA,Surfing,M,19.0,0,1990,20
64273,1992,USA,Surfing,M,24.0,0,1990,20
64274,1992,USA,Kayaking,M,46.0,0,1990,20
64275,1992,FIJI,Scuba diving,M,30.0,0,1990,20
64276,1992,USA,Scuba diving (submerged),M,40.0,0,1990,20
64277,1992,USA,Surfing,M,17.0,0,1990,20
64278,1992,USA,Body boarding,M,18.0,1,1990,20
64279,1992,USA,Hookah diving for sea urchins,M,40.0,0,1990,20
64280,1992,USA,Surfing,M,28.0,0,1990,20
64281,1992,AUSTRALIA,Scuba diving,M,24.0,0,1990,20
64282,1992,BRAZIL,Boogie boarding,Unknown,24.0,0,1990,20
64283,1992,AUSTRALIA,Surfing,M,28.0,1,1990,20
64284,1992,BRAZIL,Body boarding,M,24.0,0,1990,20
64285,1992,USA,Surfing,M,20.0,0,1990,20
64286,1992,USA,Standing,F,18.0,0,1990,20
64287,1992,BRAZIL,Swimming,M,24.0,1,1990,20
64288,1992,USA,Surf fishing,M,24.0,0,1990,20
64289,1992,BAHAMAS,"Snorkeling, carrying a speared fish in her hand",F,34.0,0,1990,20
64290,1992,AUSTRALIA,Surfing,M,17.0,0,1990,20
64291,1992,USA,Fell from cliff while fishing & disappeared in strong current,M,24.0,0,1990,20
64292,1992,USA,Surfing,M,22.0,0,1990,20
64293,1992,USA,Snorkeling,M,26.0,0,1990,20
64294,1992,USA,Fisherman,M,24.0,0,1990,20
64295,1992,USA,"Zosimo & his son, Jeffrey Popa, failed to return from overnight fishing trip in a 14' boat, Boat apparently sank, debris recovered but his son & boat were never found",M,24.0,0,1990,20
64296,1992,USA,Standing,F,42.0,0,1990,20
64297,1992,BRAZIL,Surfing,M,24.0,0,1990,20
64298,1992,BRAZIL,Surfing,M,24.0,0,1990,20
64299,1992,BRAZIL,Swimming,M,24.0,1,1990,20
64300,1992,REUNION,Surfing,M,16.0,1,1990,20
64301,1992,VANUATU,Swimming,F,21.0,0,1990,20
64302,1992,JAPAN,Preparing to fish for jack-mackerel,Unknown,24.0,0,1990,20
64303,1992,REUNION,Diving,Unknown,24.0,0,1990,20
64304,1992,USA,Scuba diving,M,45.0,0,1990,20
64305,1992,REUNION,Surfing,M,24.0,1,1990,20
64306,1992,MEXICO,Scuba diving & filming,M,24.0,0,1990,20
64307,1992,NEW ZEALAND,Snorkeling,M,24.0,0,1990,20
64308,1992,SOUTH AFRICA,Surfing,M,35.0,0,1990,20
64309,1992,USA,"Surfing, paddling seawards",F,36.0,0,1990,20
64310,1992,AUSTRALIA,Surfing,M,17.0,0,1990,20
64311,1992,JAPAN,Hookah diving for pen shells,M,41.0,1,1990,20
64312,1992,JAPAN,"Fishing for yellowtail, Seriola quinqueradiata",Unknown,24.0,0,1990,20
64313,1992,USA,Surfing (sitting on his board),M,21.0,0,1990,20
64314,1992,USA,Body boarding,M,24.0,1,1990,20
64315,1992,JAPAN,Diving for pen shells,M,24.0,0,1990,20
64316,1992,AUSTRALIA,Surfing,M,19.0,0,1990,20
64317,1992,REUNION,Spearfishing,M,24.0,0,1990,20
64318,1992,AUSTRALIA,Boogie boarding,M,19.0,0,1990,20
64319,1992,SOUTH AFRICA,Swimming,M,19.0,0,1990,20
64320,1992,SOUTH AFRICA,Spearfishing,M,36.0,0,1990,20
64321,1992,MAURITIUS,Fishing,M,24.0,0,1990,20
64322,1992,JAPAN,Unknown,M,24.0,0,1990,20
64323,1992,JAPAN,Unknown,Unknown,24.0,0,1990,20
64324,1992,FIJI,Unknown,M,33.0,1,1990,20
64325,1991,USA,Hookah diving for sea urchins,M,25.0,0,1990,20
64326,1991,USA,Snorkeling,F,41.0,1,1990,20
64327,1991,USA,Snorkeling,F,24.0,0,1990,20
64328,1991,USA,"Fishing from rocks, swept out to sea by large wave & treading water",M,24.0,1,1990,20
64329,1991,USA,Fishing,M,24.0,0,1990,20
64330,1991,AUSTRALIA,Boogie boarding,M,14.0,0,1990,20
64331,1991,USA,Surfing,M,21.0,0,1990,20
64332,1991,USA,Surfing,M,32.0,0,1990,20
64333,1991,BAHAMAS,Spearfishing,M,32.0,0,1990,20
64334,1991,AUSTRALIA,Scuba diving,M,19.0,1,1990,20
64335,1991,AUSTRALIA,Finning the shark that bit him,M,36.0,0,1990,20
64336,1991,USA,Swimming,M,23.0,0,1990,20
64337,1991,USA,Wading,F,10.0,0,1990,20
64338,1991,USA,Fishing,M,24.0,0,1990,20
64339,1991,ITALY,Canoeing,F,40.0,0,1990,20
64340,1991,USA,Snorkeling,M,39.0,0,1990,20
64341,1991,USA,Swimming from makeshift raft  to life vest after fishing boat sank,M,42.0,0,1990,20
64342,1991,USA,Swimming,M,22.0,0,1990,20
64343,1991,REUNION,Surfing,M,30.0,0,1990,20
64344,1991,USA,Surfing,M,32.0,0,1990,20
64345,1991,USA,Boogie boarding,M,13.0,0,1990,20
64346,1991,HONG KONG,Unknown,M,22.0,1,1990,20
64347,1991,HONG KONG,Fishing,M,24.0,1,1990,20
64348,1991,USA,Surfing,M,18.0,0,1990,20
64349,1991,USA,Swimming behind sailboat,M,31.0,0,1990,20
64350,1991,HONG KONG,Swimming,F,65.0,1,1990,20
64351,1991,USA,Sitting on surfboard,M,23.0,0,1990,20
64352,1991,SOUTH AFRICA,Scuba diving,M,24.0,0,1990,20
64353,1991,BRAZIL,Fishing,Unknown,24.0,0,1990,20
64354,1991,USA,Diving,Unknown,24.0,0,1990,20
64355,1991,USA,"Surfing, collided with shark",M,22.0,0,1990,20
64356,1991,USA,Sitting on surfboard,M,24.0,0,1990,20
64357,1991,AUSTRALIA,Scuba diving,M,18.0,0,1990,20
64358,1991,USA,Surfing,M,38.0,0,1990,20
64359,1991,SOUTH AFRICA,Spearfishing,M,20.0,0,1990,20
64360,1991,AUSTRALIA,Swimming,M,35.0,0,1990,20
64361,1991,AUSTRALIA,Surf-skiing,M,24.0,0,1990,20
64362,1991,AUSTRALIA,Surfing (or sailboarding),M,22.0,0,1990,20
64363,1990,SOUTH AFRICA,Unknown,M,24.0,0,1990,20
64364,1990,AUSTRALIA,Swimming,M,26.0,0,1990,20
64365,1990,USA,Scuba diving (but on surface),F,24.0,0,1990,20
64366,1990,USA,Surfing,M,24.0,0,1990,20
64367,1990,USA,Surfing,M,50.0,0,1990,20
64368,1990,USA,Surfing,M,18.0,0,1990,20
64369,1990,AUSTRALIA,Swimming,M,26.0,0,1990,20
64370,1990,AUSTRALIA,Surfing,M,24.0,0,1990,20
64371,1990,USA,Surfing,M,25.0,0,1990,20
64372,1990,USA,Surfing,M,43.0,0,1990,20
64373,1990,USA,Surfing,M,19.0,0,1990,20
64374,1990,SOUTH AFRICA,Spearfishing,M,26.0,0,1990,20
64375,1990,USA,"Free diving / spearfishing, from paddleboard & floating on the surface",M,49.0,0,1990,20
64376,1990,USA,Kayaking,M,44.0,0,1990,20
64377,1990,USA,SCUBA diving,M,30.0,0,1990,20
64378,1990,USA,Surfing,M,22.0,0,1990,20
64379,1990,USA,Surfing,M,24.0,0,1990,20
64380,1990,USA,Wade fishing,M,18.0,0,1990,20
64381,1990,USA,Wading,F,53.0,0,1990,20
64382,1990,USA,Surfing,M,17.0,0,1990,20
64383,1990,SOUTH AFRICA,Scuba diving (but on surface),F,21.0,1,1990,20
64384,1990,BAHAMAS,Spearfishing,M,38.0,0,1990,20
64385,1990,SOUTH AFRICA,Fishing,Unknown,24.0,0,1990,20
64386,1990,AUSTRALIA,Snorkeling,F,30.0,0,1990,20
64387,1990,AUSTRALIA,"Snorkeling, possibly holding a fish",M,30.0,0,1990,20
64388,1990,SOUTH AFRICA,Resting on surfboard,M,22.0,0,1990,20
64389,1990,SOUTH AFRICA,Lying on surfboard & paddling,M,23.0,0,1990,20
64390,1990,AUSTRALIA,Surfing,M,31.0,0,1990,20
64391,1990,AUSTRALIA,Free diving for trochus,M,37.0,1,1990,20
64392,1990,AUSTRALIA,Surfing,M,24.0,0,1990,20
64393,1990,AUSTRALIA,Surfing,M,29.0,0,1990,20
64394,1990,USA,Sitting on surfboard,M,24.0,0,1990,20
64395,1990,FIJI,Swimming,M,30.0,0,1990,20
64396,1990,REUNION,Surfing,M,24.0,0,1990,20
64397,1990,USA,Scuba diving & spearfishing,M,24.0,1,1990,20
64398,1990,USA,Board sailing,M,33.0,0,1990,20
64399,1990,USA,Surfing (sitting on his board),M,24.0,0,1990,20
64400,1990,USA,Surfing,M,17.0,0,1990,20
64401,1989,USA,On board 51' fishing vessel One Ki,M,24.0,0,1980,20
64402,1989,AUSTRALIA,Unknown,M,17.0,0,1980,20
64403,1989,AUSTRALIA,Swimming,M,27.0,0,1980,20
64404,1989,AUSTRALIA,Surfing,M,32.0,0,1980,20
64405,1989,SOUTH AFRICA,Free diving & spearfishing,M,29.0,1,1980,20
64406,1989,USA,"Wading, knocked down & swept away by large waves",M,24.0,0,1980,20
64407,1989,AUSTRALIA,Swimming in canal,M,10.0,0,1980,20
64408,1989,AUSTRALIA,Swimming,F,31.0,0,1980,20
64409,1989,AUSTRALIA,Surfing,M,17.0,0,1980,20
64410,1989,USA,Scuba diving,M,24.0,0,1980,20
64411,1989,USA,Surfing,M,12.0,0,1980,20
64412,1989,USA,Diving,M,49.0,0,1980,20
64413,1989,AUSTRALIA,Surfing,M,24.0,0,1980,20
64414,1989,SOUTH AFRICA,Free diving,M,29.0,0,1980,20
64415,1989,USA,"Fishing, stepped on hooked shark's head",M,51.0,0,1980,20
64416,1989,USA,Observing a shark feeding on a carcass of a humpback whale,Unknown,24.0,0,1980,20
64417,1989,USA,Hookah diving for abalone (descending),M,38.0,0,1980,20
64418,1989,USA,Surfing,M,31.0,0,1980,20
64419,1989,USA,Filming 5' blue shark,M,46.0,0,1980,20
64420,1989,AUSTRALIA,Feeding fish,M,30.0,0,1980,20
64421,1989,USA,Swimming,M,21.0,0,1980,20
64422,1989,SOUTH AFRICA,Surfing,M,21.0,0,1980,20
64423,1989,AUSTRALIA,Surfing,M,17.0,0,1980,20
64424,1989,BAHAMAS,Spearfishing,F,31.0,0,1980,20
64425,1989,AUSTRALIA,Fishing for sharks,M,41.0,0,1980,20
64426,1969,BERMUDA,Scuba diving,M,35.0,0,1960,20
64427,1989,SOUTH AFRICA,Surfing,M,34.0,0,1980,20
64428,1989,REUNION,Surfing,M,24.0,1,1980,20
64429,1989,USA,Surfing,M,16.0,0,1980,20
64430,1989,USA,Playing,F,9.0,0,1980,20
64431,1989,USA,Fell off surfboard 20' from shore,M,24.0,0,1980,20
64432,1989,USA,Spearfishing,M,45.0,0,1980,20
64433,1989,ITALY,Windsurfing (urinating on his board),M,24.0,0,1980,20
64434,1989,SOUTH AFRICA,Surfing,M,16.0,0,1980,20
64435,1989,SOUTH AFRICA,Free diving,M,28.0,0,1980,20
64436,1989,JAPAN,Unknown,M,24.0,0,1980,20
64437,1989,USA,Swimming,M,19.0,0,1980,20
64438,1989,USA,Surfing (lying prone on his board),M,24.0,0,1980,20
64439,1989,USA,Unknown,Unknown,24.0,0,1980,20
64440,1989,USA,Paddling on surfboard,M,24.0,0,1980,20
64441,1989,USA,Paddling on surfboard,M,24.0,0,1980,20
64442,1989,AUSTRALIA,Surfing,M,27.0,1,1980,20
64443,1989,AUSTRALIA,Kayaking,M,24.0,0,1980,20
64444,1989,SOUTH AFRICA,Fishing,M,24.0,0,1980,20
64445,1989,SOUTH AFRICA,Windsurfing,M,26.0,0,1980,20
64446,1989,ITALY,"Scuba diving, but swimming on surface",M,47.0,1,1980,20
64447,1989,USA,Kayaking,M,24.0,0,1980,20
64448,1989,USA,Kayaking,F,24.0,1,1980,20
64449,1989,USA,Body boarding,M,10.0,0,1980,20
64450,1989,SOUTH AFRICA,Lifesaving drill,M,19.0,0,1980,20
64451,1989,USA,Swimming in strong current with 3 others when he disappeared,M,24.0,1,1980,20
64452,1989,AUSTRALIA,Surfing with dolphins,M,17.0,0,1980,20
64453,1989,PAPUA NEW GUINEA,"Scuba diving, hand feeding sharks",F,24.0,0,1980,20
64454,1989,USA,Spearfishing using scuba & trailing a string of bleeding fish,M,24.0,0,1980,20
64455,1988,CHILE,Skindiving,M,24.0,1,1980,20
64456,1988,AUSTRALIA,"The Christie V sank on 11/6/1988, survivors were adrift on a dinghy",M,17.0,1,1980,20
64457,1988,AUSTRALIA,"The Christie V sank on 11/6/1988, survivors were adrift on a dinghy",M,62.0,1,1980,20
64458,1988,PHILIPPINES,The MV Dona Marilyn sank in Typhoon Unsang with the loss of 389 lives,Unknown,24.0,1,1980,20
64459,1988,USA,Surfing (sitting on his board),M,21.0,0,1980,20
64460,1988,AUSTRALIA,Surfing,M,38.0,0,1980,20
64461,1988,USA,Surfing,M,15.0,0,1980,20
64462,1988,USA,Surfing,M,30.0,0,1980,20
64463,1988,USA,Surfing,M,23.0,0,1980,20
64464,1988,AUSTRALIA,Surfing,M,15.0,0,1980,20
64465,1988,USA,Wading,F,23.0,0,1980,20
64466,1988,USA,Surfing,M,21.0,0,1980,20
64467,1988,USA,Walking,F,24.0,0,1980,20
64468,1988,USA,Snorkeling,M,38.0,1,1980,20
64469,1988,USA,Diving in Sharkey's Reef restaurants aquarium,M,24.0,0,1980,20
64470,1988,ITALY,Unknown,M,16.0,0,1980,20
64471,1988,JAPAN,Unknown,M,24.0,0,1980,20
64472,1988,USA,Surfing,M,27.0,0,1980,20
64473,1988,BAHAMAS,Free diving & spearfishing,M,24.0,0,1980,20
64474,1988,BAHAMAS,Spearfishing on scuba,M,28.0,0,1980,20
64475,1988,BAHAMAS,Diving,M,35.0,0,1980,20
64476,1988,USA,Swimming,F,15.0,0,1980,20
64477,1988,USA,Boogie boarding,M,37.0,0,1980,20
64478,1988,BAHAMAS,Snorkeling,M,24.0,0,1980,20
64479,1988,BAHAMAS,Spearfishing,M,24.0,0,1980,20
64480,1988,SOUTH AFRICA,Spearfishing,M,36.0,0,1980,20
64481,1988,USA,Scuba diving,M,42.0,0,1980,20
64482,1988,USA,Sittting in water with his child,M,37.0,0,1980,20
64483,1988,USA,Swimming,M,12.0,0,1980,20
64484,1988,USA,Surfing,M,25.0,0,1980,20
64485,1988,SOUTH KOREA,Shell diving,F,38.0,1,1980,20
64486,1988,USA,Surfing,M,31.0,0,1980,20
64487,1988,USA,Surfing / treading water,M,29.0,0,1980,20
64488,1988,REUNION,pêcheur de bichiques,M,24.0,1,1980,20
64489,1988,USA,Surfing,M,24.0,0,1980,20
64490,1988,USA,Swimming,M,24.0,0,1980,20
64491,1988,USA,Onboard 21' powerboat that capsized in rough seas,M,24.0,0,1980,20
64492,1988,USA,Surfing,M,14.0,0,1980,20
64493,1988,USA,Windsurfing,M,24.0,0,1980,20
64494,1988,SOUTH AFRICA,Unknown,F,24.0,0,1980,20
64495,1988,USA,Standing,F,30.0,0,1980,20
64496,1988,USA,Body surfing,M,24.0,0,1980,20
64497,1988,SOUTH AFRICA,Surfing,M,17.0,0,1980,20
64498,1988,REUNION,Surfing,M,24.0,0,1980,20
64499,1988,SOUTH AFRICA,Unknown,Unknown,24.0,0,1980,20
64500,1988,SOUTH AFRICA,Surfing,M,20.0,0,1980,20
64501,1988,SOUTH AFRICA,Lying atop surfboard,F,15.0,0,1980,20
64502,1988,AUSTRALIA,Drift fishing,Unknown,24.0,0,1980,20
64503,1988,Fiji,Diving,M,22.0,0,1980,20
64504,1988,SOUTH AFRICA,Surfing,M,22.0,0,1980,20
64505,1988,AUSTRALIA,Fell overboard  from the Taiwanese fishing trawler Lien Cheng Feu,M,24.0,0,1980,20
64506,1988,USA,Fishing,M,24.0,0,1980,20
64507,1988,SOUTH AFRICA,Attempting to lasso shark's tail,M,33.0,0,1980,20
64508,1988,SOUTH AFRICA,"Returning to shore, collided with shark",Unknown,24.0,0,1980,20
64509,1988,AUSTRALIA,Surfing,M,12.0,0,1980,20
64510,1987,PHILIPPINES,Ferry boat Dona Paz with 4431 passengers exploded & caught fire when she collided with an  oil tanker,Unknown,24.0,1,1980,20
64511,1987,USA,Surfing,M,16.0,0,1980,20
64512,1987,AUSTRALIA,Unknown,F,16.0,0,1980,20
64513,1987,USA,Surfing,M,15.0,0,1980,20
64514,1987,SOUTH AFRICA,Unknown,M,24.0,0,1980,20
64515,1987,USA,Surfing,M,20.0,0,1980,20
64516,1987,SOUTH AFRICA,Boogie boarding,M,14.0,0,1980,20
64517,1987,SOUTH AFRICA,Spearfishing,M,21.0,0,1980,20
64518,1987,DOMINICAN REPUBLIC,"Vessel caught fire & capsized, survivors in the water",Unknown,24.0,1,1980,20
64519,1987,AUSTRALIA,Scuba Diving for scallops,M,47.0,1,1980,20
64520,1987,SOUTH AFRICA,Surfing,M,24.0,0,1980,20
64521,1987,USA,Wading,M,12.0,0,1980,20
64522,1987,USA,Surfing (sitting on his board),M,40.0,0,1980,20
64523,1987,USA,Surfing,M,27.0,0,1980,20
64524,1987,USA,Body surfing,F,32.0,0,1980,20
64525,1987,USA,Wading,F,16.0,0,1980,20
64526,1987,USA,Dropping anchor,Unknown,24.0,0,1980,20
64527,1987,BAHAMAS,Snorkeling,M,35.0,0,1980,20
64528,1987,BAHAMAS,Spearfishing,M,24.0,0,1980,20
64529,1987,USA,Fishing,M,24.0,0,1980,20
64530,1987,USA,Unknown,M,12.0,0,1980,20
64531,1987,USA,Surfing,M,24.0,0,1980,20
64532,1987,AUSTRALIA,Fishing,M,34.0,0,1980,20
64533,1987,SOUTH AFRICA,Fishing,M,24.0,0,1980,20
64534,1987,USA,Swimming,F,16.0,0,1980,20
64535,1987,USA,Swimming from shore to anchored sailboat,M,24.0,1,1980,20
64536,1987,VANUATU,Swimming,M,8.0,1,1980,20
64537,1987,AUSTRALIA,Surfing,M,18.0,0,1980,20
64538,1987,SOUTH AFRICA,Unknown,Unknown,24.0,0,1980,20
64539,1987,USA,Windsurfing,M,24.0,0,1980,20
64540,1987,SOLOMON ISLANDS,The inter-island ferry Vula sank in heavy weather,Unknown,24.0,1,1980,20
64541,1987,SOUTH AFRICA,Spearfishing,M,30.0,0,1980,20
64542,1987,AUSTRALIA,Swimming,M,37.0,0,1980,20
64543,1987,MONTENEGRO,Jumped into the water from a cliff,M,24.0,0,1980,20
64544,1987,ITALY,Boat,M,24.0,0,1980,20
64545,1986,SOUTH AFRICA,Spearfishing,M,24.0,0,1980,20
64546,1986,SOUTH AFRICA,Body boarding,M,21.0,1,1980,20
64547,1986,USA,Surfing,M,40.0,0,1980,20
64548,1986,BAHAMAS,Adrift after ditching plane in the sea,M,37.0,0,1980,20
64549,1986,USA,Free diving  & spearfishing (submerged),M,27.0,0,1980,20
64550,1986,SOUTH AFRICA,Spearfishing,M,22.0,0,1980,20
64551,1986,NEW CALEDONIA,Spearfishing,Unknown,24.0,0,1980,20
64552,1986,USA,Surfing,M,17.0,0,1980,20
64553,1986,USA,Surfing,M,26.0,0,1980,20
64554,1986,USA,Surfing,M,23.0,0,1980,20
64555,1986,SOUTH AFRICA,NSB Meshing,M,24.0,0,1980,20
64556,1986,USA,Swimming,F,6.0,0,1980,20
64557,1986,SOUTH AFRICA,Racing ski,M,32.0,0,1980,20
64558,1986,AUSTRALIA,Unknown,Unknown,24.0,0,1980,20
64559,1986,USA,Surfing,M,28.0,0,1980,20
64560,1986,USA,Unknown,Unknown,24.0,0,1980,20
64561,1986,USA,Surfing,Unknown,24.0,0,1980,20
64562,1986,USA,Surfing,Unknown,18.0,0,1980,20
64563,1986,USA,Surfing,Unknown,16.0,0,1980,20
64564,1986,SOUTH AFRICA,Spearfishing,M,35.0,0,1980,20
64565,1986,AUSTRALIA,Scuba diving,F,24.0,0,1980,20
64566,1986,FRANCE,Unknown,Unknown,24.0,0,1980,20
64567,1986,AUSTRALIA,Fishing,Unknown,24.0,0,1980,20
64568,1986,USA,Unknown,M,8.0,0,1980,20
64569,1986,SOUTH AFRICA,Spearfishing,M,26.0,0,1980,20
64570,1986,AUSTRALIA,Scuba diving,M,24.0,0,1980,20
64571,1986,SOUTH KOREA,Shell diving,M,24.0,1,1980,20
64572,1986,USA,"Fishing, fell from rocks & disappeared",M,24.0,1,1980,20
64573,1986,SPAIN,Diving,M,24.0,0,1980,20
64574,1986,SPAIN,Windsurfing,M,24.0,0,1980,20
64575,1986,SOUTH AFRICA,Treading water,M,26.0,0,1980,20
64576,1986,SOUTH AFRICA,Surfing,M,23.0,0,1980,20
64577,1986,SOUTH AFRICA,Surfing,M,21.0,0,1980,20
64578,1986,SOUTH AFRICA,Surfing,M,24.0,0,1980,20
64579,1986,SOUTH AFRICA,Swimming,M,46.0,0,1980,20
64580,1986,SOUTH AFRICA,Spearfishing,M,29.0,0,1980,20
64581,1986,AUSTRALIA,Surfing,M,29.0,0,1980,20
64582,1986,USA,Surfing,M,22.0,0,1980,20
64583,1986,USA,Surfing,M,16.0,0,1980,20
64584,1985,SOUTH AFRICA,Surfing,M,24.0,0,1980,20
64585,1985,USA,Unknown,M,24.0,0,1980,20
64586,1985,AUSTRALIA,Fishing,M,24.0,0,1980,20
64587,1985,USA,Boat,Unknown,24.0,0,1980,20
64588,1985,USA,Fishing,M,24.0,0,1980,20
64589,1985,SOUTH AFRICA,Body boarding,M,22.0,0,1980,20
64590,1985,USA,Hookah diving for abalone,M,46.0,0,1980,20
64591,1985,USA,Body boarding,M,33.0,0,1980,20
64592,1985,USA,Floating on inner tube after diving for lobster,M,24.0,0,1980,20
64593,1985,USA,Fishing,M,24.0,0,1980,20
64594,1985,USA,Free diving & spearfishing (descending),M,24.0,0,1980,20
64595,1985,SOUTH AFRICA,Swimming,M,21.0,0,1980,20
64596,1985,USA,Scuba diving,M,24.0,0,1980,20
64597,1985,USA,Swimming,M,17.0,0,1980,20
64598,1985,USA,Wading,M,87.0,0,1980,20
64599,1985,USA,Wading,M,11.0,0,1980,20
64600,1985,USA,Scuba diving,M,67.0,0,1980,20
64601,1985,USA,Wading,F,13.0,0,1980,20
64602,1985,USA,Surfing,M,15.0,0,1980,20
64603,1985,USA,Bottom fishing for lingcod & had hooked a fish,Unknown,24.0,0,1980,20
64604,1985,USA,Playing in knee-deep water,F,10.0,0,1980,20
64605,1985,ITALY,Snorkeling,M,13.0,0,1980,20
64606,1985,USA,"Surfing, but lying prone on his board",M,24.0,0,1980,20
64607,1985,SOUTH AFRICA,Spearfishing,M,39.0,0,1980,20
64608,1985,USA,Surfing,M,25.0,0,1980,20
64609,1985,AUSTRALIA,Free diving for scallops,F,33.0,1,1980,20
64610,1985,USA,Scuba Diving for lobster (at surface),M,29.0,0,1980,20
64611,1985,USA,Surfing,M,16.0,0,1980,20
64612,1985,SOUTH AFRICA,Swimming,M,15.0,0,1980,20
64613,1985,SOUTH AFRICA,Unknown,M,24.0,0,1980,20
64614,1985,SOUTH AFRICA,Surfing,M,18.0,0,1980,20
64615,1985,NEW ZEALAND,Investigating shark sighting,Unknown,24.0,0,1980,20
64616,1985,SOUTH AFRICA,Spearfishing,M,34.0,0,1980,20
64617,1985,NEW CALEDONIA,Spearfishing,Unknown,24.0,0,1980,20
64618,1985,SOUTH AFRICA,Spearfishing,M,20.0,0,1980,20
64619,1985,VANUATU,Unknown,M,24.0,1,1980,20
64620,1985,IRAN,Fishing,M,24.0,1,1980,20
64621,1984,ITALY,Boat,Unknown,24.0,0,1980,20
64622,1984,AUSTRALIA,Sailing on catamaran & fell into the water,M,16.0,1,1980,20
64623,1984,USA,Surfing,M,13.0,0,1980,20
64624,1984,USA,Spearfishing,M,29.0,0,1980,20
64625,1984,USA,Swimming,M,22.0,0,1980,20
64626,1984,USA,Surfing or body surfing,F,23.0,0,1980,20
64627,1984,USA,Wading,F,77.0,0,1980,20
64628,1984,USA,Surfing,M,15.0,0,1980,20
64629,1984,USA,Surfing (sitting on his board),M,25.0,0,1980,20
64630,1984,USA,"Free diving , but surfacing",M,24.0,0,1980,20
64631,1984,USA,Surfing,M,17.0,0,1980,20
64632,1984,USA,Swimming,M,24.0,0,1980,20
64633,1984,USA,Surfing,M,16.0,0,1980,20
64634,1984,USA,Swimming,Unknown,24.0,0,1980,20
64635,1984,USA,Wading,M,24.0,0,1980,20
64636,1984,USA,Skindiving,M,28.0,1,1980,20
64637,1984,MEXICO,Spearfishing,M,24.0,0,1980,20
64638,1984,USA,Boat capsized?,F,31.0,0,1980,20
64639,1984,INDONESIA,"Sea disaster, foundering of the cargo vessle M/V Dorolonda",M,24.0,1,1980,20
64640,1984,USA,Swimming,F,13.0,0,1980,20
64641,1984,USA,Swimming,F,18.0,0,1980,20
64642,1984,SOUTH AFRICA,Spearfishing,M,21.0,0,1980,20
64643,1984,USA,"During a shark fishing tournament, the 18' Boatem was capsized by waves, throwing 3 men into the water",M,30.0,0,1980,20
64644,1984,SOUTH AFRICA,Spearfishing,M,24.0,0,1980,20
64645,1984,SOUTH AFRICA,Surfing,M,27.0,0,1980,20
64646,1984,USA,Towing her sister on plastic ski board,F,13.0,0,1980,20
64647,1984,VANUATU,Swimming,M,20.0,1,1980,20
64648,1984,SOUTH AFRICA,Spearfishing,M,28.0,0,1980,20
64649,1984,SOMALIA,Murder,M,24.0,0,1980,20
64650,1984,SOUTH AFRICA,Surfing,M,24.0,0,1980,20
64651,1984,SOUTH AFRICA,Rowing,M,24.0,0,1980,20
64652,1984,AUSTRALIA,Unknown,Unknown,24.0,0,1980,20
64653,1984,SOUTH AFRICA,Fishing,M,24.0,0,1980,20
64654,1984,SOUTH AFRICA,Scuba diving,M,33.0,0,1980,20
64655,1984,SOUTH AFRICA,Unknown,Unknown,24.0,0,1980,20
64656,1984,AUSTRALIA,Spearfishing,M,27.0,0,1980,20
64657,1984,SOUTH AFRICA,Swimming,M,14.0,0,1980,20
64658,1984,SOUTH AFRICA,Unknown,F,14.0,1,1980,20
64659,1984,USA,Steinhart Aquarium,M,24.0,0,1980,20
64660,1984,USA,Surfing,M,24.0,0,1980,20
64661,1983,GREECE,Spearfishing,M,36.0,0,1980,20
64662,1983,USA,Surfing,M,17.0,0,1980,20
64663,1983,AUSTRALIA,Scuba diving for abalone,M,48.0,0,1980,20
64664,1983,SOUTH AFRICA,Swimming,M,16.0,0,1980,20
64665,1983,SOUTH AFRICA,Swimming,M,47.0,0,1980,20
64666,1983,SOUTH AFRICA,Unknown,M,24.0,0,1980,20
64667,1983,PHILIPPINES,Ferry boat sank,M,24.0,0,1980,20
64668,1983,USA,Surfing,M,15.0,0,1980,20
64669,1983,SOUTH AFRICA,Swimming,F,24.0,0,1980,20
64670,1983,USA,Surfing,M,16.0,0,1980,20
64671,1983,USA,Wading,M,20.0,0,1980,20
64672,1983,USA,Standing,M,15.0,0,1980,20
64673,1983,USA,Surfing,M,24.0,0,1980,20
64674,1983,SOUTH AFRICA,Spearfishing,M,29.0,0,1980,20
64675,1983,USA,Swimming,F,14.0,0,1980,20
64676,1983,USA,Skindiving,M,14.0,0,1980,20
64677,1983,USA,Diving,F,22.0,0,1980,20
64678,1983,USA,Fishing,Unknown,24.0,0,1980,20
64679,1983,AUSTRALIA,Swimming from the New Venture,F,21.0,1,1980,20
64680,1983,AUSTRALIA,Swimming from the New Venture,M,24.0,1,1980,20
64681,1983,AUSTRALIA,14 m prawn trawler New Venture capsized  & sank in heavy seas Three people in the water,M,28.0,0,1980,20
64682,1983,SOUTH AFRICA,Surfing,M,24.0,0,1980,20
64683,1983,USA,Windsurfing,F,39.0,0,1980,20
64684,1983,BAHAMAS,Spearfishing,M,13.0,0,1980,20
64685,1983,USA,Floating on air mattress,M,17.0,0,1980,20
64686,1983,USA,Swimming,M,42.0,0,1980,20
64687,1983,BAHAMAS,Spearfishing,M,15.0,1,1980,20
64688,1983,USA,Surfing & dangling foot in water amid baitfish,M,21.0,0,1980,20
64689,1983,BAHAMAS,Unknown,M,30.0,0,1980,20
64690,1983,ITALY,Scuba diving,M,24.0,0,1980,20
64691,1983,BAHAMAS,Spearfishing,M,24.0,0,1980,20
64692,1983,USA,Water-skiing,M,21.0,0,1980,20
64693,1983,USA,Surfing,M,15.0,0,1980,20
64694,1983,USA,Surfing,M,22.0,0,1980,20
64695,1983,USA,Surfing,M,24.0,0,1980,20
64696,1983,SOUTH AFRICA,Fishing,M,27.0,0,1980,20
64697,1983,USA,Surfing,M,16.0,0,1980,20
64698,1983,SOUTH AFRICA,Unknown,M,24.0,0,1980,20
64699,1983,SOUTH AFRICA,Spearfishing,M,17.0,0,1980,20
64700,1983,SOUTH AFRICA,Surfing,M,24.0,0,1980,20
64701,1983,USA,Surfing,M,24.0,0,1980,20
64702,1983,NEW CALEDONIA,Unknown,Unknown,24.0,0,1980,20
64703,1983,SOUTH AFRICA,Paddleskiing,M,16.0,0,1980,20
64704,1983,USA,Fishing,M,43.0,0,1980,20
64705,1983,SOUTH AFRICA,Unknown,M,24.0,0,1980,20
64706,1983,SOUTH AFRICA,Windsurfing,M,22.0,0,1980,20
64707,1983,SOUTH AFRICA,Spearfishing,M,32.0,0,1980,20
64708,1983,Unknown,Swimming,M,24.0,0,1980,20
64709,1983,VANUATU,Ran into the water,M,24.0,1,1980,20
64710,1983,USA,Fishing,M,24.0,0,1980,20
64711,1982,USA,In waist-deep water,M,24.0,0,1980,20
64712,1982,USA,Windsurfing,M,26.0,0,1980,20
64713,1982,SOUTH AFRICA,Surfing,M,16.0,0,1980,20
64714,1982,SOUTH AFRICA,Surfing,M,16.0,0,1980,20
64715,1982,USA,Surfing,M,20.0,0,1980,20
64716,1982,USA,Diving,M,36.0,0,1980,20
64717,1982,USA,Free diving for abalone from Zodiac (submerged),M,28.0,0,1980,20
64718,1982,USA,Unknown,M,20.0,0,1980,20
64719,1982,JAPAN,Unknown,M,24.0,1,1980,20
64720,1982,USA,Surfing,M,17.0,0,1980,20
64721,1982,SOUTH AFRICA,Swimming,F,18.0,0,1980,20
64722,1982,TUNISIA,Windsurfing,M,24.0,0,1980,20
64723,1982,SOUTH AFRICA,Boogie boarding,M,20.0,0,1980,20
64724,1982,SOUTH AFRICA,Paddleskiing,M,38.0,0,1980,20
64725,1982,USA,Paddle Boarding,M,26.0,0,1980,20
64726,1982,USA,Swimming,M,17.0,0,1980,20
64727,1982,USA,Swimming,M,43.0,0,1980,20
64728,1982,USA,Swimming,F,19.0,0,1980,20
64729,1982,NEW CALEDONIA,Unknown,Unknown,24.0,0,1980,20
64730,1982,SOUTH AFRICA,Surfing,M,27.0,1,1980,20
64731,1982,USA,Swimming,M,20.0,0,1980,20
64732,1982,BAHAMAS,Spearfishing,M,19.0,0,1980,20
64733,1982,USA,Unknown,F,8.0,0,1980,20
64734,1982,USA,"Sailboarding, fell into water 100 yards outside the breakwater",M,24.0,0,1980,20
64735,1982,USA,Unknown,F,33.0,0,1980,20
64736,1982,USA,Surfing,M,16.0,0,1980,20
64737,1982,AUSTRALIA,Surfing,M,20.0,1,1980,20
64738,1982,NEW CALEDONIA,Spearfishing,M,24.0,0,1980,20
64739,1982,AUSTRALIA,Spearfishing,M,32.0,1,1980,20
64740,1982,USA,Surfing,M,18.0,0,1980,20
64741,1982,SOUTH AFRICA,Fishing,M,24.0,0,1980,20
64742,1982,USA,Wading,F,24.0,0,1980,20
64743,1982,USA,Swimming,F,24.0,0,1980,20
64744,1982,USA,Swimming,F,75.0,1,1980,20
64745,1982,USA,Scuba diving (submerged),M,24.0,0,1980,20
64746,1982,USA,Diving,M,29.0,1,1980,20
64747,1982,SOUTH AFRICA,Swimming,M,20.0,0,1980,20
64748,1982,ITALY,Boat,M,24.0,0,1980,20
64749,1982,ITALY,Fishing on a boat,M,24.0,0,1980,20
64750,1982,TUNISIA,Spearfishing,Unknown,24.0,0,1980,20
64751,1981,USA,Surfing,M,24.0,1,1980,20
64752,1981,AUSTRALIA,Unknown,Unknown,24.0,0,1980,20
64753,1981,USA,"Spearfishing, but swimming on surface",M,24.0,0,1980,20
64754,1981,REUNION,Spearfishing,M,24.0,0,1980,20
64755,1981,SOUTH AFRICA,Inspecting teeth of supposedly dead (hooked & shot) shark,M,24.0,0,1980,20
64756,1981,USA,Diving to untangle a crab trap line from boat's propeller,M,59.0,0,1980,20
64757,1981,USA,Swimming,M,19.0,0,1980,20
64758,1981,USA,Surfing,M,24.0,0,1980,20
64759,1981,USA,Surfing,M,17.0,0,1980,20
64760,1981,USA,Surfing,M,24.0,0,1980,20
64761,1981,USA,Surfing,M,28.0,0,1980,20
64762,1981,USA,Surfing,M,24.0,0,1980,20
64763,1981,USA,Swimming,M,26.0,1,1980,20
64764,1981,USA,Surfing,M,25.0,0,1980,20
64765,1981,USA,Surfing,M,24.0,0,1980,20
64766,1981,USA,Surfing,M,15.0,0,1980,20
64767,1981,USA,Spearfishing,M,19.0,0,1980,20
64768,1981,USA,Fishing,M,24.0,0,1980,20
64769,1981,USA,Diving,M,24.0,0,1980,20
64770,1981,USA,"16' catamaran capsized previous night, occupants stayed with wreckage until morning, then attempted to swim ashore",F,19.0,1,1980,20
64771,1981,BAHAMAS,Snorkeling on surface,M,53.0,0,1980,20
64772,1981,USA,Swimming,F,16.0,0,1980,20
64773,1981,SOUTH AFRICA,Surfing,M,32.0,0,1980,20
64774,1981,USA,Spearfishing,M,24.0,0,1980,20
64775,1981,SOUTH AFRICA,Catching sardines,M,24.0,0,1980,20
64776,1981,ENGLAND,Fishing,M,24.0,0,1980,20
64777,1981,USA,Unknown,M,24.0,0,1980,20
64778,1981,USA,"Scuba diving, reportedly also spearfishing",M,24.0,1,1980,20
64779,1981,SOUTH KOREA,Shell diving,F,27.0,1,1980,20
64780,1981,SOUTH AFRICA,Surfing,M,27.0,0,1980,20
64781,1981,USA,Free diving,M,32.0,0,1980,20
64782,1981,USA,Diving,M,24.0,0,1980,20
64783,1981,SOUTH AFRICA,Surfing,M,19.0,0,1980,20
64784,1981,NAMIBIA,Finning the shark that bit him,M,24.0,0,1980,20
64785,1981,BERMUDA,Foundering of the Israeli freighter Mezada,Unknown,24.0,0,1980,20
64786,1981,SOUTH AFRICA,Surfing,M,24.0,0,1980,20
64787,1981,USA,Standing / Wading,M,19.0,0,1980,20
64788,1981,USA,Surfing,M,24.0,0,1980,20
64789,1981,CHILE,Free diving Spearfishing,M,24.0,0,1980,20
64790,1981,BRAZIL,Diving,Unknown,24.0,0,1980,20
64791,1981,SOUTH AFRICA,Swimming,M,30.0,0,1980,20
64792,1981,AUSTRALIA,Exercising his dog in the shallows,M,24.0,0,1980,20
64793,1981,AUSTRALIA,Unknown,Unknown,24.0,0,1980,20
64794,1981,USA,Surfing,M,15.0,0,1980,20
64795,1981,BRAZIL,Spearfishing,Unknown,24.0,0,1980,20
64796,1981,USA,Commercial spearfishing,M,25.0,0,1980,20
64797,1981,SOUTH AFRICA,Swimming,M,23.0,0,1980,20
64798,1981,AUSTRALIA,Surf-skiing,M,27.0,0,1980,20
64799,1981,GREECE,"Free diving / spearfishing,",M,24.0,0,1980,20
64800,1980,SOUTH AFRICA,Paddleskiing,M,25.0,0,1980,20
64801,1980,SOUTH AFRICA,Unknown,Unknown,24.0,0,1980,20
64802,1980,REUNION,Spearfishing,M,22.0,0,1980,20
64803,1980,AUSTRALIA,Swimming,M,24.0,0,1980,20
64804,1980,SOUTH AFRICA,Swimming,M,24.0,0,1980,20
64805,1980,BRAZIL,Swimming,M,16.0,1,1980,20
64806,1980,USA,Surfing,M,29.0,0,1980,20
64807,1980,USA,Surfing,M,19.0,0,1980,20
64808,1980,MEXICO,Diving in tuna net,M,22.0,1,1980,20
64809,1980,USA,Wading,F,10.0,0,1980,20
64810,1980,USA,Resting on body board,M,24.0,0,1980,20
64811,1980,SPAIN,Skin diving,M,24.0,0,1980,20
64812,1980,USA,Body surfing,M,15.0,0,1980,20
64813,1980,USA,Standing,F,22.0,0,1980,20
64814,1980,USA,Surfing,M,24.0,0,1980,20
64815,1980,USA,Surfing,M,24.0,0,1980,20
64816,1980,USA,Scuba diving,F,44.0,0,1980,20
64817,1980,SOUTH AFRICA,Surfing,M,22.0,0,1980,20
64818,1980,JAMAICA,Spearfishing,M,24.0,0,1980,20
64819,1980,PHILIPPINES,Sinking of the ferryboat Don Juan,Unknown,24.0,1,1980,20
64820,1980,MEXICO,Body surfing,F,13.0,0,1980,20
64821,1980,SOUTH AFRICA,Free diving,M,52.0,1,1980,20
64822,1980,BRAZIL,Swimming,M,24.0,0,1980,20
64823,1980,PHILIPPINES,Sinking of the ferryboat Bongbong 1,F,24.0,1,1980,20
64824,1980,SOUTH AFRICA,Fishing,M,61.0,0,1980,20
64825,1980,SOUTH AFRICA,Body boarding,M,24.0,0,1980,20
64826,1980,KENYA,Spearfishing,M,29.0,0,1980,20
64827,1980,SOUTH AFRICA,Spearfishing,M,29.0,0,1980,20
64828,1980,SOUTH AFRICA,Swimming,M,24.0,0,1980,20
64829,1980,SOUTH AFRICA,Swimming,M,25.0,0,1980,20
64830,1980,CHILE,Hookah Diving,M,24.0,1,1980,20
64831,1980,NORTH ATLANTIC OCEAN,Gaffing netted shark,M,34.0,0,1980,20
64832,1980,GREECE,Surfing,M,24.0,0,1980,20
64833,1980,SOUTH AFRICA,Spearfishing,M,20.0,0,1980,20
64834,1980,TONGA,Spearfishing,M,20.0,0,1980,20
64835,1979,SOUTH AFRICA,Swimming,M,18.0,0,1970,20
64836,1979,PORTUGAL,Spearfishing,M,19.0,1,1970,20
64837,1979,SOUTH CHINA SEA,Diving,M,32.0,0,1970,20
64838,1979,USA,Surfing,M,20.0,0,1970,20
64839,1979,SOUTH AFRICA,Shark fishing,Unknown,24.0,0,1970,20
64840,1979,SOUTH AFRICA,Fishing,M,24.0,0,1970,20
64841,1979,AUSTRALIA,Scuba diving,M,18.0,0,1970,20
64842,1979,HONG KONG,Freedom swimming,M,21.0,1,1970,20
64843,1979,HONG KONG,Unknown,M,16.0,1,1970,20
64844,1979,USA,Kayaking,M,49.0,0,1970,20
64845,1979,THAILAND,Murdered by Thai pirates,M,24.0,1,1970,20
64846,1979,USA,Floating with life preserver after his boat foundered,M,56.0,0,1970,20
64847,1979,USA,Scuba diving,M,36.0,0,1970,20
64848,1979,SOUTH AFRICA,Spearfishing,M,25.0,0,1970,20
64849,1979,SOUTH AFRICA,Scuba diving,M,24.0,1,1970,20
64850,1979,NEW CALEDONIA,Fishing,Unknown,24.0,0,1970,20
64851,1979,NEW CALEDONIA,Unknown,M,24.0,1,1970,20
64852,1979,USA,Swimming,M,24.0,0,1970,20
64853,1979,USA,Body surfing,M,8.0,0,1970,20
64854,1979,USA,Surfing,M,27.0,0,1970,20
64855,1979,USA,Scuba diving (submerged),M,24.0,0,1970,20
64856,1979,SOUTH AFRICA,Unknown,Unknown,24.0,0,1970,20
64857,1979,NEW CALEDONIA,Spearfishing,M,24.0,1,1970,20
64858,1979,SOUTH AFRICA,"Surfing, collided with shark",M,19.0,0,1970,20
64859,1979,USA,Fishing,M,24.0,1,1970,20
64860,1978,AUSTRALIA,Unknown,M,24.0,0,1970,20
64861,1978,SOUTH AFRICA,Spearfishing,M,23.0,1,1970,20
64862,1978,USA,Surfing,M,24.0,0,1970,20
64863,1978,USA,Surfing,M,17.0,0,1970,20
64864,1978,SOUTH AFRICA,Fishing,M,24.0,0,1970,20
64865,1978,SOUTH AFRICA,Spearfishing,M,27.0,0,1970,20
64866,1978,ITALY,Diving,M,24.0,0,1970,20
64867,1978,AUSTRALIA,Scuba diving for abalone,M,34.0,0,1970,20
64868,1978,USA,Wading,M,24.0,0,1970,20
64869,1978,USA,Floating on inner tube raft,M,27.0,0,1970,20
64870,1978,USA,"Explosion destroyed 28' boat, survivors in the water",M,39.0,0,1970,20
64871,1978,USA,Fishing,M,27.0,0,1970,20
64872,1978,USA,Surfing,M,20.0,0,1970,20
64873,1978,USA,Surfing,M,17.0,0,1970,20
64874,1978,ITALY,Unknown,Unknown,24.0,0,1970,20
64875,1978,MARSHALL ISLANDS,Diving,M,25.0,0,1970,20
64876,1978,MARSHALL ISLANDS,Diving,M,23.0,0,1970,20
64877,1978,AUSTRALIA,Scuba diving,M,24.0,0,1970,20
64878,1978,SOUTH AFRICA,Unknown,Unknown,24.0,0,1970,20
64879,1978,SOUTH AFRICA,Fishing for mackerel,Unknown,24.0,0,1970,20
64880,1978,SOUTH AFRICA,Diving,M,24.0,0,1970,20
64881,1978,SOUTH AFRICA,Surfing,M,17.0,0,1970,20
64882,1978,SOUTH AFRICA,Unknown,M,24.0,0,1970,20
64883,1978,USA,Surfing,F,24.0,0,1970,20
64884,1978,VANUATU,Swimming,F,24.0,1,1970,20
64885,1977,USA,"Swimming, after single-engine aircraft went down in the sea",M,49.0,0,1970,20
64886,1977,USA,Surfing,M,27.0,0,1970,20
64887,1977,SOUTH AFRICA,Surfing,M,18.0,0,1970,20
64888,1977,SOUTH AFRICA,Fishing for bottom fish,Unknown,24.0,0,1970,20
64889,1977,SOUTH AFRICA,Standing,M,24.0,0,1970,20
64890,1977,SOUTH AFRICA,Spearfishing,M,25.0,0,1970,20
64891,1977,AUSTRALIA,Surfing,M,17.0,0,1970,20
64892,1977,AUSTRALIA,Floating on an inflatable raft,M,25.0,1,1970,20
64893,1977,SOUTH AFRICA,Fishing,M,24.0,0,1970,20
64894,1977,USA,Free diving for abalone (surfacing),M,20.0,0,1970,20
64895,1977,USA,Wading,M,17.0,0,1970,20
64896,1977,USA,40' fishing boat sank,M,21.0,0,1970,20
64897,1977,USA,Spearfishing / Scuba diving,M,27.0,0,1970,20
64898,1977,USA,Collecting fish from net,M,25.0,0,1970,20
64899,1977,SOUTH AFRICA,Fishing for yellowtail,M,24.0,0,1970,20
64900,1977,AUSTRALIA,Unknown,M,24.0,0,1970,20
64901,1977,AUSTRALIA,Unknown,M,24.0,0,1970,20
64902,1977,USA,Swimming,M,24.0,0,1970,20
64903,1977,SOUTH AFRICA,Swimming,M,31.0,0,1970,20
64904,1977,AUSTRALIA,"Their 9 m launch was run down by a 25,000-ton Japanese freighter  on the night of 3-11-1977 & they drifted, clinging to an icebox for 2 days",M,32.0,0,1970,20
64905,1977,AUSTRALIA,"Their 9 m launch was run down by a 25,000-ton Japanese freighter  on the night of 3-11-1977 & they drifted, clinging to an icebox for 2 days",M,74.0,1,1970,20
64906,1977,AUSTRALIA,"Their 9 m launch was run down by a 25,000-ton Japanese freighter  on the night of 3-11-1977 & they drifted, clinging to an icebox for 2 days",M,45.0,1,1970,20
64907,1977,AUSTRALIA,"Pushed surfmat of a young girl out of the shark's path, drawing shark's attention to his own board",M,24.0,0,1970,20
64908,1977,AUSTRALIA,Unknown,M,24.0,0,1970,20
64909,1977,NEW CALEDONIA,Unknown,Unknown,24.0,0,1970,20
64910,1977,MEXICO,Swimming,M,24.0,1,1970,20
64911,1976,AUSTRALIA,Unknown,M,24.0,0,1970,20
64912,1976,USA,Hookah diving for abalone (submerged),M,29.0,0,1970,20
64913,1976,SOUTH AFRICA,"Thrashing the water / imitating the shark victim from ""Jaws""",M,19.0,0,1970,20
64914,1976,AUSTRALIA,Unknown,Unknown,24.0,0,1970,20
64915,1976,USA,Surfing,M,19.0,0,1970,20
64916,1976,SOUTH AFRICA,Swimming,M,17.0,0,1970,20
64917,1976,SOUTH AFRICA,Fishing for white shark,Unknown,24.0,0,1970,20
64918,1976,SOUTH AFRICA,Boat,Unknown,24.0,0,1970,20
64919,1976,USA,Surfing,M,25.0,0,1970,20
64920,1976,SOUTH AFRICA,Surfing,M,20.0,0,1970,20
64921,1976,NEW CALEDONIA,Shipwreck,Unknown,24.0,0,1970,20
64922,1976,AUSTRALIA,"Skindiving,",M,27.0,0,1970,20
64923,1976,HONG KONG,"3,909-ton Panamanian freighter Chieh Lee sank in a typhoon",M,24.0,1,1970,20
64924,1976,USA,Swimming,M,16.0,1,1970,20
64925,1976,USA,Swimming,M,24.0,1,1970,20
64926,1976,USA,Surfing,M,15.0,0,1970,20
64927,1976,USA,"Surfing, fell off surfboard",M,23.0,0,1970,20
64928,1976,USA,Surfing,M,19.0,0,1970,20
64929,1976,USA,Spearfishing,M,24.0,0,1970,20
64930,1976,USA,Playing,M,10.0,0,1970,20
64931,1976,USA,Scuba diving,M,18.0,1,1970,20
64932,1976,USA,Spearfishing,M,23.0,0,1970,20
64933,1976,USA,Skindiving,M,17.0,0,1970,20
64934,1976,USA,Swimming,M,24.0,0,1970,20
64935,1976,ITALY,Fishing,M,46.0,0,1970,20
64936,1976,AUSTRALIA,Sitting in bow of her father's 5 m boat,F,24.0,0,1970,20
64937,1976,SOUTH AFRICA,Competing in a light tackle game fishing,Unknown,24.0,0,1970,20
64938,1976,USA,Unknown,Unknown,24.0,0,1970,20
64939,1976,USA,Standing,M,21.0,0,1970,20
64940,1976,SOUTH AFRICA,Fishing,Unknown,24.0,0,1970,20
64941,1976,SOUTH AFRICA,Unknown,Unknown,24.0,0,1970,20
64942,1976,SOUTH AFRICA,Unknown,Unknown,24.0,0,1970,20
64943,1976,SOUTH AFRICA,Shark watching,Unknown,24.0,0,1970,20
64944,1976,SOUTH AFRICA,Shark fishing,Unknown,24.0,0,1970,20
64945,1976,AUSTRALIA,Unknown,F,24.0,0,1970,20
64946,1976,SOUTH AFRICA,Fishing for snoek & yellowtail,Unknown,24.0,0,1970,20
64947,1976,USA,Spearfishing / scuba diving,M,25.0,0,1970,20
64948,1976,NEW ZEALAND,Spearfishing,M,24.0,1,1970,20
64949,1976,USA,Scuba diving,M,24.0,1,1970,20
64950,1975,AUSTRALIA,Attempting to drive shark away from the beach,Unknown,24.0,0,1970,20
64951,1975,USA,Scuba diving & spearfishing,M,27.0,0,1970,20
64952,1975,AUSTRALIA,Filming & feeding captive sharks,M,35.0,0,1970,20
64953,1975,AUSTRALIA,Standing,M,20.0,0,1970,20
64954,1975,SOUTH AFRICA,Standing,M,33.0,0,1970,20
64955,1975,AUSTRALIA,Unknown,M,24.0,0,1970,20
64956,1975,USA,Surfing,M,18.0,0,1970,20
64957,1975,USA,Surf fishing,M,24.0,0,1970,20
64958,1975,AUSTRALIA,Surfing,M,20.0,0,1970,20
64959,1975,USA,Surfing,Unknown,24.0,0,1970,20
64960,1975,SOUTH AFRICA,Paddleskiing,M,21.0,0,1970,20
64961,1975,SOUTH AFRICA,Surfing,M,19.0,0,1970,20
64962,1975,USA,Floating on a small orange raft,M,20.0,0,1970,20
64963,1975,USA,Free diving for abalone,M,44.0,0,1970,20
64964,1975,HONG KONG,Freedom swimming,M,24.0,0,1970,20
64965,1975,USA,Sea disaster,F,62.0,1,1970,20
64966,1975,AUSTRALIA,Scuba diving for abalone,M,37.0,1,1970,20
64967,1975,USA,Free diving,M,24.0,0,1970,20
64968,1975,AUSTRALIA,Surfing,M,21.0,0,1970,20
64969,1975,USA,Scuba diving for abalone (at surface),M,23.0,0,1970,20
64970,1975,USA,Hookah diving for abalone,M,34.0,0,1970,20
64971,1975,USA,Swimming,F,14.0,0,1970,20
64972,1975,AUSTRALIA,Spearfishing,M,29.0,0,1970,20
64973,1975,USA,Surfing,M,16.0,0,1970,20
64974,1975,USA,Swimming,M,18.0,0,1970,20
64975,1975,USA,Standing,F,15.0,0,1970,20
64976,1975,USA,Swimming near his boat,M,27.0,0,1970,20
64977,1975,USA,Surfing,M,20.0,0,1970,20
64978,1975,USA,Unknown,M,24.0,0,1970,20
64979,1975,USA,Surfing,M,17.0,0,1970,20
64980,1975,USA,Bathing,F,10.0,0,1970,20
64981,1975,ITALY,Scuba diving,M,37.0,0,1970,20
64982,1975,SOUTH AFRICA,Unknown,M,24.0,0,1970,20
64983,1975,SOUTH AFRICA,Spearfishing Competition,M,24.0,0,1970,20
64984,1975,SOUTH AFRICA,Swimming,M,24.0,0,1970,20
64985,1975,AUSTRALIA,Unknown,F,24.0,0,1970,20
64986,1975,USA,Floating in inner tube,M,14.0,0,1970,20
64987,1975,AUSTRALIA,Diving & force-feeding the shark,Unknown,18.0,0,1970,20
64988,1975,SOUTH AFRICA,Attempting to drag hooked shark ashore by its tail,M,24.0,0,1970,20
64989,1975,BANGLADESH,Ferry capsized,Unknown,24.0,1,1970,20
64990,1975,SOUTH AFRICA,Surfing,M,16.0,0,1970,20
64991,1975,SOUTH AFRICA,Unknown,Unknown,24.0,0,1970,20
64992,1975,AUSTRALIA,Swimming underwater from crayfish cage to a fishing bait,M,12.0,1,1970,20
64993,1975,AUSTRALIA,Crayfishing,M,45.0,0,1970,20
64994,1975,AUSTRALIA,Unknown,M,24.0,0,1970,20
64995,1975,SOUTH AFRICA,Fishing,M,12.0,0,1970,20
64996,1975,AUSTRALIA,Surfing,M,17.0,1,1970,20
64997,1975,BERMUDA,Spearfishing,M,25.0,0,1970,20
64998,1975,REUNION,Unknown,M,24.0,1,1970,20
64999,1974,AUSTRALIA,Unknown,Unknown,32.0,0,1970,20
65000,1974,USA,Standing,M,24.0,0,1970,20
65001,1974,USA,Surfing,M,17.0,0,1970,20
65002,1974,USA,Hookah diving for abalone,M,29.0,0,1970,20
65003,1974,ISRAEL,Swimming,F,20.0,0,1970,20
65004,1974,USA,Scuba diving (but on surface),M,41.0,0,1970,20
65005,1974,USA,Scuba diving (but on surface),M,48.0,0,1970,20
65006,1974,AUSTRALIA,3.3 m fishing boat sank. Treveluwe & Peter Hodgson (wearing lifejackets) were drifting in the current,M,30.0,0,1970,20
65007,1974,USA,Surfing,M,24.0,0,1970,20
65008,1974,HONG KONG,Freedom Swimming,M,22.0,0,1970,20
65009,1974,HONG KONG,Freedom swimming,M,24.0,1,1970,20
65010,1974,HONG KONG,Freedom swimming,M,19.0,0,1970,20
65011,1974,HONG KONG,Freedom swimming,M,18.0,0,1970,20
65012,1974,CROATIA,Unknown,M,21.0,1,1970,20
65013,1974,USA,Surfing,M,24.0,0,1970,20
65014,1974,USA,Free diving for abalone (submerged),M,36.0,0,1970,20
65015,1974,USA,Swimming,M,17.0,1,1970,20
65016,1974,USA,Adrift after the sinking of the motor yacht Princess Dianne,M,10.0,1,1970,20
65017,1974,USA,Swimming,F,61.0,0,1970,20
65018,1974,USA,Free diving (but on surface),M,45.0,0,1970,20
65019,1974,BRAZIL,Fishing boat swamped in a storm,M,24.0,1,1970,20
65020,1974,SOUTH AFRICA,Spearfishing,M,22.0,0,1970,20
65021,1974,SOUTH AFRICA,Standing,M,19.0,0,1970,20
65022,1974,USA,Swimming,F,11.0,0,1970,20
65023,1974,SOUTH AFRICA,Surfing,M,17.0,0,1970,20
65024,1974,SOUTH AFRICA,Surfing,M,21.0,0,1970,20
65025,1974,SOUTH AFRICA,Fishing for kob,Unknown,24.0,0,1970,20
65026,1974,SOUTH AFRICA,Swimming,M,14.0,0,1970,20
65027,1974,SOUTH AFRICA,Swimming,M,19.0,0,1970,20
65028,1974,SOUTH AFRICA,Fishing for red fish,Unknown,24.0,0,1970,20
65029,1974,SOUTH AFRICA,Fishing for kob,Unknown,24.0,0,1970,20
65030,1974,SOUTH AFRICA,Sitting,M,42.0,0,1970,20
65031,1974,AUSTRALIA,Diving for abalone,M,26.0,1,1970,20
65032,1974,SOUTH AFRICA,Swimming,M,33.0,0,1970,20
65033,1974,MOZAMBIQUE,Swimming,M,24.0,1,1970,20
65034,1974,MOZAMBIQUE,Swimming,M,32.0,1,1970,20
65035,1974,AUSTRALIA,Spearfishing,M,24.0,0,1970,20
65036,1974,CROATIA,Unknown,Unknown,24.0,1,1970,20
65037,1973,MOZAMBIQUE,Spearfishing,M,41.0,0,1970,20
65038,1973,MOZAMBIQUE,Swimming,M,20.0,1,1970,20
65039,1973,PHILIPPINES,Swimming,M,19.0,1,1970,20
65040,1973,USA,Swimming,M,24.0,0,1970,20
65041,1973,MEXICO,Swimming alongside yacht Mexico Fiesta,M,20.0,1,1970,20
65042,1973,AUSTRALIA,Unknown,Unknown,24.0,0,1970,20
65043,1973,USA,Surfing,M,13.0,0,1970,20
65044,1973,AUSTRALIA,Unknown,M,24.0,0,1970,20
65045,1973,SOUTH AFRICA,Being pulled to shore from wreck of 25-ton fishing vessel Alan S,M,24.0,1,1970,20
65046,1973,BAHAMAS,"Free diving, Spearfishing",M,11.0,0,1970,20
65047,1973,HONG KONG,Freedom Swimming,M,20.0,1,1970,20
65048,1973,MEXICO,"Free diving, Spearfishing",M,37.0,1,1970,20
65049,1973,EGYPT,Unknown,M,24.0,0,1970,20
65050,1973,AUSTRALIA,Unknown,Unknown,21.0,0,1970,20
65051,1973,AUSTRALIA,Surfing,M,16.0,0,1970,20
65052,1973,USA,Crabbing (spearing crabs),M,17.0,0,1970,20
65053,1973,HONG KONG,Freedom Swimming,M,24.0,0,1970,20
65054,1973,MEXICO,Wading,M,45.0,1,1970,20
65055,1973,AUSTRALIA,Unknown,M,24.0,0,1970,20
65056,1973,MOZAMBIQUE,Spearfishing,M,28.0,1,1970,20
65057,1973,SOUTH AFRICA,Spearfishing,M,26.0,0,1970,20
65058,1973,MEXICO,Swimming,Unknown,57.0,1,1970,20
65059,1973,SOUTH AFRICA,Fishing from paddleski,M,24.0,0,1970,20
65060,1973,USA,Surfing,M,24.0,0,1970,20
65061,1973,PALAU,Scuba diving (submerged),M,24.0,0,1970,20
65062,1973,PALAU,Scuba diving & U/W photography,M,24.0,0,1970,20
65063,1973,SOUTH AFRICA,Surfing,M,13.0,0,1970,20
65064,1972,SOUTH AFRICA,Treading water,M,29.0,0,1970,20
65065,1972,MOZAMBIQUE,Swimming,M,25.0,0,1970,20
65066,1972,MEXICO,Body surfing,M,17.0,1,1970,20
65067,1972,SOUTH AFRICA,Swimming,M,24.0,0,1970,20
65068,1972,AUSTRALIA,Unknown,M,24.0,0,1970,20
65069,1972,AUSTRALIA,Unknown,Unknown,24.0,0,1970,20
65070,1972,REUNION,Spearfishing,Unknown,24.0,1,1970,20
65071,1972,AUSTRALIA,Spearfishing,M,24.0,0,1970,20
65072,1972,AUSTRALIA,Surfing,M,19.0,0,1970,20
65073,1972,USA,Scuba diving,M,24.0,1,1970,20
65074,1972,USA,Surfing,M,17.0,0,1970,20
65075,1972,NEW ZEALAND,Swimming,M,17.0,0,1970,20
65076,1972,USA,Surfing,M,24.0,0,1970,20
65077,1972,MOZAMBIQUE,Swimming,F,20.0,0,1970,20
65078,1972,USA,Surfing,M,15.0,0,1970,20
65079,1972,USA,Spearfishing,M,24.0,0,1970,20
65080,1972,AUSTRALIA,Diving for abalone,M,45.0,0,1970,20
65081,1972,USA,Diving,Unknown,24.0,0,1970,20
65082,1972,AUSTRALIA,Unknown,M,24.0,1,1970,20
65083,1972,AUSTRALIA,Unknown,M,24.0,1,1970,20
65084,1972,USA,Surfing,M,22.0,0,1970,20
65085,1972,USA,Free diving for abalone,M,32.0,0,1970,20
65086,1972,FRENCH POLYNESIA,Spearfishing,M,27.0,0,1970,20
65087,1972,WESTERN SAMOA,Swimming,M,25.0,1,1970,20
65088,1972,AUSTRALIA,Unknown,F,24.0,0,1970,20
65089,1972,MOZAMBIQUE,Swimming,M,19.0,1,1970,20
65090,1972,PACIFIC OCEAN,Fishing,M,33.0,0,1970,20
65091,1972,USA,Spearfishing,M,24.0,0,1970,20
65092,1972,AUSTRALIA,Surfing,M,18.0,0,1970,20
65093,1972,AUSTRALIA,Unknown,Unknown,24.0,0,1970,20
65094,1972,SOUTH AFRICA,Swimming,M,20.0,1,1970,20
65095,1972,SOUTH AFRICA,Sitting in shallows,F,30.0,0,1970,20
65096,1972,MOZAMBIQUE,Standing,M,24.0,0,1970,20
65097,1972,FRANCE,Swimming,Unknown,24.0,0,1970,20
65098,1972,MARSHALL ISLANDS,"Free diving, collecting shells",M,24.0,0,1970,20
65099,1971,AUSTRALIA,Unknown,Unknown,22.0,0,1970,20
65100,1971,SOUTH AFRICA,Swimming,F,16.0,0,1970,20
65101,1971,AUSTRALIA,Unknown,M,20.0,1,1970,20
65102,1971,HONG KONG,Freedom Swimming,M,20.0,0,1970,20
65103,1971,AUSTRALIA,Unknown,Unknown,20.0,0,1970,20
65104,1971,USA,Surfing,M,18.0,0,1970,20
65105,1971,SOUTH AFRICA,Swimming,M,25.0,0,1970,20
65106,1971,USA,Scuba diving,M,30.0,0,1970,20
65107,1971,USA,Surfing,Unknown,17.0,0,1970,20
65108,1971,CROATIA,Swimming,M,34.0,1,1970,20
65109,1971,AUSTRALIA,Fishing,M,51.0,1,1970,20
65110,1971,AUSTRALIA,Scuba diving & feeding fish,M,26.0,0,1970,20
65111,1971,USA,Wading,M,8.0,0,1970,20
65112,1971,USA,Hookah diving (submerged),M,24.0,0,1970,20
65113,1971,SOUTH AFRICA,Surfing,M,21.0,0,1970,20
65114,1971,BRITISH ISLES,Scuba diving,M,32.0,0,1970,20
65115,1971,KENYA,Swimming,M,16.0,0,1970,20
65116,1971,SOUTH AFRICA,Swimming,M,50.0,1,1970,20
65117,1971,MEXICO,Surfing,M,19.0,1,1970,20
65118,1971,VENEZUELA,Unknown,M,14.0,1,1970,20
65119,1971,VENEZUELA,Unknown,M,66.0,1,1970,20
65120,1971,MOZAMBIQUE,Wreck of the 1689-ton Portuguese  coaster Angoche,Unknown,24.0,1,1970,20
65121,1971,NEW ZEALAND,Surfing,M,16.0,0,1970,20
65122,1971,AUSTRALIA,Swimming,M,24.0,0,1970,20
65123,1971,AUSTRALIA,Surfing,M,15.0,0,1970,20
65124,1971,IRAN,Unknown,M,24.0,0,1970,20
65125,1971,IRAN,Unknown,M,24.0,0,1970,20
65126,1970,MOZAMBIQUE,Fishing for prawns,M,18.0,1,1970,20
65127,1970,MOZAMBIQUE,Fishing for prawns,M,18.0,1,1970,20
65128,1970,MICRONESIA,Fishing,M,24.0,0,1970,20
65129,1970,USA,Shipwreck,M,41.0,0,1970,20
65130,1970,Unknown,Unknown,M,24.0,0,1970,20
65131,1970,USA,Body surfing,M,24.0,0,1970,20
65132,1970,USA,Surfing,M,24.0,0,1970,20
65133,1970,MICRONESIA,Diving,M,43.0,0,1970,20
65134,1970,PALAU,Spearfishing,M,20.0,0,1970,20
65135,1970,USA,Floating on a raft,M,18.0,0,1970,20
65136,1970,AUSTRALIA,Unknown,M,20.0,0,1970,20
65137,1970,USA,Swimming,M,24.0,0,1970,20
65138,1970,USA,Scuba diving,M,24.0,0,1970,20
65139,1970,Unknown,Sea Disaster Sinking of ferryboat Christina,Unknown,24.0,0,1970,20
65140,1970,Unknown,Unknown,M,24.0,0,1970,20
65141,1970,USA,Fishing,M,13.0,0,1970,20
65142,1970,SOUTH AFRICA,Scuba Diving,M,25.0,0,1970,20
65143,1970,GRENADA,Wading,M,16.0,1,1970,20
65144,1970,GRENADA,Wading,M,18.0,1,1970,20
65145,1970,PHILIPPINES,Motor launch Baby Princesa capsized with 22 people on board,Unknown,24.0,1,1970,20
65146,1970,GRENADA,Swimming,M,14.0,1,1970,20
65147,1970,Unknown,Freediving,M,24.0,0,1970,20
65148,1970,SOLOMON ISLANDS,Swimming,M,24.0,0,1970,20
65149,1970,USA,Body surfing,M,24.0,0,1970,20
65150,1970,USA,Wading,M,19.0,0,1970,20
65151,1970,Unknown,Wading,F,8.0,0,1970,20
65152,1970,MOZAMBIQUE,Swimming,M,14.0,0,1970,20
65153,1970,MOZAMBIQUE,Swimming,M,16.0,0,1970,20
65154,1970,MOZAMBIQUE,Swimming,M,12.0,0,1970,20
65155,1970,MOZAMBIQUE,Swimming,M,10.0,0,1970,20
65156,1970,EGYPT,Air disaster,M,24.0,1,1970,20
65157,1970,MEXICO,Swimming,M,22.0,0,1970,20
65158,1970,ENGLAND,Attempted to return injured shark to the sea,M,24.0,0,1970,20
65159,1970,PAPUA NEW GUINEA,Freediving,M,15.0,0,1970,20
65160,1970,SRI LANKA,Spearfishing / freediving,M,24.0,0,1970,20
65161,1970,SPAIN,Spearfishing,M,24.0,0,1970,20
65162,1970,ITALY,Fishing on a boat,M,24.0,0,1970,20
65163,1970,CROATIA,Spearfishing,M,24.0,0,1970,20
65164,1970,IRAQ,Washing cooking pans,F,28.0,0,1970,20
65165,1970,IRAQ,Washing clothes on stairs,F,25.0,0,1970,20
65166,1970,IRAQ,Swimming,M,35.0,1,1970,20
65167,1970,IRAQ,"Fishing, trying to catch the end of his fishing line",M,35.0,0,1970,20
65168,1969,AUSTRALIA,Swimming,M,15.0,0,1960,20
65169,1969,USA,Scuba diving for lobsters,M,24.0,0,1960,20
65170,1969,AUSTRALIA,Unknown,M,27.0,0,1960,20
65171,1969,USA,Diving,M,24.0,0,1960,20
65172,1969,USA,Free diving for abalone,M,53.0,0,1960,20
65173,1969,USA,Floating on his back,M,24.0,0,1960,20
65174,1969,USA,Fishing,M,28.0,0,1960,20
65175,1969,USA,Surfing,M,15.0,0,1960,20
65176,1969,USA,Body surfing,M,13.0,0,1960,20
65177,1969,Unknown,Unknown,M,25.0,0,1960,20
65178,1969,ENGLAND,Unknown,M,24.0,0,1960,20
65179,1969,USA,Unknown,M,13.0,0,1960,20
65180,1969,USA,Freediving for abalone (at surface),M,24.0,0,1960,20
65181,1969,USA,Wading,M,22.0,0,1960,20
65182,1969,JAMAICA,Diving,M,27.0,0,1960,20
65183,1969,USA,Wading,M,8.0,0,1960,20
65184,1969,USA,Surf-fishing,M,24.0,0,1960,20
65185,1969,USA,Diving,M,23.0,0,1960,20
65186,1969,DOMINICAN REPUBLIC,Surfing,M,18.0,0,1960,20
65187,1969,AUSTRALIA,Unknown,Unknown,24.0,0,1960,20
65188,1969,AUSTRALIA,Netting pilchards,M,24.0,0,1960,20
65189,1969,USA,Fishing,M,24.0,0,1960,20
65190,1969,AUSTRALIA,Unknown,M,65.0,0,1960,20
65191,1969,USA,Surfing,M,16.0,0,1960,20
65192,1969,AUSTRALIA,Fishing,M,49.0,0,1960,20
65193,1969,AUSTRALIA,Hard hat diving,M,52.0,0,1960,20
65194,1969,AUSTRALIA,Freediving,M,21.0,0,1960,20
65195,1969,AUSTRALIA,Unknown,M,24.0,0,1960,20
65196,1969,BAHAMAS,Sight-seeing,Unknown,24.0,0,1960,20
65197,1968,SOUTH AFRICA,Freediving,M,24.0,0,1960,20
65198,1968,AUSTRALIA,Feeding mullet to sharks,M,27.0,0,1960,20
65199,1968,NEW ZEALAND,Surfing,M,17.0,0,1960,20
65200,1968,AUSTRALIA,Unknown,M,24.0,0,1960,20
65201,1968,SOUTH AFRICA,Spearfishing,M,28.0,0,1960,20
65202,1968,SOUTH AFRICA,Unknown,M,30.0,0,1960,20
65203,1968,SOUTH AFRICA,Fishing,M,22.0,0,1960,20
65204,1968,PAPUA NEW GUINEA,Wreck of the Storm King,Unknown,24.0,0,1960,20
65205,1968,AUSTRALIA,Unknown,M,16.0,0,1960,20
65206,1968,BAHAMAS,Unknown,M,24.0,0,1960,20
65207,1968,USA,Spearfishing using Scuba,M,24.0,0,1960,20
65208,1968,PHILIPPINES,Sinking of the ferryboat Dumaguete,Unknown,24.0,0,1960,20
65209,1968,USA,Surfing,Unknown,24.0,0,1960,20
65210,1968,NEW ZEALAND,Spearfishing,M,24.0,1,1960,20
65211,1968,USA,Playing with a frisbee in the shallows,Unknown,9.0,0,1960,20
65212,1968,USA,Standing,M,15.0,0,1960,20
65213,1968,FRENCH POLYNESIA,Swimming,M,12.0,0,1960,20
65214,1968,MALAYSIA,Leaving the water,Unknown,41.0,0,1960,20
65215,1968,COLUMBIA,Dynamite fishing,M,18.0,0,1960,20
65216,1968,USA,Free diving,M,25.0,0,1960,20
65217,1968,USA,Wading,M,33.0,0,1960,20
65218,1968,USA,Spearfishing using Scuba,M,33.0,0,1960,20
65219,1968,BAHAMAS,Small boat with 2 men onboard hit a submerged coral formation. Men began swimming to shore,M,24.0,1,1960,20
65220,1968,MEXICO,Unknown,M,43.0,0,1960,20
65221,1968,BAHAMAS,Spearfishing,M,17.0,0,1960,20
65222,1968,USA,Clamming,M,17.0,0,1960,20
65223,1968,ENGLAND,Unknown,M,24.0,0,1960,20
65224,1968,TANZANIA,Schooner sank during a storm,Unknown,24.0,0,1960,20
65225,1968,PAPUA NEW GUINEA,Standing,M,17.0,0,1960,20
65226,1968,USA,Wading,M,63.0,0,1960,20
65227,1968,USA,Unknown,M,10.0,0,1960,20
65228,1968,AUSTRALIA,"Diving. Shark swallowed his hand, so he threw his other around the shark and went shark-back riding for 30 yards until the shark opened its jaws",M,21.0,0,1960,20
65229,1968,PAPUA NEW GUINEA,Swimming,M,7.0,1,1960,20
65230,1968,AUSTRALIA,Unknown,M,47.0,0,1960,20
65231,1968,SOUTH AFRICA,Wading & pushing dinghy toward  the shallows,M,35.0,0,1960,20
65232,1968,USA,Surfing,M,20.0,0,1960,20
65233,1968,USA,Treading water,M,28.0,0,1960,20
65234,1968,USA,Surfing,M,17.0,0,1960,20
65235,1968,AUSTRALIA,Swimming,F,14.0,0,1960,20
65236,1968,NEW ZEALAND,Picking up shark by the tail,F,24.0,0,1960,20
65237,1968,AUSTRALIA,Spearfishing,M,26.0,0,1960,20
65238,1968,AUSTRALIA,Unknown,Unknown,24.0,0,1960,20
65239,1968,MOZAMBIQUE,Diving,Unknown,24.0,0,1960,20
65240,1968,PAPUA NEW GUINEA,Swimming,Unknown,13.0,1,1960,20
65241,1968,COSTA RICA,Swimming after his canoe capsized,M,24.0,1,1960,20
65242,1968,USA,Diving,Unknown,24.0,0,1960,20
65243,1968,USA,Surfing,Unknown,24.0,0,1960,20
65244,1967,SOUTH AFRICA,Surfing,M,22.0,0,1960,20
65245,1967,PAPUA NEW GUINEA,Spearfishing,M,32.0,0,1960,20
65246,1967,FIJI,Unknown,M,27.0,0,1960,20
65247,1967,AUSTRALIA,Swimming,M,59.0,1,1960,20
65248,1967,USA,Unknown,M,24.0,0,1960,20
65249,1967,AUSTRALIA,Freediving,M,15.0,0,1960,20
65250,1967,AUSTRALIA,Unknown,M,18.0,0,1960,20
65251,1967,FIJI,Freediving,M,21.0,0,1960,20
65252,1967,PHILIPPINES,Sinking of the M/V Mindoro during a typhoon,Unknown,24.0,1,1960,20
65253,1967,SOUTH AFRICA,Unknown,F,24.0,0,1960,20
65254,1967,MEXICO,Swimming,Unknown,24.0,1,1960,20
65255,1967,USA,Standing on sandbar,M,19.0,0,1960,20
65256,1967,TONGA,Swimming,M,17.0,0,1960,20
65257,1967,USA,Boat capsized between O'ahu & Molokai,M,24.0,0,1960,20
65258,1967,ITALY,Scuba diving,M,21.0,0,1960,20
65259,1967,PAPUA NEW GUINEA,Diving,Unknown,24.0,0,1960,20
65260,1967,USA,Spearfishing,Unknown,24.0,0,1960,20
65261,1967,PAPUA NEW GUINEA,Spearfishing,M,24.0,1,1960,20
65262,1967,PAPUA NEW GUINEA,Spearfishing,M,23.0,1,1960,20
65263,1967,USA,Pulling shark from the water,M,24.0,0,1960,20
65264,1967,JAPAN,Unknown,M,19.0,1,1960,20
65265,1967,ITALY,Spearfishing on Scuba,M,24.0,0,1960,20
65266,1967,AUSTRALIA,"Spearfishing, dived to pick up a float line",M,23.0,1,1960,20
65267,1967,BERMUDA,Floating,F,19.0,0,1960,20
65268,1967,COLUMBIA,Unknown,M,24.0,0,1960,20
65269,1967,AUSTRALIA,Anti-sabotage night dive exercise alongside destroyer (Scuba diving),M,19.0,0,1960,20
65270,1967,USA,Spearfishing,M,15.0,0,1960,20
65271,1967,BAHAMAS,Photographing sharks underwater using Scuba,M,41.0,0,1960,20
65272,1967,SENEGAL,Beach seine netting,M,24.0,0,1960,20
65273,1967,USA,Snorkeling,M,20.0,0,1960,20
65274,1967,TURKEY,Spearfishing,M,36.0,1,1960,20
65275,1967,USA,Surfing,M,18.0,0,1960,20
65276,1967,USA,Spearfishing,M,26.0,0,1960,20
65277,1967,ITALY,Fishing boat,M,24.0,0,1960,20
65278,1967,AUSTRALIA,Unknown,M,30.0,0,1960,20
65279,1967,AUSTRALIA,Feeding a shark,M,22.0,0,1960,20
65280,1967,UNITED KINGDOM,Fishing,M,60.0,0,1960,20
65281,1967,NEW ZEALAND,Freediving,M,21.0,0,1960,20
65282,1967,SOUTH AFRICA,Spearfishing,M,32.0,0,1960,20
65283,1967,AUSTRALIA,Spearfishing,M,36.0,0,1960,20
65284,1967,AUSTRALIA,Vehicle plunged over cliff into the water,Unknown,24.0,0,1960,20
65285,1967,NEW ZEALAND,Lifesaving drill,M,21.0,1,1960,20
65286,1967,PAPUA NEW GUINEA,Unknown,M,14.0,0,1960,20
65287,1967,MEXICO,The shrimper Loless Maurine capsized in heavy seas & the men were swimming ashore,M,24.0,1,1960,20
65288,1967,SOUTH AFRICA,Fishing for rock lobster,Unknown,24.0,0,1960,20
65289,1967,SOUTH AFRICA,Spearfishing Competition,M,24.0,0,1960,20
65290,1967,MOZAMBIQUE,Swimming in the channel,M,31.0,0,1960,20
65291,1967,AUSTRALIA,Splashing,M,15.0,0,1960,20
65292,1966,AUSTRALIA,Fishing,M,30.0,0,1960,20
65293,1966,AUSTRALIA,Spearfishing,M,29.0,0,1960,20
65294,1966,AUSTRALIA,Spearfishing,M,19.0,0,1960,20
65295,1966,SINGAPORE,Wading,M,39.0,0,1960,20
65296,1966,AUSTRALIA,Spearfishing,M,29.0,0,1960,20
65297,1966,THAILAND,Unknown,Unknown,28.0,0,1960,20
65298,1966,PAPUA NEW GUINEA,A father bathing his smallest daughter when the shark bumped her out of his arms and carried her into deep water,F,9.0,1,1960,20
65299,1966,PAPUA NEW GUINEA,Swimming,F,13.0,1,1960,20
65300,1966,PAPUA NEW GUINEA,Bathing,F,8.0,1,1960,20
65301,1966,AUSTRALIA,"Free diving, carrying speargun",M,32.0,0,1960,20
65302,1966,USA,Fishing,M,20.0,0,1960,20
65303,1966,AUSTRALIA,Spearfishing,M,24.0,0,1960,20
65304,1966,AUSTRALIA,Spearfishing,M,24.0,0,1960,20
65305,1966,AUSTRALIA,Spearfishing,M,43.0,0,1960,20
65306,1966,USA,Hunting crayfish,M,14.0,0,1960,20
65307,1966,BAHAMAS,Diving / UW photography,M,24.0,0,1960,20
65308,1966,AUSTRALIA,Unknown,M,24.0,0,1960,20
65309,1966,SOUTH AFRICA,Netting sharks,M,24.0,0,1960,20
65310,1966,BAHAMAS,Snorkeling,F,18.0,0,1960,20
65311,1966,NEW BRITAIN,Swimming,F,13.0,1,1960,20
65312,1966,NEW BRITAIN,Diving into water,F,9.0,1,1960,20
65313,1966,CROATIA,Swimming,M,33.0,1,1960,20
65314,1966,TAIWAN,Lobster diving using Scuba,M,24.0,0,1960,20
65315,1966,ITALY,Attacked shark with fists,M,21.0,0,1960,20
65316,1966,USA,Spearfishing on Scuba,M,26.0,0,1960,20
65317,1966,USA,Wading,M,8.0,0,1960,20
65318,1966,USA,Diving for sand dollars,M,16.0,0,1960,20
65319,1966,USA,Killing a shark,M,34.0,0,1960,20
65320,1966,USA,Fishing,M,14.0,0,1960,20
65321,1966,TAIWAN,Swimming,M,20.0,1,1960,20
65322,1966,PAPUA NEW GUINEA,Swimming,F,25.0,1,1960,20
65323,1966,USA,Free diving,M,46.0,0,1960,20
65324,1966,CARIBBEAN SEA,Unknown,Unknown,24.0,0,1960,20
65325,1966,USA,Clamming,M,15.0,0,1960,20
65326,1966,USA,Fishing,M,18.0,0,1960,20
65327,1966,USA,Swimming,M,18.0,0,1960,20
65328,1966,FRENCH POLYNESIA,Fishing,M,24.0,0,1960,20
65329,1966,AUSTRALIA,Sinking of the dredge World Atlas,M,40.0,1,1960,20
65330,1966,AUSTRALIA,Fishing,M,24.0,0,1960,20
65331,1966,AUSTRALIA,Shipwreck,M,38.0,1,1960,20
65332,1966,USA,Spearfishing / Scuba diving,M,24.0,0,1960,20
65333,1966,PHILIPPINES,The passenger ship Pioneer Cebu  capsized & sank in Typhoon Irma,M,24.0,1,1960,20
65334,1966,USA,Swimming,M,25.0,0,1960,20
65335,1966,AUSTRALIA,Overturned skiff,M,24.0,0,1960,20
65336,1966,AUSTRALIA,Fishing (big game),Unknown,24.0,0,1960,20
65337,1966,SUDAN,"The World Liberty and the tanker Mosli collided. The  Halcyon Breeze sent a lifeboat to the rescue, but it was smashed, throwing 6 men in the  water.",M,24.0,1,1960,20
65338,1966,AUSTRALIA,Treading water,M,13.0,0,1960,20
65339,1966,SOUTH AFRICA,Helping men land a shark,M,33.0,0,1960,20
65340,1966,INDONESIA,wreck of the State Oil Company ship Permina,Unknown,24.0,1,1960,20
65341,1966,USA,Free diving / spearfishing (resting on the surface),M,29.0,0,1960,20
65342,1966,AUSTRALIA,Spearfishing,M,30.0,0,1960,20
65343,1966,COLUMBIA,Colombian  (Avianca) DC-4 airliner plunged into the sea 5 minutes after takeoff,Unknown,24.0,1,1960,20
65344,1966,SOUTH AFRICA,Standing,M,16.0,0,1960,20
65345,1966,AUSTRALIA,Jumped into the water,M,43.0,0,1960,20
65346,1966,SOUTH AFRICA,Body surfing,M,15.0,0,1960,20
65347,1966,NEW ZEALAND,Body surfing,F,15.0,1,1960,20
65348,1966,USA,Swimming,M,35.0,0,1960,20
65349,1966,USA,Walking,F,15.0,0,1960,20
65350,1965,AUSTRALIA,"Spearfishing, but standing in knee-deep water",M,40.0,0,1960,20
65351,1965,JOHNSTON ISLAND,Freediving,M,24.0,0,1960,20
65352,1965,AUSTRALIA,Fishing,Unknown,24.0,0,1960,20
65353,1965,AUSTRALIA,Fishing from 34' boat when pulled overboard by hooked shark,M,43.0,1,1960,20
65354,1965,PACIFIC OCEAN,"Hauling dead shark aboard, when another shark leapt out of the water & bit him",M,44.0,0,1960,20
65355,1965,PANAMA,Argentine Air Force C-54,Unknown,24.0,0,1960,20
65356,1965,AUSTRALIA,Surfing,M,24.0,0,1960,20
65357,1965,Unknown,The boat Caribou II sank,M,39.0,0,1960,20
65358,1965,BAHAMAS,Sunbathing on beach when he saw child being attacked by the shark,M,32.0,0,1960,20
65359,1965,BAHAMAS,Playing in the water,F,24.0,1,1960,20
65360,1965,NEW BRITAIN,"Spearfishing, shot a turtle",M,15.0,1,1960,20
65361,1965,PAPUA NEW GUINEA,Wading,M,27.0,0,1960,20
65362,1965,PAPUA NEW GUINEA,Spearing fish,M,24.0,0,1960,20
65363,1965,PAPUA NEW GUINEA,Fishing (rod & line),M,24.0,0,1960,20
65364,1965,MEXICO,Unknown,M,23.0,0,1960,20
65365,1965,PHILIPPINES,"Arsinoe, a French tanker",M,24.0,0,1960,20
65366,1965,USA,Swimming,M,15.0,0,1960,20
65367,1965,BAHAMAS,Attempting to anesthetize shark,M,24.0,0,1960,20
65368,1965,MEXICO,Bathing,M,25.0,1,1960,20
65369,1965,BERMUDA,Unknown,Unknown,24.0,0,1960,20
65370,1965,USA,Wading,M,6.0,0,1960,20
65371,1965,USA,"Diving, retrieving film package from Titan 3C rocket",M,24.0,0,1960,20
65372,1965,MEXICO,Swimming,M,38.0,0,1960,20
65373,1965,PAPUA NEW GUINEA,Spearfishing,M,24.0,0,1960,20
65374,1965,SOUTH PACIFIC OCEAN,Treading water,M,24.0,1,1960,20
65375,1965,MEXICO,Swimming,M,24.0,1,1960,20
65376,1965,MEXICO,Swimming,M,24.0,1,1960,20
65377,1965,EGYPT,Standing,M,24.0,0,1960,20
65378,1965,JAMAICA,Diving,M,24.0,0,1960,20
65379,1965,MEXICO,Swimming,M,35.0,0,1960,20
65380,1965,USA,Unknown,M,49.0,0,1960,20
65381,1965,USA,Surfing,M,19.0,0,1960,20
65382,1965,USA,Spearfishing,M,28.0,0,1960,20
65383,1965,PALAU,Walking on reef,M,8.0,0,1960,20
65384,1965,USA,Paddling on surfboard,M,17.0,0,1960,20
65385,1965,USA,Aircraft exploded,M,24.0,0,1960,20
65386,1965,USA,Free diving,M,16.0,0,1960,20
65387,1965,SOUTH AFRICA,Treading water,M,25.0,0,1960,20
65388,1965,USA,Scuba diving,M,18.0,0,1960,20
65389,1965,USA,Motor boat Rebel Belle lost,M,21.0,0,1960,20
65390,1965,SOUTH AFRICA,Paddling rescue ski,M,22.0,0,1960,20
65391,1965,SOUTH AFRICA,Body surfing,M,20.0,0,1960,20
65392,1965,AUSTRALIA,Swimming,M,24.0,0,1960,20
65393,1965,NEW GUINEA,Free diving,M,30.0,1,1960,20
65394,1965,USA,Dangling feet in the water,M,13.0,0,1960,20
65395,1965,USA,Surfing,M,24.0,0,1960,20
65396,1965,USA,Collecting marine specimens,M,24.0,0,1960,20
65397,1965,RED SEA,Standing in waist-deep water,M,24.0,0,1960,20
65398,1965,EGYPT,"Spearfishing, but standing in the water",M,25.0,0,1960,20
65399,1965,VANUATU,Unknown,M,24.0,1,1960,20
65400,1965,SOUTH AFRICA,Bather,Unknown,24.0,0,1960,20
65401,1964,SOUTH AFRICA,Swimming,M,19.0,0,1960,20
65402,1964,PAPUA NEW GUINEA,Unknown,M,24.0,0,1960,20
65403,1964,AUSTRALIA,Fishing,Unknown,24.0,0,1960,20
65404,1964,PAPUA NEW GUINEA,"Canoe swamped, swimming back to canoe",M,28.0,0,1960,20
65405,1964,KENYA,Fishing with hand line tied to wrist & was pulled into the water,M,10.0,1,1960,20
65406,1964,AUSTRALIA,Free diving with seals,M,25.0,0,1960,20
65407,1964,AUSTRALIA,Swimming out to rescue swimmers in difficulty,M,29.0,1,1960,20
65408,1964,AUSTRALIA,"Filming underwater, carrying powerhead",M,25.0,0,1960,20
65409,1964,USA,Longline fishing,Unknown,24.0,0,1960,20
65410,1964,SOUTH AFRICA,Surf fishing,M,24.0,0,1960,20
65411,1964,USA,Boat Miss Becky  sank 12 miles from shore,Unknown,24.0,0,1960,20
65412,1964,AUSTRALIA,"Surfing, but swimming to his board",M,19.0,0,1960,20
65413,1964,Unknown,Spearfishing,M,24.0,0,1960,20
65414,1964,TAIWAN,Swimming,M,32.0,1,1960,20
65415,1964,TAIWAN,Swimming,M,20.0,0,1960,20
65416,1964,USA,Swimming,M,14.0,0,1960,20
65417,1964,MEXICO,Floating on his back in an inner tube,M,19.0,0,1960,20
65418,1964,USA,Spearfishing / free diving,M,18.0,0,1960,20
65419,1964,USA,Swimming,M,24.0,0,1960,20
65420,1964,USA,Spearfishing using scuba,M,28.0,0,1960,20
65421,1964,JAPAN,Swimming,M,12.0,0,1960,20
65422,1964,PANAMA,Free diving / Spearfishingat edge of reef,M,21.0,0,1960,20
65423,1964,USA,Unknown,M,22.0,0,1960,20
65424,1964,SOUTH AFRICA,Searching for remains of  Dr. Marais,M,30.0,0,1960,20
65425,1964,USA,"Yacht Gooney Bird foundered, 4 survivors on raft",Unknown,24.0,0,1960,20
65426,1964,SOUTH AFRICA,Spearfishing,M,52.0,1,1960,20
65427,1964,USA,Tagging sharks,M,24.0,0,1960,20
65428,1964,PAPUA NEW GUINEA,Standing / fishing,M,24.0,1,1960,20
65429,1964,PAPUA NEW GUINEA,canoeing,Unknown,24.0,0,1960,20
65430,1964,BERMUDA,Conducting a promotional film project for the Gemini space program (a practice astronaut recovery),Unknown,24.0,1,1960,20
65431,1964,USA,Attempting to swim across the Atlantic Ocean,F,29.0,0,1960,20
65432,1964,USA,Fishing,Unknown,24.0,0,1960,20
65433,1964,PAPUA NEW GUINEA,Fishing,M,24.0,0,1960,20
65434,1964,FIJI,Spearfishing,M,23.0,0,1960,20
65435,1964,SOUTH AFRICA,Swimming,M,40.0,0,1960,20
65436,1964,PANAMA,Standing,M,47.0,0,1960,20
65437,1964,FIJI,Spearfishing,M,35.0,1,1960,20
65438,1964,PANAMA,Skin diving,M,13.0,1,1960,20
65439,1964,PAPUA NEW GUINEA,Fishing,M,24.0,1,1960,20
65440,1964,AUSTRALIA,Surfing,M,19.0,0,1960,20
65441,1964,PAPUA NEW GUINEA,"Canoe capsized with 10 occupants, 8 survived,  Hamilton swam off to seek help",M,32.0,1,1960,20
65442,1964,USA,Skin diving,M,38.0,0,1960,20
65443,1964,SENEGAL,Free diving for shell,M,24.0,0,1960,20
65444,1964,FIJI,Fishing,Unknown,24.0,0,1960,20
65445,1964,NEW CALEDONIA,Diving for trochus shell,M,15.0,1,1960,20
65446,1964,FIJI,Spearfishing,M,17.0,1,1960,20
65447,1964,NEW ZEALAND,preparing to go skin diving,M,24.0,0,1960,20
65448,1964,NEW ZEALAND,Spearfishing,M,26.0,0,1960,20
65449,1964,SOUTH AFRICA,Body boarding,M,25.0,0,1960,20
65450,1964,NEW ZEALAND,Lying in 2 feet of water,M,24.0,0,1960,20
65451,1964,NEW ZEALAND,Swimming,M,19.0,1,1960,20
65452,1964,AUSTRALIA,Swimming,M,23.0,0,1960,20
65453,1964,NEW ZEALAND,Rowing,Unknown,24.0,0,1960,20
65454,1964,USA,Floating,M,12.0,0,1960,20
65455,1964,COSTA RICA,Swimming,M,24.0,1,1960,20
65456,1964,FIJI,Spearfishing,Unknown,24.0,1,1960,20
65457,1964,SOUTH AFRICA,Body surfing,M,39.0,0,1960,20
65458,1964,SOUTH AFRICA,Standing,M,17.0,0,1960,20
65459,1964,SOUTH AFRICA,Shark watching,Unknown,24.0,0,1960,20
65460,1964,AUSTRALIA,Freediving,M,24.0,0,1960,20
65461,1964,USA,Spearfishing / Scuba diving (at surface),M,21.0,0,1960,20
65462,1964,PAPUA NEW GUINEA,Fishing,M,24.0,1,1960,20
65463,1964,FIJI,Swimming,F,20.0,0,1960,20
65464,1964,AUSTRALIA,Unknown,Unknown,24.0,0,1960,20
65465,1964,SOUTH AFRICA,Diving for sinkers,M,24.0,0,1960,20
65466,1964,NEW ZEALAND,Snorkeling,M,24.0,0,1960,20
65467,1963,SOUTH AFRICA,Standing,F,20.0,0,1960,20
65468,1963,SOUTH AFRICA,Swimming,M,24.0,0,1960,20
65469,1963,AUSTRALIA,Sitting on gunwale of boat,M,24.0,0,1960,20
65470,1963,SOUTH AFRICA,Swimming,M,18.0,1,1960,20
65471,1963,ATLANTIC OCEAN,"Greek steamship Lakonia caught fire, 98 of her 646 passengers, and 30 of her crew of 376 perished",F,24.0,0,1960,20
65472,1963,SOUTH AFRICA,Helping friend land hooked shark,M,13.0,0,1960,20
65473,1963,AUSTRALIA,Fishing,M,24.0,0,1960,20
65474,1963,SOUTH AFRICA,Spearfishing,M,24.0,0,1960,20
65475,1963,SOUTH AFRICA,Splashing in surf,M,15.0,1,1960,20
65476,1963,AUSTRALIA,Spearfishing,M,23.0,0,1960,20
65477,1963,NEW BRITAIN,Spearfishing,M,22.0,1,1960,20
65478,1963,NEW ZEALAND,Treading water while alongside capsized yacht,M,20.0,0,1960,20
65479,1963,PAPUA NEW GUINEA,Fishing / standing in waist deep water,F,18.0,0,1960,20
65480,1963,FIJI,Fishing,F,21.0,0,1960,20
65481,1963,FIJI,Spearing fish,M,25.0,0,1960,20
65482,1963,ITALY,Spearfishing,M,28.0,0,1960,20
65483,1963,AUSTRALIA,Catching sharks under government contract,M,24.0,0,1960,20
65484,1963,USA,Testing anti-shark cage,M,24.0,0,1960,20
65485,1963,PAPUA NEW GUINEA,Wading,M,24.0,0,1960,20
65486,1963,PALAU,Fishing,M,35.0,0,1960,20
65487,1963,USA,"Surf fishing, wading",M,28.0,0,1960,20
65488,1963,NORTH PACIFIC OCEAN,Fishing for sharks,M,20.0,0,1960,20
65489,1963,CHILE,Spearfishing / free diving,M,24.0,1,1960,20
65490,1963,USA,"Commercial fishing vessel, Ev-nn, struck object & sank. Ken Crosby and  Jame & Ann Dumas adrift on makeshift raft.",Unknown,25.0,0,1960,20
65491,1963,SOLOMON ISLANDS,Spearing fish,M,30.0,1,1960,20
65492,1963,AUSTRALIA,Surfing,M,18.0,0,1960,20
65493,1963,USA,"Spearfishing, pulled sharks tail",M,16.0,0,1960,20
65494,1963,DOMINICAN REPUBLIC,"Swimming, when caught in heavy seas",M,23.0,1,1960,20
65495,1963,FEDERATED STATES OF MICRONESIA,Spearfishing,M,26.0,0,1960,20
65496,1963,USA,Bathing,M,14.0,0,1960,20
65497,1963,USA,"Fishing, on charter boat Silver Dollar",M,24.0,0,1960,20
65498,1963,JAMAICA,63' fishing boat Sno' Bay foundered,Unknown,24.0,1,1960,20
65499,1963,PANAMA,"Seining for bait, standing in chest-deep water",M,24.0,1,1960,20
65500,1963,GREECE,Swimming,F,42.0,1,1960,20
65501,1963,PAPUA NEW GUINEA,Fishing,M,30.0,0,1960,20
65502,1963,USA,Swimming,M,24.0,0,1960,20
65503,1963,PHILIPPINES,"Boat, with 42 passengers onboard, capsized in rough seas",Unknown,24.0,1,1960,20
65504,1963,AUSTRALIA,Fishing,M,24.0,0,1960,20
65505,1963,USA,Swimming,M,25.0,1,1960,20
65506,1963,SOUTH AFRICA,Swimming,M,15.0,0,1960,20
65507,1963,AUSTRALIA,"Surfing on ""chest board"" (boogie board?)",M,25.0,0,1960,20
65508,1963,USA,Surfing,M,15.0,0,1960,20
65509,1963,USA,Washed into sea while picking opihi,M,24.0,0,1960,20
65510,1963,SOLOMON ISLANDS,The 500-ton coastal trader Polurrian foundered,M,24.0,1,1960,20
65511,1963,PAPUA NEW GUINEA,Swimming,M,24.0,0,1960,20
65512,1963,AUSTRALIA,Spearfishing,M,18.0,0,1960,20
65513,1963,FIJI,Spearfishing,M,28.0,0,1960,20
65514,1963,MAURITIUS,Unknown,M,24.0,0,1960,20
65515,1963,USA,"S.S. Marine Sulphur Queen, laden with molten sulphur was bound from Beaumont, Texas for Norfolk, VA, when she disappeared with 39 on board",M,24.0,0,1960,20
65516,1963,FIJI,Freediving,M,41.0,0,1960,20
65517,1963,AUSTRALIA,Wading,F,32.0,1,1960,20
65518,1963,AUSTRALIA,Swimming,M,25.0,0,1960,20
65519,1963,SOUTH AFRICA,Fishing,Unknown,24.0,0,1960,20
65520,1963,NEW ZEALAND,Fishing,Unknown,14.0,0,1960,20
65521,1963,SOUTH AFRICA,Fishing,M,24.0,0,1960,20
65522,1963,SOUTH AFRICA,"Free diving, hunting crayfish",M,27.0,0,1960,20
65523,1963,SOUTH AFRICA,Spearfishing,M,24.0,0,1960,20
65524,1963,AUSTRALIA,Shark fishing,Unknown,24.0,0,1960,20
65525,1963,MOZAMBIQUE,Unknown,Unknown,24.0,0,1960,20
65526,1963,FIJI,Unknown,Unknown,24.0,0,1960,20
65527,1963,SEYCHELLES,Fishing for turtles,M,24.0,1,1960,20
65528,1962,SOUTH AFRICA,Scuba diving,M,24.0,0,1960,20
65529,1962,AUSTRALIA,Spearfishing,M,16.0,1,1960,20
65530,1962,SOUTH AFRICA,Fishing,Unknown,24.0,0,1960,20
65531,1962,AUSTRALIA,"Spearfishing, Scuba diving",M,26.0,0,1960,20
65532,1962,AUSTRALIA,Unknown,M,24.0,0,1960,20
65533,1962,USA,Spearfishing / Scuba diving (at surface),M,24.0,0,1960,20
65534,1962,AUSTRALIA,Fishing,Unknown,24.0,0,1960,20
65535,1962,MID ATLANTIC OCEAN,Abandoning burning ship Captain George in raging seas,M,24.0,0,1960,20
65536,1962,SOUTH AFRICA,Spearfishing,M,30.0,0,1960,20
65537,1962,MEXICO,Wading,M,32.0,1,1960,20
65538,1962,ADMIRALTY ISLANDS,Unknown,M,26.0,0,1960,20
65539,1962,AUSTRALIA,Adrift after wave swamped engine,M,24.0,0,1960,20
65540,1962,USA,"Overcome by CO fumes, fell overboard from 36' fishing cruiser & prop slashed arm",F,43.0,0,1960,20
65541,1962,PANAMA,Sitting in shallows,M,1.0,1,1960,20
65542,1962,BRITISH WEST INDIES,Spearfishing,M,24.0,0,1960,20
65543,1962,MEXICO,Swimming,M,20.0,0,1960,20
65544,1962,SOUTH ATLANTIC OCEAN,"When  a deckhand  jumped overboard, McIver dived after him with a rescue line.",M,29.0,1,1960,20
65545,1962,ITALY,Spearfishing with Scuba gear,M,28.0,1,1960,20
65546,1962,ISRAEL,Fishing,M,24.0,0,1960,20
65547,1962,TURKEY,Unknown,M,24.0,0,1960,20
65548,1962,PAPUA NEW GUINEA,Fishing,M,49.0,0,1960,20
65549,1962,USA,Diving for abalone,M,39.0,0,1960,20
65550,1962,USA,Unknown,Unknown,24.0,0,1960,20
65551,1962,SOUTH AFRICA,Fishing,Unknown,24.0,0,1960,20
65552,1962,USA,Surf fishing in waist-deep water,M,40.0,1,1960,20
65553,1962,USA,Standing,M,24.0,0,1960,20
65554,1962,PAPUA NEW GUINEA,Spearfishing,M,24.0,1,1960,20
65555,1962,ITALY,Diving,M,24.0,0,1960,20
65556,1962,SENEGAL,Beach seine netting,M,23.0,0,1960,20
65557,1962,USA,Standing,M,21.0,0,1960,20
65558,1962,MADAGASCAR,Finning the shark,M,20.0,0,1960,20
65559,1962,USA,Fishing for albacore,M,19.0,0,1960,20
65560,1962,USA,Playing in surf with his child  (9),M,41.0,0,1960,20
65561,1962,USA,Dived from inner-tube,M,13.0,0,1960,20
65562,1962,GREECE,Unknown,Unknown,24.0,0,1960,20
65563,1962,USA,U.S. Airforce crewman reported missing after bailing out of jet,M,24.0,0,1960,20
65564,1962,SOUTH AFRICA,"On a ""shark hunt""",Unknown,24.0,0,1960,20
65565,1962,USA,Rolled off raft,M,11.0,0,1960,20
65566,1962,USA,Escaping from Alacatraz,M,31.0,0,1960,20
65567,1962,USA,Escaping from Alacatraz,M,32.0,1,1960,20
65568,1962,USA,Escaping from Alacatraz,M,35.0,1,1960,20
65569,1962,PAPUA NEW GUINEA,Washing,M,24.0,1,1960,20
65570,1962,USA,Standing,M,13.0,0,1960,20
65571,1962,AUSTRALIA,Fishing,Unknown,24.0,0,1960,20
65572,1962,USA,"Scuba diving, attempting to catch a captive shark",M,55.0,0,1960,20
65573,1962,USA,Free diving,M,31.0,0,1960,20
65574,1962,USA,Unknown,M,17.0,0,1960,20
65575,1962,USA,25-foot cabin cruiser Happy Jack sank in heavy seas,Unknown,24.0,1,1960,20
65576,1962,FIJI,Fishing,Unknown,24.0,0,1960,20
65577,1962,AUSTRALIA,Fishing,Unknown,24.0,0,1960,20
65578,1962,MOZAMBIQUE,Swimming,M,16.0,0,1960,20
65579,1962,SOUTH AFRICA,Wading,M,13.0,0,1960,20
65580,1962,SOUTH AFRICA,Fishing,Unknown,24.0,0,1960,20
65581,1962,NEW ZEALAND,Unknown,M,24.0,0,1960,20
65582,1962,AUSTRALIA,Fishing & spearfishing,Unknown,24.0,0,1960,20
65583,1962,PAPUA NEW GUINEA,Swimming,M,10.0,1,1960,20
65584,1962,PAPUA NEW GUINEA,Swimming along a row of nets,M,24.0,0,1960,20
65585,1962,NEW ZEALAND,Swimming,M,15.0,0,1960,20
65586,1962,AUSTRALIA,Fishing for snappers & cleaning mullet. Put mullet over side of boat to wash it,M,24.0,0,1960,20
65587,1962,SOUTH AFRICA,Swimming,M,22.0,1,1960,20
65588,1962,SOUTH AFRICA,Treading water,M,13.0,1,1960,20
65589,1962,AUSTRALIA,Swimming,M,35.0,0,1960,20
65590,1962,NEW ZEALAND,Fishing,Unknown,24.0,0,1960,20
65591,1962,SOLOMON ISLANDS,Swimming outside fishing net,M,24.0,1,1960,20
65592,1962,NEW ZEALAND,Splashing,M,18.0,0,1960,20
65593,1962,MOZAMBIQUE,Unknown,M,16.0,0,1960,20
65594,1962,AUSTRALIA,Spearfishing,M,19.0,0,1960,20
65595,1962,SOUTH AFRICA,"Fishing, slipped on rocks & fell into sea",M,40.0,0,1960,20
65596,1962,NEW ZEALAND,Fishing,Unknown,24.0,0,1960,20
65597,1962,NEW ZEALAND,Spearfishing,M,44.0,0,1960,20
65598,1962,USA,Spearfishing / Scuba diving (at surface),M,29.0,0,1960,20
65599,1962,AUSTRALIA,Spearfishing,Unknown,24.0,0,1960,20
65600,1962,AUSTRALIA,Surfing,M,19.0,0,1960,20
65601,1962,AUSTRALIA,Fishing,Unknown,24.0,0,1960,20
65602,1962,PAPUA NEW GUINEA,Spearfishing,M,24.0,0,1960,20
65603,1962,NEW ZEALAND,Surf fishing,F,54.0,0,1960,20
65604,1962,AUSTRALIA,Fishing for sharks,Unknown,24.0,0,1960,20
65605,1962,AUSTRALIA,Swimming,M,25.0,0,1960,20
65606,1962,AUSTRALIA,Rowing,Unknown,24.0,0,1960,20
65607,1962,AUSTRALIA,Surfing,Unknown,24.0,0,1960,20
65608,1962,SOUTH AFRICA,Fishing,Unknown,24.0,0,1960,20
65609,1962,AUSTRALIA,Fishing,Unknown,24.0,0,1960,20
65610,1962,MARSHALL ISLANDS,Fishing with hand net in 2' of water,M,57.0,0,1960,20
65611,1962,SPAIN,Dangling feet in the water,F,24.0,0,1960,20
65612,1962,INDONESIA,Unknown,Unknown,24.0,1,1960,20
65613,1962,AUSTRALIA,Diving,M,24.0,0,1960,20
65614,1961,AUSTRALIA,Standing,F,18.0,1,1960,20
65615,1961,AUSTRALIA,Standing,M,24.0,0,1960,20
65616,1961,SOUTH AFRICA,Treading water,M,18.0,0,1960,20
65617,1961,AUSTRALIA,Spearfishing,M,23.0,0,1960,20
65618,1961,AUSTRALIA,"Fishing, hauling in a 5-lb snapper",Unknown,24.0,0,1960,20
65619,1961,MOZAMBIQUE,Bathing,M,20.0,0,1960,20
65620,1961,AUSTRALIA,"Surfing, pushing board ashore",M,22.0,1,1960,20
65621,1961,AUSTRALIA,Swimming with other crew near wharf,M,17.0,0,1960,20
65622,1961,MEXICO,Unknown,Unknown,24.0,0,1960,20
65623,1961,PHILIPPINES,Gathering shells,M,24.0,0,1960,20
65624,1961,USA,Swimming,M,45.0,0,1960,20
65625,1961,VANUATU,Paddling outrigger canoe,M,24.0,0,1960,20
65626,1961,USA,Unknown,M,45.0,1,1960,20
65627,1961,USA,Unknown,M,16.0,0,1960,20
65628,1961,CROATIA,Swimming,M,19.0,1,1960,20
65629,1961,TANZANIA,Fishing,M,42.0,0,1960,20
65630,1961,MID ATLANTIC OCEAN,"Survived US Naval aircraft crash, climbing onboard rescue vessel when he fell back into sea",M,22.0,0,1960,20
65631,1961,PERSIAN GULF,"Free diving, surveying a pipeline & examing cathodes under jetty",M,24.0,0,1960,20
65632,1961,ITALY,Fishing,M,33.0,0,1960,20
65633,1961,AUSTRALIA,Attaching a line at sea,Unknown,24.0,0,1960,20
65634,1961,USA,Swimming,M,16.0,0,1960,20
65635,1961,USA,Wading,M,19.0,0,1960,20
65636,1961,BERMUDA,Spearfishing,M,22.0,0,1960,20
65637,1961,USA,"Net fishing, picking catch from the net",M,38.0,0,1960,20
65638,1961,PAPUA NEW GUINEA,"Fishing, two large sharks passed. He speared one and it bit him",M,24.0,0,1960,20
65639,1961,USA,Spearfishing,M,57.0,0,1960,20
65640,1971,TURKEY,Swimming,M,16.0,0,1970,20
65641,1961,AUSTRALIA,Shark fishing,Unknown,24.0,0,1960,20
65642,1961,ITALY,Spearfishing,M,21.0,0,1960,20
65643,1961,PANAMA,Fishing (trolling)  from canoe,M,10.0,1,1960,20
65644,1961,USA,Scuba diving & spearfishing,M,23.0,1,1960,20
65645,1961,USA,Standing,M,25.0,0,1960,20
65646,1961,USA,Spearfishing on Scuba,M,24.0,0,1960,20
65647,1961,NEW BRITAIN,Spearfishing,M,24.0,0,1960,20
65648,1961,PAPUA NEW GUINEA,"Fishing, speared shark upset canoe & man fell in water",M,19.0,0,1960,20
65649,1961,USA,Free diving for abalone,M,20.0,0,1960,20
65650,1961,NEW BRITAIN,Collecting dynamited fish,M,24.0,0,1960,20
65651,1961,USA,Walking in chest-deep water,M,52.0,0,1960,20
65652,1961,AUSTRALIA,Spearfishing,M,24.0,0,1960,20
65653,1961,USA,Splashing,M,10.0,0,1960,20
65654,1961,AUSTRALIA,Spearfishing,M,24.0,0,1960,20
65655,1961,MOZAMBIQUE,Swimming,M,37.0,0,1960,20
65656,1961,SOUTH AFRICA,Diving,M,24.0,0,1960,20
65657,1961,USA,Spearfishing,M,22.0,0,1960,20
65658,1961,AUSTRALIA,Spearfishing,M,21.0,0,1960,20
65659,1961,AUSTRALIA,"Checking fish traps, fell into the water",M,40.0,0,1960,20
65660,1961,MOZAMBIQUE,"Swimming, using bundles of sticks as raft",M,38.0,1,1960,20
65661,1961,PERSIAN GULF,Cargo ship Dara sank after collision with another ship during a severe storm,Unknown,24.0,1,1960,20
65662,1961,AUSTRALIA,Spearfishing,M,24.0,0,1960,20
65663,1961,AUSTRALIA,Spearfishing,M,24.0,0,1960,20
65664,1961,AUSTRALIA,Spearfishing,M,24.0,0,1960,20
65665,1961,AUSTRALIA,Swimming,M,24.0,0,1960,20
65666,1961,AUSTRALIA,Fishing from dinghy,F,24.0,0,1960,20
65667,1961,AUSTRALIA,Spearfishing,M,21.0,0,1960,20
65668,1961,NORTH PACIFIC OCEAN,Free diving,M,33.0,0,1960,20
65669,1961,SOUTH AFRICA,Fishing,M,44.0,0,1960,20
65670,1961,FIJI,Floating on back,M,24.0,0,1960,20
65671,1961,USA,Cleaning a tank,M,30.0,0,1960,20
65672,1961,AUSTRALIA,Standing,F,24.0,0,1960,20
65673,1961,JAMAICA,Unknown,M,24.0,1,1960,20
65674,1961,SOUTH AFRICA,"Spearfishing, shark grabbed his white t-shirt and towed him",M,27.0,0,1960,20
65675,1961,SOUTH AFRICA,Swimming,M,14.0,1,1960,20
65676,1961,AUSTRALIA,Collecting crayfish,M,24.0,0,1960,20
65677,1961,USA,Unknown,M,24.0,0,1960,20
65678,1961,SOUTH AFRICA,Fishing for kob,Unknown,24.0,0,1960,20
65679,1961,SOUTH AFRICA,Swimming,M,15.0,0,1960,20
65680,1961,AUSTRALIA,Collecting aquarium specimens,M,27.0,0,1960,20
65681,1961,SOUTH AFRICA,Standing,M,13.0,0,1960,20
65682,1961,ATLANTIC OCEAN,Pacific Seafarer of US Navy,Unknown,24.0,1,1960,20
65683,1961,AUSTRALIA,Fishing,M,24.0,0,1960,20
65684,1961,MOZAMBIQUE,Swimming,M,24.0,0,1960,20
65685,1961,SOUTH AFRICA,Standing,M,25.0,0,1960,20
65686,1961,SOUTH AFRICA,Unknown,Unknown,24.0,0,1960,20
65687,1961,AUSTRALIA,Ocean racing,Unknown,24.0,0,1960,20
65688,1961,AUSTRALIA,Fishing for mackerel,Unknown,24.0,0,1960,20
65689,1961,COLUMBIA,Taking boat from California to Florida when it ran aground & he was swimming back to boat,M,24.0,0,1960,20
65690,1961,NEW CALEDONIA,Spearfishing,Unknown,24.0,0,1960,20
65691,1961,SENEGAL,Free diving for molluscs,M,20.0,1,1960,20
65692,1961,USA,Light aircraft ditched at sea,Unknown,24.0,1,1960,20
65693,1960,USA,Swept out to sea while net fishing,M,24.0,1,1960,20
65694,1960,AUSTRALIA,Unknown,F,27.0,0,1960,20
65695,1960,SOUTH AFRICA,Swimming,M,25.0,1,1960,20
65696,1960,AUSTRALIA,"Fishing, when line became snagged on rock & he dived into water to free it",M,33.0,0,1960,20
65697,1960,AUSTRALIA,Fishing,M,24.0,0,1960,20
65698,1960,AUSTRALIA,Swimming,M,41.0,0,1960,20
65699,1960,USA,"Fell overboard, prop slashed arm",F,51.0,0,1960,20
65700,1960,AUSTRALIA,Chasing shark out of bathing area while riding on a surf-ski,M,17.0,0,1960,20
65701,1960,AUSTRALIA,"Spearfishing, speared fish retreated to cave where shark grabbed his arm",M,24.0,0,1960,20
65702,1960,SOUTH AFRICA,Hand lining for shad,Unknown,24.0,0,1960,20
65703,1960,NEW GUINEA,Unknown,M,24.0,0,1960,20
65704,1960,PAPUA NEW GUINEA,Fishing,M,24.0,1,1960,20
65705,1960,USA,Ejected from F3H-2 aircraft,M,36.0,0,1960,20
65706,1960,SOUTH AFRICA,Fishing for rock lobsters,Unknown,24.0,0,1960,20
65707,1960,AUSTRALIA,Fishing,M,24.0,0,1960,20
65708,1960,PAPUA NEW GUINEA,Collecting shells,M,26.0,0,1960,20
65709,1960,RED SEA / INDIAN OCEAN,Cargo ship El Gamil entroute Suez to Yemen (Aden) when her cargo shifted and she sank. 19 Egyption sailors jumped into the water and swam for several hours before being bitten by sharks,M,24.0,1,1960,20
65710,1960,USA,Diving,M,24.0,0,1960,20
65711,1960,SOUTH AFRICA,Fishing,Unknown,24.0,0,1960,20
65712,1960,JOHNSTON ISLAND,"Free diving / photography, kneeling on sand",M,37.0,0,1960,20
65713,1960,USA,Fishing inside net,M,24.0,0,1960,20
65714,1960,PACIFIC OCEAN,R5D aircraft went down with 29 on board,M,24.0,0,1960,20
65715,1960,AUSTRALIA,Unknown,Unknown,24.0,0,1960,20
65716,1960,MARSHALL ISLANDS,Free diving / Spearfishing,M,24.0,0,1960,20
65717,1960,MARSHALL ISLANDS,Free diving / Spearfishing,M,24.0,0,1960,20
65718,1960,USA,Swimming 3 miles offshore,M,25.0,0,1960,20
65719,1960,SENEGAL,Air disaster: crash of Air France Super Constellation,Unknown,24.0,1,1960,20
65720,1960,USA,Aircraft crashed into sea,M,24.0,0,1960,20
65721,1960,USA,Free diving,M,38.0,0,1960,20
65722,1960,PAPUA NEW GUINEA,Free-diving,M,24.0,0,1960,20
65723,1960,USA,Unknown,M,14.0,0,1960,20
65724,1960,USA,Standing in knee-deep water,M,24.0,0,1960,20
65725,1960,MOZAMBIQUE,boat with 46 people on board capsized,Unknown,24.0,0,1960,20
65726,1960,USA,Holding shark on leader & dangling it above the water,M,15.0,0,1960,20
65727,1960,ENGLAND,Helping angler land a shark,M,25.0,0,1960,20
65728,1960,USA,"Fishing, Struck by another shark when removing shark from line",M,46.0,0,1960,20
65729,1960,USA,Swimming from camp,M,24.0,1,1960,20
65730,1960,PAPUA NEW GUINEA,Spearfishing,M,25.0,0,1960,20
65731,1960,USA,Pulling raft out to ride to shore,M,17.0,0,1960,20
65732,1960,USA,"Fishing, tossing netted shark onboard",M,41.0,0,1960,20
65733,1960,PAPUA NEW GUINEA,Fishing,M,24.0,0,1960,20
65734,1960,USA,Surf fishing,M,24.0,0,1960,20
65735,1960,NEW ZEALAND,Shark fishing,Unknown,24.0,0,1960,20
65736,1960,NORTH SEA,Fishing,M,18.0,0,1960,20
65737,1960,USA,Scuba diving,M,39.0,0,1960,20
65738,1960,USA,"Testing classified underwater electronic gear for Raytheon Corporation, vessel torn apart by explosion",M,37.0,0,1960,20
65739,1960,PHILIPPINES,"Diving for shells, saw shark circling wife near the surface, intercepted shark & it pulled him beneath the water",M,58.0,1,1960,20
65740,1960,USA,Swimming,M,24.0,0,1960,20
65741,1960,PANAMA,"Spearfishing, free diving, possibly ascended into path of cruising shark",M,27.0,0,1960,20
65742,1960,BERMUDA,Free diving but treading water at surface,M,25.0,0,1960,20
65743,1960,USA,Swimming,F,16.0,0,1960,20
65744,1960,USA,Unknown,Unknown,24.0,0,1960,20
65745,1960,PAPUA NEW GUINEA,Unknown,Unknown,24.0,1,1960,20
65746,1960,SOUTH AFRICA,Treading water,M,16.0,0,1960,20
65747,1960,USA,Skindiving for abalone (but at surface),M,48.0,0,1960,20
65748,1960,AUSTRALIA,"Fishing, hauling in a set line",M,24.0,0,1960,20
65749,1960,SOUTH AFRICA,Fishing,M,24.0,0,1960,20
65750,1960,BERMUDA,Floating on a raft,M,21.0,0,1960,20
65751,1960,AUSTRALIA,Surfing,M,17.0,0,1960,20
65752,1960,AUSTRALIA,"Spearfishing, shot a sandtiger shark. Cord to spear tangled round his legs & a wave washed him onto a reef.",M,24.0,0,1960,20
65753,1960,AUSTRALIA,Spearfishing,M,24.0,0,1960,20
65754,1960,AUSTRALIA,"Speared a grouper, saw shark but it came for him instead of the fish so he fired spear into sharks mouth. Then shark took grouper but unable to swallow because of the spear in its mouth.",M,24.0,0,1960,20
65755,1960,AUSTRALIA,Shark fishing,Unknown,24.0,0,1960,20
65756,1960,FIJI,Fishing in shoulder-deep water,F,24.0,1,1960,20
65757,1960,PHILIPPINES,"Fishing, hooked shark towed boat out to sea, storm swamped boat",M,24.0,1,1960,20
65758,1960,SOUTH AFRICA,Fishing,Unknown,24.0,0,1960,20
65759,1960,USA,Treading water,M,42.0,0,1960,20
65760,1960,GUAM,"Spearfishing, carrying fish on belt",M,44.0,0,1960,20
65761,1960,AUSTRALIA,"Wading, fishing for flounder",M,30.0,0,1960,20
65762,1960,NEW ZEALAND,Spearfishing,M,22.0,0,1960,20
65763,1960,USA,Spearfishing,M,36.0,0,1960,20
65764,1960,SENEGAL,Fishing,M,24.0,0,1960,20
65765,1960,PAPUA NEW GUINEA,Spearfishing,M,26.0,1,1960,20
65766,1960,AUSTRALIA,Shark fishing,Unknown,24.0,0,1960,20
65767,1960,AUSTRALIA,Spearfishing,M,20.0,0,1960,20
65768,1960,USA,S2F-1 airplane crashed immediately after carrier take-off,Unknown,24.0,0,1960,20
65769,1960,PAPUA NEW GUINEA,Unknown,M,24.0,0,1960,20
65770,1960,Unknown,Portuguese Airliner with 9 people aboard went down.,Unknown,24.0,0,1960,20
65771,1960,AUSTRALIA,Unknown,Unknown,24.0,0,1960,20
65772,1960,AUSTRALIA,Free diving,M,13.0,1,1960,20
65773,1960,AUSTRALIA,"Fishing, lifting shark out of craypot",M,24.0,0,1960,20
65774,1960,AUSTRALIA,Setting crayfish pots,Unknown,24.0,0,1960,20
65775,1960,SOUTH AFRICA,"Standing, watching seine netters",F,24.0,0,1960,20
65776,1960,NICARAGUA,Bathing,M,24.0,0,1960,20
65777,1960,GRENADA,Spearfishing,M,9.0,0,1960,20
65778,1960,CARIBBEAN SEA,Aircraft crashed into sea,M,24.0,0,1960,20
65779,1960,SRI LANKA,Spearfishing,M,24.0,0,1960,20
65780,1960,SRI LANKA,Collecting ornamental fish,M,24.0,0,1960,20
65781,1960,FIJI,Spearfishing,M,24.0,0,1960,20
65782,1960,PAPUA NEW GUINEA,"Spear fishing, removing fish from spear",M,16.0,1,1960,20
65783,1960,PAPUA NEW GUINEA,Fishing,M,20.0,0,1960,20
65784,1960,MOZAMBIQUE,Swimming,F,5.0,1,1960,20
65785,1960,SOUTH AFRICA,Wading,F,24.0,0,1960,20
65786,1959,AUSTRALIA,Paddling,Unknown,24.0,0,1950,20
65787,1959,AUSTRALIA,Fishing,Unknown,50.0,0,1950,20
65788,1959,PAPUA NEW GUINEA,Swimming underneath house on pilings,Unknown,13.0,1,1950,20
65789,1959,AUSTRALIA,Dived from dinghy to retrieve oar in heavy seas,M,29.0,1,1950,20
65790,1959,PHILIPPINES,ship M.V. Rizal sank during typhoon,M,24.0,1,1950,20
65791,1959,AUSTRALIA,"Spearfishing, Smith  & Walker touched shark with tip of their guns",M,17.0,0,1950,20
65792,1959,AUSTRALIA,Spearfishing,M,24.0,0,1950,20
65793,1959,NEW ZEALAND,Fishing for snapper,M,24.0,0,1950,20
65794,1959,MALDIVE ISLANDS,17 Maldivians adrift in open boat for 31 days,F,3.0,1,1950,20
65795,1959,AUSTRALIA,Body surfing,M,19.0,0,1950,20
65796,1959,AUSTRALIA,Standing in chest-deep water,M,17.0,0,1950,20
65797,1959,AUSTRALIA,Trailing the field in a surf race,M,19.0,0,1950,20
65798,1959,USA,National Airlines DC7B enroute from Miami to Los Angeles with 42 or 46 people on board went down in heavy fog,Unknown,24.0,0,1950,20
65799,1959,SOUTH AFRICA,Fishing for tunny,Unknown,24.0,0,1950,20
65800,1959,AUSTRALIA,Shark fishing,Unknown,24.0,0,1950,20
65801,1959,USA,Swimming at surface through school of feeding 2.5' to 5 sharks,M,21.0,0,1950,20
65802,1959,AUSTRALIA,"Spearfishing, shot shark, hauled it onto boat",M,24.0,0,1950,20
65803,1959,PAPUA NEW GUINEA,Fishing,M,24.0,0,1950,20
65804,1959,MOZAMBIQUE,Swimming,M,24.0,1,1950,20
65805,1959,PAPUA NEW GUINEA,Unknown,Unknown,24.0,0,1950,20
65806,1959,USA,Diving for abalone,M,30.0,0,1950,20
65807,1959,FIJI,Dived overboard to retrieve dinghy,M,24.0,1,1950,20
65808,1959,FIJI,Spearfishing,M,36.0,0,1950,20
65809,1959,PHILIPPINES,Swimming,M,28.0,0,1950,20
65810,1959,BERMUDA,Unknown,F,29.0,0,1950,20
65811,1959,USA,"Adrift, hanging onto cushion, after his 17' skiff ran out of gas & capsized 3 miles from shore",M,30.0,0,1950,20
65812,1959,USA,Gigging for flounder,Unknown,24.0,0,1950,20
65813,1959,USA,Pulling hooked salmon to boat,Unknown,24.0,0,1950,20
65814,1959,INDIA,Unknown,Unknown,24.0,1,1950,20
65815,1959,USA,On inflatable raft,M,24.0,0,1950,20
65816,1959,MEXICO,Unknown,F,24.0,1,1950,20
65817,1959,AZORES,Fishing,Unknown,24.0,0,1950,20
65818,1959,AUSTRALIA,Swimming,M,24.0,0,1950,20
65819,1959,JAPAN,Unknown,M,14.0,0,1950,20
65820,1959,PHILIPPINES,The 240-ton motor vessel Pilar II with 100 people on board capsized in high winds & rough seas,M,10.0,0,1950,20
65821,1959,USA,Diving,M,21.0,0,1950,20
65822,1959,USA,Spearfishing on Scuba,M,26.0,1,1950,20
65823,1959,USA,Fishing,M,24.0,0,1950,20
65824,1959,PHILIPPINES,Fishing boat capsized,Unknown,24.0,1,1950,20
65825,1959,USA,"Spearfishing with Joe Turner (24). Shark attracted to speared halibut on belt of one diver, tried to bite Ides speargun & he shot it in the mouth",M,32.0,0,1950,20
65826,1959,CROATIA,Fishing,M,24.0,0,1950,20
65827,1959,JAPAN,Swimming,M,13.0,1,1950,20
65828,1959,USA,Standing,F,15.0,0,1950,20
65829,1959,USA,Wading,M,24.0,0,1950,20
65830,1959,ITALY,Scuba diving,M,34.0,0,1950,20
65831,1959,USA,Pulling anchor,Unknown,24.0,0,1950,20
65832,1959,USA,Spearfishing (but on surface),M,25.0,0,1950,20
65833,1959,JAPAN,Unknown,M,22.0,1,1950,20
65834,1959,USA,Unknown,Unknown,21.0,0,1950,20
65835,1959,USA,Fishing,Unknown,24.0,0,1950,20
65836,1959,USA,Dragging stranded shark ashore,M,24.0,0,1950,20
65837,1959,CARIBBEAN SEA,Columbian petrol barge Rio Atrato burned and sank,Unknown,27.0,1,1950,20
65838,1959,USA,Free diving,M,13.0,0,1950,20
65839,1959,NORTH ATLANTIC OCEAN,Unknown,Unknown,24.0,0,1950,20
65840,1959,MEXICO,Wading,M,24.0,1,1950,20
65841,1959,TURKEY,Unknown,M,24.0,0,1950,20
65842,1959,MEXICO,Swimming ashore from capsized boat,M,24.0,1,1950,20
65843,1959,USA,Free diving for abalone,M,33.0,1,1950,20
65844,1959,USA,Swimming,Unknown,24.0,0,1950,20
65845,1959,SOUTH AFRICA,Spearfishing,M,23.0,0,1950,20
65846,1959,USA,Unknown,F,37.0,0,1950,20
65847,1959,USA,Treading water,M,18.0,1,1950,20
65848,1959,USA,Spearfishing,M,19.0,0,1950,20
65849,1959,MID ATLANTIC OCEAN,Jumped overboard to rescue a man,M,24.0,0,1950,20
65850,1959,AUSTRALIA,Spearfishing,M,22.0,0,1950,20
65851,1959,AUSTRALIA,Diving for pearl shell,M,43.0,0,1950,20
65852,1959,USA,Fishing,M,24.0,0,1950,20
65853,1959,SOUTH AFRICA,Fishing,M,24.0,0,1950,20
65854,1959,AUSTRALIA,Spearfishing,M,24.0,0,1950,20
65855,1959,USA,Swimming,M,13.0,0,1950,20
65856,1959,PHILIPPINES,Lifeboat capsized,M,20.0,1,1950,20
65857,1959,USA,"On boat, preparing to dive",M,24.0,0,1950,20
65858,1959,AUSTRALIA,Fishing for snapper,M,24.0,0,1950,20
65859,1959,VENEZUELA,Fell into water while attempting to boat a swordfish,M,24.0,0,1950,20
65860,1959,PAPUA NEW GUINEA,Fishing,M,24.0,0,1950,20
65861,1959,SOLOMON ISLANDS,Bathing with sister,M,15.0,1,1950,20
65862,1959,SOUTH AFRICA,Treading water,M,14.0,0,1950,20
65863,1959,AUSTRALIA,Working prawn net,M,20.0,0,1950,20
65864,1959,ECUADOR,Washed overboard into school of fish,M,57.0,0,1950,20
65865,1959,AUSTRALIA,Swimming with motor tube,M,16.0,0,1950,20
65866,1959,AUSTRALIA,In deep water about 100 yards from his ship,M,22.0,1,1950,20
65867,1959,AUSTRALIA,"Surfing, but treading water",M,17.0,0,1950,20
65868,1959,SOUTH AFRICA,Swimming,M,18.0,0,1950,20
65869,1959,NEW GUINEA,Dragging banana seeds through the shallows,M,24.0,0,1950,20
65870,1959,MOZAMBIQUE,Swimming ashore from fishing boat swamped and sunk by a squall,M,33.0,1,1950,20
65871,1959,AUSTRALIA,Spearfishing / free diving,M,24.0,0,1950,20
65872,1959,SOUTH KOREA,Swimming,M,24.0,1,1950,20
65873,1959,INDIA,Unknown,Unknown,24.0,1,1950,20
65874,1959,ATLANTIC OCEAN,Paddling & sailing from Buenos Aires to Miami,M,24.0,0,1950,20
65875,1959,PAPUA NEW GUINEA,Spear fishing,M,24.0,0,1950,20
65876,1959,PAPUA NEW GUINEA,Fishing,M,24.0,0,1950,20
65877,1959,PAPUA NEW GUINEA,Unknown,M,24.0,1,1950,20
65878,1959,PAPUA NEW GUINEA,Fishing,M,24.0,0,1950,20
65879,1958,TURKEY,Fishing,Unknown,24.0,0,1950,20
65880,1958,PAPUA NEW GUINEA,Unknown,Unknown,24.0,0,1950,20
65881,1958,SOUTH AFRICA,Swimming,M,14.0,1,1950,20
65882,1958,USA,Surfing on air mattress,M,15.0,1,1950,20
65883,1958,AMERICAN SAMOA,Cleaning hull of ship,M,22.0,1,1950,20
65884,1958,AUSTRALIA,Swimming,M,21.0,1,1950,20
65885,1958,SOUTH AFRICA,Fishing,M,24.0,0,1950,20
65886,1958,PAPUA NEW GUINEA,Spearfishing,M,24.0,1,1950,20
65887,1958,USA,Fishing,Unknown,24.0,0,1950,20
65888,1958,USA,Swimming near jetty,M,15.0,0,1950,20
65889,1958,USA,Unknown,M,60.0,0,1950,20
65890,1958,MEXICO,Slapped shark on tail as it swam by,M,24.0,0,1950,20
65891,1958,PAPUA NEW GUINEA,Collecting shells,M,26.0,0,1950,20
65892,1958,ANDAMAN / NICOBAR ISLANDAS,"""Climbing up to ship after repairing the stern in water""",M,32.0,1,1950,20
65893,1958,BAHAMAS,Fishing,M,42.0,0,1950,20
65894,1958,USA,Spearfishing,M,20.0,0,1950,20
65895,1958,MEXICO,Boat stopped to repair electric pump,Unknown,24.0,0,1950,20
65896,1958,CROATIA,Swimming,F,24.0,0,1950,20
65897,1958,MEXICO,Swimming,F,24.0,1,1950,20
65898,1958,USA,"Swimming, ducking for shells in water 0.9 m deep",M,12.0,0,1950,20
65899,1958,USA,"Swimming, ducking for shells in water 0.9 m deep",M,8.0,0,1950,20
65900,1958,USA,Unknown,M,35.0,1,1950,20
65901,1958,KENYA,Swimming,M,21.0,1,1950,20
65902,1958,PACIFIC OCEAN,U.S. Airforce C124 enroute from Hickham Air Base to Japan went down. The 3 survivors fashioned raft from mailbags  & were rescued 3 days after the crash.,M,24.0,1,1950,20
65903,1958,PACIFIC OCEAN,U.S. Airforce C124 enroute from Hickham Air Base to Japan went down. The 3 survivors fashioned raft from mailbags  & were rescued 3 days after the crash.,M,31.0,0,1950,20
65904,1958,USA,Free diving,M,20.0,0,1950,20
65905,1958,PAPUA NEW GUINEA,Swimming,M,38.0,1,1950,20
65906,1958,BAHAMAS,"Spearfishing, had fish on his spear",M,36.0,0,1950,20
65907,1958,USA,Unknown,M,24.0,0,1950,20
65908,1958,USA,Wading,M,59.0,0,1950,20
65909,1958,USA,Walking,M,17.0,0,1950,20
65910,1958,USA,"Swimming, towing the shark",M,24.0,0,1950,20
65911,1958,AUSTRALIA,Swimming,F,24.0,0,1950,20
65912,1958,SOUTH AFRICA,Spearfishing,M,24.0,0,1950,20
65913,1958,USA,Free diving,M,29.0,0,1950,20
65914,1958,TAIWAN,Diving,M,29.0,0,1950,20
65915,1958,SOUTH AFRICA,Paddling in knee-deep water,F,28.0,1,1950,20
65916,1958,SOUTH AFRICA,Swimming with goggles,M,29.0,1,1950,20
65917,1958,PAPUA NEW GUINEA,"Fishing, holding fish in his left hand",M,24.0,0,1950,20
65918,1958,AUSTRALIA,Spearfishing,M,21.0,0,1950,20
65919,1958,USA,Spearfishing on Scuba,M,18.0,0,1950,20
65920,1958,AUSTRALIA,Spearfishing / swimming on surface,M,17.0,0,1950,20
65921,1958,AUSTRALIA,Body surfing,M,14.0,0,1950,20
65922,1958,JAPAN,Unknown,M,50.0,0,1950,20
65923,1958,SOUTH AFRICA,Swimming,M,24.0,1,1950,20
65924,1958,TONGA,Spearfishing,M,24.0,0,1950,20
65925,1958,SAMOA,Placed hand in disemboweled sharks jaws,Unknown,24.0,0,1950,20
65926,1958,PANAMA,Skindiving,M,24.0,0,1950,20
65927,1958,PAPUA NEW GUINEA,Unknown,Unknown,24.0,1,1950,20
65928,1958,PAPUA NEW GUINEA,Spearfishing,M,24.0,1,1950,20
65929,1958,PAPUA NEW GUINEA,Spearfishing,M,24.0,1,1950,20
65930,1958,PAPUA NEW GUINEA,"Fishing, holding fish",M,24.0,0,1950,20
65931,1958,SOUTH AFRICA,Fishing (trolling),Unknown,24.0,0,1950,20
65932,1958,SOUTH AFRICA,"Fishing, walking in river to cast",M,24.0,1,1950,20
65933,1957,AUSTRALIA,Spearfishing,M,24.0,0,1950,20
65934,1957,SOUTH AFRICA,Standing,F,14.0,0,1950,20
65935,1957,SOUTH AFRICA,Skindiving,M,20.0,0,1950,20
65936,1957,SOUTH AFRICA,Floating,M,23.0,1,1950,20
65937,1957,SOUTH AFRICA,Standing,M,15.0,1,1950,20
65938,1957,SOUTH AFRICA,Body surfing,M,16.0,0,1950,20
65939,1957,PACIFIC OCEAN,Air/Sea Disaster Pan-American Airlines Stratocruiser with 44 people onboard crashed into the sea,Unknown,24.0,0,1950,20
65940,1957,AUSTRALIA,Fishing,Unknown,24.0,0,1950,20
65941,1957,SOLOMON ISLANDS,Unknown,M,22.0,1,1950,20
65942,1957,SOLOMON ISLANDS,Unknown,F,28.0,1,1950,20
65943,1957,MARSHALL ISLANDS,Unknown,M,24.0,0,1950,20
65944,1957,USA,Attempting to net shark in shark channel,M,24.0,0,1950,20
65945,1957,USA,Spearfishing on Scuba,M,24.0,0,1950,20
65946,1957,USA,Swimming,M,57.0,1,1950,20
65947,1957,AUSTRALIA,Diving for trochus,M,36.0,0,1950,20
65948,1957,CUBA,M.V. Tropical sank. Sole survivor rode oil drums for 8 days without food or water.,Unknown,24.0,0,1950,20
65949,1957,AUSTRALIA,Competing in spearfishing championship & towing dead fish,M,28.0,0,1950,20
65950,1957,SOLOMON ISLANDS,Fishing,M,24.0,0,1950,20
65951,1957,USA,3 men & 2 boys picked up wearing life jackets and with inner tube,M,24.0,0,1950,20
65952,1957,USA,Swimming,M,25.0,1,1950,20
65953,1957,AUSTRALIA,Surfing,M,15.0,0,1950,20
65954,1957,USA,Standing,M,17.0,0,1950,20
65955,1957,AUSTRALIA,Swimming between  anchored  pearling luggers,M,22.0,0,1950,20
65956,1957,PAPUA NEW GUINEA,Diving from canoe,M,17.0,0,1950,20
65957,1957,SOLOMON ISLANDS,Diving from canoe,M,15.0,0,1950,20
65958,1957,FIJI,Spearfishing,M,24.0,0,1950,20
65959,1957,USA,Floating,M,24.0,0,1950,20
65960,1957,AUSTRALIA,Unknown,M,24.0,0,1950,20
65961,1957,USA,Skindiving for specimens,M,24.0,0,1950,20
65962,1957,SOUTH AFRICA,Wading,M,12.0,1,1950,20
65963,1957,SRI LANKA,Fishing,M,24.0,0,1950,20
65964,1957,USA,Bathing,Unknown,24.0,0,1950,20
65965,1957,CUBA,Unknown,Unknown,2.0,0,1950,20
65966,1957,CUBA,Fishing,Unknown,24.0,0,1950,20
65967,1957,CUBA,Fishing for sharks,M,18.0,1,1950,20
65968,1957,USA,Helmet diving in Miami Seaquarium,M,24.0,0,1950,20
65969,1957,FIJI,Fishing,M,30.0,0,1950,20
65970,1957,IRAN,Unknown,M,24.0,0,1950,20
65971,1957,PAPUA NEW GUINEA,Fishing,M,24.0,1,1950,20
65972,1957,IRAN,Unknown,M,24.0,0,1950,20
65973,1957,PAPUA NEW GUINEA,Dynamiting fish,M,24.0,1,1950,20
65974,1956,PAPUA NEW GUINEA,Spearfishing,M,19.0,1,1950,20
65975,1956,PAPUA NEW GUINEA,Spearfishing,M,16.0,1,1950,20
65976,1956,GABON,Swimming,M,24.0,1,1950,20
65977,1956,NEW ZEALAND,Fishing,M,70.0,0,1950,20
65978,1956,SOUTH AFRICA,Free diving for sinkers,M,29.0,0,1950,20
65979,1956,PAPUA NEW GUINEA,"Spearfishing, holding 5' speared fish",M,24.0,0,1950,20
65980,1956,SENEGAL,"Skindiving, fish at belt",M,19.0,0,1950,20
65981,1956,PAPUA NEW GUINEA,Fishing,M,24.0,1,1950,20
65982,1956,USA,Surf fishing,M,27.0,0,1950,20
65983,1956,Unknown,Climbing back on ship,M,24.0,1,1950,20
65984,1956,MAYOTTE,Fishing,M,24.0,1,1950,20
65985,1956,ITALY,Scuba diving,M,24.0,0,1950,20
65986,1956,PAPUA NEW GUINEA,Fishing,M,34.0,1,1950,20
65987,1956,PAPUA NEW GUINEA,Fishing,M,24.0,0,1950,20
65988,1956,USA,Skin diving,M,13.0,1,1950,20
65989,1956,AUSTRALIA,Diving,M,24.0,0,1950,20
65990,1956,USA,Swimming near pier,M,10.0,0,1950,20
65991,1956,SOUTH AFRICA,Free diving for crayfish,M,23.0,0,1950,20
65992,1956,UNITED KINGDOM,Attempting to kill a shark with explosives,M,24.0,1,1950,20
65993,1956,UNITED KINGDOM,Attempting to kill a shark with explosives,M,24.0,1,1950,20
65994,1956,MALTA,Fishing,Unknown,24.0,0,1950,20
65995,1956,PAPUA NEW GUINEA,Fishing,M,24.0,0,1950,20
65996,1956,PAPUA NEW GUINEA,Fishing,M,24.0,0,1950,20
65997,1956,USA,Floating in inner tube,M,13.0,1,1950,20
65998,1956,USA,Fishing,M,38.0,0,1950,20
65999,1956,MALTA,Swimming,M,40.0,1,1950,20
66000,1956,USA,Wading,F,38.0,0,1950,20
66001,1956,USA,Swimming,M,7.0,0,1950,20
66002,1956,AUSTRALIA,"Line fishing from Lakotoi, saw shoal of fish, dived overboard, had speared second fish & surfaced for air",M,24.0,0,1950,20
66003,1956,PORTUGAL,Longling fishing,M,23.0,1,1950,20
66004,1956,MID ATLANTIC OCEAN,Air/Sea Disaster,Unknown,24.0,1,1950,20
66005,1956,SOUTH AFRICA,Fishing,Unknown,24.0,0,1950,20
66006,1956,CUBA,"Free diving, working on U/W scenes for motion picture",M,30.0,1,1950,20
66007,1956,AUSTRALIA,Diving,Unknown,24.0,0,1950,20
66008,1956,ITALY,Boating,Unknown,24.0,0,1950,20
66009,1956,AUSTRALIA,Bathing,M,13.0,0,1950,20
66010,1956,AUSTRALIA,"Swimming, attacked at  surf carnival",M,26.0,1,1950,20
66011,1956,AUSTRALIA,Attempting to set underwater endurance record,M,21.0,0,1950,20
66012,1956,AUSTRALIA,Diving into water,M,15.0,1,1950,20
66013,1956,AUSTRALIA,Swimming,M,8.0,0,1950,20
66014,1956,AUSTRALIA,Diving for trochus,M,18.0,0,1950,20
66015,1956,COSTA RICA,Swimming,M,33.0,1,1950,20
66016,1956,AUSTRALIA,Surf skiing,M,25.0,0,1950,20
66017,1956,PAPUA NEW GUINEA,Diving,M,24.0,0,1950,20
66018,1956,Unknown,Shipwreck,M,24.0,1,1950,20
66019,1956,GREECE,Swimming off yacht,F,15.0,1,1950,20
66020,1956,USA,Removing shark from net,M,24.0,0,1950,20
66021,1956,USA,Swimming,F,14.0,0,1950,20
66022,1956,PAPUA NEW GUINEA,Unknown,Unknown,24.0,0,1950,20
66023,1956,PAPUA NEW GUINEA,Unknown,M,24.0,0,1950,20
66024,1956,PAPUA NEW GUINEA,Unknown,M,24.0,1,1950,20
66025,1955,AUSTRALIA,Ocean racing,Unknown,24.0,0,1950,20
66026,1955,USA,Fishing for pompano,Unknown,24.0,0,1950,20
66027,1955,PAPUA NEW GUINEA,Swimming,M,8.0,0,1950,20
66028,1955,PAPUA NEW GUINEA,Spearfishing,M,24.0,0,1950,20
66029,1955,AUSTRALIA,Spearfishing & lassoed shark,M,28.0,0,1950,20
66030,1955,NORTH PACIFIC OCEAN,"""Flying Tiger"" transport plane went down with 5 men onboard",M,24.0,1,1950,20
66031,1955,NORTH PACIFIC OCEAN,"""Flying Tiger"" transport plane went down with 5 men onboard",M,24.0,0,1950,20
66032,1955,USA,Hunting turtle,M,24.0,0,1950,20
66033,1955,USA,Swimming near breakwater,M,16.0,0,1950,20
66034,1955,USA,Unknown,M,24.0,0,1950,20
66035,1955,JAPAN,Fishing,M,24.0,1,1950,20
66036,1955,USA,Surfing,M,25.0,0,1950,20
66037,1955,CROATIA,Swimming,F,32.0,1,1950,20
66038,1955,AMERICAN SAMOA,Swimming,M,28.0,1,1950,20
66039,1955,USA,Fishing,M,24.0,0,1950,20
66040,1955,NORTH ATLANTIC OCEAN,Treading water,M,15.0,0,1950,20
66041,1955,AUSTRALIA,Fishing,Unknown,24.0,0,1950,20
66042,1955,JAPAN,Unknown,M,22.0,1,1950,20
66043,1955,USA,Wading,M,13.0,0,1950,20
66044,1955,MONTENEGRO,Swimming,M,24.0,1,1950,20
66045,1955,YEMEN,Swimming,F,24.0,1,1950,20
66046,1955,USA,Spearfishing,M,28.0,0,1950,20
66047,1955,PAPUA NEW GUINEA,Spearfishing,M,24.0,0,1950,20
66048,1955,PAPUA NEW GUINEA,Spearfishing or fishing,M,24.0,0,1950,20
66049,1955,PAPUA NEW GUINEA,Spearfishing,M,24.0,0,1950,20
66050,1955,USA,"Fishing from boat, Kaimamla",M,24.0,0,1950,20
66051,1955,AUSTRALIA,Body surfing,M,22.0,1,1950,20
66052,1955,PAPUA NEW GUINEA,Swimming with speared fish,M,24.0,0,1950,20
66053,1955,AUSTRALIA,"Competing in U/W endurance record, standing beside drum in 10' of water",M,25.0,0,1950,20
66054,1955,USA,Scuba diving,M,24.0,0,1950,20
66055,1955,USA,Spearfishing,M,19.0,0,1950,20
66056,1955,AUSTRALIA,Swimming,M,25.0,1,1950,20
66057,1955,INDIA,Fishing,M,25.0,0,1950,20
66058,1955,AUSTRALIA,Rowing,Unknown,24.0,0,1950,20
66059,1955,AUSTRALIA,Rowing toward snapper grounds,Unknown,24.0,0,1950,20
66060,1955,AUSTRALIA,Hunting lobsters in 2.4 m of water,M,13.0,1,1950,20
66061,1955,SOUTH AFRICA,Crossing the bay at the ford,M,24.0,1,1950,20
66062,1955,USA,Unknown,Unknown,24.0,0,1950,20
66063,1955,CUBA,Fishing,M,24.0,0,1950,20
66064,1955,MADAGASCAR,Standing in knee-deep water,M,16.0,1,1950,20
66065,1955,USA,Swimming,M,24.0,0,1950,20
66066,1955,COLUMBIA,Spearfishing,M,12.0,0,1950,20
66067,1955,PAPUA NEW GUINEA,Unknown,M,24.0,0,1950,20
66068,1954,AMERICAN SAMOA,Dived overboard & was swimming near stern of trawler,M,27.0,1,1950,20
66069,1954,AUSTRALIA,Swimming,M,23.0,1,1950,20
66070,1954,PAPUA NEW GUINEA,Swimming near canoe,M,24.0,1,1950,20
66071,1954,SOUTH AFRICA,Swimming,M,16.0,0,1950,20
66072,1954,USA,Spearfishing,M,24.0,0,1950,20
66073,1954,USA,"American freighter Mormackite, bound from Buenos Aires for Baltimore, capsized & sank in heavy seas",M,24.0,1,1950,20
66074,1954,UNITED KINGDOM,Fishing  (trawling),M,62.0,0,1950,20
66075,1954,CROATIA,Boating,Unknown,24.0,0,1950,20
66076,1954,JAPAN,Unknown,M,13.0,0,1950,20
66077,1954,USA,Swimming,M,35.0,0,1950,20
66078,1954,HONG KONG,Swimming,M,20.0,1,1950,20
66079,1954,AUSTRALIA,"Spearfishing, hunting crayfish",M,35.0,1,1950,20
66080,1954,ITALY,Spearfishing,M,27.0,0,1950,20
66081,1954,CUBA,Spearfishing,M,24.0,0,1950,20
66082,1954,CUBA,Spearfishing,M,24.0,0,1950,20
66083,1954,ECUADOR,"Tuna fishing, standing on stern platform that was submerged by waves",M,34.0,0,1950,20
66084,1954,SINGAPORE,Closed circuit diving (submerged). Diving to recover jettisoned packets of opium for police,M,28.0,1,1950,20
66085,1954,ITALY,Fishing trawler Flavio Gioia,M,24.0,0,1950,20
66086,1954,THE BALKANS,Swimming,M,24.0,1,1950,20
66087,1954,USA,Unknown,Unknown,24.0,0,1950,20
66088,1954,BERMUDA,Swimming,M,22.0,0,1950,20
66089,1954,GREECE,Swimming,M,24.0,1,1950,20
66090,1954,CROATIA,Unknown,Unknown,24.0,0,1950,20
66091,1954,USA,Grabbed shark & threw it on deck,M,35.0,0,1950,20
66092,1954,AUSTRALIA,Pearl diving from lugger Whyalla,M,30.0,0,1950,20
66093,1954,HONG KONG,Bathing alongside ship,M,24.0,1,1950,20
66094,1954,PAPUA NEW GUINEA,"Fishing / cleaning fish, dived into water to retrieve a lost fish",M,24.0,1,1950,20
66095,1954,PAPUA NEW GUINEA,Unknown,Unknown,24.0,0,1950,20
66096,1954,USA,Fishing from shore,M,24.0,0,1950,20
66097,1954,SUDAN?,Spearfishing,M,24.0,0,1950,20
66098,1954,AUSTRALIA,Swimming,M,23.0,1,1950,20
66099,1954,AUSTRALIA,Swimming,M,24.0,0,1950,20
66100,1954,AUSTRALIA,Spearfishing,M,30.0,0,1950,20
66101,1954,ARGENTINA,Floating,M,18.0,0,1950,20
66102,1954,PAPUA NEW GUINEA,Crouching in the water,M,26.0,0,1950,20
66103,1954,IRAN,Unknown,M,24.0,1,1950,20
66104,1954,MARTINIQUE,Unknown,M,24.0,0,1950,20
66105,1954,MEXICO,Free diving,M,24.0,1,1950,20
66106,1954,USA,Fishing,M,24.0,0,1950,20
66107,1954,PAPUA NEW GUINEA,Swimming,M,12.0,0,1950,20
66108,1954,IRAN,Unknown,F,24.0,1,1950,20
66109,1954,IRAN,Unknown,M,24.0,0,1950,20
66110,1953,SOUTH AFRICA,Swimming,F,24.0,0,1950,20
66111,1953,SOUTH AFRICA,Swimming,M,23.0,0,1950,20
66112,1953,AUSTRALIA,Swimming or wading out  to warn bathers that a shark had been seen,M,16.0,0,1950,20
66113,1953,AUSTRALIA,Surf skiing,M,24.0,0,1950,20
66114,1953,AUSTRALIA,Unknown,M,24.0,0,1950,20
66115,1953,PHILIPPINES,Unknown,M,23.0,1,1950,20
66116,1953,USA,Scuba diving,M,24.0,0,1950,20
66117,1953,USA,Aircaft exploded,M,24.0,0,1950,20
66118,1953,USA,Surf fishing,M,15.0,0,1950,20
66119,1953,USA,Crabbing,M,24.0,0,1950,20
66120,1953,MEXICO,Free diving,M,19.0,0,1950,20
66121,1953,MEXICO,Wading,F,18.0,1,1950,20
66122,1953,USA,Spearfishing,M,15.0,1,1950,20
66123,1953,USA,Fishing from market fishboat Sea Spray,M,24.0,0,1950,20
66124,1953,USA,Standing,F,26.0,0,1950,20
66125,1953,PACIFIC OCEAN,Royal Hawaiian skymaster DC-6B aircraft went down with  58 passenger & crew,Unknown,24.0,0,1950,20
66126,1953,CANADA,Fishing for lobsters,M,24.0,0,1950,20
66127,1953,USA,Accidentally dragged overboard from the sampan Holokahana into school of yellowfin tuna,M,24.0,0,1950,20
66128,1953,PANAMA,Retrieving bait box that had fallen overboard,M,19.0,0,1950,20
66129,1953,AUSTRALIA,Landing hooked shark in boat,M,24.0,0,1950,20
66130,1953,AUSTRALIA,Unknown,Unknown,24.0,0,1950,20
66131,1953,USA,Swimming,F,19.0,0,1950,20
66132,1953,IRAN,Unknown,M,24.0,0,1950,20
66133,1953,IRAN,Swimming in midriver near sewage outlet & 400 m from a slaughterhouse,M,24.0,0,1950,20
66134,1953,AUSTRALIA,Spearfishing,M,23.0,0,1950,20
66135,1953,AUSTRALIA,Spearfishing,M,24.0,0,1950,20
66136,1953,INDIAN OCEAN,Adrift on a 4'  raft for 32 days,Unknown,24.0,1,1950,20
66137,1953,PAPUA NEW GUINEA,Went over side of boat at trochus ground,M,24.0,1,1950,20
66138,1953,USA,Bitten while cutting shark from net,M,24.0,0,1950,20
66139,1953,AUSTRALIA,Spearfishing,M,25.0,0,1950,20
66140,1953,AUSTRALIA,Spearfishing,M,24.0,0,1950,20
66141,1953,AUSTRALIA,Fishing,M,61.0,0,1950,20
66142,1953,AUSTRALIA,Fishing,Unknown,24.0,0,1950,20
66143,1953,AUSTRALIA,Spearfishing,M,24.0,0,1950,20
66144,1953,PAPUA NEW GUINEA,Washing,M,24.0,1,1950,20
66145,1953,USA,Standing,F,24.0,0,1950,20
66146,1952,AUSTRALIA,Lying prone on surfboard,M,24.0,0,1950,20
66147,1952,AUSTRALIA,"Fishing, setting nets",M,25.0,0,1950,20
66148,1952,GUATEMALA,Air Disaster,F,24.0,0,1950,20
66149,1952,ITALY,Fishing,M,17.0,0,1950,20
66150,1952,USA,Swimming,M,24.0,1,1950,20
66151,1952,USA,Body surfing & treading water,M,17.0,1,1950,20
66152,1952,USA,Swimming from fishing boat setting nets,M,40.0,1,1950,20
66153,1952,PAPUA NEW GUINEA,Fishing,M,24.0,0,1950,20
66154,1952,SOUTH AFRICA,Unknown,M,18.0,0,1950,20
66155,1952,ITALY,Fishing,Unknown,19.0,1,1950,20
66156,1952,USA,Fishing for trout,Unknown,24.0,0,1950,20
66157,1952,USA,Fishing,M,43.0,0,1950,20
66158,1952,USA,Fishing,M,34.0,0,1950,20
66159,1952,USA,Boat exploded,M,24.0,1,1950,20
66160,1952,USA,Fishing,M,34.0,0,1950,20
66161,1952,USA,"Spearfishing, carrying fish on spear",M,24.0,0,1950,20
66162,1952,USA,Swimming on surface,M,24.0,0,1950,20
66163,1952,AUSTRALIA,"Fishing, standing in water washing fish",M,24.0,0,1950,20
66164,1952,INDIA,"Fishing, standing in water next to purse net",M,24.0,0,1950,20
66165,1952,AUSTRALIA,Fishing for white sharks,Unknown,24.0,0,1950,20
66166,1952,SUDAN,Spearfishing,M,24.0,0,1950,20
66167,1952,NETHERLANDS ANTILLES,Went to aid of child being menaced by the shark,M,24.0,0,1950,20
66168,1952,MAURITIUS,"Spearfishing, speared a small shark",M,24.0,0,1950,20
66169,1952,AUSTRALIA,Surfing,M,24.0,0,1950,20
66170,1952,LIBERIA,"Diving, recovering fish killed by dynamite",M,24.0,1,1950,20
66171,1952,PAPUA NEW GUINEA,Spearfishing,M,24.0,0,1950,20
66172,1952,PAPUA NEW GUINEA,Spearfishing,M,24.0,1,1950,20
66173,1952,PAPUA NEW GUINEA,Spearfishing,M,27.0,1,1950,20
66174,1952,USA,Swimming,M,24.0,1,1950,20
66175,1951,MOZAMBIQUE,Swimming,M,15.0,1,1950,20
66176,1951,AUSTRALIA,Spearfishing,M,18.0,0,1950,20
66177,1951,MOZAMBIQUE,Swimming,M,24.0,0,1950,20
66178,1951,AUSTRALIA,Treading water,M,21.0,1,1950,20
66179,1951,SOUTH AFRICA,Swimming,M,23.0,0,1950,20
66180,1951,JAMAICA,Fishing,M,81.0,0,1950,20
66181,1951,SOUTH AFRICA,Treading water,M,24.0,0,1950,20
66182,1951,PHILIPPINES,Shipwrecked; adrift on raft for 2 days & 2 nights,M,24.0,1,1950,20
66183,1951,AUSTRALIA,Swimming,M,42.0,1,1950,20
66184,1951,NORTH ATLANTIC OCEAN,cargo ship Southern Isle sank at 04h00,Unknown,24.0,0,1950,20
66185,1951,ITALY,Swimming,F,21.0,1,1950,20
66186,1951,ITALY,Fishing for squid,M,24.0,0,1950,20
66187,1951,AUSTRALIA,"Body found on deserted luxury yacht, 38 Christine",M,56.0,1,1950,20
66188,1951,GREECE,Swimming,M,18.0,0,1950,20
66189,1951,GREECE,Swimming,F,16.0,1,1950,20
66190,1951,ITALY,Diving (Hookah),M,24.0,0,1950,20
66191,1951,COLUMBIA,Bathing,Unknown,24.0,1,1950,20
66192,1951,USA,Unknown,M,13.0,0,1950,20
66193,1951,PACIFIC OCEAN,Fell overboard,M,40.0,0,1950,20
66194,1951,USA,Swept out to sea while fishing,M,24.0,1,1950,20
66195,1951,FRENCH POLYNESIA,Spearfishing,M,39.0,0,1950,20
66196,1951,MEXICO,Free diving,M,16.0,0,1950,20
66197,1951,ITALY,Unknown,Unknown,24.0,0,1950,20
66198,1951,AUSTRALIA,Fell off surf ski,M,23.0,0,1950,20
66199,1951,AUSTRALIA,"Fishing, casting in the surf",M,24.0,0,1950,20
66200,1951,SOUTH AFRICA,Body surfing,M,19.0,0,1950,20
66201,1951,SOUTH AFRICA,Body surfing,M,31.0,0,1950,20
66202,1951,AUSTRALIA,Spearfishing (but treading water on the surface),M,20.0,0,1950,20
66203,1951,AUSTRALIA,Swimming,M,14.0,0,1950,20
66204,1951,SOUTH AFRICA,Swimming,M,19.0,1,1950,20
66205,1951,AUSTRALIA,Unknown,M,24.0,0,1950,20
66206,1951,NEW GUINEA,Unknown,Unknown,24.0,1,1950,20
66207,1950,AUSTRALIA,Paddling a surfboat,M,19.0,0,1950,20
66208,1950,AUSTRALIA,Swimming,Unknown,24.0,0,1950,20
66209,1950,AUSTRALIA,Treading water,M,20.0,1,1950,20
66210,1950,AUSTRALIA,Diving,M,17.0,0,1950,20
66211,1950,AUSTRALIA,Body surfing,M,21.0,0,1950,20
66212,1950,AUSTRALIA,Paddling a canoe,M,18.0,0,1950,20
66213,1950,USA,Body surfing / treading water,M,31.0,0,1950,20
66214,1950,AUSTRALIA,Fishing,M,25.0,0,1950,20
66215,1950,EL SALVADOR,Jerked overboard while pole fishing for tuna,M,27.0,0,1950,20
66216,1950,SAUDI ARABIA,Diving,M,24.0,0,1950,20
66217,1950,AUSTRALIA,Fishing,Unknown,24.0,0,1950,20
66218,1950,JAPAN,Swimming,M,19.0,1,1950,20
66219,1950,ITALY,Fishing,Unknown,24.0,0,1950,20
66220,1950,CUBA,Swept off deck of S.S.Frontenac enroute from West Indies to US,M,30.0,0,1950,20
66221,1950,USA,Swimming,M,11.0,0,1950,20
66222,1950,USA,Unknown,M,24.0,0,1950,20
66223,1950,USA,"Goggle-diving for seaweeds, but standing in water",M,21.0,0,1950,20
66224,1950,USA,Swimming,M,16.0,0,1950,20
66225,1950,USA,Survived crash of two-engine  C-46 transport plane carrying 62 migrant workers from Puerto Rico to USA,M,25.0,1,1950,20
66226,1950,SOUTH AFRICA,Treading water,M,27.0,0,1950,20
66227,1950,ITALY,Fishing on a boat,M,24.0,0,1950,20
66228,1950,AUSTRALIA,"Sea Disaster, sinking of the fishing  launch Mavis",M,50.0,1,1950,20
66229,1950,SOUTH AFRICA,"Fishing, sitting in stern of small boat, feet dangling in the water",M,24.0,0,1950,20
66230,1950,SOUTH AFRICA,Wading,M,24.0,0,1950,20
66231,1950,SOUTH AFRICA,Lifesaving drill,M,20.0,1,1950,20
66232,1950,AUSTRALIA,Suicide,M,24.0,0,1950,20
66233,1950,AUSTRALIA,Spearfishing,M,24.0,0,1950,20
66234,1950,SOUTH AFRICA,Body surfing,M,14.0,1,1950,20
66235,1950,USA,"Fishing, one of three fishermen swept into the sea by a large wave",M,24.0,0,1950,20
66236,1950,AUSTRALIA,Swimming,M,24.0,0,1950,20
66237,1950,AUSTRALIA,Sitting on side of dinghy mending a net,M,24.0,0,1950,20
66238,1950,SRI LANKA,Shark fishing,M,24.0,0,1950,20
66239,1950,SRI LANKA,Spearfishing,M,24.0,0,1950,20
66240,1950,LIBERIA,Defecating in water beneath the docks,M,24.0,1,1950,20
66241,1950,INDONESIA,Bending over,M,7.0,1,1950,20
66242,1950,USA,Standing,M,24.0,0,1950,20
66243,1950,USA,Spearfishing,M,24.0,0,1950,20
66244,1950,PANAMA,Bathing,M,24.0,0,1950,20
66245,1950,GREECE,Swimming,Unknown,24.0,1,1950,20
66246,1950,SINGAPORE,Diving for coins,M,24.0,1,1950,20
66247,1950,NEW CALEDONIA,"Spearfishing, but walking carrying fish on end of speargun",M,24.0,0,1950,20
66248,1950,NEW CALEDONIA,"Helmet diving, collecting trochus shell",M,24.0,0,1950,20
66249,1950,FIJI,Unknown,M,24.0,0,1950,20
66250,1949,Unknown,"Sea Disaster, sinking of the motorship Wingate",M,24.0,1,1940,20
66251,1949,AUSTRALIA,Lying on the bottom of a 16' dinghy,M,35.0,0,1940,20
66252,1949,AUSTRALIA,Free diving or wading back to shore,M,36.0,0,1940,20
66253,1949,AUSTRALIA,No details,M,24.0,0,1940,20
66254,1949,AUSTRALIA,Swimming,M,21.0,0,1940,20
66255,1949,AUSTRALIA,Swimming,M,34.0,1,1940,20
66256,1949,ITALY,Swimming,M,17.0,0,1940,20
66257,1949,AUSTRALIA,Swimming near shore,M,18.0,0,1940,20
66258,1949,ITALY,Swimming,M,21.0,0,1940,20
66259,1949,IRAN,Swimming,M,18.0,0,1940,20
66260,1949,IRAN,Swimming,M,18.0,1,1940,20
66261,1949,USA,Floating on his back,M,16.0,0,1940,20
66262,1949,USA,Fishing,M,16.0,0,1940,20
66263,1949,CHINA,"A 75-ton  Japanese fishing ship was sunk by  Chinese Nationalist gunboat, shipwrecked men were clinging to debris",M,24.0,1,1940,20
66264,1949,AUSTRALIA,Bathing,F,22.0,0,1940,20
66265,1949,AUSTRALIA,"Examining netted shark, that had been shot",M,26.0,0,1940,20
66266,1949,AUSTRALIA,Fishing,M,24.0,0,1940,20
66267,1949,AUSTRALIA,Bathing in water 0.9 m deep,M,13.0,1,1940,20
66268,1949,MEXICO,Bathing,M,24.0,0,1940,20
66269,1949,AUSTRALIA,Unknown,Unknown,24.0,0,1940,20
66270,1949,AUSTRALIA,Lifesaving exhibition,M,20.0,1,1940,20
66271,1949,AUSTRALIA,Surfing,M,32.0,0,1940,20
66272,1949,AUSTRALIA,Surf skiing,M,24.0,0,1940,20
66273,1949,AUSTRALIA,Unknown,Unknown,24.0,0,1940,20
66274,1949,ITALY,"Fishing, on a boat",M,24.0,0,1940,20
66275,1949,NEW GUINEA,Unknown,Unknown,24.0,1,1940,20
66276,1949,PAPUA NEW GUINEA,Unknown,M,24.0,0,1940,20
66277,1949,PAPUA NEW GUINEA,Unknown,M,24.0,0,1940,20
66278,1949,PAPUA NEW GUINEA,Spearfishing,M,18.0,1,1940,20
66279,1949,PAPUA NEW GUINEA,Swimming close to wharf,M,24.0,0,1940,20
66280,1949,NEW GUINEA,Swimming,M,24.0,1,1940,20
66281,1948,AUSTRALIA,Swimming,M,17.0,1,1940,20
66282,1948,AUSTRALIA,"Treading water, waiting for a wave",M,28.0,1,1940,20
66283,1948,IRAN,Unknown,M,19.0,0,1940,20
66284,1948,CUBA,"2 messboys (Jeppsen) & Tony Latona (13) were playing on the afterdeck of the Danish ship Grete Maersk. Jeppsen fell overboard, Latona threw a lifebelt then jumped in to help him. Ship didnt notice they were missing",M,14.0,0,1940,20
66285,1948,AUSTRALIA,Fishing,M,24.0,0,1940,20
66286,1948,NORTH PACIFIC OCEAN,Air/Sea Disaster involving C-54 Air Force Transport No. 2686 with 37 on board,M,24.0,1,1940,20
66287,1948,AUSTRALIA,Pearl diving,M,41.0,0,1940,20
66288,1948,GREECE,Swimming,M,17.0,1,1940,20
66289,1948,USA,Swimming,M,24.0,0,1940,20
66290,1948,USA,Fishing,M,24.0,0,1940,20
66291,1848,TURKEY,Swimming,M,24.0,1,1840,19
66292,1948,MID ATLANTIC OCEAN,Leicester abandoned in a hurricane,M,24.0,1,1940,20
66293,1948,IRAN,Bathing or washing,F,60.0,1,1940,20
66294,1948,IRAN,Unknown,M,13.0,1,1940,20
66295,1948,IRAN,Swimming,M,15.0,0,1940,20
66296,1948,BAHAMAS,Spearing a shark,M,41.0,0,1940,20
66297,1948,USA,Swimming,M,46.0,1,1940,20
66298,1948,NORTHERN MARIANA ISLANDS,Swimming,M,24.0,0,1940,20
66299,1948,IRAN,"Fishing, shark caught in his net",M,38.0,0,1940,20
66300,1948,SOUTH AFRICA,"Bringing hooked, harpooned shark onboard boat",M,24.0,0,1940,20
66301,1948,KENYA,Unknown,M,24.0,1,1940,20
66302,1948,SENEGAL,Unknown,Unknown,24.0,0,1940,20
66303,1948,PAPUA NEW GUINEA,Spearfishing,M,30.0,0,1940,20
66304,1948,USA,"C47 aircraft carrying 5,000 lbs of ice ditched in the sea",M,24.0,1,1940,20
66305,1948,AUSTRALIA,Swimming,M,16.0,1,1940,20
66306,1948,AUSTRALIA,Surf skiing,M,24.0,0,1940,20
66307,1948,USA,Underwater photography,M,48.0,0,1940,20
66308,1948,NEW GUINEA,"Fishing, holding fish in right hand",M,24.0,0,1940,20
66309,1948,PAPUA NEW GUINEA,Spearfishing,M,24.0,0,1940,20
66310,1948,SOUTH AFRICA,Fishing,Unknown,24.0,0,1940,20
66311,1947,AUSTRALIA,Fishing,M,9.0,0,1940,20
66312,1947,SOUTH AFRICA,Unknown,Unknown,24.0,0,1940,20
66313,1947,SENEGAL,Fishing / diving,M,24.0,1,1940,20
66314,1947,AUSTRALIA,Fishing,Unknown,24.0,0,1940,20
66315,1947,AUSTRALIA,Fishing from surf ski,M,17.0,0,1940,20
66316,1947,AUSTRALIA,Fishing from surf ski,M,16.0,0,1940,20
66317,1947,AUSTRALIA,Swimming,M,12.0,1,1940,20
66318,1947,AUSTRALIA,Swimming,M,13.0,0,1940,20
66319,1947,AUSTRALIA,Unknown,M,78.0,1,1940,20
66320,1947,AUSTRALIA,Fishing in waist-deep water,M,24.0,0,1940,20
66321,1947,BRAZIL,Swimming,M,25.0,1,1940,20
66322,1947,USA,Swimming,M,20.0,1,1940,20
66323,1947,USA,Fishing,M,46.0,0,1940,20
66324,1947,AUSTRALIA,Diving,M,24.0,0,1940,20
66325,1947,SOUTH AFRICA,Swimming,M,20.0,0,1940,20
66326,1947,GREECE,Jumped overboard,M,24.0,0,1940,20
66327,1947,USA,Fishing,M,35.0,0,1940,20
66328,1947,AUSTRALIA,Fishing,Unknown,24.0,0,1940,20
66329,1947,KENYA,Swimming,M,24.0,0,1940,20
66330,1947,SOUTH AFRICA,Treading water,M,21.0,0,1940,20
66331,1947,SOUTH AFRICA,Body surfing,M,14.0,0,1940,20
66332,1947,AUSTRALIA,Surfing,M,17.0,0,1940,20
66333,1947,PACIFIC OCEAN,"Moving shark from tuna vessel when boat rolled, placing both man & shark in chest-deep water",M,29.0,0,1940,20
66334,1947,SOUTH AFRICA,Wading,M,18.0,0,1940,20
66335,1947,SOUTH AFRICA,Treading water,M,22.0,0,1940,20
66336,1947,AUSTRALIA,Fishing,Unknown,24.0,0,1940,20
66337,1947,BAHAMAS,Attempting to ride a shark,M,24.0,0,1940,20
66338,1947,BRAZIL,Bathing,Unknown,24.0,1,1940,20
66339,1947,AUSTRALIA,Rowing,Unknown,17.0,0,1940,20
66340,1947,SOUTH AFRICA,Treading water,M,18.0,0,1940,20
66341,1946,AUSTRALIA,Swimming near jetty with 2' piece of wood,M,23.0,0,1940,20
66342,1946,AUSTRALIA,Unknown,Unknown,24.0,0,1940,20
66343,1946,AUSTRALIA,Pearl diving from lugger,M,30.0,1,1940,20
66344,1946,MARSHALL ISLANDS,Fishing,M,24.0,1,1940,20
66345,1946,AUSTRALIA,Swimming,M,15.0,0,1940,20
66346,1946,ISRAEL,Fishing,M,15.0,0,1940,20
66347,1946,AUSTRALIA,Swimming after a tennis ball,M,30.0,1,1940,20
66348,1946,IRAN,"Fishing, probably with a net",M,12.0,0,1940,20
66349,1946,IRAN,Swimming,M,12.0,0,1940,20
66350,1946,INDIA,Bathing,M,14.0,0,1940,20
66351,1946,TANZANIA,Swimming,M,24.0,0,1940,20
66352,1946,AUSTRALIA,Swimming,M,17.0,1,1940,20
66353,1946,AUSTRALIA,Fishing,Unknown,24.0,0,1940,20
66354,1946,AUSTRALIA,Fishing,M,28.0,0,1940,20
66355,1946,SOUTH AFRICA,Treading water,M,21.0,0,1940,20
66356,1946,AUSTRALIA,Standing,M,18.0,0,1940,20
66357,1946,SOUTH AFRICA,Swimming,M,18.0,0,1940,20
66358,1946,SOUTH AFRICA,Treading water,M,15.0,0,1940,20
66359,1946,SOUTH AFRICA,Swimming,M,24.0,0,1940,20
66360,1946,AUSTRALIA,Unknown,M,12.0,0,1940,20
66361,1946,SOUTH AFRICA,Jumping in swells,M,18.0,0,1940,20
66362,1946,AUSTRALIA,Swimming,F,14.0,1,1940,20
66363,1946,SOUTH AFRICA,Body surfing,M,24.0,0,1940,20
66364,1946,SOUTH AFRICA,Unknown,Unknown,24.0,0,1940,20
66365,1946,SOUTH AFRICA,Unknown,Unknown,24.0,0,1940,20
66366,1946,PERSIAN GULF,Bitten after dhow shipwrecked,F,24.0,0,1940,20
66367,1945,HONG KONG,Bathing,M,24.0,1,1940,20
66368,1945,OKINAWA,American minesweeper USS YMS-472 foundered in a typhoon - swimming to shore,M,20.0,0,1940,20
66369,1945,JAPAN,American minesweeper USS YMS-350 lost in a typhoon - swimming to shore,M,24.0,1,1940,20
66370,1945,IRAN,Swimming,M,13.0,0,1940,20
66371,1945,IRAN / IRAQ,Unknown,M,24.0,0,1940,20
66372,1945,USA,Unknown,Unknown,24.0,1,1940,20
66373,1945,PHILIPPINES,American cruiser Indianapolis torpedoed & sunk by the Japanese submarine I-58,Unknown,24.0,1,1940,20
66374,1945,JAVA,"90 European civilians, many women & children, were placed on the deck of a Japanese submarine that submerged when it was well offshore",Unknown,24.0,1,1940,20
66375,1945,AUSTRALIA,Swimming,M,24.0,1,1940,20
66376,1945,USA,Swimming,M,24.0,1,1940,20
66377,1945,SOUTH AFRICA,Walking,M,37.0,0,1940,20
66378,1945,ISRAEL,Swimming,M,24.0,0,1940,20
66379,1945,JAMAICA,Diving,M,24.0,0,1940,20
66380,1945,CUBA,"Playing on rock, slipped & fell into the water",M,24.0,1,1940,20
66381,1945,PANAMA,Bathing with her mother,F,8.0,0,1940,20
66382,1945,IRAQ,Swimming,M,15.0,0,1940,20
66383,1944,PHILIPPINES,Swimming near life raft,M,19.0,0,1940,20
66384,1944,USA,Fishing for mackerel,Unknown,24.0,0,1940,20
66385,1944,SIERRA LEONE,Unknown,M,18.0,1,1940,20
66386,1944,AUSTRALIA,Swimming,M,24.0,0,1940,20
66387,1944,PHILIPPINES,"USS Gambier Bay CVE-73  shelled & sunk  at 09h57 on 10/24/1944, by Japanes fleet enroute to attack the Allied landing force at Leyte.",M,24.0,1,1940,20
66388,1944,PHILIPPINES,USS Hoel DD 533 sunk on 10/24/1944 in the Battle off Samar. 2 crewmen were swimmng alongside a floater net &,M,24.0,1,1940,20
66389,1944,PHILIPPINES,USS Johnston DD 557 sunk on 10/24/1944 in the Battle off Samara. Crewmen were swimming beside a raft.,M,24.0,1,1940,20
66390,1944,PHILIPPINES,Parachuted into Pacific,M,24.0,0,1940,20
66391,1944,Unknown,Japanese POW ship Arisan Maru with 1800 American prisoners of war on board bound for slave labor camps was torpedoed by an American submarine,M,24.0,1,1940,20
66392,1944,AUSTRALIA,Fishing,Unknown,24.0,0,1940,20
66393,1944,USA,Swimming,M,13.0,0,1940,20
66394,1944,CARIBBEAN SEA,Fell overboard from US Navy PC boat,M,24.0,1,1940,20
66395,1944,SOUTH AFRICA,Swimming,M,19.0,1,1940,20
66396,1944,SOUTH AFRICA,Swimming,M,17.0,1,1940,20
66397,1944,NORTH PACIFIC OCEAN,Unknown,M,24.0,0,1940,20
66398,1944,USA,Bathing,F,15.0,0,1940,20
66399,1944,SAMOA,Unknown,Unknown,24.0,0,1940,20
66400,1944,PANAMA,Washed overboard by swell,M,24.0,1,1940,20
66401,1944,NICARAGUA,Unknown,Unknown,24.0,1,1940,20
66402,1944,SOUTH AFRICA,Treading water,M,18.0,0,1940,20
66403,1944,SOUTH AFRICA,Standing,M,23.0,1,1940,20
66404,1944,SOUTH AFRICA,Treading water,M,16.0,0,1940,20
66405,1944,SOUTH AFRICA,Treading water,M,24.0,0,1940,20
66406,1944,INDIA,Bathing,M,12.0,1,1940,20
66407,1944,SOUTH AFRICA,Body surfing,M,22.0,1,1940,20
66408,1944,AUSTRALIA,Fishing,M,24.0,0,1940,20
66409,1944,AUSTRALIA,Surfing,M,14.0,0,1940,20
66410,1944,SOUTH AFRICA,Swimming,M,26.0,1,1940,20
66411,1944,SOUTH PACIFIC OCEAN,Adrift on raft,M,24.0,1,1940,20
66412,1944,ITALY,B-24 aircraft crashed  into the sea,M,24.0,1,1940,20
66413,1944,NEW GUINEA,Fell overboard from USS Ward,M,24.0,1,1940,20
66414,1943,SOUTH AFRICA,Treading water,M,17.0,1,1940,20
66415,1943,USA,The Cuban freighter Libertad was torpedoed and sunk by the German submarine U-129,M,24.0,1,1940,20
66416,1943,SOUTH AFRICA,Swimming with board,M,24.0,0,1940,20
66417,1943,PACIFIC OCEAN,The 6711-ton American freighter & troop transport Cape San Juan was torpedoed by the Japanese submarine I-21,M,24.0,1,1940,20
66418,1943,USA,Unknown,M,24.0,0,1940,20
66419,1943,PANAMA,Dived overboard to check propeller of US Navy motor torpedo boat,M,20.0,1,1940,20
66420,1943,ITALY,Flying Fortress bomber aircraft went down after daytime raid on Naples. He was swimming on the surface,M,24.0,0,1940,20
66421,1943,USA,Treading water after survivng crash of the US Navy airship K-74 that was hit by the German submarine U-134,M,24.0,1,1940,20
66422,1943,PORTUGAL,Fishing for mackerel,Unknown,24.0,0,1940,20
66423,1943,MEXICO,Swimming,M,68.0,0,1940,20
66424,1943,AUSTRALIA,Fishing for cod,M,18.0,0,1940,20
66425,1943,PACIFIC OCEAN,B-24 crashed during a search mission. Survivors in raft for 47 days,M,24.0,0,1940,20
66426,1943,CENTRAL PACIFIC,"S2N Navy scout plane went down, E.H. Almond & Lieut A.G. Reading in water",M,26.0,0,1940,20
66427,1943,CENTRAL PACIFIC,"S2N Navy scout plane went down, E.H. Almond & Lieut A.G. Reading in water",M,24.0,1,1940,20
66428,1943,AUSTRALIA,Hospital Ship Centaur torpedoed & sunk by the Japanese submarine I-177,M,24.0,1,1940,20
66429,1943,INDIAN OCEAN,ship torpedoed 400 miles off the African coas. Man was clinging to hatch cover,M,24.0,0,1940,20
66430,1943,USA,"Small boat swamped, 4  people swimming to shore but he fell behind the other 3 and vanished",M,24.0,0,1940,20
66431,1943,SOUTH AFRICA,Swimming,M,31.0,1,1940,20
66432,1943,SIERRA LEONE,"The 21,516-ton troopship Empress of Canada torpedoed and sunk by the Italian submarine Leonardo da Vinci",Unknown,24.0,1,1940,20
66433,1943,BRAZIL,The 3540-ton Alfonso Penna was torpedoed & sunk by the Italian submarine Barbarigo,Unknown,24.0,1,1940,20
66434,1943,PAPUA NEW GUINEA,"Known as The Battle of the Bismarck Sea :  8 Japanese destroyers guarding a convoy of 8 transports were attacked by 129 Allied fighters, 207 bombers & 3 squadrons of the Royal Australian Air Force.",Unknown,24.0,1,1940,20
66435,1943,PACIFIC OCEAN,The USS Wahoo torpedoes & sank the Japanese troop transport Buyo Maru,M,24.0,1,1940,20
66436,1943,MEXICO,Swimming,Unknown,24.0,1,1940,20
66437,1943,SOLOMON ISLANDS,Swimming,M,24.0,0,1940,20
66438,1943,IRAQ,Swimming,M,22.0,0,1940,20
66439,1943,USA,Spearfishing,M,24.0,0,1940,20
66440,1943,USA,Spearfishing,M,24.0,0,1940,20
66441,1943,USA,Unknown,M,24.0,0,1940,20
66442,1942,AUSTRALIA,Dog paddling or standing,F,15.0,1,1940,20
66443,1942,SOUTH AFRICA,U-177 torpedoed & sank the troopship Nova Scotia,M,24.0,1,1940,20
66444,1942,SOUTH AFRICA,Swimming,M,38.0,0,1940,20
66445,1942,SOLOMON ISLANDS,Thrown from destroyer when shell hit,M,19.0,0,1940,20
66446,1942,INDIAN OCEAN,"On 6-Nov-1942, the German submarine U-68 sank the City of Cairo 5 days from Cape Town, survivors took to lifeboats & rafts. On the 15th day, a fireman jumped over the stern & was taken by sharks",M,24.0,1,1940,20
66447,1942,SOLOMON ISLANDS,"Anti-Aircraft cruiser USS Atlanta (CL,-05) travelling in convoy after the Battle of Midway, encountered a Japanese flotilla  (Battle of Guadalcanal) &, heavily damaged by gunfire, she was lost off Lunga Point. Victim was swimming when bitten.",M,24.0,0,1940,20
66448,1942,SOLOMON ISLANDS / VANUATU,Explosion & sinking of the USS Juneau after being torpedoed by the submarine  I-85,M,24.0,1,1940,20
66449,1942,SOLOMON ISLANDS,Unknown,M,24.0,1,1940,20
66450,1942,SOUTH AFRICA,Swimming,M,18.0,1,1940,20
66451,1942,PACIFIC OCEAN,In rubber dinghy with Captain Eddie Rickenbacker for 21 days.,M,24.0,0,1940,20
66452,1942,Unknown,"Dutch merchant ship Zaandam torpedoed  by the U-174 amidships, sank & dozens of survivors took to rafts & boats. One man, Izzi, who drifted 83 days on a raft related that sharks attacked many men in the water when the ship went down",M,24.0,1,1940,20
66453,1942,SOLOMON ISLANDS,"His ship, the US destroyer Duncan DD 485, had been  sunk by crossfire from Japanese warships. He was wearing a kapok lifejacket & using 2 aluminum powder tins for floatation",M,25.0,0,1940,20
66454,1942,ATLANTIC OCEAN,The 6015-ton British ship Empire Avocet was torpedoed by the German submarine U-125.,Unknown,24.0,0,1940,20
66455,1942,ATLANTIC OCEAN,"The Pacquebot Laconia, enroute to Liverpool with 600 Italian prisoners onboard, was torpedoed by the German submarine  U-156 and only 2 rafts were launched before the ship went down. Unable to board an overcrowded raft, he was swimming.",M,24.0,0,1940,20
66456,1942,AUSTRALIA,Treading water,M,24.0,0,1940,20
66457,1942,SOUTHWEST PACIFIC OCEAN,Adrift on life raft,M,24.0,1,1940,20
66458,1942,SOLOMON ISLANDS,Japanese aircraft shot down. He was one of two survivors rescued by the U.S. destroyer Mugford,M,24.0,0,1940,20
66459,1942,ATLANTIC OCEAN,The SS Potlach was torpedoed & sunk by the U-153 on 27-Jun-1942.,M,32.0,1,1940,20
66460,1942,ITALY,Sculling,M,20.0,0,1940,20
66461,1942,BAY OF BENGAL,A 210-ton brig was sunk by a Japanese submarine. Some of the survivors were machine-gunned & some were taken by sharks,M,24.0,1,1940,20
66462,1942,BRAZIL,boat capsized during filming,M,24.0,0,1940,20
66463,1942,USA,"Plane crashed in water, men in life raft",M,24.0,0,1940,20
66464,1942,Unknown,On life raft tethered to lifeboat. A seaman put hand over side to rinse a cup,M,24.0,0,1940,20
66465,1942,AUSTRALIA,Diving from lugger,M,24.0,0,1940,20
66466,1942,INDIAN OCEAN,H.M.S. Cornwall & H.M.S.Dorsetshire sunk by Japanese dive bombers. Officers & men in the water formed a circle with 60 of their dead in the center for 36 hours,Unknown,24.0,0,1940,20
66467,1942,CUBA,Esso Bolivar was torpedoed & shelled by the German submarine U-126,M,24.0,1,1940,20
66468,1942,AUSTRALIA,Unknown,M,18.0,0,1940,20
66469,1942,AUSTRALIA,Unknown,Unknown,24.0,0,1940,20
66470,1942,AUSTRALIA,Swimming,F,28.0,1,1940,20
66471,1942,AUSTRALIA,Surf-skiing,M,24.0,0,1940,20
66472,1942,INDONESIA,Captured Allied soldiers were squeezed into 3' bamboo pig baskets & fed to waiting sharks,M,24.0,1,1940,20
66473,1942,AUSTRALIA,Fishing for perch,M,24.0,0,1940,20
66474,1942,PHILIPPINES,"Sailing from Gingood, Misamis Oriental to Sagay (normally a 2-day voyage) capsized with 6 on board, three men were taken by sharks when they attempted to swim to shore.",M,24.0,1,1940,20
66475,1942,SOUTH AFRICA,Unknown,Unknown,24.0,0,1940,20
66476,1942,SOUTH AFRICA,Unknown,Unknown,24.0,0,1940,20
66477,1942,BAHAMAS,Swimming along side N.E.L. vessel Saluda,M,48.0,0,1940,20
66478,1942,Unknown,Jumped overboard from torpedoed Panamanian freighter,M,24.0,1,1940,20
66479,1942,MID-PACIFC OCEAN,"Plane forced down, 3 men on rubber life raft. Put hand over side to feel drift of boat",M,24.0,0,1940,20
66480,1942,SOUTHWEST PACIFIC OCEAN,Ditched plane in the sea & were adrift on a rubber life raft.,M,24.0,0,1940,20
66481,1942,Unknown,"Days before the surrender of Singapore, the 3 men escaped to Sumatra where they acquired a 17' dinghy. After 125 days at sea they drifted back to Sumatra",M,24.0,0,1940,20
66482,1942,PANAMA,Swimming,M,24.0,1,1940,20
66483,1941,SOUTH ATLANTIC OCEAN,Torpedoed & burning British  light cruiser with a crew of 450 men,Unknown,24.0,1,1940,20
66484,1941,AUSTRALIA,Swimming,M,10.0,0,1940,20
66485,1941,SOUTH ATLANTIC OCEAN,HMAS Parramatta torpedoed & sunk by the U-559,M,23.0,0,1940,20
66486,1941,SOUTH ATLANTIC OCEAN,HMAS Parramatta torpedoed & sunk by the U-559,M,24.0,0,1940,20
66487,1941,SOUTH ATLANTIC OCEAN,British cruiser Dunedin torpedoed & sunk by the U-124,Unknown,24.0,1,1940,20
66488,1941,AUSTRALIA,German raider Kormoran was sunk in an engagement with HMAS Sydney,M,24.0,0,1940,20
66489,1941,CARIBBEAN SEA,SS Ethel Skakel foundered in Central America Hurricane of 1941,M,24.0,1,1940,20
66490,1941,USA,Fishing,Unknown,24.0,0,1940,20
66491,1941,AUSTRALIA,Swimming,M,24.0,0,1940,20
66492,1941,USA,Swimming at edge of channel,M,20.0,0,1940,20
66493,1941,USA,Fishing for tuna,Unknown,24.0,0,1940,20
66494,1941,USA,Fishing,M,24.0,0,1940,20
66495,1941,USA,Fishing from 32' boat,M,43.0,0,1940,20
66496,1941,PACIFIC OCEAN,"Ditched aircraft, 3 men in the water. Swam for 31 hours",M,24.0,1,1940,20
66497,1941,SOUTH ATLANTIC OCEAN,The troopship Britannia was sunk by the German raider Thor,M,24.0,0,1940,20
66498,1941,USA,Fishing,M,53.0,0,1940,20
66499,1941,AUSTRALIA,Fishing,M,34.0,0,1940,20
66500,1941,JAMAICA,Seine netting,M,24.0,0,1940,20
66501,1941,SOUTH ATLANTIC OCEAN,Rescuing seaman after ship sunk by German raider,M,19.0,0,1940,20
66502,1941,ATLANTIC OCEAN,Adrift on raft after their ship was sunk by an Axis raider,M,24.0,1,1940,20
66503,1941,SOLOMON ISLANDS,Floating,M,24.0,0,1940,20
66504,1941,IRAN,Standing,M,24.0,1,1940,20
66505,1941,IRAN,Unknown,M,24.0,1,1940,20
66506,1941,IRAN,Unknown,M,24.0,0,1940,20
66507,1941,IRAN,Slipped off rocks and fell into the water,M,6.0,1,1940,20
66508,1941,IRAN,Standing,M,24.0,1,1940,20
66509,1941,PAPUA NEW GUINEA,Unknown,M,14.0,0,1940,20
66510,1940,AUSTRALIA,Standing on sandbank,M,23.0,1,1940,20
66511,1940,SOUTH AFRICA,Swimming,M,17.0,1,1940,20
66512,1940,AUSTRALIA,Fishing,M,24.0,0,1940,20
66513,1940,AUSTRALIA,Collecting fish in military trap when bitten by captured shark that had been shot by soldiers with Garten,M,24.0,0,1940,20
66514,1940,PANAMA,Bathing,M,18.0,1,1940,20
66515,1940,USA,Standing,M,24.0,0,1940,20
66516,1940,USA,Standing,M,24.0,0,1940,20
66517,1940,USA,Fishing,M,24.0,0,1940,20
66518,1940,SOUTH AFRICA,Treading water,M,25.0,1,1940,20
66519,1940,AUSTRALIA,Free diving for lobster,M,24.0,0,1940,20
66520,1940,SOUTH AFRICA,Swimming,M,17.0,1,1940,20
66521,1940,AUSTRALIA,Canoeing,Unknown,24.0,0,1940,20
66522,1940,AUSTRALIA,Wading,M,55.0,1,1940,20
66523,1940,AUSTRALIA,Dived into the water,M,17.0,0,1940,20
66524,1940,AUSTRALIA,Swimming,M,13.0,1,1940,20
66525,1940,AUSTRALIA,Swimming,M,22.0,0,1940,20
66526,1940,SOUTH AFRICA,Swimming,M,18.0,1,1940,20
66527,1940,AUSTRALIA,Diving for trochus,M,24.0,0,1940,20
66528,1940,SLOVENIA,Boating,Unknown,24.0,0,1940,20
66529,1940,NEW GUINEA,Unknown,F,24.0,1,1940,20
66530,1940,PAPUA NEW GUINEA,male,Unknown,24.0,0,1940,20
66531,1940,SOUTH AFRICA,Swimming,Unknown,24.0,0,1940,20
66532,1940,SOUTH AFRICA,Unknown,F,24.0,0,1940,20
66533,1940,SOUTH AFRICA,Standing in water with child in her arms,F,24.0,0,1940,20
66534,1939,AUSTRALIA,Swimming,M,40.0,0,1930,20
66535,1939,AUSTRALIA,Swimming,M,20.0,1,1930,20
66536,1939,AUSTRALIA,Unknown,Unknown,24.0,0,1930,20
66537,1939,AUSTRALIA,Unknown,Unknown,24.0,0,1930,20
66538,1939,AUSTRALIA,Unknown,Unknown,24.0,0,1930,20
66539,1939,AUSTRALIA,Unknown,Unknown,24.0,0,1930,20
66540,1939,SAMOA,Fishing,M,24.0,1,1930,20
66541,1939,AUSTRALIA,"Free diving for trochus shell, swimming to dinghy",M,27.0,0,1930,20
66542,1939,USA,Spearfishing & had just speared a ulua,M,24.0,0,1930,20
66543,1939,AUSTRALIA,Pearl diving,M,24.0,0,1930,20
66544,1939,USA,Fishing,M,33.0,0,1930,20
66545,1939,PACIFIC OCEAN,Japanese freighter Bokuyo Maru burned & sank,Unknown,3.0,1,1930,20
66546,1939,BAHAMAS,"Dress diving, filming shark & pulling it through the water for a motion picture scene",M,38.0,0,1930,20
66547,1939,USA,Seine netting,M,24.0,0,1930,20
66548,1939,USA,Washed off freighter Huncliff by a freak wave,M,24.0,1,1930,20
66549,1939,PAPUA NEW GUINEA,Dived for a coin,M,9.0,1,1930,20
66550,1939,PAPUA NEW GUINEA,Dived for a coin,M,24.0,1,1930,20
66551,1939,INDIA,Bathing/Swimming,M,24.0,1,1930,20
66552,1939,NEW ZEALAND,Fishing,M,24.0,0,1930,20
66553,1939,AUSTRALIA,Scooping prawns,M,11.0,0,1930,20
66554,1939,SRI LANKA,She was on a ship that was torpedoes & was in the water awaiting rescue,F,24.0,0,1930,20
66555,1939,BAHAMAS,Fishing,Unknown,24.0,0,1930,20
66556,1939,VENEZUELA,Bathing,M,24.0,1,1930,20
66557,1939,CURACAO,Diving,M,24.0,0,1930,20
66558,1939,PAPUA NEW GUINEA,Swimming to anchored boat,M,24.0,1,1930,20
66559,1938,AUSTRALIA,Swimming,M,19.0,1,1930,20
66560,1938,AUSTRALIA,Fishing,M,18.0,0,1930,20
66561,1938,CHINA,Swimming alongside warship   Tsingt-ao,M,24.0,1,1930,20
66562,1938,USA,Fishing,M,24.0,0,1930,20
66563,1938,USA,Swimming,M,24.0,0,1930,20
66564,1938,TURKEY,Fishing,M,24.0,0,1930,20
66565,1938,USA,"Fishing, removing gaff from shark's mouth",M,27.0,0,1930,20
66566,1938,AUSTRALIA,"Hardhat diving from Japanese pearling lugger, Reiyo Maru",M,25.0,1,1930,20
66567,1938,NICARAGUA,"The schooner Elizabeth, bound from Bluefields, Nicaragua to the river port of San Carlos foundered",Unknown,24.0,1,1930,20
66568,1938,AUSTRALIA,Hardhat diving,M,24.0,0,1930,20
66569,1938,COSTA RICA,Fishing,M,24.0,1,1930,20
66570,1938,IRAQ,"Swimming, naked",M,9.0,0,1930,20
66571,1938,INDIA,Bathing,Unknown,24.0,1,1930,20
66572,1938,FIJI,Wading,M,24.0,0,1930,20
66573,1938,AUSTRALIA,Canoe capsized by shark,M,24.0,0,1930,20
66574,1938,AUSTRALIA,Fishing,M,24.0,0,1930,20
66575,1938,SOUTH AFRICA,"Watching seine netters with friends, one of whom picked up a netted shark",M,13.0,0,1930,20
66576,1938,AUSTRALIA,Diving off jetty,M,24.0,0,1930,20
66577,1938,AUSTRALIA,Surf skiing,M,24.0,0,1930,20
66578,1938,EGYPT,Sponge diving,M,24.0,1,1930,20
66579,1938,TRINIDAD & TOBAGO,Body surfing,M,50.0,0,1930,20
66580,1938,USA,Fishing,M,24.0,0,1930,20
66581,1938,AUSTRALIA,Diving,M,17.0,0,1930,20
66582,1938,SOUTH AFRICA,Swimming,M,24.0,0,1930,20
66583,1937,USA,"Tzenny Chandris, a Greek freighter laden with scrap iron, foundered in heavy weather",M,24.0,1,1930,20
66584,1937,AUSTRALIA,Diving for trochus,M,17.0,1,1930,20
66585,1937,SOLOMON ISLANDS,"Two canoes with 14 aboard blown to sea in a storm. While adrift for 3 week, one person fell overboard and was killed by a shark",M,24.0,1,1930,20
66586,1937,AUSTRALIA,Swimming,M,25.0,1,1930,20
66587,1937,AUSTRALIA,Swimming,M,18.0,1,1930,20
66588,1937,AUSTRALIA,Swimming near jetty,M,16.0,0,1930,20
66589,1937,AUSTRALIA,Surf skiing,M,24.0,0,1930,20
66590,1937,CROATIA,Fishing,M,24.0,0,1930,20
66591,1937,SCOTLAND,Pleasure boating,Unknown,24.0,0,1930,20
66592,1937,SCOTLAND,Fishing,Unknown,24.0,0,1930,20
66593,1937,SCOTLAND,Rowing,M,24.0,0,1930,20
66594,1937,AUSTRALIA,"Diving from the lugger San, operated by the Protector of the Aborigines",M,38.0,0,1930,20
66595,1937,TURKEY,Swimming,M,24.0,0,1930,20
66596,1937,PANAMA,Swimming,M,21.0,1,1930,20
66597,1937,AUSTRALIA,Pearl diving,M,24.0,1,1930,20
66598,1937,ITALY,Unknown,Unknown,24.0,0,1930,20
66599,1937,GREECE,Unknown,Unknown,24.0,1,1930,20
66600,1937,AUSTRALIA,"Fishing from launch, fell into net with shark",M,24.0,0,1930,20
66601,1937,USA,Swimming,M,14.0,1,1930,20
66602,1937,USA,Fishing,M,24.0,0,1930,20
66603,1937,AUSTRALIA,"Refused permission to cross on the ferry, he was swimming across the river",M,33.0,1,1930,20
66604,1937,AUSTRALIA,Bathing,M,16.0,0,1930,20
66605,1937,AUSTRALIA,Swimming,M,43.0,0,1930,20
66606,1937,AUSTRALIA,Swimming,M,32.0,1,1930,20
66607,1937,AUSTRALIA,Swimming ashore after launch capsized,M,24.0,0,1930,20
66608,1937,AUSTRALIA,Fishing,Unknown,24.0,0,1930,20
66609,1937,AUSTRALIA,Fishing,M,20.0,0,1930,20
66610,1937,AUSTRALIA,12 of the Penang's crew were returning to the ship when their 12' dinghy capsized,M,24.0,0,1930,20
66611,1937,AUSTRALIA,Holding shark's tail,M,18.0,0,1930,20
66612,1937,AUSTRALIA,Unknown,M,24.0,0,1930,20
66613,1936,USA,"Diving, attempting to retrieve body of drowning victim wedged between rocks",M,24.0,0,1930,20
66614,1936,AUSTRALIA,Sculling,Unknown,24.0,0,1930,20
66615,1936,AUSTRALIA,Fishing for the shark that killed George Lundberg,Unknown,24.0,0,1930,20
66616,1936,AUSTRALIA,Swimming,M,15.0,1,1930,20
66617,1936,AUSTRALIA,Fishing,M,50.0,1,1930,20
66618,1936,AUSTRALIA,Spearfishing,M,24.0,0,1930,20
66619,1936,VIETNAM,Wreck of a sampam,M,24.0,1,1930,20
66620,1936,USA,Swimming,M,24.0,0,1930,20
66621,1936,AUSTRALIA,"Trochus diving, but floating on surface",M,24.0,0,1930,20
66622,1936,ICELAND,Swept overboard,M,24.0,0,1930,20
66623,1936,CANADA,Fishing for cod,Unknown,24.0,0,1930,20
66624,1936,AUSTRALIA,Pearl diving,M,24.0,0,1930,20
66625,1936,USA,Fishing,M,13.0,0,1930,20
66626,1936,USA,Swimming crawl stroke,M,16.0,1,1930,20
66627,1936,USA,Fishing for bluefish,Unknown,24.0,0,1930,20
66628,1936,AUSTRALIA,Diving,M,24.0,0,1930,20
66629,1936,SOUTH AFRICA,"Fishing, catching snoek, Thyrsites atun",Unknown,24.0,0,1930,20
66630,1936,AUSTRALIA,"Diving for trochus , but swimming on surface",M,16.0,1,1930,20
66631,1936,USA,Swimming,M,24.0,1,1930,20
66632,1936,AUSTRALIA,Diving for trochus,M,16.0,0,1930,20
66633,1936,AUSTRALIA,Diving,M,24.0,0,1930,20
66634,1936,USA,Fishing,M,24.0,0,1930,20
66635,1936,AUSTRALIA,Among 31 survivors of crew from the sampan Fukulya Maru (which reached Thursday Island in rowing boat) was a man whose arm had been bitten off by shark. The sampan wrecked west of McArthur island,M,24.0,0,1930,20
66636,1936,AUSTRALIA,Diving for trochus,M,24.0,0,1930,20
66637,1936,AUSTRALIA,Rowing,Unknown,24.0,0,1930,20
66638,1936,AUSTRALIA,Touching the mouth of a supposedly dead shark,F,24.0,0,1930,20
66639,1936,AUSTRALIA,Sculling,M,24.0,0,1930,20
66640,1936,AUSTRALIA,Swimming,M,14.0,1,1930,20
66641,1936,AUSTRALIA,"Swimming. Passer-by, Len Bedford, heard him shriek , saw shark leap from the water & swimmer disappeared",M,13.0,1,1930,20
66642,1936,AUSTRALIA,Surfing,M,17.0,0,1930,20
66643,1936,AUSTRALIA,Paddleskiing,M,24.0,0,1930,20
66644,1936,AUSTRALIA,Swimming,M,24.0,1,1930,20
66645,1935,AUSTRALIA,Cruising,Unknown,24.0,0,1930,20
66646,1935,AUSTRALIA,Diving?,M,20.0,0,1930,20
66647,1935,USA,Swimming,M,38.0,1,1930,20
66648,1935,PAPUA NEW GUINEA,Swimming,M,24.0,1,1930,20
66649,1935,AUSTRALIA,"Fell overboard, hanging onto lifebuoy",M,38.0,1,1930,20
66650,1935,UNITED KINGDOM,Fishing,M,24.0,0,1930,20
66651,1935,AUSTRALIA,Diving for beche-de-mer from lugger,M,24.0,1,1930,20
66652,1935,USA,fishing boat exploded & sank,M,23.0,0,1930,20
66653,1935,USA,fishing boat exploded & sank,M,53.0,0,1930,20
66654,1935,PANAMA,"Fishing with dynamite, afterwards in water retrieving catch",M,14.0,1,1930,20
66655,1935,CROATIA,Swimming,F,22.0,1,1930,20
66656,1935,USA,"Fishing for bluefish, shark leapt into dory",M,31.0,0,1930,20
66657,1935,SOLOMON ISLANDS,Fishing,M,24.0,1,1930,20
66658,1935,AUSTRALIA,Unknown,Unknown,24.0,0,1930,20
66659,1935,PAPUA NEW GUINEA,Unknown,Unknown,24.0,0,1930,20
66660,1935,SOUTH AFRICA,Put foot inside a landed & supposedly dead shark,M,24.0,0,1930,20
66661,1935,AUSTRALIA,Pearl diving,M,24.0,0,1930,20
66662,1935,AUSTRALIA,"Disappeared 11 days earlier, probable homicide victim",M,40.0,0,1930,20
66663,1935,Unknown,Diving,F,24.0,0,1930,20
66664,1935,USA,Unknown,M,24.0,0,1930,20
66665,1935,AUSTRALIA,Diving from dinghy for trochus shell,M,24.0,0,1930,20
66666,1935,SOUTH AFRICA,Put foot inside mouth of supposedly dead shark,M,24.0,0,1930,20
66667,1935,AUSTRALIA,"Pearl diving, but standing in the water",M,24.0,0,1930,20
66668,1935,AUSTRALIA,Hauling in net with shark in it,M,38.0,0,1930,20
66669,1935,AUSTRALIA,Surfing,M,24.0,0,1930,20
66670,1935,AUSTRALIA,Swimming,M,27.0,1,1930,20
66671,1935,AUSTRALIA,Standing,M,22.0,1,1930,20
66672,1935,AUSTRALIA,Surfing (pneumatic surfboard),M,20.0,0,1930,20
66673,1935,AUSTRALIA,Fishing,M,24.0,0,1930,20
66674,1935,AUSTRALIA,Fishing for sharks,Unknown,24.0,0,1930,20
66675,1935,ISRAEL,Unknown,Unknown,24.0,0,1930,20
66676,1935,AUSTRALIA,Unknown,M,5.0,0,1930,20
66677,1934,AUSTRALIA,Splashing,F,13.0,0,1930,20
66678,1934,AUSTRALIA,Swimming (lead swimmer in race),M,19.0,1,1930,20
66679,1934,AUSTRALIA,Taken as he dived into the water,M,14.0,1,1930,20
66680,1934,AUSTRALIA,Swimming & splashing,M,12.0,0,1930,20
66681,1934,AUSTRALIA,Bathing,F,38.0,1,1930,20
66682,1934,BERMUDA,Fishing,M,24.0,0,1930,20
66683,1934,AUSTRALIA,Freediving for trochus shell (submerged),M,24.0,1,1930,20
66684,1934,BERMUDA,Fishing,M,24.0,0,1930,20
66685,1934,ITALY,Fishing on a boat,M,24.0,0,1930,20
66686,1934,ITALY / CROATIA,Swimming,F,24.0,0,1930,20
66687,1934,AUSTRALIA,Dived into sea from launch & bitten immediately,M,24.0,1,1930,20
66688,1934,CROATIA,Swimming,F,18.0,1,1930,20
66689,1934,USA,Swimming,M,11.0,0,1930,20
66690,1934,AUSTRALIA,Fishing,N,24.0,0,1930,20
66691,1934,AUSTRALIA,Fishing,M,24.0,0,1930,20
66692,1934,USA,Standing,M,8.0,1,1930,20
66693,1934,AUSTRALIA,Body surfing,M,34.0,0,1930,20
66694,1934,SOUTH AFRICA,Swimming,M,24.0,1,1930,20
66695,1934,SOUTH AFRICA,Swimming,M,12.0,0,1930,20
66696,1934,AUSTRALIA,Swimming in waist-deep water,M,15.0,1,1930,20
66697,1934,AUSTRALIA,Swimming in hip-deep water,M,17.0,1,1930,20
66698,1934,AUSTRALIA,Fishing,Unknown,24.0,0,1930,20
66699,1934,AUSTRALIA,Splashing in water,M,24.0,0,1930,20
66700,1934,CHILE,Fell into the water,M,24.0,1,1930,20
66701,1934,TURKEY,Fishing,M,24.0,0,1930,20
66702,1934,AUSTRALIA,Swimming outside the safety enclosure attempting to retrieve a tennis ball drifting toward midstream,M,15.0,0,1930,20
66703,1934,AUSTRALIA,Swimming on sandbar adjacent to channel,M,22.0,0,1930,20
66704,1933,AUSTRALIA,Free diving for trochus,M,24.0,1,1930,20
66705,1933,AUSTRALIA,Pearl diving,M,17.0,0,1930,20
66706,1933,AUSTRALIA,Diving,M,24.0,0,1930,20
66707,1933,ISRAEL,Fishing,M,24.0,0,1930,20
66708,1933,USA,"Fishing, caught a 15' shark & took it onboard",M,24.0,0,1930,20
66709,1933,USA,Bathing,M,24.0,0,1930,20
66710,1933,USA,Swimming,F,24.0,0,1930,20
66711,1933,USA,Unknown,M,50.0,0,1930,20
66712,1933,AUSTRALIA,Pearl diving,M,24.0,0,1930,20
66713,1933,USA,Sitting in 3' of water,M,15.0,0,1930,20
66714,1933,USA,Standing,F,24.0,0,1930,20
66715,1933,AUSTRALIA,Fishing,M,24.0,0,1930,20
66716,1933,BARBADOS,Yacht of Michael Howell capsized,Unknown,24.0,1,1930,20
66717,1933,AUSTRALIA,Fishing,M,24.0,0,1930,20
66718,1933,AUSTRALIA,Treading water,M,24.0,0,1930,20
66719,1933,CUBA,Swimming to shore from capsized sailboat,M,24.0,1,1930,20
66720,1933,USA,Swimming,M,24.0,1,1930,20
66721,1933,AUSTRALIA,Standing on his hands,M,24.0,0,1930,20
66722,1933,AUSTRALIA,Diving for trochus  from dinghy when seized by shark 6' below the surface,M,24.0,0,1930,20
66723,1933,AUSTRALIA,Unknown,Unknown,24.0,0,1930,20
66724,1933,AUSTRALIA,Fishing,M,24.0,0,1930,20
66725,1933,AUSTRALIA,Swimming,M,38.0,1,1930,20
66726,1932,AUSTRALIA,Unknown,M,24.0,0,1930,20
66727,1932,NEW ZEALAND,Fishing,M,24.0,0,1930,20
66728,1932,CUBA,Hurricane & Tidal Wave,Unknown,24.0,0,1930,20
66729,1932,AUSTRALIA,Swimming,M,24.0,0,1930,20
66730,1932,CAPE VERDE,Swimming,M,27.0,1,1930,20
66731,1932,FIJI,Catching a turtle,M,24.0,0,1930,20
66732,1932,AUSTRALIA,Unknown,M,24.0,0,1930,20
66733,1932,AUSTRALIA,Unknown,M,24.0,0,1930,20
66734,1932,USA,Fishing,M,24.0,0,1930,20
66735,1932,AUSTRALIA,Pearl diving,M,24.0,0,1930,20
66736,1932,BAHAMAS,On expedition filming a feature movie & standing on tripod,M,18.0,0,1930,20
66737,1932,USA,Unknown,M,17.0,0,1930,20
66738,1932,CANADA,"Fishing, hauling in fishing gear",M,24.0,0,1930,20
66739,1932,USA,Fishing,M,32.0,0,1930,20
66740,1932,USA,Fishing,M,24.0,0,1930,20
66741,1932,FIJI,Free diving with goggles,F,24.0,1,1930,20
66742,1932,AUSTRALIA,Pearl diving,M,24.0,1,1930,20
66743,1932,AUSTRALIA,Pearl diving,M,24.0,0,1930,20
66744,1932,PHILIPPINES,Standing,M,24.0,1,1930,20
66745,1932,PHILIPPINES,Standing,F,24.0,1,1930,20
66746,1932,USA,Swimming,M,24.0,0,1930,20
66747,1932,AUSTRALIA,Fishing with dynamite,M,24.0,0,1930,20
66748,1932,PHILIPPINES,Working near fish traps,M,24.0,1,1930,20
66749,1932,AUSTRALIA,Swimming,M,24.0,0,1930,20
66750,1932,AUSTRALIA,Fishing,Unknown,24.0,0,1930,20
66751,1932,MEXICO,Fishing,M,36.0,1,1930,20
66752,1932,SOUTH AFRICA,Collecting fish by lamplight in gully,M,23.0,0,1930,20
66753,1931,AUSTRALIA,Diving for trochus from lugger,M,45.0,0,1930,20
66754,1931,JAMAICA,Diving off wharf,M,24.0,1,1930,20
66755,1931,USA,Swimming,M,24.0,0,1930,20
66756,1931,USA,Swimming,F,20.0,0,1930,20
66757,1931,USA,Fishing,M,24.0,0,1930,20
66758,1931,CUBA,Swimming,M,18.0,1,1930,20
66759,1931,USA,Unknown,M,24.0,0,1930,20
66760,1931,USA,Fishing for bluefish,Unknown,24.0,0,1930,20
66761,1931,CUBA,Swimming a quarter mile offshore,M,23.0,1,1930,20
66762,1931,CUBA,Swimming,M,24.0,1,1930,20
66763,1931,USA,Swimming,M,24.0,0,1930,20
66764,1931,USA,Swimming,M,24.0,0,1930,20
66765,1931,AUSTRALIA,Fell overboard?,M,24.0,1,1930,20
66766,1931,FIJI,Swimming,M,24.0,0,1930,20
66767,1931,USA,Swimming,M,24.0,0,1930,20
66768,1931,USA,"Fishing, had just speared a ulua",M,24.0,0,1930,20
66769,1931,USA,Gaffing & attempting to bring onboard a harpooned shark,M,24.0,0,1930,20
66770,1931,USA,Crabbing,M,24.0,0,1930,20
66771,1931,AUSTRALIA,Unknown,Unknown,24.0,0,1930,20
66772,1931,Unknown,"Fishing, boat capsized",M,24.0,1,1930,20
66773,1931,AUSTRALIA,Fishing with a cast net,M,19.0,1,1930,20
66774,1931,TURKEY,Fishing,Unknown,24.0,0,1930,20
66775,1931,AUSTRALIA,"Fishing, hauling in net, shark in net",M,24.0,0,1930,20
66776,1931,AUSTRALIA,Swimming,M,39.0,0,1930,20
66777,1931,AUSTRALIA,Unknown,M,24.0,0,1930,20
66778,1931,AUSTRALIA,Pearl diving,M,24.0,0,1930,20
66779,1931,AUSTRALIA,Swimming,M,18.0,0,1930,20
66780,1931,TONGA,"Swimming, carrying tin can with mail to steamer",M,24.0,1,1930,20
66781,1931,PAPUA NEW GUINEA,Unknown,Unknown,24.0,0,1930,20
66782,1930,AUSTRALIA,Swimming,M,49.0,0,1930,20
66783,1930,AUSTRALIA,Fell overboard,M,24.0,1,1930,20
66784,1930,AUSTRALIA,Fishing,Unknown,24.0,0,1930,20
66785,1930,AUSTRALIA,Unknown,M,24.0,1,1930,20
66786,1930,AUSTRALIA,Thrown into water from fishing dinghy,M,24.0,0,1930,20
66787,1930,HONDURAS,Swimming,M,24.0,1,1930,20
66788,1930,AZORES,Unknown,Unknown,24.0,0,1930,20
66789,1930,AUSTRALIA,Fishing,M,17.0,0,1930,20
66790,1930,SPAIN,Swimming,M,38.0,0,1930,20
66791,1930,USA,Swimming,M,24.0,0,1930,20
66792,1930,CUBA,Swimming,M,29.0,0,1930,20
66793,1930,USA,Swimming,M,21.0,0,1930,20
66794,1930,AUSTRALIA,Unknown,M,24.0,1,1930,20
66795,1930,USA,Swimming / floating,M,24.0,0,1930,20
66796,1930,TURKEY,Fishing,M,24.0,0,1930,20
66797,1930,COSTA RICA,Air disaster,Unknown,24.0,0,1930,20
66798,1930,SOUTH AFRICA,Unknown,M,17.0,0,1930,20
66799,1930,USA,Sponge diving,M,24.0,0,1930,20
66800,1930,AUSTRALIA,Pearl diving,M,19.0,0,1930,20
66801,1930,AUSTRALIA,Diving off pier & treading water,M,18.0,1,1930,20
66802,1930,AUSTRALIA,Removing shark from a trap,M,24.0,0,1930,20
66803,1930,MEXICO,Fishing schooner Jose Luis foundered,Unknown,24.0,1,1930,20
66804,1930,SOUTH AFRICA,Swimming,M,23.0,0,1930,20
66805,1930,MAURITIUS,Swimming to shore after a squall  capsized their motorized shark fishing boat,M,24.0,1,1930,20
66806,1930,OKINAWA,Unknown,M,17.0,0,1930,20
66807,1930,SOUTH AFRICA,Swimming,M,24.0,1,1930,20
66808,1929,AUSTRALIA,Diving by wharf,M,16.0,1,1920,20
66809,1929,AUSTRALIA,Diving,M,24.0,0,1920,20
66810,1929,AUSTRALIA,Bathing or body surfing,F,17.0,0,1920,20
66811,1929,AUSTRALIA,Pearl diving,M,24.0,0,1920,20
66812,1929,Unknown,Unknown,M,20.0,1,1920,20
66813,1929,AUSTRALIA,Unknown,M,50.0,1,1920,20
66814,1929,KIRIBATI,"Sea Disaster, wreck of the  SS Norwich City",M,24.0,1,1920,20
66815,1929,CUBA,Fishing,M,24.0,0,1920,20
66816,1929,AUSTRALIA,Pearl diving,M,24.0,0,1920,20
66817,1929,SPAIN,Fishing,M,24.0,0,1920,20
66818,1929,AUSTRALIA,Fell from wharf into water & attacked immediately,M,42.0,1,1920,20
66819,1929,USA,Bathing,M,24.0,0,1920,20
66820,1929,MEXICO,Swimming,M,24.0,0,1920,20
66821,1929,CAPE VERDE,Unknown,F,24.0,0,1920,20
66822,1929,USA,Fishing,M,24.0,0,1920,20
66823,1929,AUSTRALIA,Pearl diving,M,24.0,0,1920,20
66824,1929,AUSTRALIA,Diving for trepang,M,24.0,0,1920,20
66825,1929,AUSTRALIA,Diving for trochus,M,24.0,0,1920,20
66826,1929,AUSTRALIA,Standing in knee-deep water,M,19.0,0,1920,20
66827,1929,AUSTRALIA,Unknown,M,24.0,1,1920,20
66828,1929,AUSTRALIA,Swimming between boats,M,24.0,1,1920,20
66829,1929,USA,Swimming,M,26.0,0,1920,20
66830,1929,AUSTRALIA,Bathing,M,24.0,1,1920,20
66831,1929,AUSTRALIA,Launching rowboat through the surf,M,9.0,0,1920,20
66832,1929,AUSTRALIA,Launching rowboat through the surf,M,12.0,0,1920,20
66833,1929,AUSTRALIA,Body surfing,M,20.0,1,1920,20
66834,1929,AUSTRALIA,Canoeing,Unknown,24.0,0,1920,20
66835,1929,AUSTRALIA,Swimming,M,39.0,1,1920,20
66836,1929,AUSTRALIA,Swimming,M,24.0,1,1920,20
66837,1929,NEW ZEALAND,Bathing,F,24.0,0,1920,20
66838,1929,AUSTRALIA,Body surfing,M,14.0,1,1920,20
66839,1929,TURKEY,Fishing boat,M,24.0,1,1920,20
66840,1929,FIJI,Diving for coins thrown from ship S.S. Moeraki,M,24.0,1,1920,20
66841,1929,AUSTRALIA,Swimming,M,24.0,0,1920,20
66842,1929,AUSTRALIA,"Wading, netting fish",M,24.0,0,1920,20
66843,1929,USA,Fishing,M,24.0,0,1920,20
66844,1929,AUSTRALIA,Unknown,M,24.0,0,1920,20
66845,1929,USA,Hardhat diving,M,27.0,0,1920,20
66846,1928,AUSTRALIA,Pearl diving,M,24.0,0,1920,20
66847,1928,USA,Fishing,M,24.0,0,1920,20
66848,1928,INDIA,Unknown,M,24.0,0,1920,20
66849,1928,USA,"Sea Disaster, sinking of the  SS Vestris",M,24.0,1,1920,20
66850,1928,PANAMA,Swimming,M,17.0,1,1920,20
66851,1928,USA,Fishing,M,24.0,0,1920,20
66852,1928,USA,Unknown,M,24.0,0,1920,20
66853,1928,AUSTRALIA,Pearl diving,M,24.0,0,1920,20
66854,1928,ITALY,Boating,M,24.0,0,1920,20
66855,1928,USA,Swimming,M,24.0,0,1920,20
66856,1928,INDIA,Unknown,M,24.0,0,1920,20
66857,1928,AUSTRALIA,Fishing,M,24.0,0,1920,20
66858,1928,AUSTRALIA,Treading water,M,19.0,0,1920,20
66859,1928,JAMAICA,Diving,M,24.0,1,1920,20
66860,1928,AUSTRALIA,Bathing,M,15.0,0,1920,20
66861,1928,AUSTRALIA,Standing in waist-deep water,M,28.0,1,1920,20
66862,1928,AUSTRALIA,Unknown,M,24.0,0,1920,20
66863,1928,AUSTRALIA,Pearl diving,M,24.0,1,1920,20
66864,1928,COSTA RICA,Swimming,F,24.0,0,1920,20
66865,1928,COSTA RICA,Swimming,M,24.0,0,1920,20
66866,1928,AUSTRALIA,Retrieving meat from a cage in the water,M,78.0,1,1920,20
66867,1928,USA,Swimming,Unknown,24.0,0,1920,20
66868,1928,USA,Jumped overboard and swimming,M,24.0,0,1920,20
66869,1928,SOUTH AFRICA,Unknown,F,24.0,0,1920,20
66870,1928,SOUTH AFRICA,Body surfing,M,18.0,0,1920,20
66871,1928,SOUTH AFRICA,Standing,M,25.0,0,1920,20
66872,1927,SOUTH AFRICA,Swimming,M,17.0,1,1920,20
66873,1927,AUSTRALIA,The steamer Tahiti collided with the ferry Greycliffe,Unknown,24.0,1,1920,20
66874,1927,BRAZIL,Italian liner Principessa Mafalda sank,Unknown,24.0,1,1920,20
66875,1927,AUSTRALIA,Riding horseback across the creek,M,24.0,0,1920,20
66876,1927,FIJI,"Standing, collecting bananas",M,24.0,0,1920,20
66877,1927,AUSTRALIA,Unknown,Unknown,24.0,0,1920,20
66878,1927,PHILIPPINES,Sea disaster,Unknown,24.0,1,1920,20
66879,1927,AUSTRALIA,Walking,M,24.0,1,1920,20
66880,1927,AUSTRALIA,Diving,M,24.0,0,1920,20
66881,1927,AUSTRALIA,Pearl diving,M,24.0,0,1920,20
66882,1927,AUSTRALIA,Body surfing / treading water,M,17.0,0,1920,20
66883,1927,NICARAGUA,Feeling the sharks teeth,M,24.0,0,1920,20
66884,1927,AUSTRALIA,Attempting to rescue drowning man,M,24.0,0,1920,20
66885,1927,NEW ZEALAND,Fishing,M,70.0,0,1920,20
66886,1927,SOUTH AFRICA,Body surfing,M,24.0,0,1920,20
66887,1927,USA,Swimming,M,24.0,0,1920,20
66888,1927,AUSTRALIA,Swimming,M,15.0,1,1920,20
66889,1927,AUSTRALIA,Swimming,M,10.0,1,1920,20
66890,1927,AUSTRALIA,Pearl diving,M,24.0,0,1920,20
66891,1926,AUSTRALIA,Diving for trochus,M,24.0,1,1920,20
66892,1926,AUSTRALIA,Diving,M,24.0,0,1920,20
66893,1926,PAPUA NEW GUINEA,Jumped into the water,M,24.0,1,1920,20
66894,1926,AUSTRALIA,Bathing,M,17.0,0,1920,20
66895,1926,BERMUDA,British patrol boat 1250-ton HMS  Valerian foundered in a hurricane,Unknown,24.0,0,1920,20
66896,1926,PAPUA NEW GUINEA,Jumped out of canoe,M,24.0,1,1920,20
66897,1926,USA,Swimming,M,18.0,1,1920,20
66898,1926,ITALY,Swimming,M,20.0,1,1920,20
66899,1926,USA,Fishing,M,24.0,0,1920,20
66900,1926,USA,Swimming with dog near canning factory,M,15.0,0,1920,20
66901,1926,SPAIN,Bathing,M,24.0,0,1920,20
66902,1926,USA,Swimming,M,24.0,1,1920,20
66903,1926,SOUTH ATLANTIC OCEAN,Fell overboard from SS Ripley Castle,M,26.0,0,1920,20
66904,1926,USA,Swimming,F,24.0,0,1920,20
66905,1926,AUSTRALIA,Swimming,F,24.0,1,1920,20
66906,1926,SOUTH AFRICA,Swimming,M,24.0,0,1920,20
66907,1926,AUSTRALIA,Unknown,M,24.0,0,1920,20
66908,1926,MONACO,Unknown,M,24.0,1,1920,20
66909,1926,NEW ZEALAND,Shark hoisted on board liner Tahiti,M,24.0,0,1920,20
66910,1926,SINGAPORE,Dived onto shark from floating stage,F,24.0,1,1920,20
66911,1926,SOUTH AFRICA,Swimming to mail boat,M,24.0,0,1920,20
66912,1925,AUSTRALIA,Floating on his back,M,55.0,1,1920,20
66913,1925,USA,Unknown,F,24.0,0,1920,20
66914,1925,USA,Unknown,M,24.0,0,1920,20
66915,1925,SPAIN,Fishing,M,24.0,0,1920,20
66916,1925,ENGLAND,Fishing,M,24.0,0,1920,20
66917,1925,USA,Swimming,F,24.0,0,1920,20
66918,1925,AUSTRALIA,Unknown,Unknown,24.0,0,1920,20
66919,1925,USA,Unknown,M,24.0,0,1920,20
66920,1925,AUSTRALIA,Bathing in waist-deep water,M,16.0,0,1920,20
66921,1925,AUSTRALIA,Swimming,M,16.0,1,1920,20
66922,1925,PAPUA NEW GUINEA,Swimming,M,24.0,1,1920,20
66923,1925,USA,Swimming,M,24.0,0,1920,20
66924,1925,CANADA,"Diving, repairing water main at depth of 90'",M,24.0,0,1920,20
66925,1925,FIJI,Diving for coins tossed from passenger ship,M,24.0,0,1920,20
66926,1924,MEXICO,The Ward liner Esperanza stranded during a gale & she leapt overboard to rescue her dog which had been swept overboard.,F,24.0,1,1920,20
66927,1924,PANAMA,"Inebriated, woke from sleep and fell off deck into the water",M,35.0,0,1920,20
66928,1924,USA,Bathing,M,35.0,1,1920,20
66929,1924,FRENCH POLYNESIA,Pearl diving,M,24.0,0,1920,20
66930,1924,AUSTRALIA,Bathing,M,24.0,0,1920,20
66931,1924,USA,Standing,M,24.0,0,1920,20
66932,1924,ENGLAND,Fishing for mackerel,M,24.0,0,1920,20
66933,1924,USA,Fishing,M,14.0,0,1920,20
66934,1924,USA,Removing shark from a net,M,24.0,0,1920,20
66935,1924,AUSTRALIA,"Fishing, fell in water & swimming strongly to shore",M,20.0,1,1920,20
66936,1924,PANAMA,"Floating, after falling or jumping off the Standard Oil tanker Frederick W. Weller",M,21.0,0,1920,20
66937,1924,AUSTRALIA,Swimming,M,24.0,0,1920,20
66938,1924,SOLOMON ISLANDS,Swimming,M,24.0,0,1920,20
66939,1924,SPAIN,Fishing,Unknown,24.0,0,1920,20
66940,1924,AUSTRALIA,Bathing in 5' of water,F,30.0,0,1920,20
66941,1924,AUSTRALIA,Bathing,M,24.0,0,1920,20
66942,1924,SOUTH AFRICA,Swimming,M,22.0,1,1920,20
66943,1924,SOUTH AFRICA,Swimming,M,24.0,0,1920,20
66944,1924,AUSTRALIA,Had just dived into water & was swimming,M,16.0,1,1920,20
66945,1923,AUSTRALIA,Swimming,M,24.0,0,1920,20
66946,1923,AUSTRALIA,"Fishing, standing in waist-deep water",M,24.0,1,1920,20
66947,1923,AUSTRALIA,Dry shelling,M,24.0,1,1920,20
66948,1923,AUSTRALIA,Fishing,M,24.0,0,1920,20
66949,1923,AUSTRALIA,Sailing,M,24.0,0,1920,20
66950,1923,AUSTRALIA,Fishing,Unknown,24.0,0,1920,20
66951,1923,AUSTRALIA,Pearl diving,M,24.0,0,1920,20
66952,1923,GUYANA,Fishing,M,24.0,0,1920,20
66953,1923,AUSTRALIA,Diving for pearl,M,24.0,0,1920,20
66954,1923,AUSTRALIA,"After rowing skiff was holed by shark, he was attempting to swim ashore",M,24.0,1,1920,20
66955,1923,MEXICO,Dismantling cable buoys of the cable ship All America,Unknown,24.0,0,1920,20
66956,1923,AUSTRALIA,Wading,M,24.0,0,1920,20
66957,1923,AUSTRALIA,Diving?,M,24.0,1,1920,20
66958,1923,AUSTRALIA,Diving,M,24.0,0,1920,20
66959,1923,USA,Swimming,M,25.0,0,1920,20
66960,1923,AUSTRALIA,Unknown,M,24.0,0,1920,20
66961,1923,AUSTRALIA,Swimming,M,13.0,1,1920,20
66962,1923,CUBA,seaplane Columbus ditched in the sea,M,24.0,0,1920,20
66963,1923,USA,Fishing,M,24.0,0,1920,20
66964,1923,PHILIPPINES,Unknown,M,24.0,1,1920,20
66965,1923,USA,Hoisting shark aboard fishing boat,M,24.0,0,1920,20
66966,1922,USA,Hoisting shark aboard fishing boat,M,24.0,0,1920,20
66967,1922,USA,Bathing,F,24.0,1,1920,20
66968,1922,AUSTRALIA,Bathing in 3' to 4' of water,M,19.0,1,1920,20
66969,1922,BARBADOS,Fishing,M,16.0,1,1920,20
66970,1922,AUSTRALIA,Sailing,M,24.0,0,1920,20
66971,1922,USA,"Freediving, inspecting Kaunakakai wharf construction after blasting & dredging",M,24.0,0,1920,20
66972,1922,ENGLAND,Swimming,M,24.0,1,1920,20
66973,1922,USA,Fishing,Unknown,24.0,0,1920,20
66974,1922,USA,Unknown,M,24.0,0,1920,20
66975,1922,USA,Floating,F,18.0,1,1920,20
66976,1922,JAMAICA,Swimming,M,19.0,1,1920,20
66977,1922,SOUTH AFRICA,Swimming,M,18.0,0,1920,20
66978,1922,AUSTRALIA,Swimming,M,24.0,1,1920,20
66979,1922,JAMAICA,Fishing,M,24.0,0,1920,20
66980,1922,JAMAICA,Standing,F,14.0,1,1920,20
66981,1922,AUSTRALIA,Bathing in knee-deep water,M,21.0,1,1920,20
66982,1922,AUSTRALIA,Swimming,M,24.0,0,1920,20
66983,1922,AUSTRALIA,Swimming,M,18.0,1,1920,20
66984,1922,IRAQ,Bathing,M,24.0,1,1920,20
66985,1922,AUSTRALIA,Swimming,M,54.0,1,1920,20
66986,1922,AUSTRALIA,Standing,M,24.0,0,1920,20
66987,1922,AUSTRALIA,Surfing,M,26.0,1,1920,20
66988,1921,AUSTRALIA,Swimming,M,20.0,0,1920,20
66989,1921,AUSTRALIA,Fell from his father's back into the water,M,8.0,1,1920,20
66990,1921,AUSTRALIA,"Wading to dinghy, carrying his son",M,40.0,0,1920,20
66991,1921,FIJI,Swimming,Unknown,24.0,1,1920,20
66992,1921,AUSTRALIA,Diving for beche-de-mer,M,24.0,0,1920,20
66993,1921,AUSTRALIA,Diving for beche-de-mer,M,22.0,1,1920,20
66994,1921,ENGLAND,Fishing,M,24.0,0,1920,20
66995,1921,AUSTRALIA,Unknown,M,24.0,0,1920,20
66996,1921,PHILIPPINES,Swimming,M,21.0,1,1920,20
66997,1921,CUBA,Fell overboard,M,24.0,1,1920,20
66998,1921,PHILIPPINES,Unknown,Unknown,24.0,0,1920,20
66999,1920,AUSTRALIA,Wading,M,24.0,0,1920,20
67000,1921,HAITI,Dived into a school of baitfish,M,24.0,1,1920,20
67001,1920,AUSTRALIA,Standing,M,24.0,0,1920,20
67002,1920,PHILIPPINES,The coastwise steamer San Basilio capsized in a typhoon,M,24.0,1,1920,20
67003,1920,USA,Swimming,M,30.0,0,1920,20
67004,1920,AUSTRALIA,Diving for trochus shell,M,24.0,0,1920,20
67005,1920,USA,Swimming,M,13.0,0,1920,20
67006,1920,CANADA,Harpooned shark,Unknown,24.0,0,1920,20
67007,1920,AUSTRALIA,"Boat capsized, swimming to shore",M,20.0,0,1920,20
67008,1920,AUSTRALIA,Diving,M,24.0,0,1920,20
67009,1920,SOUTH AFRICA,Floating face down,F,18.0,0,1920,20
67010,1920,AUSTRALIA,Free diving,M,24.0,1,1920,20
67011,1920,AUSTRALIA,Swimming,M,12.0,1,1920,20
67012,1920,JAMAICA,Jumped overboard,M,24.0,1,1920,20
67013,1920,NEW ZEALAND,Unknown,F,24.0,0,1920,20
67014,1920,SOUTH AFRICA,Splashing,M,12.0,0,1920,20
67015,1919,AUSTRALIA,Swimming,M,29.0,0,1910,20
67016,1919,AUSTRALIA,Swimming,M,47.0,1,1910,20
67017,1919,AUSTRALIA,Sitting in a boat,M,24.0,0,1910,20
67018,1919,COSTA RICA,Small vessel with 13 men on board capsized crossing the bar and 6 men drowned.  The 7 survivors were swimming to shore,M,24.0,1,1910,20
67019,1919,USA,Swimming,M,24.0,0,1910,20
67020,1919,USA,"""Swimming vigorously""",M,24.0,0,1910,20
67021,1919,USA,Knocked into the water,M,24.0,1,1910,20
67022,1919,AUSTRALIA,Cutter capsized,M,24.0,0,1910,20
67023,1919,AUSTRALIA,Swimming,M,24.0,0,1910,20
67024,1919,NEW ZEALAND,Swimming,F,24.0,0,1910,20
67025,1919,AUSTRALIA,Wading,M,13.0,1,1910,20
67026,1919,AUSTRALIA,Wading (shrimping),M,38.0,1,1910,20
67027,1919,ITALY,Fishing,M,24.0,0,1910,20
67028,1919,USA,Swimming,F,24.0,0,1910,20
67029,1918,USA,Fishing,M,24.0,1,1910,20
67030,1918,SAN DOMINGO,Steamer Una wrecked with 75 laborers onboard. Survivors took to rafts & lifeboats.,M,24.0,1,1910,20
67031,1918,AUSTRALIA,Bathing,M,22.0,1,1910,20
67032,1918,AUSTRALIA,Surfing,M,24.0,0,1910,20
67033,1918,AUSTRALIA,Diving,M,24.0,0,1910,20
67034,1917,AUSTRALIA,Swimming,M,24.0,0,1910,20
67035,1917,MOZAMBIQUE,Wreck of the tug Magellan,M,24.0,1,1910,20
67036,1917,USA,"Swimming, towing an empty barrel",M,24.0,0,1910,20
67037,1917,USA,Stuffing a shark into an automobile,M,24.0,0,1910,20
67038,1917,PANAMA,Swimming to shore from the Medic,M,24.0,1,1910,20
67039,1917,USA,Diving,M,24.0,1,1910,20
67040,1917,IRELAND,Ship Mariston torpedoed & sunk,M,24.0,1,1910,20
67041,1917,USA,Swimming beside launch,M,24.0,0,1910,20
67042,1917,PHILIPPINES,Swimming,M,24.0,1,1910,20
67043,1917,KUWAIT,Diving for pearls,M,24.0,0,1910,20
67044,1917,LIBYA,Diving for sponges,M,24.0,0,1910,20
67045,1916,AUSTRALIA,Bathing,M,25.0,0,1910,20
67046,1916,AUSTRALIA,Taking wife to beach & about 1 m from the shore,M,41.0,1,1910,20
67047,1916,AUSTRALIA,Swimming 10 m from shore,F,24.0,0,1910,20
67048,1916,PANAMA,Unknown,M,24.0,0,1910,20
67049,1916,AUSTRALIA,Swimming,M,24.0,1,1910,20
67050,1916,AUSTRALIA,Bathing,M,27.0,1,1910,20
67051,1916,USA,"Fishing, attempted to take a netted shark",M,24.0,1,1910,20
67052,1916,USA,Netting shrimp,M,24.0,0,1910,20
67053,1916,USA,Fishing,M,24.0,0,1910,20
67054,1916,USA,Swimming,F,24.0,0,1910,20
67055,1916,USA,Swimming,M,24.0,0,1910,20
67056,1916,USA,Swimming,M,12.0,0,1910,20
67057,1916,USA,Swimming (recovering remains of Stilwell),M,24.0,1,1910,20
67058,1916,USA,Swimming,M,10.0,1,1910,20
67059,1916,BAHAMAS,S.S. Ramos foundered in a hurricane. Captain & 14 crew in water-logged lifeboats.,M,24.0,1,1910,20
67060,1916,SPAIN,Diving,M,24.0,0,1910,20
67061,1916,PHILIPPINES,Bathing,M,24.0,0,1910,20
67062,1916,USA,Swimming,M,24.0,1,1910,20
67063,1916,USA,Swimming,M,24.0,1,1910,20
67064,1916,USA,Swimming,M,10.0,0,1910,20
67065,1916,ATLANTIC OCEAN,Jumped overboard from Norwegian steamship Venator,M,24.0,1,1910,20
67066,1916,USA,Unknown,M,26.0,0,1910,20
67067,1916,AUSTRALIA,Swimming,M,24.0,1,1910,20
67068,1916,AUSTRALIA,Clinging to overturned rowing boat,M,17.0,1,1910,20
67069,1916,AUSTRALIA,Bathing,M,24.0,0,1910,20
67070,1915,AUSTRALIA,Diving,M,24.0,0,1910,20
67071,1915,AUSTRALIA,Bathing,M,10.0,0,1910,20
67072,1915,AUSTRALIA,Bathing,M,24.0,0,1910,20
67073,1915,USA,Unknown,M,24.0,0,1910,20
67074,1915,MEXICO,Fishing,M,24.0,1,1910,20
67075,1915,MEXICO,Wading,M,24.0,1,1910,20
67076,1915,EGYPT,Fell overboard,M,24.0,0,1910,20
67077,1915,AUSTRALIA,Skin diving for trepang but at surface next to the boat,M,24.0,0,1910,20
67078,1915,AUSTRALIA,Swimming,M,24.0,0,1910,20
67079,1915,NEW ZEALAND,Fishing,M,24.0,0,1910,20
67080,1915,AUSTRALIA,Bathing,M,17.0,1,1910,20
67081,1915,USA,Unknown,M,24.0,0,1910,20
67082,1914,AUSTRALIA,Swimming,M,24.0,0,1910,20
67083,1914,SAMOA,Copra vessel with 19 on board was wrecked in a squall,F,24.0,0,1910,20
67084,1914,JAMAICA,Fell overboard,M,24.0,1,1910,20
67085,1914,USA,Swimming,M,17.0,1,1910,20
67086,1914,CROATIA,Washing clothes,F,24.0,0,1910,20
67087,1914,USA,Fishing,M,24.0,0,1910,20
67088,1914,CROATIA,Unknown,M,24.0,0,1910,20
67089,1914,MONTENEGRO,Fishing boat,M,24.0,0,1910,20
67090,1914,AUSTRALIA,Bathing,M,43.0,1,1910,20
67091,1914,NEW CALEDONIA,Swimming ashore from swamped 13-ft boat,M,24.0,1,1910,20
67092,1914,USA,Fishing,F,24.0,0,1910,20
67093,1914,USA,Swimming,M,24.0,0,1910,20
67094,1914,GUYANA,Boat swamped,M,24.0,1,1910,20
67095,1914,USA,Washed into sea while picking opihi & attacked by 2 large sharks,M,24.0,1,1910,20
67096,1914,AUSTRALIA,Wading,M,24.0,0,1910,20
67097,1914,AUSTRALIA,Canoeing,M,24.0,0,1910,20
67098,1914,AUSTRALIA,Wading,F,24.0,0,1910,20
67099,1914,SOUTH AFRICA,Unknown,F,24.0,0,1910,20
67100,1913,USA,Fishing for mackerel,Unknown,24.0,0,1910,20
67101,1913,CUBA,Unknown,M,24.0,1,1910,20
67102,1913,NIGERIA,Boat swamped,M,24.0,1,1910,20
67103,1913,AUSTRALIA,Swimming,M,12.0,0,1910,20
67104,1913,USA,Unknown,M,24.0,0,1910,20
67105,1913,CROATIA,Unknown,M,24.0,0,1910,20
67106,1913,USA,Unknown,M,24.0,0,1910,20
67107,1913,USA,Unknown,F,24.0,0,1910,20
67108,1913,ITALY,Unknown,Unknown,24.0,0,1910,20
67109,1913,USA,Unknown,M,24.0,1,1910,20
67110,1913,COSTA RICA,Swimming,M,24.0,1,1910,20
67111,1913,USA,Fishing,M,24.0,0,1910,20
67112,1913,AUSTRALIA,Hauling in net,M,24.0,0,1910,20
67113,1913,SAMOA,Unknown,M,24.0,0,1910,20
67114,1913,AUSTRALIA,Diving,M,24.0,0,1910,20
67115,1913,REUNION,Swimming after his hat,M,24.0,1,1910,20
67116,1913,REUNION,Swimming,M,24.0,1,1910,20
67117,1913,AUSTRALIA,Unknown,M,24.0,0,1910,20
67118,1912,PHILIPPINES,Swimming from foundered vessel,F,19.0,1,1910,20
67119,1912,USA,Swimming,M,12.0,1,1910,20
67120,1912,USA,Swimming,M,24.0,0,1910,20
67121,1912,SOLOMON ISLANDS,Bathing,M,24.0,1,1910,20
67122,1912,SOUTH AFRICA,Unknown,M,24.0,0,1910,20
67123,1912,NEW ZEALAND,Swimming,M,24.0,0,1910,20
67124,1912,AUSTRALIA,Hard hat diving,M,24.0,0,1910,20
67125,1912,AUSTRALIA,Swimming,M,18.0,0,1910,20
67126,1912,NEW CALEDONIA,Swimming,M,24.0,0,1910,20
67127,1912,AUSTRALIA,Swimming,M,21.0,1,1910,20
67128,1912,FIJI,Washed overboard,M,7.0,1,1910,20
67129,1912,AUSTRALIA,Unknown,M,24.0,0,1910,20
67130,1912,AUSTRALIA,Bathing,M,24.0,1,1910,20
67131,1912,SPAIN,Fell into the water,M,24.0,1,1910,20
67132,1911,USA,Unknown,M,24.0,0,1910,20
67133,1911,USA,Fell overboard from steamship Rio Grande,M,24.0,1,1910,20
67134,1911,AUSTRALIA,Diving,M,23.0,0,1910,20
67135,1911,USA,Jumped overboard to rescue companion,M,24.0,1,1910,20
67136,1911,USA,Fell overboard & swimming,M,24.0,1,1910,20
67137,1911,USA,Bathing,M,24.0,0,1910,20
67138,1911,SPAIN,Bathing,M,24.0,1,1910,20
67139,1911,USA,Fishing,M,24.0,0,1910,20
67140,1911,SOUTH AFRICA,Bathing,M,64.0,1,1910,20
67141,1911,USA,Fishing,M,24.0,0,1910,20
67142,1911,SOUTH AFRICA,Swimming,M,24.0,1,1910,20
67143,1911,NEW ZEALAND,Fishing,Unknown,24.0,0,1910,20
67144,1911,AUSTRALIA,Swimming,M,24.0,1,1910,20
67145,1911,AUSTRALIA,3-masted steel barque Glenbank foundered during a cyclone,M,22.0,0,1910,20
67146,1911,USA,Swimming,M,24.0,0,1910,20
67147,1911,NEW ZEALAND,Fishing,M,50.0,1,1910,20
67148,1910,CROATIA,Unknown,M,24.0,0,1910,20
67149,1910,AUSTRALIA,Shipwrecked pearling schooner,M,24.0,1,1910,20
67150,1910,NORTH ATLANTIC OCEAN,Fishing,M,24.0,0,1910,20
67151,1910,AUSTRALIA,Bathing,M,24.0,0,1910,20
67152,1910,MEXICO,Swimming,M,24.0,0,1910,20
67153,1910,MOZAMBIQUE,"Steamer Durao struck rock & filled, boats capsized, passengers & crew tried to swim to shore",Unknown,24.0,1,1910,20
67154,1910,USA,"Unknown, their unoccupied yawlboat was recovered",M,24.0,0,1910,20
67155,1910,PANAMA,Fell overboard from USS cruiser Tacoma,M,24.0,1,1910,20
67156,1910,NEW ZEALAND,Swimming,M,24.0,0,1910,20
67157,1910,USA,"Hard hat diving, laying some charge of powder",M,24.0,0,1910,20
67158,1910,AUSTRALIA,Surf bathing,M,24.0,0,1910,20
67159,1910,AUSTRALIA,Unknown,M,24.0,1,1910,20
67160,1910,USA,"Fishing, thrown into water by heavy sea, clinging to rocks at the water line",M,24.0,0,1910,20
67161,1910,PHILIPPINES,Swimming,M,24.0,0,1910,20
67162,1909,USA,Unknown,M,24.0,0,1900,20
67163,1909,AUSTRALIA,Fell overboard,M,24.0,1,1900,20
67164,1909,AUSTRALIA,Fishing,M,24.0,0,1900,20
67165,1909,INDONESIA,The 2379-ton French steamer La Seyne collied with British steamer Onda & sank in minutes. Passengers jumped overboard expecting to be picked up by Ondas boats,Unknown,24.0,1,1900,20
67166,1909,USA,Seine netting,M,24.0,0,1900,20
67167,1909,USA,Fell overboard from fishing schooner Halycon,M,24.0,1,1900,20
67168,1909,USA,Fell overboard while fishing for sharks,M,24.0,0,1900,20
67169,1909,USA,Swimming,M,16.0,0,1900,20
67170,1909,MEXICO,Bathing,F,24.0,1,1900,20
67171,1909,SOUTH AFRICA,Unknown,M,24.0,1,1900,20
67172,1909,AUSTRALIA,"1446-ton Norwegian barque Errol, bound from Peru to Newcastle with 22 on board wrecked. Survivors shelterd on the wreck of the Annasona. Subsequently the Master, his wife & 4 children perished along with several crew. Survivors (5) were rescued 7/12/1909",M,24.0,1,1900,20
67173,1909,SPAIN,Fishing,M,24.0,0,1900,20
67174,1909,USA,Reported swept away by waves while gathering opihi,F,19.0,0,1900,20
67175,1909,TUNISIA,Diving (Helmet) for sponges,M,24.0,1,1900,20
67176,1909,SOUTH AFRICA,Wreck of the 1308-ton Norwegian ship Auckland,F,24.0,1,1900,20
67177,1909,Unknown,Jumped overboard,M,36.0,0,1900,20
67178,1909,ITALY,"On December 28, 1908, an earthquake, followed by tsunamis, destroyed coastal towns in Silcily and southern Italy, killing more than 100,000 people",Unknown,24.0,0,1900,20
67179,1909,AUSTRALIA,Unknown,Unknown,24.0,0,1900,20
67180,1908,SOUTH AFRICA,Swimming,M,16.0,1,1900,20
67181,1908,MEXICO,Swimming ashore from capsized boat,M,24.0,1,1900,20
67182,1908,AUSTRALIA,Fell from the jetty,M,24.0,1,1900,20
67183,1908,USA,On fishing boat & trailing hand in the water,M,24.0,0,1900,20
67184,1908,SPAIN,Fell overboard from P&O steamship Arabia,M,24.0,1,1900,20
67185,1908,SPAIN,Unknown,Unknown,24.0,0,1900,20
67186,1908,CROATIA,Boating,F,24.0,1,1900,20
67187,1908,EGYPT,The 168-ton Belmore foundered in heavy seas,M,24.0,1,1900,20
67188,1908,USA,The British steamer Caribbee foundered,M,24.0,1,1900,20
67189,1908,PAPUA NEW GUINEA,.,.,24.0,1,1900,20
67190,1908,INDONESIA,native boats sunk in storm,F,24.0,1,1900,20
67191,1908,USA,Unknown,M,24.0,0,1900,20
67192,1908,USA,Gathering fish stunned by dynamite,M,24.0,1,1900,20
67193,1907,AUSTRALIA,Bathing,M,24.0,1,1900,20
67194,1907,AUSTRALIA,Bathing,M,24.0,1,1900,20
67195,1907,CHINA,Fishing,M,24.0,0,1900,20
67196,1907,CHINA,Fishing,M,24.0,1,1900,20
67197,1907,AUSTRALIA,Bathing,M,24.0,0,1900,20
67198,1907,HAITI,Reached out to disentangle rope & fell overboard,M,24.0,0,1900,20
67199,1907,USA,"Diving, retrieving fish caught in net",M,24.0,0,1900,20
67200,1907,ENGLAND,Swimming,M,24.0,0,1900,20
67201,1907,CROATIA,Swimming,F,24.0,1,1900,20
67202,1907,CROATIA,Swimming,F,24.0,1,1900,20
67203,1907,CROATIA,Swimming,M,24.0,1,1900,20
67204,1907,USA,Wading,M,24.0,0,1900,20
67205,1907,CROATIA,Swimming,F,24.0,1,1900,20
67206,1907,AUSTRALIA,.,M,24.0,0,1900,20
67207,1907,USA,Floating in creek,M,24.0,0,1900,20
67208,1907,MEXICO,Bathing,M,24.0,0,1900,20
67209,1907,USA,"Fishing,  tarpon being chased by shark  leapt across his skiff, breaking it in half & Larkin became tangled in the net",M,24.0,1,1900,20
67210,1907,MALTA,Fishing,M,24.0,1,1900,20
67211,1907,PHILIPPINES,"Row boat (from the gunboat Elcano) was sinking, put finger in hole",M,24.0,0,1900,20
67212,1907,NEW ZEALAND,Standing,M,55.0,1,1900,20
67213,1907,AUSTRALIA,Bathing,M,18.0,1,1900,20
67214,1907,VIETNAM,Fishing,M,20.0,0,1900,20
67215,1907,USA,"Net fishing, fell into the water",M,24.0,1,1900,20
67216,1906,JAMAICA,Fishing,M,24.0,0,1900,20
67217,1906,USA,Unknown,M,24.0,0,1900,20
67218,1906,USA,Swimming,M,24.0,1,1900,20
67219,1906,USA,Diving,M,24.0,0,1900,20
67220,1906,USA,Swimming,M,24.0,1,1900,20
67221,1906,INDONESIA,Swimming,M,24.0,0,1900,20
67222,1906,INDONESIA,Swimming,M,24.0,1,1900,20
67223,1906,AUSTRALIA,Swimming,M,24.0,1,1900,20
67224,1906,USA,Fishing,M,24.0,0,1900,20
67225,1906,YEMEN,Diving around anchored liner,M,24.0,0,1900,20
67226,1906,USA,Fell overboard,M,24.0,1,1900,20
67227,1906,USA,Swimming,M,24.0,1,1900,20
67228,1906,MOZAMBIQUE,Unknown,M,24.0,0,1900,20
67229,1906,INDONESIA,Hard hat diving,M,24.0,1,1900,20
67230,1906,AUSTRALIA,Shooting sharks,M,24.0,0,1900,20
67231,1906,AUSTRALIA,Diving for beche-de-mer,M,17.0,1,1900,20
67232,1906,INDONESIA,The schooner Tahitienne foundered in a hurricane,M,24.0,1,1900,20
67233,1906,AUSTRALIA,.,M,18.0,0,1900,20
67234,1906,NEW ZEALAND,Swimming,M,24.0,0,1900,20
67235,1906,AUSTRALIA,Bathing,M,31.0,1,1900,20
67236,1906,SOUTH AFRICA,Washing horses,M,30.0,1,1900,20
67237,1905,SOUTH AFRICA,Floating or standing,M,24.0,1,1900,20
67238,1905,AUSTRALIA,Bathing,M,24.0,0,1900,20
67239,1905,AUSTRALIA,Swimming,M,24.0,1,1900,20
67240,1905,USA,Fishing,M,24.0,0,1900,20
67241,1905,EGYPT,Human head found in shark caught by British steamer Syria,M,24.0,0,1900,20
67242,1905,USA,Swimming from naptha launch after a day of fishing,M,24.0,0,1900,20
67243,1905,PHILIPPINES,Bathing,M,21.0,0,1900,20
67244,1905,USA,Wading,M,16.0,1,1900,20
67245,1905,ITALY,Unknown,M,8.0,0,1900,20
67246,1905,INDONESIA,Jumped or fell overboard,M,24.0,1,1900,20
67247,1905,USA,Fishing,M,24.0,1,1900,20
67248,1905,USA,Swimming,M,24.0,0,1900,20
67249,1905,SOUTH AFRICA,Swimming,M,26.0,1,1900,20
67250,1905,AUSTRALIA,Bathing,M,40.0,0,1900,20
67251,1905,AUSTRALIA,Bathing,Unknown,24.0,0,1900,20
67252,1905,AUSTRALIA,Bathing,M,23.0,0,1900,20
67253,1905,AUSTRALIA,Bathing,M,39.0,0,1900,20
67254,1905,USA,Harpooning turtles,Unknown,24.0,0,1900,20
67255,1904,PHILIPPINES,Bathing alongside US Naval ship,M,24.0,0,1900,20
67256,1904,INDIAN OCEAN,Fell overboard,M,24.0,1,1900,20
67257,1904,CUBA,Lost his footing & fell overboard,M,24.0,1,1900,20
67258,1904,CUBA,"Ship's boat capsized in squall, captain & 2 sailors clinging onto hull",M,24.0,1,1900,20
67259,1904,USA,Sailing,M,24.0,0,1900,20
67260,1904,USA,Swimming,M,24.0,1,1900,20
67261,1904,ITALY,Swimming,M,24.0,1,1900,20
67262,1904,AUSTRALIA,Swimming after his hat,M,24.0,1,1900,20
67263,1904,NEW ZEALAND,Swimming,M,30.0,1,1900,20
67264,1904,NEW CALEDONIA,Bathing,M,24.0,1,1900,20
67265,1904,REUNION ISLAND,Swimming,M,16.0,1,1900,20
67266,1904,USA,Diving on a wreck,M,24.0,0,1900,20
67267,1904,PHILIPPINES,Bathing,M,24.0,0,1900,20
67268,1904,USA,Swimming,M,24.0,1,1900,20
67269,1903,CUBA,Fell overboard,M,24.0,1,1900,20
67270,1903,USA,Fishing,M,24.0,0,1900,20
67271,1903,FALKLAND ISLANDS,"Swimming, after falling overboard",M,28.0,0,1900,20
67272,1903,AUSTRALIA,Swimming,M,24.0,1,1900,20
67273,1903,MEXICO,Bathing,M,24.0,1,1900,20
67274,1903,AUSTRALIA,Suicide,M,24.0,1,1900,20
67275,1903,AUSTRALIA,Swimming,M,24.0,1,1900,20
67276,1903,AUSTRALIA,Unknown,M,24.0,1,1900,20
67277,1903,CRETE,Sponge diving,M,24.0,1,1900,20
67278,1903,USA,Fishing,M,24.0,1,1900,20
67279,1902,NICARAGUA,Swimming,M,30.0,1,1900,20
67280,1902,AUSTRALIA,Swimming,M,17.0,1,1900,20
67281,1902,USA,Fishing,M,24.0,0,1900,20
67282,1902,ITALY,Swimming,M,24.0,1,1900,20
67283,1902,CROATIA,Fishing,M,24.0,0,1900,20
67284,1902,USA,Catching crabs,M,24.0,1,1900,20
67285,1902,ITALY,Fishing,M,24.0,0,1900,20
67286,1902,USA,Swimming,M,24.0,0,1900,20
67287,1902,PHILIPPINES,Unknown,M,24.0,0,1900,20
67288,1902,EGYPT,Sponge diving,M,24.0,0,1900,20
67289,1902,SOUTH AFRICA,Swimming,M,24.0,0,1900,20
67290,1902,NEW ZEALAND,Standing on ship deck,M,24.0,0,1900,20
67291,1902,AUSTRALIA,Dangling feet in the water,M,24.0,1,1900,20
67292,1902,SOUTH AFRICA,Unknown,M,24.0,0,1900,20
67293,1902,AUSTRALIA,Swimming,M,16.0,0,1900,20
67294,1901,AUSTRALIA,Bathing,M,10.0,0,1900,20
67295,1901,PHILIPPINES,Taking catch from a fish weir in which the shark was snared,M,24.0,0,1900,20
67296,1901,CYPRUS,Swimming,M,24.0,1,1900,20
67297,1901,SOUTH AFRICA,Swimming,M,29.0,1,1900,20
67298,1901,ITALY,Swimming,M,20.0,0,1900,20
67299,1901,YEMEN,Diving around anchored liner,M,24.0,0,1900,20
67300,1901,PHILIPPINES,Swimming,M,24.0,0,1900,20
67301,1901,AUSTRALIA,Bathing,M,24.0,1,1900,20
67302,1901,USA,Bathing,M,24.0,0,1900,20
67303,1900,AUSTRALIA,Bathing,M,24.0,1,1900,19
67304,1900,SOUTH AFRICA,Swimming,M,30.0,1,1900,19
67305,1900,SOUTH AFRICA,Swimming,M,24.0,0,1900,19
67306,1900,AUSTRALIA,Swimming,M,24.0,0,1900,19
67307,1900,USA,Diving,M,24.0,0,1900,19
67308,1900,USA,Floating,M,24.0,0,1900,19
67309,1900,USA,Bathing,M,24.0,0,1900,19
67310,1900,CROATIA,Swimming,M,24.0,1,1900,19
67311,1900,USA,Hunting seashells,M,24.0,0,1900,19
67312,1900,USA,Unknown,Unknown,24.0,0,1900,19
67313,1900,AUSTRALIA,"Standing, gathering oysters",M,24.0,0,1900,19
67314,1900,USA,Unknown,M,24.0,0,1900,19
67315,1900,SOUTH AFRICA,Swimming,M,24.0,0,1900,19
67316,1899,AUSTRALIA,Fell into the water,M,24.0,0,1890,19
67317,1899,PHILIPPINES,Sea Disaster,Unknown,24.0,1,1890,19
67318,1899,AUSTRALIA,Fishing for squid,Unknown,24.0,0,1890,19
67319,1899,LIBYA,Diving,M,24.0,0,1890,19
67320,1899,LIBYA,Sponge diving,M,24.0,1,1890,19
67321,1899,MEXICO,Swimming,M,24.0,1,1890,19
67322,1899,USA,Hunting sharks,M,24.0,1,1890,19
67323,1899,USA,Swimming,M,15.0,1,1890,19
67324,1899,EGYPT,Floating on his back,M,9.0,0,1890,19
67325,1899,EGYPT,Bathing,M,19.0,0,1890,19
67326,1899,EGYPT,Bathing,M,13.0,0,1890,19
67327,1899,BAHAMAS,Fell overboard,M,24.0,1,1890,19
67328,1899,ITALY,Fishing,M,24.0,0,1890,19
67329,1899,NEW ZEALAND,Attempting to land a boat from the Hinemoa,M,24.0,0,1890,19
67330,1899,PHILIPPINES,Swimming,M,24.0,0,1890,19
67331,1899,ITALY,Bathing,M,24.0,1,1890,19
67332,1899,AUSTRALIA,Bathing,F,13.0,0,1890,19
67333,1899,SOUTH AFRICA,Dangling feet in the water,M,24.0,0,1890,19
67334,1899,USA,Rowing,M,24.0,0,1890,19
67335,1899,USA,Hunting crayfish,M,24.0,0,1890,19
67336,1898,AUSTRALIA,Fell oveboard,M,24.0,1,1890,19
67337,1898,USA,Jumped overboard,M,24.0,1,1890,19
67338,1898,Unknown,Diving,M,24.0,0,1890,19
67339,1898,Unknown,Diving,M,24.0,0,1890,19
67340,1898,WEST INDIES,Fell overboard,M,24.0,1,1890,19
67341,1898,USA,Swimming,M,24.0,0,1890,19
67342,1898,AUSTRALIA,Swimming after their boat capsized,M,24.0,0,1890,19
67343,1898,YEMEN,Swimming at side of small boat,M,24.0,1,1890,19
67344,1898,YEMEN,Standing,M,22.0,1,1890,19
67345,1898,CUBA,Swimming,M,24.0,1,1890,19
67346,1898,NEW CALEDONIA,boat from City of Naples capsized,M,24.0,1,1890,19
67347,1898,FIJI,The cutter Francis Adams foundered,M,24.0,0,1890,19
67348,1898,SRI LANKA,Swimming,M,24.0,1,1890,19
67349,1898,CRETE,Sponge divers,M,24.0,0,1890,19
67350,1898,USA,Fishing (Seining),M,15.0,0,1890,19
67351,1898,CUBA,13 men in the water after sailboat capsized & sank,M,24.0,1,1890,19
67352,1898,JAMAICA,Trailing hand in the water,F,24.0,0,1890,19
67353,1898,CUBA,Attempting to escape by swimming to shore,M,24.0,1,1890,19
67354,1898,USA,Unknown,M,24.0,0,1890,19
67355,1898,YEMEN,Diving for coins,M,24.0,1,1890,19
67356,1898,USA,Loss of the schooner Nomad,M,24.0,1,1890,19
67357,1897,USA,Angling,M,24.0,0,1890,19
67358,1897,MEXICO,Diving,M,24.0,0,1890,19
67359,1897,MARSHALL ISLANDS,Fishing,Unknown,24.0,1,1890,19
67360,1897,USA,Fishing,M,24.0,0,1890,19
67361,1897,USA,Standing,M,24.0,0,1890,19
67362,1897,SOUTH AFRICA,Wading after stray fish from seine netters catch,M,24.0,1,1890,19
67363,1897,YEMEN,Wreck of the steamship Sultan of Bombay,Unknown,24.0,1,1890,19
67364,1897,Unknown,Swimming,M,24.0,1,1890,19
67365,1897,USA,Fishing,M,24.0,1,1890,19
67366,1897,NEW ZEALAND,Unknown,M,24.0,0,1890,19
67367,1897,EGYPT,Unknown,Unknown,24.0,0,1890,19
67368,1896,AUSTRALIA,Fishing,M,24.0,0,1890,19
67369,1896,NEW ZEALAND,Bathing,M,26.0,1,1890,19
67370,1896,NEW ZEALAND,Unknown,M,24.0,1,1890,19
67371,1896,AUSTRALIA,Swimming,M,24.0,1,1890,19
67372,1896,AUSTRALIA,Boat swamped,M,24.0,1,1890,19
67373,1896,SRI LANKA,Diving,M,24.0,0,1890,19
67374,1896,USA,Fishing,M,35.0,1,1890,19
67375,1896,USA,Bathing,M,24.0,0,1890,19
67376,1896,AUSTRALIA,Bathing,M,11.0,1,1890,19
67377,1896,USA,"Swimming ashore from a ""filibuster""",M,24.0,1,1890,19
67378,1896,HAITI,Wading,M,15.0,0,1890,19
67379,1895,AUSTRALIA,Bathing,M,14.0,1,1890,19
67380,1895,BARBADOS,Diving for coins,M,24.0,0,1890,19
67381,1895,AUSTRALIA,Fishing,M,24.0,1,1890,19
67382,1895,CUBA,Shipwreck,M,24.0,0,1890,19
67383,1895,YEMEN,Diving for coins,M,24.0,1,1890,19
67384,1895,USA,Fishing,Unknown,24.0,0,1890,19
67385,1895,USA,Swimming,M,26.0,1,1890,19
67386,1895,USA,Fishing,M,24.0,0,1890,19
67387,1895,JAPAN,Hunting seals,M,24.0,1,1890,19
67388,1895,Unknown,Diving,M,24.0,0,1890,19
67389,1895,AUSTRALIA,Pearl diving,M,24.0,1,1890,19
67390,1895,BAHAMAS,Sea Disaster : Wreck of the Carrie E. Long,M,24.0,0,1890,19
67391,1895,NEW ZEALAND,"""Boat accident""",M,24.0,1,1890,19
67392,1895,SOUTH AFRICA,"""Crossing the river""",M,28.0,1,1890,19
67393,1895,NEW ZEALAND,Swimming,M,24.0,0,1890,19
67394,1895,INDONESIA,Swimming,M,24.0,1,1890,19
67395,1895,AUSTRALIA,Swimming,M,13.0,0,1890,19
67396,1895,AUSTRALIA,Swimming,M,14.0,1,1890,19
67397,1895,PANAMA,"Swimming, after sailboat capsized",M,24.0,1,1890,19
67398,1895,AUSTRALIA,Unknown,Unknown,24.0,0,1890,19
67399,1894,USA,Fishing,M,24.0,0,1890,19
67400,1894,AUSTRALIA,Bathing,M,19.0,0,1890,19
67401,1894,USA,Swimming,M,24.0,1,1890,19
67402,1894,USA,Bathing,M,24.0,0,1890,19
67403,1894,FIJI,Dangling feet in the water,F,24.0,0,1890,19
67404,1894,USA,Fishing,M,24.0,0,1890,19
67405,1894,USA,Swimming,F,24.0,0,1890,19
67406,1894,USA,Swimming / floating on his back,M,24.0,0,1890,19
67407,1894,FRANCE,Fishing,M,24.0,1,1890,19
67408,1894,USA,Bathing,M,24.0,0,1890,19
67409,1894,SOUTH AFRICA,Swimming after harpooned whale capsized boat,M,24.0,1,1890,19
67410,1894,USA,Bathing,M,24.0,0,1890,19
67411,1894,MEXICO,Fell from yardarm of British ship Rover,M,24.0,1,1890,19
67412,1894,BURMA,Bathing,F,24.0,1,1890,19
67413,1894,BURMA,Bathing,F,24.0,1,1890,19
67414,1893,INDIA,Murder,M,24.0,1,1890,19
67415,1893,CROATIA,small boat,Unknown,24.0,0,1890,19
67416,1893,PHILIPPINES,Abandoning burning steamship Don Juan,M,24.0,1,1890,19
67417,1893,NIGERIA,A barque wrecked,M,24.0,1,1890,19
67418,1893,LEBANON,HMS Victoria collided with the HMS Camperdown,M,24.0,1,1890,19
67419,1893,FIJI,Canoe swamped,F,24.0,1,1890,19
67420,1893,CUBA,His balloon crashed in the harbor,M,24.0,1,1890,19
67421,1893,SOUTH ATLANTIC OCEAN,Swimming after falling overboard from the sealing ship Vesper,M,24.0,0,1890,19
67422,1893,AUSTRALIA,"Boat capsized, swimming ashore",M,24.0,0,1890,19
67423,1893,AUSTRALIA,"Boat capsized, swimming ashore",M,24.0,0,1890,19
67424,1893,NEW ZEALAND,Bathing,M,24.0,1,1890,19
67425,1893,FRENCH POLYNESIA,Murdered,M,24.0,1,1890,19
67426,1893,EGYPT,Unknown,Unknown,24.0,0,1890,19
67427,1892,ATLANTIC OCEAN,Fell overboard,M,15.0,1,1890,19
67428,1892,AUSTRALIA,Fishing,M,24.0,0,1890,19
67429,1892,AUSTRALIA,Swimming,F,24.0,0,1890,19
67430,1892,USA,Unknown,M,24.0,0,1890,19
67431,1892,FRANCE,Fishing boat,Unknown,24.0,0,1890,19
67432,1892,CUBA,Riding a horse,M,24.0,1,1890,19
67433,1892,NEW ZEALAND,Bathing,M,24.0,0,1890,19
67434,1892,BAHAMAS,Fell overboard from sponge vessel,M,24.0,1,1890,19
67435,1892,PACIFIC OCEAN,a canoe was pursuing a schooner that had forcibily abducted 5 young girls,M,24.0,1,1890,19
67436,1892,AUSTRALIA,Fishing,M,21.0,0,1890,19
67437,1892,AUSTRALIA,Dress diving,M,24.0,1,1890,19
67438,1891,AUSTRALIA,Swimming,M,24.0,0,1890,19
67439,1891,NEW ZEALAND,"Swimming, after boat swamped",M,24.0,0,1890,19
67440,1891,MARTINIQUE,Attempting to rescue shipmate,M,24.0,0,1890,19
67441,1891,KIRIBATI,"Sea Disaster, canoes capsized in storm",Unknown,24.0,1,1890,19
67442,1891,CANADA,Knocked overboard,M,24.0,1,1890,19
67443,1891,USA,Shooting sharks,M,24.0,0,1890,19
67444,1891,USA,Fishing for sharks when he became entangled in net & fell overboard,M,24.0,0,1890,19
67445,1891,PARAGUAY,Fleeing across a river,Unknown,24.0,1,1890,19
67446,1891,JAMAICA,boat capsized,M,24.0,1,1890,19
67447,1890,AUSTRALIA,Swimming to shore after boat capsized by a squall,Unknown,24.0,0,1890,19
67448,1890,BRITISH NEW GUINEA,Thrown overboard,M,18.0,0,1890,19
67449,1890,ATLANTIC OCEAN,Thrown overboard,M,24.0,1,1890,19
67450,1890,USA,Fishing for bluefish,Unknown,24.0,0,1890,19
67451,1890,USA,Treading for clams,M,24.0,0,1890,19
67452,1890,SAMOA,Bathing,M,24.0,0,1890,19
67453,1890,CROATIA,Swimming,M,24.0,0,1890,19
67454,1890,PERSIAN GULF,Fell overboard,M,24.0,0,1890,19
67455,1890,EGYPT,Swimming,M,24.0,1,1890,19
67456,1890,SOUTH AFRICA,Unknown,M,24.0,0,1890,19
67457,1890,CEYLON,Diving,M,24.0,1,1890,19
67458,1890,MALTA,"Fishing boat with 4 men on board was rammed & capsized by  a shark, throwing all occupants into the water",M,24.0,1,1890,19
67459,1890,AUSTRALIA,Wading,M,24.0,0,1890,19
67460,1890,INDIA,Diving,M,24.0,0,1890,19
67461,1890,INDIA,Diving,M,24.0,0,1890,19
67462,1890,NEW ZEALAND,Swimming,M,24.0,1,1890,19
67463,1890,SOUTH AFRICA,Bathing,M,24.0,1,1890,19
67464,1889,GREECE,Unknown,Unknown,24.0,0,1880,19
67465,1889,AUSTRALIA,Fell into the water,M,24.0,1,1880,19
67466,1889,USA,Parachuted from balloon,M,24.0,0,1880,19
67467,1889,INDIA,Swimming,M,24.0,1,1880,19
67468,1889,USA,Swimming,M,24.0,1,1880,19
67469,1889,USA,Fishing,M,24.0,0,1880,19
67470,1889,AUSTRALIA,Fell into the water,M,24.0,1,1880,19
67471,1889,USA,Fishing,Unknown,24.0,0,1880,19
67472,1889,SIERRA LEONE,Cleaning the side of a ship,M,24.0,1,1880,19
67473,1888,INDIAN OCEAN,Swimming,M,24.0,0,1880,19
67474,1888,AUSTRALIA,Swimming,M,11.0,1,1880,19
67475,1888,AUSTRALIA,Working on the bridge when he fell into the river,M,24.0,1,1880,19
67476,1888,CROATIA,Unknown,Unknown,24.0,1,1880,19
67477,1888,CANADA,The steamships Thingvalla and Geiser collided,M,24.0,1,1880,19
67478,1888,USA,Sailing,Unknown,24.0,0,1880,19
67479,1888,JAMAICA,Probabable drowning,M,24.0,0,1880,19
67480,1888,INDIA,The Dwarka foundered,M,24.0,1,1880,19
67481,1888,CROATIA,Unknown,Unknown,24.0,0,1880,19
67482,1888,AUSTRALIA,Fishing,Unknown,24.0,0,1880,19
67483,1888,AUSTRALIA,The cutter yacht Cutty Sark sank,M,24.0,0,1880,19
67484,1888,NEW ZEALAND,Floating on his back,M,24.0,0,1880,19
67485,1888,AUSTRALIA,Rowing,M,24.0,0,1880,19
67486,1888,SOUTH AFRICA,Crossing the river mouth,M,24.0,1,1880,19
67487,1888,LIBYA,Sponge diving,M,24.0,0,1880,19
67488,1887,HONDURAS,Fell oveboard from steamer Wanderer,M,33.0,1,1880,19
67489,1887,AUSTRALIA,Unknown,M,24.0,1,1880,19
67490,1887,USA,"Crossing inlet in a boat, seen fighting sharks with his oar, sharks smashed boat",M,24.0,1,1880,19
67491,1887,BAHAMAS,"Sea disaster, wreck of the Alfred Watts",M,24.0,1,1880,19
67492,1887,ITALY,Swimming,M,24.0,0,1880,19
67493,1887,CROATIA,Unknown,Unknown,24.0,0,1880,19
67494,1887,Unknown,"Sea disaster, wreck of the sloop Sara",M,24.0,1,1880,19
67495,1887,AUSTRALIA,Rowing a dinghy,Unknown,24.0,0,1880,19
67496,1887,NEW ZEALAND,Swimming,M,24.0,1,1880,19
67497,1887,SOUTH AFRICA,Unknown,Unknown,24.0,0,1880,19
67498,1887,BRAZIL,The passenger ship Kapuna was run down the ore carrier Ada Melmore,M,24.0,1,1880,19
67499,1887,SOUTH AFRICA,Swimming,M,13.0,1,1880,19
67500,1887,OCEAN,British ship Macedon was thrown on her beam ends by a sudden squall,M,24.0,0,1880,19
67501,1886,USA,Unknown,M,24.0,0,1880,19
67502,1886,USA,"Netting menhaden, sharks caught in net",Unknown,24.0,0,1880,19
67503,1886,USA,Clamming,M,24.0,0,1880,19
67504,1886,AUSTRALIA,Swimming after being washed overboard,M,18.0,1,1880,19
67505,1886,USA,"Fishing from shore, washed into the sea",F,24.0,0,1880,19
67506,1886,NEW CALEDONIA,Bathing,M,24.0,1,1880,19
67507,1886,AUSTRALIA,Oystering,M,24.0,0,1880,19
67508,1886,NEW ZEALAND,Sea disaster : Wreck of the Taiaroa,M,24.0,0,1880,19
67509,1886,NEW ZEALAND,Bathing,M,24.0,0,1880,19
67510,1886,AUSTRALIA,He drowned when boat capsized,M,24.0,0,1880,19
67511,1886,AUSTRALIA,Fishing,M,24.0,0,1880,19
67512,1886,SOUTH AFRICA,Diving off jetty,M,24.0,0,1880,19
67513,1886,AUSTRALIA,Diving alongsidethe steamship Ranelagh,M,24.0,0,1880,19
67514,1886,SOUTH AFRICA,Swimming,M,24.0,1,1880,19
67515,1886,AUSTRALIA,Sailing,M,24.0,0,1880,19
67516,1885,AUSTRALIA,Unknown,Unknown,24.0,0,1880,19
67517,1885,AUSTRALIA,Bathing,M,24.0,0,1880,19
67518,1885,ATLANTIC OCEAN,Fell or jumped overboard from the liner Rhynland,M,24.0,1,1880,19
67519,1885,USA,Wreck of the schooner Pohoiki,M,24.0,0,1880,19
67520,1885,USA,Wreck of the schooner Pohoiki,M,24.0,0,1880,19
67521,1885,USA,Wreck of the schooner Pohoiki,M,24.0,1,1880,19
67522,1885,Unknown,Swimming,M,24.0,1,1880,19
67523,1885,NEW ZEALAND,Bathing,M,24.0,0,1880,19
67524,1885,SOUTH AFRICA,Fishing,M,24.0,0,1880,19
67525,1884,AUSTRALIA,yachting accident,M,24.0,1,1880,19
67526,1884,FRANCE,Unknown,F,24.0,1,1880,19
67527,1884,USA,Boating,M,24.0,0,1880,19
67528,1884,USA,Clamming,M,24.0,0,1880,19
67529,1884,BRAZIL,Fell overboard from the steamship Chala,M,24.0,1,1880,19
67530,1884,SOUTH AFRICA,Swimming,M,24.0,1,1880,19
67531,1884,AUSTRALIA,Fell overboard,F,24.0,1,1880,19
67532,1883,AUSTRALIA,Swimming,M,21.0,1,1880,19
67533,1883,USA,Knocked overboard,M,24.0,1,1880,19
67534,1883,URUGUAY,Fell overboard & rescuer,M,24.0,1,1880,19
67535,1883,USA,Jumped overboard,M,24.0,1,1880,19
67536,1883,AUSTRALIA,Swimming / escaping imprisonment,M,24.0,1,1880,19
67537,1883,GEORGIA,Fishing for sharks,M,24.0,0,1880,19
67538,1883,AUSTRALIA,Diving,M,24.0,0,1880,19
67539,1883,AUSTRALIA,Diving,M,24.0,1,1880,19
67540,1883,AUSTRALIA,Bathing,M,37.0,1,1880,19
67541,1883,PACIFIC OCEAN,Fishing,M,24.0,1,1880,19
67542,1883,USA,Fell overboard,M,24.0,1,1880,19
67543,1883,USA,Unknown,M,24.0,0,1880,19
67544,1883,USA,Unknown,M,24.0,1,1880,19
67545,1882,NEW ZEALAND,Restraining a beached shark,M,24.0,0,1880,19
67546,1882,NEW ZEALAND,Bathing,M,24.0,0,1880,19
67547,1882,NEW ZEALAND,Bathing,M,24.0,0,1880,19
67548,1882,JAPAN,Clinging to shipwrecked junk,M,24.0,0,1880,19
67549,1882,AUSTRALIA,Fell overboard,M,24.0,0,1880,19
67550,1882,AUSTRALIA,Pearl diving,M,24.0,1,1880,19
67551,1882,AUSTRALIA,Fishing,M,24.0,1,1880,19
67552,1882,AUSTRALIA,Pearl diving,M,24.0,1,1880,19
67553,1882,AUSTRALIA,Bathing,M,24.0,1,1880,19
67554,1882,ATLANTIC OCEAN,Fell overboard from the Selim,M,24.0,1,1880,19
67555,1882,USA,"During ""an exhibition"" he was tied in sack & thrown overboard",M,24.0,0,1880,19
67556,1882,AUSTRALIA,Unknown,M,24.0,0,1880,19
67557,1881,AUSTRALIA,Swimming,M,24.0,0,1880,19
67558,1881,USA,Bathing,M,18.0,0,1880,19
67559,1881,USA,Bathing,M,24.0,1,1880,19
67560,1881,Unknown,"Floating, holding onto an oar after dory capsized",M,20.0,1,1880,19
67561,1881,USA,Swimming,M,24.0,0,1880,19
67562,1881,Unknown,Bathing,M,24.0,0,1880,19
67563,1881,USA,Fell overboard,M,23.0,1,1880,19
67564,1881,INDIA,Unknown,Unknown,24.0,1,1880,19
67565,1881,ITALY,Fishing on a boat,M,24.0,0,1880,19
67566,1880,AUSTRALIA,Swimming,M,12.0,1,1880,19
67567,1880,AUSTRALIA,Traveling by boat,M,24.0,1,1880,19
67568,1880,MOZAMBIQUE,Swimming to retrieve a flannel,M,24.0,1,1880,19
67569,1880,USA,Sailing,M,24.0,0,1880,19
67570,1880,INDIA,Unknown,M,20.0,0,1880,19
67571,1880,INDIA,Bathing in river,F,60.0,0,1880,19
67572,1880,MEXICO,Unknown,M,24.0,0,1880,19
67573,1880,INDIA,Bathing in river,M,24.0,1,1880,19
67574,1880,INDIA,Bathing,M,11.0,1,1880,19
67575,1880,AUSTRALIA,Fishing,Unknown,24.0,0,1880,19
67576,1880,AUSTRALIA,Bathing,F,13.0,0,1880,19
67577,1880,SYRIA,Diving for sponges,M,24.0,0,1880,19
67578,1880,USA,Unknown,M,24.0,0,1880,19
67579,1880,SOLOMON ISLANDS,Unknown,M,24.0,0,1880,19
67580,1880,NEW ZEALAND,Unknown,M,24.0,0,1880,19
67581,1879,INDIA,Swimming,M,23.0,1,1870,19
67582,1879,AUSTRALIA,Swimming,M,24.0,0,1870,19
67583,1879,SPAIN,Fishing,Unknown,24.0,0,1870,19
67584,1879,FIJI,Unknown,M,24.0,0,1870,19
67585,1879,USA,Bathing,M,24.0,0,1870,19
67586,1879,NEW ZEALAND,Standing,M,19.0,1,1870,19
67587,1879,AUSTRALIA,The steamship Bonnie Dundee lost in collision,M,24.0,0,1870,19
67588,1879,USA,Floating with life buoy after pilot launch capsized,M,24.0,1,1870,19
67589,1878,AUSTRALIA,Bathing,M,24.0,0,1870,19
67590,1878,INDONESIA,Swimming,M,22.0,1,1870,19
67591,1878,Unknown,Jumped overboard after murdering 2 shipmates,M,24.0,1,1870,19
67592,1878,USA,Fishing,M,24.0,0,1870,19
67593,1878,SOUTH ATLANTIC OCEAN,Boat with 5 men capsized while returning to the Amerique,M,24.0,0,1870,19
67594,1878,SOUTH ATLANTIC OCEAN,Boat with 5 men capsized while returning to the Amerique,M,24.0,1,1870,19
67595,1878,USA,Swimming,M,24.0,1,1870,19
67596,1878,USA,Swimming,M,14.0,1,1870,19
67597,1878,PHILIPPINES,Unknown,F,24.0,1,1870,19
67598,1878,NEW GUINEA,Unknown,M,24.0,0,1870,19
67599,1878,SOUTH AFRICA,Wreck of the Union Steamship Company 982-ton iron steamer Kafir,M,24.0,1,1870,19
67600,1878,BRAZIL,Washed off raft,M,24.0,1,1870,19
67601,1878,AUSTRALIA,Bathing in 2 feet of water,M,11.0,1,1870,19
67602,1877,FIJI,Unknown,Unknown,24.0,1,1870,19
67603,1877,AUSTRALIA,Bathing,M,11.0,0,1870,19
67604,1877,AUSTRALIA,Washed overboard from the barque Mary Eady,M,24.0,1,1870,19
67605,1877,AUSTRALIA,Fishing,M,24.0,0,1870,19
67606,1877,INDIAN OCEAN,Unknown,M,24.0,0,1870,19
67607,1877,AUSTRALIA,Unknown,M,24.0,0,1870,19
67608,1877,AUSTRALIA,Bathing,M,24.0,0,1870,19
67609,1877,ITALY,Paddling,M,24.0,0,1870,19
67610,1877,FIJI,Unknown,M,15.0,0,1870,19
67611,1877,AUSTRALIA,Fishing,M,24.0,0,1870,19
67612,1877,AUSTRALIA,Bathing,M,24.0,1,1870,19
67613,1877,AUSTRALIA,Swimming,F,24.0,0,1870,19
67614,1877,SOUTH AFRICA,Body found floating next to his ship,M,24.0,0,1870,19
67615,1877,INDIA,Unknown,M,24.0,0,1870,19
67616,1876,USA,Fishing,M,24.0,1,1870,19
67617,1876,GREECE,Diving for sponges,M,24.0,1,1870,19
67618,1876,USA,Bathing,M,24.0,0,1870,19
67619,1876,AUSTRALIA,Swimming,M,24.0,1,1870,19
67620,1876,AUSTRALIA,Bathing,M,24.0,1,1870,19
67621,1876,LEBANON,Sponge diving,M,24.0,1,1870,19
67622,1876,ENGLAND,Unknown,M,24.0,0,1870,19
67623,1876,AUSTRALIA,Pearl diving,M,24.0,0,1870,19
67624,1876,AUSTRALIA,Unknown,M,24.0,1,1870,19
67625,1875,AUSTRALIA,Fishing,M,24.0,0,1870,19
67626,1875,SOUTH AFRICA,Unknown,Unknown,24.0,0,1870,19
67627,1875,NEW ZEALAND,Bathing,M,3.0,1,1870,19
67628,1875,AUSTRALIA,Bathing,M,24.0,0,1870,19
67629,1874,AUSTRALIA,Bathing,M,24.0,0,1870,19
67630,1875,AUSTRALIA,Sitting on gunwale of boat,M,24.0,1,1870,19
67631,1874,CROATIA,Fishing,Unknown,24.0,0,1870,19
67632,1874,FRANCE,Fishing,Unknown,24.0,0,1870,19
67633,1874,USA,Fishing,M,24.0,0,1870,19
67634,1874,USA,Bathing,M,24.0,0,1870,19
67635,1874,MEXICO,Bathing,M,24.0,1,1870,19
67636,1874,KIRIBATI,Escaping from blackbirding vessel,M,24.0,1,1870,19
67637,1874,Unknown,Salvaging a shipwreck,M,24.0,0,1870,19
67638,1874,HONDURAS,Boat of the Resolution capsized in the breakers,M,24.0,1,1870,19
67639,1874,CANADA,Fishing,M,24.0,0,1870,19
67640,1874,TUVALU,Fleet of canoes caught by a squall and charged by sharks.,Unknown,24.0,1,1870,19
67641,1874,AUSTRALIA,Bathing,M,24.0,0,1870,19
67642,1873,USA,Fishing (Seining),M,24.0,0,1870,19
67643,1873,AUSTRALIA,Bathing,M,24.0,0,1870,19
67644,1873,AUSTRALIA,Bathing,M,24.0,0,1870,19
67645,1873,CUBA,Swimming / escaping imprisonment,M,27.0,0,1870,19
67646,1872,INDIAN OCEAN?,Swimming to avoid capture,M,24.0,1,1870,19
67647,1872,AZORES,Unknown,M,24.0,0,1870,19
67648,1872,BAHAMAS,Burning of the S.S. Missouri,M,24.0,1,1870,19
67649,1872,CROATIA,Fishing,M,24.0,0,1870,19
67650,1872,USA,Canoeing,M,24.0,0,1870,19
67651,1872,AUSTRALIA,Wreck of the 150-ton brig Maria,Unknown,24.0,1,1870,19
67652,1872,Fiji,boat capsized,M,24.0,0,1870,19
67653,1872,SOUTH ATLANTIC OCEAN,Adrift on a raft,M,24.0,0,1870,19
67654,1871,AUSTRALIA,Unknown,M,24.0,0,1870,19
67655,1871,USA,Fishing,M,24.0,0,1870,19
67656,1871,USA,Shark fishing,M,24.0,0,1870,19
67657,1871,SRI LANKA,Bathing,M,24.0,0,1870,19
67658,1871,GUYANA,Suicide,M,24.0,0,1870,19
67659,1871,INDIA,Bathing,M,30.0,1,1870,19
67660,1871,AUSTRALIA,Unknown,M,24.0,1,1870,19
67661,1871,AUSTRALIA,Unknown,M,24.0,0,1870,19
67662,1871,AUSTRALIA,Fishing,M,24.0,0,1870,19
67663,1870,USA,Bathing,M,24.0,0,1870,19
67664,1870,INDIA,Bathing,M,40.0,0,1870,19
67665,1870,INDIA,Bathing / standing,M,40.0,0,1870,19
67666,1870,AUSTRALIA,Fishing,M,13.0,0,1870,19
67667,1870,INDIA,Bathing,M,39.0,0,1870,19
67668,1870,INDIA,Bathing,M,40.0,0,1870,19
67669,1870,AUSTRALIA,Bathing,M,17.0,0,1870,19
67670,1870,AUSTRALIA,Canoeing,M,24.0,0,1870,19
67671,1869,AUSTRALIA,Net fishing,M,24.0,0,1860,19
67672,1869,Unknown,Fell overboard,M,24.0,0,1860,19
67673,1868,ITALY,Unknown,M,24.0,1,1860,19
67674,1868,INDIA,Standing,M,35.0,1,1860,19
67675,1868,VIETNAM,A junk foundered,M,24.0,1,1860,19
67676,1868,AUSTRALIA,Fishing,Unknown,24.0,0,1860,19
67677,1868,AUSTRALIA,Swimming,M,24.0,1,1860,19
67678,1868,NEW ZEALAND,Bathing close inshore,M,24.0,0,1860,19
67679,1867,EGYPT,Swimming,M,24.0,1,1860,19
67680,1867,MEXICO,boat from the Austrian ship Elizabeth,M,24.0,1,1860,19
67681,1867,CUBA,boat from ship Josephine capsized in squall,M,24.0,1,1860,19
67682,1867,AUSTRALIA,Unknown,Unknown,24.0,0,1860,19
67683,1867,CUBA,Painting a ship,M,24.0,1,1860,19
67684,1866,USA,Bathing,M,24.0,1,1860,19
67685,1866,AUSTRALIA,Fell overboard,M,24.0,0,1860,19
67686,1865,USA,Swimming alongside the schooner Catherine Wilcox,M,17.0,0,1860,19
67687,1865,USA,Bathing,M,24.0,1,1860,19
67688,1865,SOUTH AFRICA,Fishing,M,24.0,1,1860,19
67689,1865,AUSTRALIA,Boarding a ship,Unknown,24.0,0,1860,19
67690,1864,USA,Wreck of the Aphrodite,M,24.0,1,1860,19
67691,1864,FRANCE,Dragging a shark,M,24.0,0,1860,19
67692,1864,SCOTLAND,Unknown,M,24.0,0,1860,19
67693,1864,USA,Swimming,M,13.0,0,1860,19
67694,1864,MADAGASCAR,Fell overboard,M,24.0,1,1860,19
67695,1864,SPAIN,Bathing,M,24.0,1,1860,19
67696,1864,MAURITIUS,Fell overboard,M,24.0,1,1860,19
67697,1864,CHINA,Swimming,M,24.0,0,1860,19
67698,1864,MAURITIUS,Fell overboard,M,24.0,1,1860,19
67699,1864,PANAMA,Coming ashore on a hawser,M,24.0,1,1860,19
67700,1864,NEW ZEALAND,Boat swamped,M,24.0,1,1860,19
67701,1864,NEW ZEALAND,Standing / Bathing,M,24.0,0,1860,19
67702,1864,INDONESIA,Reaching for life preserver,M,24.0,1,1860,19
67703,1864,AUSTRALIA,Swimming,M,24.0,0,1860,19
67704,1863,GUINEA,"Bathing near whaling ship (bark A. R. Tucker of New Bedford, Massachusetts)",M,18.0,1,1860,19
67705,1863,USA,Bathing,M,24.0,0,1860,19
67706,1863,USA,Fishing,M,24.0,0,1860,19
67707,1863,AUSTRALIA,Launching a boat,M,24.0,1,1860,19
67708,1863,AUSTRALIA,Floating on back,M,24.0,0,1860,19
67709,1863,SOUTH AFRICA,"Swimming, caught in strong backwash & disappeared",M,26.0,0,1860,19
67710,1863,AUSTRALIA,Bathing,M,17.0,1,1860,19
67711,1863,ANDAMAN ISLANDS,Fell overboard,M,24.0,1,1860,19
67712,1863,CEYLON,Fell overboard,M,24.0,1,1860,19
67713,1863,CEYLON,Fell overboard,M,24.0,1,1860,19
67714,1863,GREECE,Swimming,M,24.0,1,1860,19
67715,1862,NEW ZEALAND,Swimming,M,28.0,0,1860,19
67716,1862,AUSTRALIA,Trying to catch a wounded bird,M,24.0,1,1860,19
67717,1862,NEW ZEALAND,Unknown,Unknown,24.0,0,1860,19
67718,1862,SPAIN,Bathing,F,24.0,0,1860,19
67719,1862,SPAIN,Unknown,M,24.0,0,1860,19
67720,1862,SPAIN,Swimming,M,18.0,1,1860,19
67721,1862,SPAIN,Unknown,M,18.0,1,1860,19
67722,1862,SPAIN,Swimming alongside the SS Kearsarge,M,24.0,1,1860,19
67723,1862,SOUTH AFRICA,Unknown,M,24.0,0,1860,19
67724,1862,SOUTH AFRICA,Bathing,M,24.0,0,1860,19
67725,1862,USA,Unknown,F,24.0,0,1860,19
67726,1862,JAPAN,Boat of a Hawaiian brig was stove in by  whale,M,24.0,1,1860,19
67727,1861,SINGAPORE,Bathing alongside the American ship Thomas W. Sears,M,24.0,1,1860,19
67728,1861,CUBA,Deserting the bark Nazarene,M,24.0,0,1860,19
67729,1861,NEW ZEALAND,Bathing,M,24.0,0,1860,19
67730,1861,EQUATORIAL GUINEA / CAMEROON,Swimming,M,24.0,1,1860,19
67731,1861,AUSTRALIA,Bathing,M,24.0,0,1860,19
67732,1860,AUSTRALIA,Bathing,M,24.0,0,1860,19
67733,1860,CANADA,Gloucester fishing schooner run down,M,24.0,1,1860,19
67734,1860,USA,Swimming,M,24.0,0,1860,19
67735,1860,NEW ZEALAND,Swimming,M,24.0,0,1860,19
67736,1860,NEW ZEALAND,Bathing,M,24.0,1,1860,19
67737,1860,COOK ISLANDS,43-ton schooner Irene capsized & sank,M,24.0,1,1860,19
67738,1860,BAHAMAS,"In boat being towed by ship, Karnak",M,24.0,1,1860,19
67739,1859,USA,Fell overboard,M,21.0,1,1850,19
67740,1858,USA,Swimming,M,24.0,0,1850,19
67741,1858,USA,Swimming,M,24.0,0,1850,19
67742,1858,TOBAGO,Bathing,M,24.0,0,1850,19
67743,1858,AUSTRALIA,Bathing,M,22.0,1,1850,19
67744,1858,USA,Swimming,M,24.0,1,1850,19
67745,1858,TONGA,Jumped overboard while intoxicated,M,24.0,1,1850,19
67746,1857,USA,Swimming,M,24.0,1,1850,19
67747,1856,FIJI,Swimming,M,24.0,1,1850,19
67748,1856,Unknown,Swimming,M,22.0,1,1850,19
67749,1856,ENGLAND,Swimming,M,24.0,1,1850,19
67750,1856,AUSTRALIA,Swimming,M,17.0,0,1850,19
67751,1855,AUSTRALIA,Swimming,M,24.0,1,1850,19
67752,1855,USA,ship William Penn grounded & broke apart,M,24.0,0,1850,19
67753,1855,Unknown,Bathing,M,24.0,1,1850,19
67754,1855,AUSTRALIA,Fell overboard from the Malacca,F,2.0,1,1850,19
67755,1855,AUSTRALIA,Fell overboard from the Sobella,M,24.0,1,1850,19
67756,1855,SOLOMON ISLANDS,Swimming,M,24.0,1,1850,19
67757,1855,AUSTRALIA,Swimming,M,24.0,0,1850,19
67758,1853,AUSTRALIA,Swimming,M,24.0,0,1850,19
67759,1853,USA,Commercial Salvage Diving,M,24.0,0,1850,19
67760,1853,USA,Swimming,M,24.0,1,1850,19
67761,1853,GREECE,Swimming,M,24.0,0,1850,19
67762,1853,AUSTRALIA,Fell into the water,M,24.0,1,1850,19
67763,1853,USA,Hard hat diving,M,24.0,0,1850,19
67764,1853,USA,He was fighting a shark when his boat capsized & he disappeared,M,24.0,0,1850,19
67765,1853,USA,Knocked overboard,M,24.0,1,1850,19
67766,1852,AUSTRALIA,Swimming,M,24.0,0,1850,19
67767,1852,PACIFIC OCEAN,Fishing,M,24.0,0,1850,19
67768,1852,AUSTRALIA,Fell overboard,M,24.0,1,1850,19
67769,1852,TONGA,Fell overboard,M,24.0,1,1850,19
67770,1852,USA,Swimming,M,24.0,1,1850,19
67771,1852,ATLANTIC OCEAN,Unknown,F,1.0,0,1850,19
67772,1852,SOUTH AFRICA,Swimming from capsized boat,M,24.0,1,1850,19
67773,1852,SOUTH AFRICA,Wreck of the steamship Birkenhead,M,24.0,1,1850,19
67774,1852,NEW ZEALAND,Swimming,M,24.0,1,1850,19
67775,1852,USA,"Vessel capsized, wading ashore carrying an oar",M,24.0,1,1850,19
67776,1851,MEXICO,Bathing,M,24.0,1,1850,19
67777,1851,USA,Swimming,M,24.0,1,1850,19
67778,1851,USA,Hard hat diving,M,24.0,0,1850,19
67779,1850,USA,Swimming after his hat,M,24.0,1,1850,19
67780,1850,NICARAGUA,Bathing,M,24.0,1,1850,19
67781,1849,AUSTRALIA,Unknown,M,24.0,1,1840,19
67782,1849,AUSTRALIA,Bathing,M,24.0,1,1840,19
67783,1849,PERU,Swimming,M,24.0,1,1840,19
67784,1849,AUSTRALIA,Swimming,M,24.0,1,1840,19
67785,1849,USA,Attempting to rescue woman seized by shark,M,24.0,1,1840,19
67786,1849,USA,Bathing,F,24.0,1,1840,19
67787,1849,AUSTRALIA,boat capsized,M,24.0,0,1840,19
67788,1848,USA,Swimming,M,15.0,0,1840,19
67789,1848,USA,Unknown,M,24.0,0,1840,19
67790,1848,ENGLAND,Standing,M,24.0,0,1840,19
67791,1847,AUSTRALIA,Swimming,M,24.0,0,1840,19
67792,1847,USA,Wading,M,24.0,0,1840,19
67793,1847,GREECE,Swimming,M,19.0,1,1840,19
67794,1847,USA,Hilo,M,24.0,0,1840,19
67795,1847,AUSTRALIA,Wreck of the Sovereign,M,24.0,0,1840,19
67796,1847,MEXICO,Wreck of the Tweed,Unknown,24.0,1,1840,19
67797,1847,AUSTRALIA,Unknown,Unknown,24.0,0,1840,19
67798,1847,USA,Swimming,M,24.0,0,1840,19
67799,1847,USA,Boating,M,24.0,0,1840,19
67800,1846,MEXICO,Wreck of the USS Somers,M,24.0,1,1840,19
67801,1846,AFRICA,Jumped into river,M,24.0,1,1840,19
67802,1846,CUBA,Bathing,M,24.0,0,1840,19
67803,1845,AUSTRALIA,Fishing,M,24.0,1,1840,19
67804,1845,MEXICO,Bathing,M,24.0,1,1840,19
67805,1845,ENGLAND,Unknown,M,24.0,0,1840,19
67806,1845,USA,Seine netting,M,24.0,1,1840,19
67807,1845,USA,Fell overboard,M,24.0,1,1840,19
67808,1845,SIERRA LEONE,Unknown,M,24.0,1,1840,19
67809,1844,NAMIBIA,Boat capsized,M,24.0,1,1840,19
67810,1844,ALGERIA,Swimming,M,24.0,1,1840,19
67811,1844,Coast of AFRICA,Fell overboard,M,24.0,1,1840,19
67812,1844,MADAGASCAR,Fell overboard,M,24.0,1,1840,19
67813,1842,USA,Swimming,M,15.0,0,1840,19
67814,1842,USA,Harassing a shark,Unknown,24.0,0,1840,19
67815,1842,INDIA,Washed off catamaran in the surf,M,7.0,1,1840,19
67816,1842,AUSTRALIA,"Unknown, but it was said to be the ""First known attack in Sydney Harbour""",M,24.0,0,1840,19
67817,1841,AUSTRALIA,Bathing,M,24.0,1,1840,19
67818,1840,AUSTRALIA,Swimming,M,24.0,1,1840,19
67819,1840,FIJI,Unknown,M,24.0,0,1840,19
67820,1840,USA,Accidentally thrown overboard & treading water while awaiting rescue,M,24.0,1,1840,19
67821,1840,WEST INDIES,Swimming,M,24.0,1,1840,19
67822,1840,AUSTRALIA,Sailing,Unknown,24.0,0,1840,19
67823,1839,AUSTRALIA,Unknown,M,24.0,0,1830,19
67824,1839,CUBA,Sitting on gunwale of boat,M,24.0,1,1830,19
67825,1839,AUSTRALIA,Attempting to rescue crew after whale upset their boat,M,24.0,1,1830,19
67826,1839,FIJI,Unknown,M,29.0,0,1830,19
67827,1837,USA,Bathing,M,24.0,0,1830,19
67828,1837,USA,Bathing,M,24.0,0,1830,19
67829,1837,AUSTRALIA,Washing his feet,M,12.0,1,1830,19
67830,1837,USA,Unknown,M,24.0,0,1830,19
67831,1836,SPAIN,Unknown,Unknown,24.0,0,1830,19
67832,1836,AUSTRALIA,Unknown,Unknown,24.0,0,1830,19
67833,1835,VANUATU,Bathing,M,24.0,1,1830,19
67834,1835,TASMAN SEA,Hooking into a whale,M,24.0,0,1830,19
67835,1834,FRENCH POLYNESIA,Swimming,F,24.0,1,1830,19
67836,1832,AUSTRALIA,Fishing,F,24.0,0,1830,19
67837,1832,AUSTRALIA,Bathing,M,24.0,0,1830,19
67838,1831,USA,American schooner Orator capsized,M,24.0,1,1830,19
67839,1831,AUSTRALIA,"Boat capsized, clinging to line",M,24.0,0,1830,19
67840,1830,USA,"Fishing from dory, shark upset boat & he fell into the water",M,52.0,1,1830,19
67841,1830,INDIA,Washing a dog,M,24.0,1,1830,19
67842,1830,INDIA,Bathing,M,24.0,1,1830,19
67843,1830,Unknown,Unknown,M,24.0,1,1830,19
67844,1829,SIERRA LEONE,Unknown,M,24.0,0,1820,19
67845,1829,USA,Fell overboard from the ship Gem,M,24.0,1,1820,19
67846,1829,CARIBBEAN SEA,Wreck of the schooner Driver,M,24.0,1,1820,19
67847,1828,SIERRA LEONE,"British ship, Britannia,  was loading lumber. He was bathing",M,17.0,0,1820,19
67848,1828,USA,Surfing,M,24.0,1,1820,19
67849,1827,SIERRA LEONE,Swimming,M,24.0,0,1820,19
67850,1827,SIERRA LEONE,Swimming,M,24.0,0,1820,19
67851,1827,EGYPT,Unknown,M,24.0,1,1820,19
67852,1826,BRAZIL,Unknown,M,24.0,0,1820,19
67853,1826,GHANA,Bathing,M,24.0,1,1820,19
67854,1826,CUBA,HBM Magpie foundered in a squall,M,24.0,1,1820,19
67855,1826,ENGLAND,Bathing,Unknown,24.0,0,1820,19
67856,1826,JAMAICA,Jumped overboard,M,24.0,1,1820,19
67857,1825,AUSTRALIA,Swimming,M,24.0,1,1820,19
67858,1825,AUSTRALIA,Unknown,M,24.0,0,1820,19
67859,1823,JAMAICA,Unknown,Unknown,24.0,0,1820,19
67860,1822,NIGERIA,Unknown,Unknown,24.0,1,1820,19
67861,1819,SPAIN,Unknown,M,24.0,0,1810,19
67862,1818,NORWAY,Unknown,M,24.0,0,1810,19
67863,1817,USA,Swimming,M,24.0,1,1810,19
67864,1817,INDIA,Swimming,M,24.0,1,1810,19
67865,1817,SRI LANKA,Swimming,M,22.0,1,1810,19
67866,1817,SRI LANKA,Conch diver,M,24.0,0,1810,19
67867,1816,USA,Swimming,M,24.0,1,1810,19
67868,1815,TOBAGO,Bathing,M,24.0,1,1810,19
67869,1812,ENGLAND,Swimming,M,24.0,0,1810,19
67870,1811,Unknown,Fell overboard,M,24.0,1,1810,19
67871,1810,USA,Fell into the water,M,24.0,1,1810,19
67872,1808,JAMAICA,Swimming,M,24.0,1,1800,19
67873,1808,ANTIGUA,Unknown,Unknown,24.0,0,1800,19
67874,1808,INDIA,Bathing,M,24.0,1,1800,19
67875,1807,AUSTRALIA,Unknown,M,24.0,0,1800,19
67876,1896,USA,Unknown,M,24.0,0,1890,19
67877,1805,USA,Unknown,M,24.0,0,1800,19
67878,1804,AUSTRALIA,Unknown,Unknown,24.0,0,1800,19
67879,1803,USA,Unknown,M,24.0,0,1800,19
67880,1803,AUSTRALIA,Unknown,M,24.0,0,1800,19
67881,1802,INDIA,Unknown,Unknown,24.0,1,1800,19
67882,1801,Unknown,Standing on landed shark's tail,N,24.0,1,1800,19
67883,1800,SEYCHELLES,a corsair's boat was overturned,F,24.0,1,1800,18
67884,1797,Unknown,Dropped overboard,Unknown,24.0,1,1790,18
67885,1792,ENGLAND,Fishing,M,24.0,1,1790,18
67886,1791,AUSTRALIA,Unknown,F,24.0,1,1790,18
67887,1788,AUSTRALIA,Fishing,Unknown,24.0,0,1780,18
67888,1787,Unknown,Swimming,M,24.0,1,1780,18
67889,1786,BARBADOS,Washing himself,M,24.0,1,1780,18
67890,1785,ENGLAND,Unknown,M,24.0,1,1780,18
67891,1784,JAMAICA,Swimming,M,24.0,1,1780,18
67892,1783,MARTINIQUE,Unknown,M,24.0,1,1780,18
67893,1780,USA,Swimming,M,24.0,1,1780,18
67894,1779,USA,Surfing,M,24.0,1,1770,18
67895,1776,GUINEA,Murder,M,24.0,1,1770,18
67896,1776,GREENLAND,Unknown,Unknown,24.0,1,1770,18
67897,1771,USA,Fishing,M,24.0,1,1770,18
67898,1767,FRANCE,Bathing,M,24.0,0,1760,18
67899,1764,SPAIN,Swimming,M,24.0,1,1760,18
67900,1758,MEDITERRANEAN SEA,"Fell overboard from a frigate & was swallowed by a shark. The captain fired a gun at the shark, and ""the creature cast the man out of his throat.""",M,24.0,0,1750,18
67901,1753,JAMAICA,Fell overboard,M,24.0,1,1750,18
67902,1751,USA,Swimming,M,24.0,1,1750,18
67903,1749,CUBA,Swimming,M,14.0,0,1740,18
67904,1755,SWEDEN,Unknown,M,24.0,0,1750,18
67905,1748,PANAMA,Pearl diving,M,24.0,1,1740,18
67906,1742,Unknown,Swimming,M,24.0,1,1740,18
67907,1738,ITALY,Swimming,M,24.0,1,1730,18
67908,1733,ICELAND,Unknown,Unknown,24.0,0,1730,18
67909,1723,ROATAN,Unknown,M,24.0,0,1720,18
67910,1721,ITALY,Swimming,M,24.0,1,1720,18
67911,1703,BARBADOS,Swimming,M,19.0,0,1700,18
67912,1700,FRANCE,Unknown,M,24.0,1,1700,17
67913,1700,FRANCE,Bathing,M,24.0,0,1700,17
67914,1700,BARBADOS,Bathing,M,24.0,1,1700,17
67915,1642,GUINEA,Went overboard,M,24.0,0,1640,17
67916,1638,Unknown,Unknown,M,24.0,0,1630,17
67917,1637,INDIA,Wading,Unknown,24.0,0,1630,17
67918,1617,INDIA,Unknown,Unknown,24.0,0,1610,17
67919,1642,USA,Swimming,M,24.0,1,1640,17
67920,1595,INDIA,Ship lay at anchor & man was working on its rudder,M,24.0,0,1590,16
67921,1580,Between PORTUGAL & INDIA,Man fell overboard from ship. Those on board threw a rope to him with a wooden block & were pulling him to the ship,M,24.0,1,1580,16
67922,1555,Unknown,Swimming,M,24.0,0,1550,16
67923,1554,FRANCE,Unknown,M,24.0,0,1550,16
67924,1543,VENEZUELA,Pearl diving,M,24.0,1,1540,16
67925,500,MEXICO,Unknown,M,24.0,0,500,5
67926,77,Unknown,Sponge diving,M,24.0,1,70,1
67927,5,AUSTRALIA,Unknown,M,24.0,0,0,1
