TransactionID,Date,CustomerID,Gender,Age,Product Category,Quantity,Price per Unit,Total Amount
1,24-11-2023,CUST0020,Male,67,Sports,11,104,1144
2,24-11-2023,CUST9056,Female,23,Books,5,163,815
3,24-11-2023,CUST9975,Female,51,Beauty,5,393,1965
4,24-11-2023,CUST5740,Female,53,Clothing,2,431,862
5,24-11-2023,CUST9080,Female,39,Books,10,149,1490
6,24-11-2023,CUST0590,Male,50,Books,6,343,2058
7,24-11-2023,CUST1822,Female,58,Groceries,6,153,918
8,24-11-2023,CUST5163,Male,27,Electronics,6,65,390
9,24-11-2023,CUST2388,Male,34,Electronics,19,248,4712
10,24-11-2023,CUST2156,Female,18,Clothing,16,469,7504
11,24-11-2023,CUST2381,Male,44,Sports,18,459,8262
12,24-11-2023,CUST8210,Female,52,Groceries,16,39,624
13,24-11-2023,CUST8718,Male,23,Beauty,5,403,2015
14,24-11-2023,CUST6881,Female,20,Sports,19,289,5491
15,24-11-2023,CUST3301,Female,26,Clothing,3,269,807
16,24-11-2023,CUST3860,Female,18,Books,17,285,4845
17,24-11-2023,CUST9852,Male,33,Clothing,6,124,744
18,24-11-2023,CUST9693,Male,23,Sports,11,156,1716
19,24-11-2023,CUST0999,Male,48,Sports,19,154,2926
20,24-11-2023,CUST5224,Male,24,Sports,14,182,2548
21,24-11-2023,CUST0248,Female,56,Books,20,309,6180
22,24-11-2023,CUST7273,Male,19,Beauty,11,340,3740
23,24-11-2023,CUST9635,Male,36,Groceries,4,54,216
24,24-11-2023,CUST4047,Female,56,Sports,15,453,6795
25,24-11-2023,CUST2702,Female,35,Clothing,12,11,132
26,24-11-2023,CUST5299,Male,32,Electronics,13,118,1534
27,24-11-2023,CUST7909,Male,18,Clothing,11,325,3575
28,24-11-2023,CUST3808,Male,42,Books,8,378,3024
29,24-11-2023,CUST9690,Male,67,Beauty,4,402,1608
30,24-11-2023,CUST6171,Female,29,Clothing,15,186,2790
31,24-11-2023,CUST3910,Female,69,Sports,3,383,1149
32,24-11-2023,CUST0422,Male,44,Groceries,7,328,2296
33,24-11-2023,CUST8807,Female,43,Electronics,5,377,1885
34,24-11-2023,CUST0060,Male,51,Sports,16,468,7488
35,24-11-2023,CUST1967,Female,45,Beauty,9,117,1053
36,24-11-2023,CUST3583,Male,69,Clothing,16,441,7056
37,24-11-2023,CUST6921,Female,37,Sports,1,410,410
38,24-11-2023,CUST2051,Male,29,Clothing,2,497,994
39,24-11-2023,CUST6763,Female,55,Books,20,301,6020
40,24-11-2023,CUST4267,Female,61,Books,8,310,2480
41,24-11-2023,CUST6266,Female,20,Beauty,2,275,550
42,24-11-2023,CUST5777,Male,27,Electronics,17,78,1326
43,24-11-2023,CUST5857,Male,42,Beauty,10,135,1350
44,24-11-2023,CUST6680,Female,41,Electronics,19,88,1672
45,24-11-2023,CUST1252,Male,51,Groceries,16,316,5056
46,24-11-2023,CUST8791,Female,48,Books,1,391,391
47,24-11-2023,CUST1623,Female,22,Sports,18,80,1440
48,24-11-2023,CUST5208,Female,25,Books,17,310,5270
49,24-11-2023,CUST4413,Male,29,Electronics,5,185,925
50,24-11-2023,CUST2942,Male,68,Beauty,12,407,4884
51,24-11-2023,CUST6200,Female,24,Beauty,7,152,1064
52,24-11-2023,CUST9070,Male,56,Beauty,9,372,3348
53,24-11-2023,CUST4102,Male,64,Clothing,16,466,7456
54,24-11-2023,CUST1533,Female,64,Beauty,6,143,858
55,24-11-2023,CUST2556,Male,57,Sports,14,476,6664
56,24-11-2023,CUST6655,Female,30,Electronics,10,16,160
57,24-11-2023,CUST2155,Male,61,Electronics,15,423,6345
58,24-11-2023,CUST9397,Female,31,Clothing,16,140,2240
59,24-11-2023,CUST0116,Female,24,Sports,2,412,824
60,24-11-2023,CUST8222,Male,21,Beauty,10,117,1170
61,24-11-2023,CUST8877,Female,33,Electronics,6,102,612
62,24-11-2023,CUST3326,Female,37,Groceries,11,354,3894
63,24-11-2023,CUST6951,Female,39,Sports,18,89,1602
64,24-11-2023,CUST2583,Female,31,Beauty,6,280,1680
65,24-11-2023,CUST7329,Male,64,Sports,5,36,180
66,24-11-2023,CUST7662,Female,44,Clothing,13,49,637
67,24-11-2023,CUST3606,Male,54,Sports,11,382,4202
68,24-11-2023,CUST6839,Male,62,Beauty,17,425,7225
69,24-11-2023,CUST8068,Female,52,Clothing,10,459,4590
70,24-11-2023,CUST6322,Female,70,Beauty,15,414,6210
71,24-11-2023,CUST1004,Female,63,Beauty,4,112,448
72,24-11-2023,CUST8551,Female,58,Books,11,269,2959
73,24-11-2023,CUST2261,Male,39,Beauty,16,131,2096
74,24-11-2023,CUST0727,Male,62,Electronics,9,29,261
75,24-11-2023,CUST8958,Male,49,Books,8,279,2232
76,24-11-2023,CUST0729,Female,55,Clothing,1,457,457
77,24-11-2023,CUST5385,Male,59,Clothing,18,442,7956
78,24-11-2023,CUST6644,Male,40,Clothing,20,469,9380
79,24-11-2023,CUST7638,Male,61,Sports,19,27,513
80,24-11-2023,CUST5203,Female,26,Beauty,10,260,2600
81,24-11-2023,CUST5361,Male,60,Sports,19,155,2945
82,24-11-2023,CUST0506,Female,47,Books,12,185,2220
83,24-11-2023,CUST1807,Female,25,Groceries,8,362,2896
84,24-11-2023,CUST2658,Female,51,Books,15,292,4380
85,24-11-2023,CUST6949,Male,31,Groceries,16,302,4832
86,24-11-2023,CUST0341,Female,44,Clothing,7,490,3430
87,24-11-2023,CUST7110,Female,62,Electronics,14,340,4760
88,24-11-2023,CUST7716,Male,60,Groceries,16,13,208
89,24-11-2023,CUST8813,Female,69,Beauty,2,318,636
90,24-11-2023,CUST6392,Female,39,Groceries,9,40,360
91,24-11-2023,CUST9334,Female,43,Sports,8,283,2264
92,24-11-2023,CUST5893,Male,31,Beauty,1,234,234
93,24-11-2023,CUST3913,Male,37,Groceries,5,289,1445
94,24-11-2023,CUST9354,Female,29,Books,6,22,132
95,24-11-2023,CUST1168,Male,18,Books,19,249,4731
96,24-11-2023,CUST5830,Male,45,Electronics,5,388,1940
97,24-11-2023,CUST7630,Male,24,Sports,7,203,1421
98,24-11-2023,CUST5568,Male,58,Beauty,8,178,1424
99,24-11-2023,CUST8085,Female,52,Clothing,11,94,1034
100,24-11-2023,CUST4851,Male,39,Books,20,180,3600
101,24-11-2023,CUST3263,Male,52,Electronics,7,476,3332
102,24-11-2023,CUST0669,Male,33,Clothing,9,249,2241
103,24-11-2023,CUST0346,Male,18,Groceries,20,230,4600
104,24-11-2023,CUST1239,Male,58,Electronics,18,55,990
105,24-11-2023,CUST0756,Male,52,Clothing,11,229,2519
106,24-11-2023,CUST3046,Female,19,Clothing,8,422,3376
107,24-11-2023,CUST2627,Male,35,Clothing,7,407,2849
108,24-11-2023,CUST1390,Female,66,Beauty,14,438,6132
109,24-11-2023,CUST2896,Female,30,Electronics,8,495,3960
110,24-11-2023,CUST6864,Male,64,Clothing,13,223,2899
111,24-11-2023,CUST3241,Male,37,Groceries,20,292,5840
112,24-11-2023,CUST0819,Male,59,Groceries,19,310,5890
113,24-11-2023,CUST4617,Female,49,Books,5,403,2015
114,24-11-2023,CUST5235,Female,40,Electronics,15,263,3945
115,24-11-2023,CUST2383,Female,65,Clothing,8,138,1104
116,24-11-2023,CUST2814,Male,61,Books,6,137,822
117,24-11-2023,CUST8467,Female,60,Clothing,12,444,5328
118,24-11-2023,CUST8743,Male,56,Beauty,8,129,1032
119,24-11-2023,CUST6846,Female,62,Groceries,12,391,4692
120,24-11-2023,CUST4274,Female,69,Clothing,13,160,2080
121,24-11-2023,CUST5757,Female,59,Beauty,1,447,447
122,24-11-2023,CUST6630,Female,22,Sports,5,281,1405
123,24-11-2023,CUST5290,Male,44,Groceries,2,475,950
124,24-11-2023,CUST0073,Female,30,Electronics,19,349,6631
125,24-11-2023,CUST3113,Female,64,Beauty,4,469,1876
126,24-11-2023,CUST8340,Female,22,Beauty,14,191,2674
127,24-11-2023,CUST2884,Female,65,Sports,18,60,1080
128,24-11-2023,CUST8747,Male,55,Sports,15,83,1245
129,24-11-2023,CUST0193,Male,58,Books,7,308,2156
130,24-11-2023,CUST2594,Female,24,Books,13,464,6032
131,24-11-2023,CUST8556,Male,21,Clothing,14,339,4746
132,24-11-2023,CUST9486,Female,34,Electronics,5,231,1155
133,24-11-2023,CUST8546,Female,30,Sports,13,114,1482
134,24-11-2023,CUST8045,Male,32,Clothing,12,293,3516
135,24-11-2023,CUST7832,Male,63,Electronics,20,94,1880
136,24-11-2023,CUST9003,Female,59,Clothing,12,169,2028
137,24-11-2023,CUST6396,Male,57,Beauty,8,218,1744
138,24-11-2023,CUST7358,Male,38,Beauty,3,485,1455
139,24-11-2023,CUST5993,Male,42,Books,14,450,6300
140,24-11-2023,CUST3337,Male,20,Books,4,360,1440
141,24-11-2023,CUST7649,Male,29,Electronics,13,202,2626
142,24-11-2023,CUST9566,Male,18,Electronics,6,472,2832
143,24-11-2023,CUST9321,Female,65,Books,16,367,5872
144,24-11-2023,CUST7911,Male,50,Beauty,15,483,7245
145,24-11-2023,CUST0919,Female,53,Clothing,14,230,3220
146,24-11-2023,CUST7795,Male,48,Groceries,1,285,285
147,24-11-2023,CUST6313,Male,21,Beauty,13,352,4576
148,24-11-2023,CUST8145,Female,70,Books,9,340,3060
149,24-11-2023,CUST8511,Female,64,Groceries,10,422,4220
150,24-11-2023,CUST6949,Male,44,Clothing,11,261,2871
151,24-11-2023,CUST1074,Male,48,Sports,8,358,2864
152,24-11-2023,CUST3337,Male,65,Beauty,10,276,2760
153,24-11-2023,CUST8349,Female,63,Books,19,258,4902
154,24-11-2023,CUST9839,Male,28,Electronics,11,184,2024
155,24-11-2023,CUST6891,Female,44,Books,2,373,746
156,24-11-2023,CUST2564,Female,60,Electronics,4,15,60
157,24-11-2023,CUST7992,Female,33,Sports,19,447,8493
158,24-11-2023,CUST2026,Female,36,Sports,8,377,3016
159,24-11-2023,CUST8409,Female,32,Groceries,15,468,7020
160,24-11-2023,CUST6995,Female,63,Books,11,313,3443
161,24-11-2023,CUST5899,Female,68,Beauty,11,181,1991
162,24-11-2023,CUST0741,Female,54,Books,8,205,1640
163,24-11-2023,CUST6477,Female,63,Sports,9,338,3042
164,24-11-2023,CUST9832,Female,46,Books,17,358,6086
165,24-11-2023,CUST4357,Female,52,Clothing,5,394,1970
166,24-11-2023,CUST5787,Female,66,Electronics,1,200,200
167,24-11-2023,CUST9743,Male,63,Sports,12,98,1176
168,24-11-2023,CUST5162,Male,60,Books,4,462,1848
169,24-11-2023,CUST0209,Male,29,Electronics,3,46,138
170,24-11-2023,CUST5096,Male,23,Groceries,11,59,649
171,24-11-2023,CUST7561,Male,61,Clothing,5,139,695
172,24-11-2023,CUST8056,Female,35,Groceries,19,405,7695
173,24-11-2023,CUST8073,Male,56,Beauty,8,236,1888
174,24-11-2023,CUST7225,Male,39,Groceries,3,213,639
175,24-11-2023,CUST8064,Male,67,Groceries,8,399,3192
176,24-11-2023,CUST9325,Female,40,Clothing,13,292,3796
177,24-11-2023,CUST8044,Female,69,Electronics,15,204,3060
178,24-11-2023,CUST3374,Male,56,Beauty,2,377,754
179,24-11-2023,CUST3909,Female,34,Groceries,4,426,1704
180,24-11-2023,CUST5689,Female,57,Electronics,8,294,2352
181,24-11-2023,CUST1846,Female,46,Groceries,10,358,3580
182,24-11-2023,CUST8479,Female,46,Books,9,44,396
183,24-11-2023,CUST5209,Male,22,Electronics,7,430,3010
184,24-11-2023,CUST2900,Male,24,Beauty,15,489,7335
185,24-11-2023,CUST5024,Male,50,Groceries,20,423,8460
186,24-11-2023,CUST7762,Female,62,Electronics,12,203,2436
187,24-11-2023,CUST3397,Male,53,Beauty,14,266,3724
188,24-11-2023,CUST8146,Male,43,Sports,3,209,627
189,24-11-2023,CUST3053,Male,56,Groceries,17,215,3655
190,24-11-2023,CUST0690,Male,54,Groceries,17,275,4675
191,24-11-2023,CUST5633,Male,58,Clothing,10,150,1500
192,24-11-2023,CUST0791,Female,39,Books,9,425,3825
193,24-11-2023,CUST5092,Female,70,Groceries,13,475,6175
194,24-11-2023,CUST4480,Male,45,Books,8,260,2080
195,24-11-2023,CUST1231,Female,63,Sports,10,416,4160
196,24-11-2023,CUST4237,Female,25,Sports,3,40,120
197,24-11-2023,CUST0293,Female,43,Books,16,127,2032
198,24-11-2023,CUST3439,Male,55,Sports,16,146,2336
199,24-11-2023,CUST2873,Male,66,Electronics,19,202,3838
200,24-11-2023,CUST1939,Female,47,Books,20,217,4340
201,24-11-2023,CUST2113,Female,41,Sports,20,321,6420
202,24-11-2023,CUST0833,Male,58,Sports,9,113,1017
203,24-11-2023,CUST5514,Female,39,Clothing,10,241,2410
204,24-11-2023,CUST9746,Female,56,Sports,4,286,1144
205,24-11-2023,CUST7114,Male,65,Beauty,13,161,2093
206,24-11-2023,CUST7467,Female,18,Groceries,10,120,1200
207,24-11-2023,CUST2328,Male,52,Groceries,7,25,175
208,24-11-2023,CUST5469,Male,20,Clothing,17,62,1054
209,24-11-2023,CUST7881,Male,24,Sports,9,499,4491
210,24-11-2023,CUST0248,Male,44,Groceries,17,313,5321
211,24-11-2023,CUST3147,Male,35,Books,9,182,1638
212,24-11-2023,CUST9559,Male,38,Clothing,9,252,2268
213,24-11-2023,CUST3941,Female,50,Beauty,3,115,345
214,24-11-2023,CUST1595,Male,60,Books,4,219,876
215,24-11-2023,CUST7416,Female,25,Clothing,9,23,207
216,24-11-2023,CUST5900,Female,45,Beauty,2,425,850
217,24-11-2023,CUST1563,Female,51,Electronics,6,141,846
218,24-11-2023,CUST1644,Female,37,Clothing,19,146,2774
219,24-11-2023,CUST1498,Male,47,Beauty,13,427,5551
220,24-11-2023,CUST1716,Female,61,Electronics,4,24,96
221,24-11-2023,CUST8401,Male,53,Books,16,458,7328
222,24-11-2023,CUST9431,Male,54,Clothing,19,20,380
223,24-11-2023,CUST6155,Male,68,Clothing,16,329,5264
224,24-11-2023,CUST0985,Female,54,Clothing,4,244,976
225,24-11-2023,CUST4689,Male,24,Electronics,7,245,1715
226,24-11-2023,CUST4116,Male,56,Books,17,12,204
227,24-11-2023,CUST2068,Female,32,Clothing,10,295,2950
228,24-11-2023,CUST6107,Female,27,Beauty,16,389,6224
229,24-11-2023,CUST9181,Female,56,Clothing,13,320,4160
230,24-11-2023,CUST3906,Male,41,Groceries,18,99,1782
231,24-11-2023,CUST3814,Female,62,Sports,8,412,3296
232,24-11-2023,CUST3017,Male,59,Electronics,1,400,400
233,24-11-2023,CUST5161,Male,65,Beauty,18,231,4158
234,24-11-2023,CUST0694,Female,54,Electronics,4,146,584
235,24-11-2023,CUST8509,Female,46,Electronics,9,481,4329
236,24-11-2023,CUST0135,Female,68,Books,16,294,4704
237,24-11-2023,CUST9503,Male,20,Clothing,11,18,198
238,24-11-2023,CUST7430,Male,62,Beauty,10,18,180
239,24-11-2023,CUST1171,Male,57,Sports,10,159,1590
240,24-11-2023,CUST0929,Male,37,Groceries,7,209,1463
241,24-11-2023,CUST6161,Male,47,Clothing,7,277,1939
242,24-11-2023,CUST9191,Male,45,Sports,1,293,293
243,24-11-2023,CUST4062,Male,60,Books,14,287,4018
244,24-11-2023,CUST0650,Male,40,Groceries,2,373,746
245,24-11-2023,CUST8478,Female,68,Clothing,9,210,1890
246,24-11-2023,CUST3650,Female,50,Groceries,1,25,25
247,24-11-2023,CUST2014,Male,58,Groceries,13,499,6487
248,24-11-2023,CUST5887,Male,56,Sports,8,27,216
249,24-11-2023,CUST8642,Female,45,Groceries,20,250,5000
250,24-11-2023,CUST9814,Male,59,Books,2,267,534
251,24-11-2023,CUST4221,Female,22,Electronics,12,470,5640
252,24-11-2023,CUST4350,Female,65,Groceries,13,241,3133
253,24-11-2023,CUST3857,Male,34,Sports,4,34,136
254,24-11-2023,CUST2233,Female,64,Groceries,3,144,432
255,24-11-2023,CUST7775,Male,46,Books,6,23,138
256,24-11-2023,CUST4723,Female,25,Books,11,480,5280
257,24-11-2023,CUST6414,Male,61,Beauty,10,47,470
258,24-11-2023,CUST9368,Male,35,Beauty,8,261,2088
259,24-11-2023,CUST2363,Female,67,Groceries,7,362,2534
260,24-11-2023,CUST4497,Male,66,Electronics,15,214,3210
261,24-11-2023,CUST4422,Female,35,Books,9,114,1026
262,24-11-2023,CUST2762,Male,56,Beauty,3,188,564
263,24-11-2023,CUST7351,Male,40,Beauty,4,50,200
264,24-11-2023,CUST6799,Male,37,Books,15,282,4230
265,24-11-2023,CUST6671,Female,36,Books,7,351,2457
266,24-11-2023,CUST4355,Male,28,Books,11,303,3333
267,24-11-2023,CUST6886,Male,22,Electronics,15,411,6165
268,24-11-2023,CUST7892,Female,26,Groceries,20,274,5480
269,24-11-2023,CUST4884,Male,27,Electronics,9,167,1503
270,24-11-2023,CUST0153,Male,52,Books,18,89,1602
271,24-11-2023,CUST5883,Female,69,Beauty,1,166,166
272,24-11-2023,CUST4315,Female,42,Clothing,19,395,7505
273,24-11-2023,CUST5501,Male,39,Beauty,15,85,1275
274,24-11-2023,CUST2396,Female,26,Groceries,12,38,456
275,24-11-2023,CUST3188,Female,40,Beauty,7,140,980
276,24-11-2023,CUST3461,Female,61,Clothing,18,326,5868
277,24-11-2023,CUST2919,Female,18,Electronics,11,256,2816
278,24-11-2023,CUST9980,Male,41,Sports,4,378,1512
279,24-11-2023,CUST0453,Female,70,Groceries,1,317,317
280,24-11-2023,CUST0380,Male,51,Clothing,9,389,3501
281,24-11-2023,CUST1927,Female,65,Clothing,16,162,2592
282,24-11-2023,CUST6852,Male,42,Clothing,3,315,945
283,24-11-2023,CUST5051,Female,44,Beauty,4,407,1628
284,24-11-2023,CUST8660,Female,61,Electronics,16,108,1728
285,24-11-2023,CUST9759,Male,39,Sports,8,440,3520
286,24-11-2023,CUST3481,Female,20,Clothing,19,91,1729
287,24-11-2023,CUST0982,Female,53,Groceries,15,204,3060
288,24-11-2023,CUST5269,Male,61,Books,13,408,5304
289,24-11-2023,CUST6750,Female,67,Beauty,5,418,2090
290,24-11-2023,CUST2661,Male,46,Electronics,16,50,800
291,24-11-2023,CUST0334,Male,67,Groceries,4,118,472
292,24-11-2023,CUST6235,Female,67,Groceries,13,110,1430
293,24-11-2023,CUST4673,Female,43,Beauty,19,468,8892
294,24-11-2023,CUST3588,Male,21,Books,16,410,6560
295,24-11-2023,CUST5014,Female,64,Sports,3,94,282
296,24-11-2023,CUST9312,Male,19,Clothing,17,494,8398
297,24-11-2023,CUST0954,Female,53,Clothing,8,103,824
298,24-11-2023,CUST2241,Male,41,Clothing,19,435,8265
299,24-11-2023,CUST4995,Female,64,Groceries,1,160,160
300,24-11-2023,CUST3990,Male,58,Groceries,19,281,5339
301,24-11-2023,CUST9734,Female,31,Electronics,16,441,7056
302,24-11-2023,CUST5266,Male,68,Beauty,1,258,258
303,24-11-2023,CUST3750,Female,25,Sports,5,375,1875
304,24-11-2023,CUST9600,Male,39,Groceries,20,20,400
305,24-11-2023,CUST4128,Male,30,Electronics,17,30,510
306,24-11-2023,CUST0286,Female,67,Books,3,366,1098
307,24-11-2023,CUST5380,Female,54,Groceries,5,436,2180
308,24-11-2023,CUST8036,Female,64,Books,18,107,1926
309,24-11-2023,CUST7546,Female,18,Clothing,6,70,420
310,24-11-2023,CUST9709,Female,58,Sports,5,488,2440
311,24-11-2023,CUST4801,Female,58,Clothing,16,22,352
312,24-11-2023,CUST3638,Female,53,Electronics,2,489,978
313,24-11-2023,CUST6790,Female,33,Books,4,280,1120
314,24-11-2023,CUST9837,Female,26,Electronics,1,474,474
315,24-11-2023,CUST2305,Female,44,Sports,12,458,5496
316,24-11-2023,CUST2420,Female,65,Groceries,4,465,1860
317,24-11-2023,CUST5859,Male,66,Beauty,10,184,1840
318,24-11-2023,CUST4588,Female,50,Books,8,303,2424
319,24-11-2023,CUST2770,Male,50,Groceries,16,310,4960
320,24-11-2023,CUST4382,Male,31,Electronics,15,42,630
321,24-11-2023,CUST1396,Female,66,Electronics,20,471,9420
322,24-11-2023,CUST4342,Male,35,Clothing,17,447,7599
323,24-11-2023,CUST9122,Female,54,Electronics,19,353,6707
324,24-11-2023,CUST0436,Male,29,Groceries,8,58,464
325,24-11-2023,CUST1321,Male,50,Groceries,7,358,2506
326,24-11-2023,CUST5775,Female,25,Clothing,3,167,501
327,24-11-2023,CUST9209,Male,34,Sports,13,358,4654
328,24-11-2023,CUST9570,Male,49,Sports,17,66,1122
329,24-11-2023,CUST9428,Female,21,Books,1,172,172
330,24-11-2023,CUST3006,Female,60,Sports,2,25,50
331,24-11-2023,CUST8355,Female,63,Books,3,493,1479
332,24-11-2023,CUST2300,Female,48,Electronics,19,192,3648
333,24-11-2023,CUST4361,Male,61,Groceries,13,182,2366
334,24-11-2023,CUST5738,Female,53,Groceries,13,121,1573
335,24-11-2023,CUST7936,Female,23,Sports,7,72,504
336,24-11-2023,CUST6593,Female,43,Groceries,18,212,3816
337,24-11-2023,CUST2074,Male,36,Books,18,242,4356
338,24-11-2023,CUST3411,Female,37,Electronics,17,20,340
339,24-11-2023,CUST9712,Male,40,Beauty,17,491,8347
340,24-11-2023,CUST9117,Male,57,Beauty,17,419,7123
341,24-11-2023,CUST7569,Female,51,Sports,16,79,1264
342,24-11-2023,CUST5974,Female,70,Sports,14,229,3206
343,24-11-2023,CUST8072,Male,67,Electronics,6,115,690
344,24-11-2023,CUST8623,Male,63,Clothing,8,47,376
345,24-11-2023,CUST1575,Female,43,Beauty,4,373,1492
346,24-11-2023,CUST5542,Female,48,Beauty,17,99,1683
347,24-11-2023,CUST6052,Female,35,Electronics,6,181,1086
348,24-11-2023,CUST5163,Female,21,Sports,13,487,6331
349,24-11-2023,CUST9069,Female,29,Clothing,16,149,2384
350,24-11-2023,CUST2277,Female,33,Sports,10,496,4960
351,24-11-2023,CUST3154,Female,37,Clothing,1,492,492
352,24-11-2023,CUST8909,Male,39,Clothing,11,99,1089
353,24-11-2023,CUST4488,Male,18,Sports,20,255,5100
354,24-11-2023,CUST9392,Male,44,Beauty,14,426,5964
355,24-11-2023,CUST2876,Female,37,Clothing,1,37,37
356,24-11-2023,CUST3343,Male,50,Beauty,9,345,3105
357,24-11-2023,CUST1087,Male,41,Sports,9,451,4059
358,24-11-2023,CUST0266,Male,45,Electronics,12,465,5580
359,24-11-2023,CUST1235,Male,26,Electronics,11,351,3861
360,24-11-2023,CUST2317,Male,24,Beauty,2,306,612
361,24-11-2023,CUST3339,Male,20,Books,7,55,385
362,24-11-2023,CUST6651,Female,46,Books,1,337,337
363,24-11-2023,CUST6310,Male,64,Books,6,70,420
364,24-11-2023,CUST4477,Female,24,Books,12,257,3084
365,24-11-2023,CUST1872,Female,39,Sports,5,332,1660
366,24-11-2023,CUST8606,Male,33,Clothing,1,408,408
367,24-11-2023,CUST0702,Male,37,Sports,6,312,1872
368,24-11-2023,CUST5261,Male,37,Electronics,11,385,4235
369,24-11-2023,CUST6147,Female,57,Electronics,20,328,6560
370,24-11-2023,CUST9136,Female,55,Books,15,70,1050
371,24-11-2023,CUST8207,Male,25,Groceries,19,342,6498
372,24-11-2023,CUST4057,Female,40,Books,20,437,8740
373,24-11-2023,CUST9922,Male,35,Groceries,6,226,1356
374,24-11-2023,CUST1195,Male,68,Books,3,143,429
375,24-11-2023,CUST7445,Male,19,Beauty,20,367,7340
376,24-11-2023,CUST7388,Male,62,Sports,5,384,1920
377,24-11-2023,CUST1271,Female,37,Sports,16,344,5504
378,24-11-2023,CUST2154,Male,24,Groceries,9,423,3807
379,24-11-2023,CUST9016,Female,22,Books,19,330,6270
380,24-11-2023,CUST8029,Male,64,Groceries,4,190,760
381,24-11-2023,CUST9543,Female,46,Sports,2,51,102
382,24-11-2023,CUST9281,Female,65,Beauty,11,316,3476
383,24-11-2023,CUST9613,Female,34,Groceries,9,326,2934
384,24-11-2023,CUST0616,Male,22,Groceries,6,423,2538
385,24-11-2023,CUST8841,Female,70,Clothing,13,98,1274
386,24-11-2023,CUST9426,Female,35,Groceries,6,365,2190
387,24-11-2023,CUST7243,Male,36,Sports,20,20,400
388,24-11-2023,CUST8650,Female,42,Electronics,5,145,725
389,24-11-2023,CUST7063,Female,44,Groceries,15,121,1815
390,24-11-2023,CUST2463,Female,31,Sports,8,10,80
391,24-11-2023,CUST4783,Female,50,Beauty,7,375,2625
392,24-11-2023,CUST1815,Female,68,Groceries,13,190,2470
393,24-11-2023,CUST3330,Male,27,Books,18,250,4500
394,24-11-2023,CUST4466,Female,53,Beauty,10,356,3560
395,24-11-2023,CUST0844,Male,50,Books,6,227,1362
396,24-11-2023,CUST2788,Female,34,Beauty,20,186,3720
397,24-11-2023,CUST5502,Female,68,Clothing,3,35,105
398,24-11-2023,CUST8762,Female,27,Books,11,427,4697
399,24-11-2023,CUST9232,Male,19,Books,15,386,5790
400,24-11-2023,CUST7770,Male,24,Books,17,336,5712
401,24-11-2023,CUST0454,Male,32,Electronics,6,63,378
402,24-11-2023,CUST6890,Female,56,Sports,16,446,7136
403,24-11-2023,CUST7203,Female,58,Groceries,16,25,400
404,24-11-2023,CUST0481,Male,52,Beauty,17,135,2295
405,24-11-2023,CUST1264,Female,63,Books,7,414,2898
406,24-11-2023,CUST5868,Male,20,Sports,4,255,1020
407,24-11-2023,CUST6885,Male,53,Sports,16,391,6256
408,24-11-2023,CUST1882,Male,47,Groceries,13,273,3549
409,24-11-2023,CUST0910,Male,47,Sports,2,323,646
410,24-11-2023,CUST8183,Male,57,Sports,2,136,272
411,24-11-2023,CUST3309,Male,22,Clothing,17,261,4437
412,24-11-2023,CUST5448,Female,63,Sports,1,71,71
413,24-11-2023,CUST5719,Female,67,Electronics,15,410,6150
414,24-11-2023,CUST1531,Male,56,Beauty,2,18,36
415,24-11-2023,CUST4542,Female,25,Books,5,37,185
416,24-11-2023,CUST1605,Male,24,Electronics,12,97,1164
417,24-11-2023,CUST4725,Female,60,Groceries,7,324,2268
418,24-11-2023,CUST4820,Male,48,Groceries,13,335,4355
419,24-11-2023,CUST8519,Female,51,Beauty,20,321,6420
420,24-11-2023,CUST0909,Female,62,Clothing,17,100,1700
421,24-11-2023,CUST0570,Female,47,Electronics,16,430,6880
422,24-11-2023,CUST9754,Male,42,Groceries,18,280,5040
423,24-11-2023,CUST3433,Male,37,Sports,10,412,4120
424,24-11-2023,CUST3737,Male,24,Electronics,6,365,2190
425,24-11-2023,CUST8749,Female,19,Beauty,12,480,5760
426,24-11-2023,CUST7118,Female,37,Electronics,6,439,2634
427,24-11-2023,CUST3522,Female,45,Books,3,90,270
428,24-11-2023,CUST2089,Female,56,Sports,17,250,4250
429,24-11-2023,CUST6453,Male,19,Clothing,6,261,1566
430,24-11-2023,CUST0056,Female,41,Sports,9,453,4077
431,24-11-2023,CUST8925,Female,69,Clothing,18,281,5058
432,24-11-2023,CUST3909,Male,36,Clothing,8,310,2480
433,24-11-2023,CUST4818,Male,26,Groceries,17,77,1309
434,24-11-2023,CUST8528,Female,40,Clothing,17,463,7871
435,24-11-2023,CUST3092,Female,69,Sports,2,189,378
436,24-11-2023,CUST5805,Male,25,Groceries,13,75,975
437,24-11-2023,CUST6955,Female,58,Beauty,1,485,485
438,24-11-2023,CUST8087,Female,24,Clothing,9,93,837
439,24-11-2023,CUST3647,Male,24,Groceries,19,466,8854
440,24-11-2023,CUST1447,Female,65,Groceries,17,306,5202
441,24-11-2023,CUST2507,Male,65,Books,2,455,910
442,24-11-2023,CUST8875,Female,37,Books,10,176,1760
443,24-11-2023,CUST1449,Male,18,Beauty,8,45,360
444,24-11-2023,CUST2993,Female,36,Groceries,12,391,4692
445,24-11-2023,CUST1869,Female,24,Beauty,2,419,838
446,24-11-2023,CUST5646,Female,28,Books,4,117,468
447,24-11-2023,CUST1587,Male,27,Electronics,13,349,4537
448,24-11-2023,CUST5496,Male,44,Groceries,19,90,1710
449,24-11-2023,CUST3900,Female,67,Clothing,3,347,1041
450,24-11-2023,CUST6497,Female,48,Beauty,9,223,2007
451,24-11-2023,CUST5996,Male,59,Electronics,3,243,729
452,24-11-2023,CUST8707,Male,45,Electronics,16,337,5392
453,24-11-2023,CUST5854,Female,25,Electronics,3,87,261
454,24-11-2023,CUST9324,Male,59,Groceries,13,395,5135
455,24-11-2023,CUST4934,Female,34,Sports,6,297,1782
456,24-11-2023,CUST2400,Female,25,Groceries,11,340,3740
457,24-11-2023,CUST7863,Male,61,Clothing,11,27,297
458,24-11-2023,CUST5106,Male,40,Groceries,11,354,3894
459,24-11-2023,CUST1122,Male,28,Clothing,2,443,886
460,24-11-2023,CUST1958,Female,51,Sports,1,188,188
461,24-11-2023,CUST6703,Female,27,Books,19,311,5909
462,24-11-2023,CUST0158,Male,45,Electronics,10,439,4390
463,24-11-2023,CUST3712,Female,55,Groceries,5,227,1135
464,24-11-2023,CUST8958,Female,21,Clothing,18,313,5634
465,24-11-2023,CUST4322,Female,26,Clothing,2,222,444
466,24-11-2023,CUST0487,Female,45,Sports,17,443,7531
467,24-11-2023,CUST4157,Male,40,Beauty,9,123,1107
468,24-11-2023,CUST4597,Male,70,Books,1,55,55
469,24-11-2023,CUST9510,Male,42,Books,13,64,832
470,24-11-2023,CUST7509,Male,53,Sports,17,349,5933
471,24-11-2023,CUST9322,Male,30,Groceries,8,356,2848
472,24-11-2023,CUST0801,Female,55,Electronics,11,305,3355
473,24-11-2023,CUST8414,Male,57,Beauty,15,448,6720
474,24-11-2023,CUST2269,Male,30,Electronics,1,434,434
475,24-11-2023,CUST4433,Male,57,Beauty,7,371,2597
476,24-11-2023,CUST9583,Female,24,Beauty,20,106,2120
477,24-11-2023,CUST3944,Female,35,Electronics,2,257,514
478,24-11-2023,CUST5646,Male,70,Clothing,3,276,828
479,24-11-2023,CUST2471,Male,29,Clothing,2,335,670
480,24-11-2023,CUST9438,Female,37,Groceries,11,306,3366
481,24-11-2023,CUST8182,Male,30,Books,9,161,1449
482,24-11-2023,CUST8477,Female,57,Books,20,10,200
483,24-11-2023,CUST5503,Male,26,Clothing,18,34,612
484,24-11-2023,CUST2416,Male,31,Beauty,9,320,2880
485,24-11-2023,CUST9243,Female,69,Beauty,8,26,208
486,24-11-2023,CUST2761,Male,22,Groceries,10,384,3840
487,24-11-2023,CUST7627,Female,18,Groceries,7,106,742
488,24-11-2023,CUST6214,Male,55,Groceries,2,27,54
489,24-11-2023,CUST6709,Female,40,Beauty,8,150,1200
490,24-11-2023,CUST1021,Male,53,Clothing,4,433,1732
491,24-11-2023,CUST7106,Male,38,Clothing,5,129,645
492,24-11-2023,CUST8465,Female,20,Electronics,13,449,5837
493,24-11-2023,CUST9070,Female,26,Electronics,20,250,5000
494,24-11-2023,CUST9005,Male,34,Beauty,4,194,776
495,24-11-2023,CUST4649,Female,50,Clothing,19,479,9101
496,24-11-2023,CUST5445,Male,46,Clothing,3,440,1320
497,24-11-2023,CUST7388,Female,36,Beauty,4,376,1504
498,24-11-2023,CUST7465,Female,19,Books,2,198,396
499,24-11-2023,CUST0867,Female,70,Groceries,15,155,2325
500,24-11-2023,CUST9625,Female,54,Books,9,226,2034
501,24-11-2023,CUST7716,Female,31,Sports,8,137,1096
502,24-11-2023,CUST1845,Female,56,Clothing,11,184,2024
503,24-11-2023,CUST1599,Female,38,Electronics,5,366,1830
504,24-11-2023,CUST3627,Male,54,Sports,18,38,684
505,24-11-2023,CUST5501,Female,59,Clothing,8,66,528
506,24-11-2023,CUST9553,Male,60,Sports,16,395,6320
507,24-11-2023,CUST6357,Male,58,Sports,17,448,7616
508,24-11-2023,CUST9804,Male,32,Books,17,138,2346
509,24-11-2023,CUST0619,Male,63,Groceries,1,422,422
510,24-11-2023,CUST8640,Female,44,Clothing,5,454,2270
511,24-11-2023,CUST2951,Male,65,Beauty,14,186,2604
512,24-11-2023,CUST6452,Female,58,Groceries,13,70,910
513,24-11-2023,CUST3080,Male,51,Electronics,20,416,8320
514,24-11-2023,CUST3425,Female,63,Groceries,4,192,768
515,24-11-2023,CUST2577,Male,26,Beauty,12,369,4428
516,24-11-2023,CUST7118,Female,34,Books,13,124,1612
517,24-11-2023,CUST4058,Female,66,Books,13,106,1378
518,24-11-2023,CUST9339,Female,63,Beauty,20,332,6640
519,24-11-2023,CUST2563,Male,21,Books,8,44,352
520,24-11-2023,CUST9613,Female,46,Clothing,11,223,2453
521,24-11-2023,CUST2020,Female,23,Books,17,413,7021
522,24-11-2023,CUST7689,Female,23,Beauty,9,419,3771
523,24-11-2023,CUST8502,Male,56,Groceries,12,253,3036
524,24-11-2023,CUST3485,Female,22,Clothing,4,455,1820
525,24-11-2023,CUST6888,Male,67,Sports,7,348,2436
526,24-11-2023,CUST7913,Female,62,Books,14,54,756
527,24-11-2023,CUST3543,Female,36,Groceries,8,292,2336
528,24-11-2023,CUST1855,Male,66,Groceries,7,467,3269
529,24-11-2023,CUST6918,Male,22,Beauty,15,58,870
530,24-11-2023,CUST6722,Male,22,Groceries,12,132,1584
531,24-11-2023,CUST8323,Female,57,Groceries,12,214,2568
532,24-11-2023,CUST8522,Female,27,Electronics,1,341,341
533,24-11-2023,CUST4509,Female,59,Books,8,158,1264
534,24-11-2023,CUST1991,Male,70,Clothing,7,145,1015
535,24-11-2023,CUST6382,Male,26,Books,3,96,288
536,24-11-2023,CUST1826,Male,51,Electronics,15,312,4680
537,24-11-2023,CUST6030,Male,50,Groceries,4,286,1144
538,24-11-2023,CUST5068,Male,58,Beauty,3,271,813
539,24-11-2023,CUST5241,Female,41,Electronics,4,497,1988
540,24-11-2023,CUST0358,Female,49,Groceries,20,218,4360
541,24-11-2023,CUST0943,Female,28,Clothing,3,371,1113
542,24-11-2023,CUST8118,Female,22,Sports,8,397,3176
543,24-11-2023,CUST3910,Female,44,Beauty,10,456,4560
544,24-11-2023,CUST4486,Female,24,Beauty,3,218,654
545,24-11-2023,CUST9102,Female,31,Sports,16,450,7200
546,24-11-2023,CUST0334,Male,47,Beauty,17,254,4318
547,24-11-2023,CUST8969,Female,69,Sports,1,497,497
548,24-11-2023,CUST7660,Male,36,Books,15,437,6555
549,24-11-2023,CUST6267,Male,59,Groceries,1,299,299
550,24-11-2023,CUST4457,Female,69,Beauty,7,166,1162
551,24-11-2023,CUST2746,Female,20,Sports,11,57,627
552,24-11-2023,CUST6167,Male,54,Books,14,103,1442
553,24-11-2023,CUST5462,Male,35,Electronics,11,439,4829
554,24-11-2023,CUST6854,Male,56,Clothing,18,394,7092
555,24-11-2023,CUST8894,Female,50,Electronics,9,94,846
556,24-11-2023,CUST8686,Female,29,Beauty,5,402,2010
557,24-11-2023,CUST4255,Female,42,Groceries,19,432,8208
558,24-11-2023,CUST0199,Male,31,Clothing,5,362,1810
559,24-11-2023,CUST8853,Male,33,Electronics,8,55,440
560,24-11-2023,CUST6164,Male,46,Books,9,83,747
561,24-11-2023,CUST9010,Female,46,Beauty,14,271,3794
562,24-11-2023,CUST8912,Male,43,Electronics,9,406,3654
563,24-11-2023,CUST4320,Male,44,Books,7,10,70
564,24-11-2023,CUST9974,Male,46,Electronics,11,257,2827
565,24-11-2023,CUST2121,Female,68,Clothing,10,255,2550
566,24-11-2023,CUST3421,Female,32,Beauty,11,420,4620
567,24-11-2023,CUST6007,Male,69,Clothing,19,179,3401
568,24-11-2023,CUST4289,Female,57,Sports,2,443,886
569,24-11-2023,CUST0539,Female,58,Clothing,18,150,2700
570,24-11-2023,CUST4836,Female,24,Groceries,4,188,752
571,24-11-2023,CUST2337,Female,54,Sports,8,125,1000
572,24-11-2023,CUST5341,Male,64,Books,2,410,820
573,24-11-2023,CUST1923,Male,68,Beauty,4,499,1996
574,24-11-2023,CUST2684,Male,29,Sports,4,147,588
575,24-11-2023,CUST8966,Female,47,Groceries,20,68,1360
576,24-11-2023,CUST7075,Male,39,Clothing,5,450,2250
577,24-11-2023,CUST3057,Female,36,Clothing,5,416,2080
578,24-11-2023,CUST0696,Female,65,Books,6,177,1062
579,24-11-2023,CUST7784,Male,48,Clothing,7,372,2604
580,24-11-2023,CUST6282,Male,39,Books,5,150,750
581,24-11-2023,CUST6244,Male,56,Clothing,20,435,8700
582,24-11-2023,CUST7922,Male,66,Sports,3,291,873
583,24-11-2023,CUST8597,Male,48,Clothing,12,283,3396
584,24-11-2023,CUST9397,Female,54,Groceries,1,344,344
585,24-11-2023,CUST4647,Male,22,Books,17,362,6154
586,24-11-2023,CUST8964,Female,42,Groceries,11,424,4664
587,24-11-2023,CUST1586,Male,27,Beauty,9,433,3897
588,24-11-2023,CUST7212,Male,47,Books,14,384,5376
589,24-11-2023,CUST2025,Male,34,Groceries,12,37,444
590,24-11-2023,CUST0174,Male,37,Beauty,10,55,550
591,24-11-2023,CUST2622,Male,19,Groceries,20,402,8040
592,24-11-2023,CUST1423,Male,42,Books,15,387,5805
593,24-11-2023,CUST2195,Female,49,Sports,4,18,72
594,24-11-2023,CUST7482,Male,51,Electronics,11,262,2882
595,24-11-2023,CUST1426,Female,38,Groceries,20,86,1720
596,24-11-2023,CUST3047,Female,48,Electronics,5,231,1155
597,24-11-2023,CUST6059,Male,51,Electronics,1,440,440
598,24-11-2023,CUST9939,Female,28,Groceries,2,202,404
599,24-11-2023,CUST8927,Female,37,Electronics,17,11,187
600,24-11-2023,CUST0901,Male,30,Groceries,2,410,820
601,24-11-2023,CUST8412,Male,57,Electronics,9,215,1935
602,24-11-2023,CUST1685,Male,51,Electronics,11,58,638
603,24-11-2023,CUST8112,Male,36,Books,13,373,4849
604,24-11-2023,CUST9519,Male,59,Sports,4,294,1176
605,24-11-2023,CUST1185,Male,64,Books,2,163,326
606,24-11-2023,CUST7371,Male,42,Groceries,12,190,2280
607,24-11-2023,CUST9345,Female,58,Groceries,3,349,1047
608,24-11-2023,CUST9743,Male,58,Electronics,12,77,924
609,24-11-2023,CUST5421,Male,61,Sports,18,480,8640
610,24-11-2023,CUST7035,Female,20,Electronics,15,23,345
611,24-11-2023,CUST2946,Male,39,Beauty,9,231,2079
612,24-11-2023,CUST8917,Female,25,Beauty,5,205,1025
613,24-11-2023,CUST0224,Male,34,Electronics,18,320,5760
614,24-11-2023,CUST3267,Female,59,Sports,10,357,3570
615,24-11-2023,CUST5730,Male,37,Books,14,463,6482
616,24-11-2023,CUST0641,Female,67,Books,9,289,2601
617,24-11-2023,CUST9272,Female,68,Books,4,174,696
618,24-11-2023,CUST7384,Female,26,Sports,7,248,1736
619,24-11-2023,CUST0010,Male,45,Beauty,1,365,365
620,24-11-2023,CUST8639,Male,25,Electronics,5,479,2395
621,24-11-2023,CUST9773,Female,54,Electronics,13,52,676
622,24-11-2023,CUST8854,Male,53,Clothing,8,14,112
623,24-11-2023,CUST1176,Male,51,Books,20,74,1480
624,24-11-2023,CUST0282,Female,69,Clothing,6,209,1254
625,24-11-2023,CUST8176,Female,54,Sports,18,437,7866
626,24-11-2023,CUST4300,Female,21,Groceries,12,414,4968
627,24-11-2023,CUST3567,Male,44,Books,18,329,5922
628,24-11-2023,CUST3666,Female,44,Beauty,8,108,864
629,24-11-2023,CUST7663,Male,43,Clothing,6,32,192
630,24-11-2023,CUST1073,Female,33,Electronics,2,235,470
631,24-11-2023,CUST9620,Female,23,Groceries,4,409,1636
632,24-11-2023,CUST2706,Female,27,Clothing,4,94,376
633,24-11-2023,CUST5220,Female,31,Books,19,210,3990
634,24-11-2023,CUST3032,Female,64,Groceries,17,231,3927
635,24-11-2023,CUST7211,Female,18,Books,12,13,156
636,24-11-2023,CUST0750,Female,48,Clothing,12,53,636
637,24-11-2023,CUST8253,Female,22,Groceries,17,40,680
638,24-11-2023,CUST8002,Male,48,Books,9,25,225
639,24-11-2023,CUST4633,Male,36,Clothing,8,82,656
640,24-11-2023,CUST5635,Female,18,Electronics,8,333,2664
641,24-11-2023,CUST7073,Female,51,Clothing,16,219,3504
642,24-11-2023,CUST8785,Female,29,Groceries,20,21,420
643,24-11-2023,CUST7682,Female,48,Beauty,12,499,5988
644,24-11-2023,CUST2953,Male,69,Electronics,6,404,2424
645,24-11-2023,CUST6375,Male,33,Clothing,5,116,580
646,24-11-2023,CUST1698,Female,34,Beauty,10,88,880
647,24-11-2023,CUST2609,Male,53,Books,4,275,1100
648,24-11-2023,CUST3484,Male,68,Beauty,17,293,4981
649,24-11-2023,CUST4636,Male,69,Sports,6,44,264
650,24-11-2023,CUST3992,Female,42,Sports,13,98,1274
651,24-11-2023,CUST5989,Male,45,Groceries,9,420,3780
652,24-11-2023,CUST2355,Female,38,Books,3,197,591
653,24-11-2023,CUST3316,Female,62,Beauty,13,254,3302
654,24-11-2023,CUST6241,Female,19,Beauty,11,307,3377
655,24-11-2023,CUST0204,Male,64,Books,6,424,2544
656,24-11-2023,CUST0151,Male,26,Clothing,17,256,4352
657,24-11-2023,CUST8631,Male,36,Clothing,6,444,2664
658,24-11-2023,CUST7475,Female,34,Electronics,2,115,230
659,24-11-2023,CUST9393,Male,55,Clothing,14,331,4634
660,24-11-2023,CUST3437,Female,37,Beauty,3,183,549
661,24-11-2023,CUST2955,Female,36,Books,5,123,615
662,24-11-2023,CUST7848,Male,23,Electronics,5,249,1245
663,24-11-2023,CUST3421,Female,40,Beauty,5,411,2055
664,24-11-2023,CUST3094,Male,32,Sports,14,229,3206
665,24-11-2023,CUST4931,Male,40,Clothing,8,333,2664
666,24-11-2023,CUST1708,Female,22,Groceries,14,448,6272
667,24-11-2023,CUST9046,Male,38,Clothing,14,453,6342
668,24-11-2023,CUST2751,Female,20,Books,17,132,2244
669,24-11-2023,CUST5200,Female,56,Groceries,6,450,2700
670,24-11-2023,CUST6934,Female,29,Books,15,448,6720
671,24-11-2023,CUST7111,Male,70,Groceries,10,84,840
672,24-11-2023,CUST9395,Male,70,Electronics,8,474,3792
673,24-11-2023,CUST2977,Female,24,Electronics,20,494,9880
674,24-11-2023,CUST3273,Female,66,Beauty,20,246,4920
675,24-11-2023,CUST2259,Male,29,Beauty,2,61,122
676,24-11-2023,CUST4779,Male,22,Beauty,3,194,582
677,24-11-2023,CUST2575,Male,44,Sports,2,77,154
678,24-11-2023,CUST0736,Male,70,Beauty,4,50,200
679,24-11-2023,CUST1192,Male,34,Electronics,20,70,1400
680,24-11-2023,CUST2595,Male,31,Books,11,207,2277
681,24-11-2023,CUST5091,Female,19,Clothing,6,477,2862
682,24-11-2023,CUST0804,Female,36,Sports,8,396,3168
683,24-11-2023,CUST4402,Male,58,Sports,18,409,7362
684,24-11-2023,CUST2559,Female,48,Books,9,204,1836
685,24-11-2023,CUST3345,Female,25,Electronics,6,190,1140
686,24-11-2023,CUST4821,Male,39,Clothing,8,493,3944
687,24-11-2023,CUST5028,Female,26,Beauty,6,73,438
688,24-11-2023,CUST1194,Male,32,Clothing,5,47,235
689,24-11-2023,CUST1044,Male,40,Sports,17,374,6358
690,24-11-2023,CUST0981,Female,52,Beauty,13,284,3692
691,24-11-2023,CUST6534,Male,26,Clothing,16,255,4080
692,24-11-2023,CUST0162,Female,41,Groceries,16,17,272
693,24-11-2023,CUST0868,Male,49,Groceries,14,32,448
694,24-11-2023,CUST3958,Female,56,Clothing,6,326,1956
695,24-11-2023,CUST8137,Male,25,Electronics,11,293,3223
696,24-11-2023,CUST3346,Male,35,Electronics,15,99,1485
697,24-11-2023,CUST5284,Male,31,Beauty,12,121,1452
698,24-11-2023,CUST2652,Male,55,Groceries,17,260,4420
699,24-11-2023,CUST9670,Male,31,Electronics,4,283,1132
700,24-11-2023,CUST2997,Male,18,Groceries,8,268,2144
701,24-11-2023,CUST7716,Male,35,Books,18,307,5526
702,24-11-2023,CUST7569,Male,57,Groceries,1,357,357
703,24-11-2023,CUST7472,Male,65,Clothing,5,120,600
704,24-11-2023,CUST4180,Female,33,Beauty,17,135,2295
705,24-11-2023,CUST1475,Female,42,Groceries,5,202,1010
706,24-11-2023,CUST1297,Female,44,Electronics,6,139,834
707,24-11-2023,CUST4848,Male,22,Books,19,239,4541
708,24-11-2023,CUST7519,Female,69,Groceries,1,452,452
709,24-11-2023,CUST8858,Female,38,Beauty,7,65,455
710,24-11-2023,CUST9867,Female,20,Groceries,2,229,458
711,24-11-2023,CUST1248,Male,26,Clothing,1,386,386
712,24-11-2023,CUST8084,Male,50,Beauty,12,364,4368
713,24-11-2023,CUST8273,Male,47,Groceries,6,104,624
714,24-11-2023,CUST6537,Female,60,Electronics,18,128,2304
715,24-11-2023,CUST0976,Female,55,Groceries,15,61,915
716,24-11-2023,CUST6664,Female,20,Electronics,12,298,3576
717,24-11-2023,CUST2316,Female,51,Books,15,224,3360
718,24-11-2023,CUST1475,Male,41,Clothing,19,466,8854
719,24-11-2023,CUST1800,Male,54,Electronics,10,210,2100
720,24-11-2023,CUST4985,Female,67,Clothing,12,400,4800
721,24-11-2023,CUST7497,Male,28,Sports,14,168,2352
722,24-11-2023,CUST3512,Male,63,Groceries,9,260,2340
723,24-11-2023,CUST0299,Male,66,Sports,10,410,4100
724,24-11-2023,CUST9148,Female,20,Books,10,21,210
725,24-11-2023,CUST2643,Male,40,Clothing,3,24,72
726,24-11-2023,CUST8279,Female,55,Electronics,9,308,2772
727,24-11-2023,CUST8739,Male,57,Clothing,14,129,1806
728,24-11-2023,CUST8291,Male,41,Groceries,18,112,2016
729,24-11-2023,CUST4014,Male,39,Electronics,9,384,3456
730,24-11-2023,CUST2483,Female,70,Sports,2,245,490
731,24-11-2023,CUST5384,Female,52,Sports,12,333,3996
732,24-11-2023,CUST5302,Male,27,Sports,4,380,1520
733,24-11-2023,CUST8224,Male,50,Electronics,14,160,2240
734,24-11-2023,CUST4401,Male,67,Groceries,20,425,8500
735,24-11-2023,CUST3622,Male,43,Beauty,11,455,5005
736,24-11-2023,CUST2063,Female,26,Groceries,14,483,6762
737,24-11-2023,CUST8557,Female,42,Electronics,11,113,1243
738,24-11-2023,CUST5085,Male,42,Beauty,8,136,1088
739,24-11-2023,CUST7123,Male,25,Books,10,254,2540
740,24-11-2023,CUST3465,Male,50,Books,2,267,534
741,24-11-2023,CUST0090,Female,52,Electronics,13,58,754
742,24-11-2023,CUST6070,Female,61,Electronics,15,197,2955
743,24-11-2023,CUST3476,Male,53,Groceries,10,339,3390
744,24-11-2023,CUST3933,Female,22,Sports,1,25,25
745,24-11-2023,CUST9876,Female,40,Electronics,6,108,648
746,24-11-2023,CUST7165,Male,40,Sports,9,387,3483
747,24-11-2023,CUST5749,Male,59,Clothing,18,264,4752
748,24-11-2023,CUST3251,Female,54,Electronics,20,253,5060
749,24-11-2023,CUST8747,Male,70,Sports,8,461,3688
750,24-11-2023,CUST1528,Female,26,Electronics,14,127,1778
751,24-11-2023,CUST1898,Male,70,Clothing,19,348,6612
752,24-11-2023,CUST0068,Female,33,Electronics,14,428,5992
753,24-11-2023,CUST8929,Female,68,Groceries,19,199,3781
754,24-11-2023,CUST0381,Female,60,Clothing,19,317,6023
755,24-11-2023,CUST9958,Female,63,Clothing,13,184,2392
756,24-11-2023,CUST9889,Female,41,Clothing,14,217,3038
757,24-11-2023,CUST1802,Male,51,Beauty,5,373,1865
758,24-11-2023,CUST6465,Female,66,Clothing,3,261,783
759,24-11-2023,CUST0941,Male,39,Books,7,202,1414
760,24-11-2023,CUST6356,Male,48,Clothing,14,474,6636
761,24-11-2023,CUST5250,Male,31,Clothing,4,420,1680
762,24-11-2023,CUST6215,Male,27,Clothing,10,326,3260
763,24-11-2023,CUST4577,Male,38,Clothing,17,123,2091
764,24-11-2023,CUST7628,Female,39,Beauty,12,385,4620
765,24-11-2023,CUST1017,Male,38,Beauty,4,211,844
766,24-11-2023,CUST0634,Male,61,Groceries,6,284,1704
767,24-11-2023,CUST9545,Female,52,Books,6,58,348
768,24-11-2023,CUST2248,Female,36,Clothing,1,218,218
769,24-11-2023,CUST0616,Female,30,Books,14,101,1414
770,24-11-2023,CUST8239,Male,31,Groceries,5,143,715
771,24-11-2023,CUST2612,Female,27,Electronics,11,261,2871
772,24-11-2023,CUST0434,Female,30,Books,19,358,6802
773,24-11-2023,CUST6441,Female,26,Groceries,20,258,5160
774,24-11-2023,CUST3183,Male,39,Books,2,464,928
775,24-11-2023,CUST9290,Female,26,Beauty,2,87,174
776,24-11-2023,CUST2496,Female,30,Clothing,10,327,3270
777,24-11-2023,CUST1036,Male,23,Clothing,3,452,1356
778,24-11-2023,CUST5206,Male,46,Groceries,5,418,2090
779,24-11-2023,CUST7930,Male,25,Beauty,2,329,658
780,24-11-2023,CUST1550,Male,54,Beauty,16,206,3296
781,24-11-2023,CUST2668,Female,36,Sports,16,87,1392
782,24-11-2023,CUST5769,Male,19,Clothing,18,196,3528
783,24-11-2023,CUST8960,Female,41,Electronics,16,11,176
784,24-11-2023,CUST3714,Male,24,Electronics,9,417,3753
785,24-11-2023,CUST6998,Female,52,Electronics,7,391,2737
786,24-11-2023,CUST0335,Male,43,Beauty,14,169,2366
787,24-11-2023,CUST2560,Male,48,Sports,6,186,1116
788,24-11-2023,CUST3513,Male,65,Groceries,5,499,2495
789,24-11-2023,CUST6767,Male,49,Clothing,9,483,4347
790,24-11-2023,CUST2506,Male,19,Groceries,10,180,1800
791,24-11-2023,CUST3034,Male,30,Books,5,483,2415
792,24-11-2023,CUST4581,Female,70,Beauty,8,306,2448
793,24-11-2023,CUST5812,Female,64,Clothing,3,229,687
794,24-11-2023,CUST1404,Male,46,Electronics,8,432,3456
795,24-11-2023,CUST8219,Female,42,Beauty,12,227,2724
796,24-11-2023,CUST1624,Female,50,Groceries,9,408,3672
797,24-11-2023,CUST2943,Female,18,Electronics,14,182,2548
798,24-11-2023,CUST7536,Female,40,Clothing,1,331,331
799,24-11-2023,CUST2129,Male,49,Electronics,15,223,3345
800,24-11-2023,CUST9793,Male,25,Clothing,6,288,1728
801,24-11-2023,CUST6146,Female,54,Groceries,9,423,3807
802,24-11-2023,CUST2809,Male,30,Sports,16,382,6112
803,24-11-2023,CUST4876,Male,57,Beauty,2,406,812
804,24-11-2023,CUST8604,Female,42,Beauty,8,168,1344
805,24-11-2023,CUST1746,Female,49,Groceries,20,183,3660
806,24-11-2023,CUST9560,Female,53,Books,14,451,6314
807,24-11-2023,CUST0651,Male,26,Beauty,6,162,972
808,24-11-2023,CUST6723,Female,43,Beauty,14,137,1918
809,24-11-2023,CUST6095,Female,33,Sports,16,119,1904
810,24-11-2023,CUST1286,Male,32,Groceries,13,97,1261
811,24-11-2023,CUST0387,Female,35,Groceries,18,275,4950
812,24-11-2023,CUST1269,Female,63,Beauty,7,314,2198
813,24-11-2023,CUST1882,Male,61,Beauty,2,486,972
814,24-11-2023,CUST6571,Female,52,Clothing,9,21,189
815,24-11-2023,CUST3825,Male,21,Clothing,4,411,1644
816,24-11-2023,CUST0618,Female,26,Clothing,19,282,5358
817,24-11-2023,CUST8880,Male,33,Sports,20,480,9600
818,24-11-2023,CUST4308,Male,19,Electronics,16,388,6208
819,24-11-2023,CUST8516,Male,23,Clothing,2,482,964
820,24-11-2023,CUST8090,Female,37,Beauty,18,86,1548
821,24-11-2023,CUST3815,Male,25,Books,19,152,2888
822,24-11-2023,CUST2148,Male,63,Sports,19,162,3078
823,24-11-2023,CUST7155,Female,43,Groceries,7,160,1120
824,24-11-2023,CUST9068,Male,29,Electronics,20,265,5300
825,24-11-2023,CUST0589,Male,61,Books,3,92,276
826,24-11-2023,CUST4053,Female,46,Clothing,2,251,502
827,24-11-2023,CUST9726,Female,23,Beauty,18,296,5328
828,24-11-2023,CUST0536,Male,31,Electronics,12,146,1752
829,24-11-2023,CUST1383,Male,42,Books,19,106,2014
830,24-11-2023,CUST3601,Male,28,Electronics,18,77,1386
831,24-11-2023,CUST2663,Male,68,Beauty,10,233,2330
832,24-11-2023,CUST8888,Female,49,Groceries,10,114,1140
833,24-11-2023,CUST0390,Female,63,Clothing,19,218,4142
834,24-11-2023,CUST0447,Male,45,Books,12,129,1548
835,24-11-2023,CUST1989,Male,68,Beauty,19,85,1615
836,24-11-2023,CUST5181,Male,69,Groceries,6,412,2472
837,24-11-2023,CUST5227,Female,63,Sports,7,303,2121
838,24-11-2023,CUST0708,Female,35,Clothing,16,413,6608
839,24-11-2023,CUST6186,Female,39,Sports,14,248,3472
840,24-11-2023,CUST7393,Female,27,Groceries,5,262,1310
841,24-11-2023,CUST3071,Male,65,Clothing,2,119,238
842,24-11-2023,CUST3424,Male,40,Books,15,239,3585
843,24-11-2023,CUST8633,Male,20,Electronics,16,32,512
844,24-11-2023,CUST7011,Female,34,Books,17,107,1819
845,24-11-2023,CUST3430,Male,39,Clothing,13,427,5551
846,24-11-2023,CUST2987,Female,32,Electronics,14,197,2758
847,24-11-2023,CUST2172,Female,36,Sports,18,183,3294
848,24-11-2023,CUST9931,Male,45,Electronics,7,162,1134
849,24-11-2023,CUST4551,Female,69,Electronics,6,82,492
850,24-11-2023,CUST0602,Female,54,Clothing,12,118,1416
851,24-11-2023,CUST8883,Female,24,Beauty,16,152,2432
852,24-11-2023,CUST6627,Female,41,Books,6,493,2958
853,24-11-2023,CUST8751,Male,53,Electronics,6,363,2178
854,24-11-2023,CUST9347,Female,29,Books,16,307,4912
855,24-11-2023,CUST0259,Male,56,Beauty,2,476,952
856,24-11-2023,CUST2562,Male,35,Books,14,269,3766
857,24-11-2023,CUST1579,Male,67,Sports,12,362,4344
858,24-11-2023,CUST2481,Female,61,Sports,11,309,3399
859,24-11-2023,CUST2899,Female,55,Electronics,17,453,7701
860,24-11-2023,CUST5721,Male,18,Clothing,17,320,5440
861,24-11-2023,CUST6199,Male,51,Groceries,7,77,539
862,24-11-2023,CUST8524,Female,22,Electronics,15,166,2490
863,24-11-2023,CUST1644,Female,62,Books,8,57,456
864,24-11-2023,CUST5331,Female,41,Sports,10,197,1970
865,24-11-2023,CUST2082,Male,33,Electronics,10,42,420
866,24-11-2023,CUST5090,Male,49,Groceries,6,407,2442
867,24-11-2023,CUST7664,Female,21,Clothing,13,74,962
868,24-11-2023,CUST9862,Female,25,Clothing,14,349,4886
869,24-11-2023,CUST0553,Female,44,Electronics,3,54,162
870,24-11-2023,CUST6615,Female,43,Books,3,19,57
871,24-11-2023,CUST9953,Female,54,Groceries,2,238,476
872,24-11-2023,CUST6234,Male,57,Groceries,10,327,3270
873,24-11-2023,CUST2306,Female,25,Electronics,18,293,5274
874,24-11-2023,CUST6671,Female,57,Electronics,19,444,8436
875,24-11-2023,CUST1863,Female,37,Clothing,10,246,2460
876,24-11-2023,CUST5877,Female,67,Electronics,7,151,1057
877,24-11-2023,CUST3960,Female,60,Beauty,14,106,1484
878,24-11-2023,CUST7041,Male,59,Clothing,3,265,795
879,24-11-2023,CUST7443,Female,66,Electronics,16,56,896
880,24-11-2023,CUST2180,Male,70,Clothing,9,391,3519
881,24-11-2023,CUST8629,Male,32,Beauty,14,258,3612
882,24-11-2023,CUST3431,Female,65,Books,17,374,6358
883,24-11-2023,CUST8346,Male,31,Clothing,2,485,970
884,24-11-2023,CUST7055,Female,34,Clothing,17,117,1989
885,24-11-2023,CUST5153,Male,26,Electronics,4,56,224
886,24-11-2023,CUST3822,Male,18,Sports,13,139,1807
887,24-11-2023,CUST8167,Male,57,Electronics,5,44,220
888,24-11-2023,CUST7451,Male,57,Electronics,18,58,1044
889,24-11-2023,CUST6688,Female,57,Clothing,14,280,3920
890,24-11-2023,CUST1210,Male,65,Electronics,14,309,4326
891,24-11-2023,CUST2931,Female,67,Beauty,3,274,822
892,24-11-2023,CUST9629,Male,65,Electronics,20,291,5820
893,24-11-2023,CUST9679,Male,42,Books,1,145,145
894,24-11-2023,CUST0483,Female,56,Sports,8,97,776
895,24-11-2023,CUST9060,Male,51,Sports,20,344,6880
896,24-11-2023,CUST1504,Female,33,Groceries,4,129,516
897,24-11-2023,CUST7890,Male,59,Beauty,3,89,267
898,24-11-2023,CUST9879,Female,36,Electronics,11,278,3058
899,24-11-2023,CUST6819,Male,59,Clothing,11,394,4334
900,24-11-2023,CUST7342,Male,60,Books,18,280,5040
901,24-11-2023,CUST9360,Female,68,Groceries,15,308,4620
902,24-11-2023,CUST5399,Female,29,Sports,12,40,480
903,24-11-2023,CUST7915,Male,45,Groceries,20,184,3680
904,24-11-2023,CUST9254,Male,56,Electronics,11,254,2794
905,24-11-2023,CUST4943,Female,34,Sports,13,499,6487
906,24-11-2023,CUST5661,Female,21,Clothing,9,405,3645
907,24-11-2023,CUST0198,Male,42,Clothing,6,170,1020
908,24-11-2023,CUST1820,Female,44,Beauty,15,251,3765
909,24-11-2023,CUST2616,Male,47,Beauty,7,214,1498
910,24-11-2023,CUST7019,Female,31,Books,15,291,4365
911,24-11-2023,CUST4612,Female,20,Sports,16,92,1472
912,24-11-2023,CUST4998,Male,46,Books,4,418,1672
913,24-11-2023,CUST2595,Male,40,Sports,2,84,168
914,24-11-2023,CUST0782,Female,33,Groceries,11,165,1815
915,24-11-2023,CUST2101,Female,23,Clothing,1,96,96
916,24-11-2023,CUST7000,Male,64,Clothing,14,204,2856
917,24-11-2023,CUST9681,Female,41,Sports,18,455,8190
918,24-11-2023,CUST8442,Male,64,Sports,12,64,768
919,24-11-2023,CUST4385,Female,28,Sports,3,267,801
920,24-11-2023,CUST3284,Female,41,Clothing,2,146,292
921,24-11-2023,CUST6121,Male,27,Books,20,60,1200
922,24-11-2023,CUST3735,Female,29,Beauty,15,207,3105
923,24-11-2023,CUST7502,Female,51,Sports,16,228,3648
924,24-11-2023,CUST5531,Male,64,Sports,3,330,990
925,24-11-2023,CUST3495,Male,64,Beauty,18,240,4320
926,24-11-2023,CUST5787,Female,19,Books,1,238,238
927,24-11-2023,CUST2503,Female,21,Sports,15,196,2940
928,24-11-2023,CUST8751,Female,40,Books,13,90,1170
929,24-11-2023,CUST4472,Male,20,Sports,12,62,744
930,24-11-2023,CUST2714,Male,31,Electronics,13,450,5850
931,24-11-2023,CUST3708,Female,56,Electronics,12,53,636
932,24-11-2023,CUST6498,Female,48,Beauty,4,431,1724
933,24-11-2023,CUST8831,Male,51,Beauty,1,319,319
934,24-11-2023,CUST1025,Female,32,Electronics,13,364,4732
935,24-11-2023,CUST8683,Female,49,Sports,8,499,3992
936,24-11-2023,CUST1331,Female,34,Electronics,2,489,978
937,24-11-2023,CUST2350,Female,58,Sports,10,250,2500
938,24-11-2023,CUST1174,Male,56,Beauty,14,191,2674
939,24-11-2023,CUST8118,Female,35,Sports,4,247,988
940,24-11-2023,CUST4492,Female,24,Books,1,176,176
941,24-11-2023,CUST1478,Female,47,Beauty,9,255,2295
942,24-11-2023,CUST7021,Male,45,Electronics,18,467,8406
943,24-11-2023,CUST3690,Female,47,Beauty,4,246,984
944,24-11-2023,CUST6045,Female,21,Electronics,3,119,357
945,24-11-2023,CUST1707,Female,51,Electronics,9,223,2007
946,24-11-2023,CUST2590,Female,54,Books,10,112,1120
947,24-11-2023,CUST4490,Male,37,Books,15,248,3720
948,24-11-2023,CUST2004,Male,52,Books,6,87,522
949,24-11-2023,CUST2996,Female,68,Books,12,304,3648
950,24-11-2023,CUST9455,Male,62,Beauty,10,315,3150
951,24-11-2023,CUST3527,Female,48,Beauty,12,223,2676
952,24-11-2023,CUST8156,Female,30,Clothing,6,225,1350
953,24-11-2023,CUST7933,Male,38,Beauty,13,171,2223
954,24-11-2023,CUST4482,Male,54,Sports,20,262,5240
955,24-11-2023,CUST8797,Male,47,Books,17,463,7871
956,24-11-2023,CUST3125,Female,31,Beauty,9,39,351
957,24-11-2023,CUST9972,Female,33,Books,11,141,1551
958,24-11-2023,CUST4771,Male,36,Books,18,146,2628
959,24-11-2023,CUST9477,Female,28,Clothing,14,160,2240
960,24-11-2023,CUST6811,Male,26,Clothing,9,312,2808
961,24-11-2023,CUST1738,Female,26,Books,12,477,5724
962,24-11-2023,CUST2652,Female,60,Electronics,18,436,7848
963,24-11-2023,CUST6410,Male,66,Clothing,9,225,2025
964,24-11-2023,CUST6037,Male,44,Sports,10,149,1490
965,24-11-2023,CUST2924,Male,33,Beauty,12,475,5700
966,24-11-2023,CUST0845,Male,29,Books,5,185,925
967,24-11-2023,CUST2454,Male,57,Books,1,86,86
968,24-11-2023,CUST5655,Male,69,Sports,12,149,1788
969,24-11-2023,CUST9059,Female,65,Beauty,14,16,224
970,24-11-2023,CUST5044,Male,56,Electronics,6,437,2622
971,24-11-2023,CUST7872,Male,29,Groceries,19,205,3895
972,24-11-2023,CUST5859,Female,45,Books,12,455,5460
973,24-11-2023,CUST0676,Female,29,Groceries,12,487,5844
974,24-11-2023,CUST6802,Male,47,Electronics,8,46,368
975,24-11-2023,CUST2720,Male,54,Sports,5,388,1940
976,24-11-2023,CUST7200,Female,29,Clothing,6,317,1902
977,24-11-2023,CUST6507,Female,31,Sports,10,242,2420
978,24-11-2023,CUST4818,Male,36,Beauty,11,418,4598
979,24-11-2023,CUST7235,Male,65,Sports,18,97,1746
980,24-11-2023,CUST9792,Male,55,Groceries,10,37,370
981,24-11-2023,CUST0949,Male,40,Books,9,270,2430
982,24-11-2023,CUST0424,Male,40,Groceries,19,480,9120
983,24-11-2023,CUST4666,Male,70,Books,16,227,3632
984,24-11-2023,CUST1624,Male,21,Clothing,19,227,4313
985,24-11-2023,CUST8694,Male,28,Beauty,17,63,1071
986,24-11-2023,CUST6658,Male,66,Clothing,6,404,2424
987,24-11-2023,CUST0490,Female,46,Electronics,6,248,1488
988,24-11-2023,CUST8126,Male,21,Beauty,12,309,3708
989,24-11-2023,CUST4915,Male,54,Groceries,9,283,2547
990,24-11-2023,CUST0217,Female,67,Groceries,18,82,1476
991,24-11-2023,CUST9491,Female,21,Electronics,15,422,6330
992,24-11-2023,CUST7363,Female,29,Beauty,20,99,1980
993,24-11-2023,CUST0500,Male,40,Beauty,5,251,1255
994,24-11-2023,CUST8052,Female,19,Groceries,4,70,280
995,24-11-2023,CUST1815,Female,67,Beauty,17,293,4981
996,24-11-2023,CUST0316,Male,19,Groceries,4,427,1708
997,24-11-2023,CUST3659,Male,51,Books,4,130,520
998,24-11-2023,CUST8877,Male,56,Beauty,6,381,2286
999,24-11-2023,CUST4245,Male,57,Groceries,17,488,8296
1000,24-11-2023,CUST7939,Female,63,Groceries,17,195,3315
1001,24-11-2023,CUST0635,Male,22,Groceries,17,319,5423
1002,24-11-2023,CUST4270,Female,55,Clothing,10,180,1800
1003,24-11-2023,CUST4496,Female,48,Clothing,9,97,873
1004,24-11-2023,CUST4945,Male,41,Beauty,11,395,4345
1005,24-11-2023,CUST6564,Female,67,Beauty,8,366,2928
1006,24-11-2023,CUST6386,Female,54,Books,19,117,2223
1007,24-11-2023,CUST7874,Female,50,Books,10,372,3720
1008,24-11-2023,CUST5481,Male,32,Beauty,10,87,870
1009,24-11-2023,CUST1361,Female,53,Groceries,5,331,1655
1010,24-11-2023,CUST3068,Male,61,Electronics,13,52,676
1011,24-11-2023,CUST9461,Female,22,Sports,10,440,4400
1012,24-11-2023,CUST7044,Male,29,Sports,14,386,5404
1013,24-11-2023,CUST7844,Male,36,Sports,17,244,4148
1014,24-11-2023,CUST7297,Male,37,Sports,12,273,3276
1015,24-11-2023,CUST1526,Female,21,Clothing,5,410,2050
1016,24-11-2023,CUST9219,Female,57,Electronics,16,459,7344
1017,24-11-2023,CUST4431,Male,40,Sports,14,285,3990
1018,24-11-2023,CUST8605,Male,65,Beauty,13,487,6331
1019,24-11-2023,CUST8943,Male,23,Groceries,1,73,73
1020,24-11-2023,CUST8313,Female,50,Books,7,390,2730
1021,24-11-2023,CUST7802,Female,20,Beauty,4,433,1732
1022,24-11-2023,CUST3791,Male,67,Groceries,7,70,490
1023,24-11-2023,CUST0395,Male,46,Beauty,8,324,2592
1024,24-11-2023,CUST5337,Female,42,Beauty,1,344,344
1025,24-11-2023,CUST3386,Male,49,Sports,7,492,3444
1026,24-11-2023,CUST7591,Male,55,Sports,17,44,748
1027,24-11-2023,CUST0712,Male,25,Groceries,17,349,5933
1028,24-11-2023,CUST7694,Female,20,Electronics,3,93,279
1029,24-11-2023,CUST5293,Female,40,Groceries,17,219,3723
1030,24-11-2023,CUST9830,Female,51,Electronics,19,18,342
1031,24-11-2023,CUST1085,Male,25,Clothing,10,328,3280
1032,24-11-2023,CUST0263,Male,46,Groceries,16,72,1152
1033,24-11-2023,CUST9041,Female,42,Groceries,20,384,7680
1034,24-11-2023,CUST5530,Male,59,Clothing,7,16,112
1035,24-11-2023,CUST4603,Male,36,Beauty,16,488,7808
1036,24-11-2023,CUST6183,Female,62,Electronics,11,340,3740
1037,24-11-2023,CUST9190,Female,42,Beauty,16,148,2368
1038,24-11-2023,CUST4145,Female,49,Books,10,105,1050
1039,24-11-2023,CUST0104,Female,37,Groceries,9,429,3861
1040,24-11-2023,CUST6789,Male,21,Books,5,403,2015
1041,24-11-2023,CUST8720,Male,62,Books,18,358,6444
1042,24-11-2023,CUST5617,Female,43,Books,10,416,4160
1043,24-11-2023,CUST7932,Female,51,Beauty,5,116,580
1044,24-11-2023,CUST0027,Female,18,Books,8,47,376
1045,24-11-2023,CUST5046,Female,63,Electronics,13,89,1157
1046,24-11-2023,CUST9929,Male,34,Beauty,18,311,5598
1047,24-11-2023,CUST1142,Male,53,Electronics,16,176,2816
1048,24-11-2023,CUST7622,Male,38,Clothing,17,74,1258
1049,24-11-2023,CUST7367,Male,44,Books,18,79,1422
1050,24-11-2023,CUST7960,Female,21,Groceries,7,321,2247
1051,24-11-2023,CUST0802,Male,61,Groceries,9,106,954
1052,24-11-2023,CUST2206,Female,50,Books,18,69,1242
1053,24-11-2023,CUST8508,Female,21,Groceries,6,278,1668
1054,24-11-2023,CUST0494,Male,49,Books,5,329,1645
1055,24-11-2023,CUST7873,Male,48,Electronics,10,208,2080
1056,24-11-2023,CUST2143,Female,47,Electronics,9,71,639
1057,24-11-2023,CUST1479,Male,19,Groceries,4,79,316
1058,24-11-2023,CUST4497,Female,30,Electronics,1,64,64
1059,24-11-2023,CUST3321,Female,43,Books,13,332,4316
1060,24-11-2023,CUST4027,Female,65,Groceries,4,283,1132
1061,24-11-2023,CUST3633,Male,19,Sports,20,85,1700
1062,24-11-2023,CUST8510,Male,54,Sports,20,272,5440
1063,24-11-2023,CUST9223,Male,45,Clothing,18,38,684
1064,24-11-2023,CUST5486,Female,27,Books,4,394,1576
1065,24-11-2023,CUST2896,Female,28,Clothing,17,473,8041
1066,24-11-2023,CUST2170,Male,25,Clothing,8,23,184
1067,24-11-2023,CUST2811,Male,68,Electronics,11,318,3498
1068,24-11-2023,CUST4434,Female,47,Beauty,8,219,1752
1069,24-11-2023,CUST5985,Male,23,Groceries,5,138,690
1070,24-11-2023,CUST0118,Female,41,Clothing,16,19,304
1071,24-11-2023,CUST7187,Male,57,Electronics,12,280,3360
1072,24-11-2023,CUST3840,Female,41,Groceries,7,367,2569
1073,24-11-2023,CUST6169,Female,61,Electronics,18,75,1350
1074,24-11-2023,CUST8593,Male,30,Clothing,3,80,240
1075,24-11-2023,CUST8928,Female,54,Clothing,19,139,2641
1076,24-11-2023,CUST5510,Male,44,Clothing,7,176,1232
1077,24-11-2023,CUST9085,Female,30,Electronics,18,296,5328
1078,24-11-2023,CUST2611,Male,34,Groceries,20,80,1600
1079,24-11-2023,CUST9331,Male,51,Books,16,202,3232
1080,24-11-2023,CUST1638,Female,45,Beauty,3,397,1191
1081,24-11-2023,CUST9018,Female,38,Beauty,11,286,3146
1082,24-11-2023,CUST2314,Male,33,Clothing,5,132,660
1083,24-11-2023,CUST1885,Female,54,Clothing,6,493,2958
1084,24-11-2023,CUST6131,Female,42,Groceries,14,69,966
1085,24-11-2023,CUST4441,Female,67,Electronics,6,356,2136
1086,24-11-2023,CUST0466,Male,53,Groceries,7,300,2100
1087,24-11-2023,CUST7285,Male,45,Books,9,454,4086
1088,24-11-2023,CUST7339,Female,46,Electronics,19,109,2071
1089,24-11-2023,CUST5664,Male,63,Electronics,15,324,4860
1090,24-11-2023,CUST1146,Male,36,Groceries,18,37,666
1091,24-11-2023,CUST1248,Female,30,Beauty,9,479,4311
1092,24-11-2023,CUST6568,Male,30,Books,15,255,3825
1093,24-11-2023,CUST8490,Female,38,Electronics,7,188,1316
1094,24-11-2023,CUST7118,Male,60,Books,14,205,2870
1095,24-11-2023,CUST8950,Female,57,Sports,12,474,5688
1096,24-11-2023,CUST6806,Female,47,Beauty,18,398,7164
1097,24-11-2023,CUST2713,Male,40,Groceries,3,83,249
1098,24-11-2023,CUST5674,Male,41,Electronics,3,225,675
1099,24-11-2023,CUST7086,Male,44,Clothing,12,438,5256
1100,24-11-2023,CUST1806,Female,42,Beauty,20,29,580
1101,24-11-2023,CUST4947,Male,37,Clothing,4,163,652
1102,24-11-2023,CUST4509,Male,57,Sports,3,202,606
1103,24-11-2023,CUST6395,Female,64,Beauty,16,124,1984
1104,24-11-2023,CUST3555,Female,42,Electronics,16,386,6176
1105,24-11-2023,CUST7352,Male,50,Sports,12,340,4080
1106,24-11-2023,CUST7490,Male,51,Books,11,124,1364
1107,24-11-2023,CUST0722,Male,59,Electronics,20,406,8120
1108,24-11-2023,CUST6302,Female,59,Books,11,493,5423
1109,24-11-2023,CUST1693,Male,38,Groceries,12,323,3876
1110,24-11-2023,CUST6597,Male,43,Clothing,4,396,1584
1111,24-11-2023,CUST2835,Female,62,Electronics,20,48,960
1112,24-11-2023,CUST9596,Male,44,Groceries,14,204,2856
1113,24-11-2023,CUST8357,Male,37,Beauty,14,388,5432
1114,24-11-2023,CUST2933,Male,45,Electronics,7,120,840
1115,24-11-2023,CUST3385,Male,55,Clothing,14,262,3668
1116,24-11-2023,CUST8682,Female,45,Electronics,4,24,96
1117,24-11-2023,CUST8731,Male,30,Books,20,45,900
1118,24-11-2023,CUST7248,Male,52,Electronics,18,313,5634
1119,24-11-2023,CUST8181,Female,39,Books,4,78,312
1120,24-11-2023,CUST9362,Female,37,Books,1,328,328
1121,24-11-2023,CUST3994,Female,38,Sports,5,420,2100
1122,24-11-2023,CUST4445,Male,52,Groceries,1,430,430
1123,24-11-2023,CUST6419,Male,46,Beauty,18,385,6930
1124,24-11-2023,CUST6485,Male,47,Clothing,3,150,450
1125,24-11-2023,CUST3289,Male,55,Beauty,6,280,1680
1126,24-11-2023,CUST5318,Male,62,Beauty,5,334,1670
1127,24-11-2023,CUST7867,Female,26,Beauty,9,451,4059
1128,24-11-2023,CUST4010,Female,31,Electronics,4,90,360
1129,24-11-2023,CUST7793,Male,26,Books,11,438,4818
1130,24-11-2023,CUST5506,Male,34,Beauty,20,475,9500
1131,24-11-2023,CUST0027,Male,62,Books,5,186,930
1132,24-11-2023,CUST1977,Female,63,Clothing,6,125,750
1133,24-11-2023,CUST7876,Male,42,Electronics,4,69,276
1134,24-11-2023,CUST7520,Female,58,Beauty,14,95,1330
1135,24-11-2023,CUST6227,Male,70,Groceries,9,28,252
1136,24-11-2023,CUST8947,Male,65,Groceries,6,216,1296
1137,24-11-2023,CUST4103,Male,20,Books,13,311,4043
1138,24-11-2023,CUST2965,Male,40,Clothing,8,218,1744
1139,24-11-2023,CUST6822,Female,44,Electronics,15,349,5235
1140,24-11-2023,CUST0587,Female,41,Clothing,9,322,2898
1141,24-11-2023,CUST3961,Male,67,Books,11,456,5016
1142,24-11-2023,CUST1025,Male,58,Electronics,4,291,1164
1143,24-11-2023,CUST9978,Male,18,Sports,15,309,4635
1144,24-11-2023,CUST5460,Male,37,Clothing,1,185,185
1145,24-11-2023,CUST7635,Female,48,Electronics,18,485,8730
1146,24-11-2023,CUST7300,Female,19,Electronics,15,415,6225
1147,24-11-2023,CUST2685,Male,18,Books,17,20,340
1148,24-11-2023,CUST3401,Female,31,Beauty,6,383,2298
1149,24-11-2023,CUST1780,Female,30,Beauty,20,442,8840
1150,24-11-2023,CUST6446,Male,61,Beauty,16,443,7088
1151,24-11-2023,CUST2425,Male,51,Clothing,10,184,1840
1152,24-11-2023,CUST6080,Male,27,Beauty,18,390,7020
1153,24-11-2023,CUST3331,Male,23,Groceries,16,320,5120
1154,24-11-2023,CUST6655,Female,21,Clothing,20,225,4500
1155,24-11-2023,CUST7364,Male,62,Electronics,6,420,2520
1156,24-11-2023,CUST8760,Female,46,Electronics,14,73,1022
1157,24-11-2023,CUST2508,Male,46,Electronics,11,31,341
1158,24-11-2023,CUST9271,Female,43,Groceries,7,254,1778
1159,24-11-2023,CUST6325,Female,54,Books,15,152,2280
1160,24-11-2023,CUST8303,Male,25,Books,15,336,5040
1161,24-11-2023,CUST9219,Male,42,Groceries,14,314,4396
1162,24-11-2023,CUST6547,Male,36,Electronics,11,205,2255
1163,24-11-2023,CUST4894,Male,44,Clothing,10,320,3200
1164,24-11-2023,CUST6720,Male,43,Beauty,10,140,1400
1165,24-11-2023,CUST2404,Male,26,Electronics,1,195,195
1166,24-11-2023,CUST8057,Female,67,Beauty,15,325,4875
1167,24-11-2023,CUST1160,Female,46,Electronics,6,483,2898
1168,24-11-2023,CUST8879,Female,46,Sports,11,77,847
1169,24-11-2023,CUST4560,Female,64,Books,8,288,2304
1170,24-11-2023,CUST3921,Female,46,Books,20,465,9300
1171,24-11-2023,CUST8511,Male,53,Clothing,3,173,519
1172,24-11-2023,CUST6189,Female,31,Books,15,378,5670
1173,24-11-2023,CUST7004,Male,68,Electronics,4,208,832
1174,24-11-2023,CUST8629,Female,49,Sports,13,88,1144
1175,24-11-2023,CUST8541,Female,45,Beauty,18,483,8694
1176,24-11-2023,CUST9422,Female,57,Books,7,399,2793
1177,24-11-2023,CUST6176,Female,18,Electronics,14,416,5824
1178,24-11-2023,CUST7904,Female,68,Electronics,4,364,1456
1179,24-11-2023,CUST4819,Female,19,Beauty,12,322,3864
1180,24-11-2023,CUST7364,Female,30,Electronics,2,442,884
1181,24-11-2023,CUST1459,Male,26,Groceries,20,367,7340
1182,24-11-2023,CUST1427,Male,45,Beauty,13,52,676
1183,24-11-2023,CUST6500,Female,69,Groceries,11,482,5302
1184,24-11-2023,CUST9093,Female,49,Groceries,8,468,3744
1185,24-11-2023,CUST3596,Female,65,Sports,9,152,1368
1186,24-11-2023,CUST3947,Female,29,Books,6,142,852
1187,24-11-2023,CUST0938,Female,39,Sports,3,276,828
1188,24-11-2023,CUST2120,Male,29,Electronics,17,178,3026
1189,24-11-2023,CUST4804,Female,42,Groceries,13,134,1742
1190,24-11-2023,CUST1591,Male,48,Books,11,356,3916
1191,24-11-2023,CUST9584,Male,44,Electronics,19,237,4503
1192,24-11-2023,CUST8604,Male,68,Electronics,9,148,1332
1193,24-11-2023,CUST6696,Male,43,Electronics,20,127,2540
1194,24-11-2023,CUST1337,Male,32,Beauty,15,470,7050
1195,24-11-2023,CUST4544,Male,47,Electronics,2,24,48
1196,24-11-2023,CUST9826,Female,68,Beauty,6,133,798
1197,24-11-2023,CUST5722,Male,57,Sports,4,388,1552
1198,24-11-2023,CUST0490,Female,50,Beauty,14,33,462
1199,24-11-2023,CUST3708,Female,55,Groceries,9,273,2457
1200,24-11-2023,CUST8147,Male,57,Books,7,407,2849
1201,24-11-2023,CUST5116,Female,26,Electronics,15,55,825
1202,24-11-2023,CUST5383,Male,50,Beauty,18,484,8712
1203,24-11-2023,CUST0373,Female,31,Electronics,9,438,3942
1204,24-11-2023,CUST4054,Female,33,Sports,13,212,2756
1205,24-11-2023,CUST5588,Female,46,Sports,12,373,4476
1206,24-11-2023,CUST5236,Female,22,Books,9,358,3222
1207,24-11-2023,CUST4949,Female,61,Beauty,20,490,9800
1208,24-11-2023,CUST0510,Male,55,Sports,20,376,7520
1209,24-11-2023,CUST1002,Female,50,Clothing,6,194,1164
1210,24-11-2023,CUST1670,Male,43,Sports,9,262,2358
1211,24-11-2023,CUST4390,Female,59,Electronics,12,459,5508
1212,24-11-2023,CUST9610,Female,51,Electronics,15,383,5745
1213,24-11-2023,CUST4771,Female,62,Clothing,20,360,7200
1214,24-11-2023,CUST2013,Male,54,Clothing,1,186,186
1215,24-11-2023,CUST2511,Female,39,Sports,9,328,2952
1216,24-11-2023,CUST2981,Male,36,Books,6,302,1812
1217,24-11-2023,CUST0122,Male,26,Beauty,19,444,8436
1218,24-11-2023,CUST2787,Female,70,Groceries,2,436,872
1219,24-11-2023,CUST0875,Male,30,Sports,3,240,720
1220,24-11-2023,CUST3969,Female,57,Sports,19,227,4313
1221,24-11-2023,CUST9099,Female,46,Books,1,321,321
1222,24-11-2023,CUST1128,Male,58,Electronics,11,132,1452
1223,24-11-2023,CUST4401,Male,55,Beauty,2,376,752
1224,24-11-2023,CUST3860,Male,55,Sports,3,350,1050
1225,24-11-2023,CUST9512,Male,18,Books,2,485,970
1226,24-11-2023,CUST0704,Male,54,Beauty,17,262,4454
1227,24-11-2023,CUST8597,Female,44,Groceries,14,77,1078
1228,24-11-2023,CUST7683,Male,55,Books,3,79,237
1229,24-11-2023,CUST7684,Female,32,Books,20,136,2720
1230,24-11-2023,CUST3831,Female,41,Beauty,2,104,208
1231,24-11-2023,CUST3195,Female,58,Clothing,18,219,3942
1232,24-11-2023,CUST6383,Male,47,Electronics,18,196,3528
1233,24-11-2023,CUST7746,Male,70,Beauty,10,302,3020
1234,24-11-2023,CUST9521,Female,47,Sports,19,283,5377
1235,24-11-2023,CUST4711,Male,35,Clothing,16,204,3264
1236,24-11-2023,CUST1927,Female,41,Electronics,6,297,1782
1237,24-11-2023,CUST6276,Female,67,Clothing,20,345,6900
1238,24-11-2023,CUST4305,Female,21,Clothing,9,338,3042
1239,24-11-2023,CUST7424,Female,59,Clothing,12,441,5292
1240,24-11-2023,CUST1501,Female,53,Clothing,1,335,335
1241,24-11-2023,CUST4419,Male,62,Groceries,2,225,450
1242,24-11-2023,CUST6022,Male,26,Groceries,12,479,5748
1243,24-11-2023,CUST3063,Male,60,Clothing,2,312,624
1244,24-11-2023,CUST0587,Female,28,Beauty,11,144,1584
1245,24-11-2023,CUST4632,Female,53,Sports,3,184,552
1246,24-11-2023,CUST2496,Male,23,Groceries,16,475,7600
1247,24-11-2023,CUST8465,Male,27,Books,13,278,3614
1248,24-11-2023,CUST5811,Female,28,Beauty,7,494,3458
1249,24-11-2023,CUST3262,Male,65,Groceries,10,104,1040
1250,24-11-2023,CUST6803,Male,28,Clothing,1,197,197
1251,24-11-2023,CUST6775,Male,47,Sports,4,242,968
1252,24-11-2023,CUST2362,Male,35,Sports,12,414,4968
1253,24-11-2023,CUST4372,Female,61,Clothing,2,457,914
1254,24-11-2023,CUST6793,Male,28,Books,7,380,2660
1255,24-11-2023,CUST0604,Female,42,Sports,18,243,4374
1256,24-11-2023,CUST7640,Male,62,Clothing,16,396,6336
1257,24-11-2023,CUST2085,Male,57,Clothing,4,238,952
1258,24-11-2023,CUST4291,Female,63,Electronics,16,364,5824
1259,24-11-2023,CUST7281,Male,24,Clothing,17,395,6715
1260,24-11-2023,CUST3573,Male,66,Groceries,13,253,3289
1261,24-11-2023,CUST5268,Female,35,Beauty,17,497,8449
1262,24-11-2023,CUST5738,Male,31,Beauty,20,97,1940
1263,24-11-2023,CUST1267,Male,23,Clothing,2,377,754
1264,24-11-2023,CUST2916,Female,20,Groceries,20,434,8680
1265,24-11-2023,CUST4347,Female,34,Clothing,20,218,4360
1266,24-11-2023,CUST3131,Female,63,Sports,11,274,3014
1267,24-11-2023,CUST9287,Female,43,Sports,3,295,885
1268,24-11-2023,CUST4308,Male,38,Clothing,15,379,5685
1269,24-11-2023,CUST0933,Female,37,Beauty,6,250,1500
1270,24-11-2023,CUST6157,Male,34,Beauty,11,408,4488
1271,24-11-2023,CUST0117,Female,47,Books,15,381,5715
1272,24-11-2023,CUST7521,Male,28,Beauty,12,216,2592
1273,24-11-2023,CUST3078,Male,69,Books,18,317,5706
1274,24-11-2023,CUST1436,Female,49,Groceries,15,11,165
1275,24-11-2023,CUST9365,Female,63,Sports,7,475,3325
1276,24-11-2023,CUST9932,Female,45,Beauty,4,414,1656
1277,24-11-2023,CUST5667,Female,25,Groceries,14,434,6076
1278,24-11-2023,CUST7145,Male,56,Sports,9,155,1395
1279,24-11-2023,CUST8505,Male,69,Groceries,11,69,759
1280,24-11-2023,CUST5754,Male,54,Clothing,3,236,708
1281,24-11-2023,CUST0226,Male,63,Groceries,8,435,3480
1282,24-11-2023,CUST5159,Female,67,Clothing,6,256,1536
1283,24-11-2023,CUST4381,Male,39,Books,20,174,3480
1284,24-11-2023,CUST9580,Male,67,Beauty,3,390,1170
1285,24-11-2023,CUST9742,Female,55,Sports,10,172,1720
1286,24-11-2023,CUST1645,Female,70,Clothing,12,121,1452
1287,24-11-2023,CUST9777,Male,41,Sports,17,340,5780
1288,24-11-2023,CUST3037,Female,27,Sports,13,198,2574
1289,24-11-2023,CUST7451,Female,42,Beauty,1,492,492
1290,24-11-2023,CUST1604,Female,50,Books,11,162,1782
1291,24-11-2023,CUST8282,Female,36,Electronics,14,443,6202
1292,24-11-2023,CUST3005,Female,49,Beauty,11,391,4301
1293,24-11-2023,CUST0838,Female,54,Clothing,14,156,2184
1294,24-11-2023,CUST5537,Female,56,Beauty,13,464,6032
1295,24-11-2023,CUST0247,Male,18,Beauty,2,233,466
1296,24-11-2023,CUST2310,Female,61,Clothing,20,59,1180
1297,24-11-2023,CUST7660,Male,32,Clothing,16,107,1712
1298,24-11-2023,CUST8698,Male,62,Clothing,19,58,1102
1299,24-11-2023,CUST2194,Male,46,Electronics,9,166,1494
1300,24-11-2023,CUST5273,Female,18,Clothing,6,467,2802
1301,24-11-2023,CUST1546,Female,63,Books,5,328,1640
1302,24-11-2023,CUST9932,Male,63,Groceries,20,411,8220
1303,24-11-2023,CUST8894,Female,41,Beauty,3,153,459
1304,24-11-2023,CUST4995,Male,62,Clothing,14,245,3430
1305,24-11-2023,CUST9884,Female,21,Electronics,5,75,375
1306,24-11-2023,CUST0964,Female,57,Groceries,18,98,1764
1307,24-11-2023,CUST3001,Male,23,Clothing,18,166,2988
1308,24-11-2023,CUST8894,Male,41,Groceries,20,357,7140
1309,24-11-2023,CUST2730,Female,44,Books,6,247,1482
1310,24-11-2023,CUST4862,Female,57,Groceries,8,46,368
1311,24-11-2023,CUST1303,Female,55,Beauty,8,342,2736
1312,24-11-2023,CUST0327,Male,62,Electronics,18,458,8244
1313,24-11-2023,CUST8552,Female,45,Groceries,16,70,1120
1314,24-11-2023,CUST3764,Male,49,Groceries,5,118,590
1315,24-11-2023,CUST9276,Male,46,Electronics,2,174,348
1316,24-11-2023,CUST2344,Female,67,Electronics,7,119,833
1317,24-11-2023,CUST8728,Female,36,Clothing,12,99,1188
1318,24-11-2023,CUST7013,Female,23,Clothing,4,163,652
1319,24-11-2023,CUST5172,Male,57,Beauty,14,213,2982
1320,24-11-2023,CUST5217,Male,30,Sports,1,485,485
1321,24-11-2023,CUST9277,Male,69,Books,4,427,1708
1322,24-11-2023,CUST3166,Male,44,Books,10,166,1660
1323,24-11-2023,CUST3777,Female,59,Beauty,11,351,3861
1324,24-11-2023,CUST5287,Female,40,Clothing,16,441,7056
1325,24-11-2023,CUST8834,Male,21,Sports,17,479,8143
1326,24-11-2023,CUST1579,Female,41,Beauty,5,290,1450
1327,24-11-2023,CUST2751,Male,22,Beauty,6,364,2184
1328,24-11-2023,CUST3154,Male,26,Sports,5,63,315
1329,24-11-2023,CUST9406,Male,40,Books,1,74,74
1330,24-11-2023,CUST7983,Male,51,Groceries,4,251,1004
1331,24-11-2023,CUST7454,Male,18,Sports,4,476,1904
1332,24-11-2023,CUST9972,Female,52,Groceries,7,341,2387
1333,24-11-2023,CUST3908,Male,39,Groceries,13,142,1846
1334,24-11-2023,CUST2220,Female,51,Groceries,2,274,548
1335,24-11-2023,CUST5616,Female,37,Electronics,10,255,2550
1336,24-11-2023,CUST9021,Male,31,Electronics,12,340,4080
1337,24-11-2023,CUST9335,Female,52,Clothing,17,478,8126
1338,24-11-2023,CUST7003,Female,41,Electronics,10,355,3550
1339,24-11-2023,CUST4522,Female,26,Electronics,10,365,3650
1340,24-11-2023,CUST7395,Female,54,Electronics,1,182,182
1341,24-11-2023,CUST9212,Female,40,Electronics,16,355,5680
1342,24-11-2023,CUST8507,Male,68,Clothing,16,373,5968
1343,24-11-2023,CUST0420,Female,32,Books,5,12,60
1344,24-11-2023,CUST4235,Male,66,Groceries,2,64,128
1345,24-11-2023,CUST0126,Male,22,Books,3,354,1062
1346,24-11-2023,CUST9766,Male,20,Groceries,12,37,444
1347,24-11-2023,CUST4902,Male,57,Beauty,1,378,378
1348,24-11-2023,CUST4850,Male,18,Clothing,15,198,2970
1349,24-11-2023,CUST9155,Male,52,Electronics,11,84,924
1350,24-11-2023,CUST2042,Male,19,Books,13,449,5837
1351,24-11-2023,CUST2098,Male,31,Sports,10,124,1240
1352,24-11-2023,CUST3424,Male,21,Clothing,17,499,8483
1353,24-11-2023,CUST2184,Male,45,Electronics,16,83,1328
1354,24-11-2023,CUST7893,Female,41,Electronics,15,22,330
1355,24-11-2023,CUST3841,Female,62,Clothing,14,392,5488
1356,24-11-2023,CUST7454,Female,34,Electronics,4,31,124
1357,24-11-2023,CUST7088,Female,33,Clothing,12,424,5088
1358,24-11-2023,CUST6951,Male,50,Sports,11,357,3927
1359,24-11-2023,CUST6921,Female,54,Groceries,10,325,3250
1360,24-11-2023,CUST3086,Male,45,Electronics,18,50,900
1361,24-11-2023,CUST6819,Female,46,Electronics,19,26,494
1362,24-11-2023,CUST5871,Male,37,Sports,5,255,1275
1363,24-11-2023,CUST0187,Male,62,Electronics,4,189,756
1364,24-11-2023,CUST8601,Male,30,Beauty,15,366,5490
1365,24-11-2023,CUST9413,Male,28,Beauty,19,312,5928
1366,24-11-2023,CUST6573,Female,29,Groceries,1,255,255
1367,24-11-2023,CUST3266,Female,43,Electronics,20,161,3220
1368,24-11-2023,CUST9836,Female,56,Clothing,13,116,1508
1369,24-11-2023,CUST4516,Female,64,Groceries,15,410,6150
1370,24-11-2023,CUST9075,Male,21,Books,7,371,2597
1371,24-11-2023,CUST1102,Female,39,Clothing,3,407,1221
1372,24-11-2023,CUST5280,Male,40,Clothing,19,197,3743
1373,24-11-2023,CUST8279,Female,20,Electronics,17,72,1224
1374,24-11-2023,CUST2665,Male,65,Books,5,309,1545
1375,24-11-2023,CUST7138,Male,44,Sports,17,116,1972
1376,24-11-2023,CUST3012,Female,59,Sports,2,372,744
1377,24-11-2023,CUST8881,Female,44,Clothing,2,258,516
1378,24-11-2023,CUST6646,Female,40,Sports,17,40,680
1379,24-11-2023,CUST1350,Female,41,Sports,4,293,1172
1380,24-11-2023,CUST7663,Female,63,Electronics,17,172,2924
1381,24-11-2023,CUST6668,Female,24,Groceries,16,136,2176
1382,24-11-2023,CUST8143,Female,67,Sports,20,430,8600
1383,24-11-2023,CUST3754,Male,62,Books,13,180,2340
1384,24-11-2023,CUST3187,Male,33,Groceries,15,234,3510
1385,24-11-2023,CUST5538,Male,43,Clothing,18,430,7740
1386,24-11-2023,CUST8738,Male,26,Groceries,14,352,4928
1387,24-11-2023,CUST8100,Female,29,Electronics,6,402,2412
1388,24-11-2023,CUST2228,Female,69,Beauty,17,243,4131
1389,24-11-2023,CUST0652,Male,47,Beauty,10,383,3830
1390,24-11-2023,CUST9162,Male,67,Clothing,19,165,3135
1391,24-11-2023,CUST3587,Male,43,Electronics,3,396,1188
1392,24-11-2023,CUST9151,Female,25,Electronics,7,260,1820
1393,24-11-2023,CUST8702,Male,58,Electronics,2,222,444
1394,24-11-2023,CUST3818,Female,62,Clothing,4,363,1452
1395,24-11-2023,CUST0331,Male,28,Sports,18,103,1854
1396,24-11-2023,CUST6961,Male,63,Electronics,14,264,3696
1397,24-11-2023,CUST6184,Female,66,Clothing,18,177,3186
1398,24-11-2023,CUST2136,Male,44,Electronics,14,213,2982
1399,24-11-2023,CUST0439,Male,50,Groceries,19,401,7619
1400,24-11-2023,CUST7668,Female,62,Groceries,20,10,200
1401,24-11-2023,CUST8645,Male,23,Groceries,17,330,5610
1402,24-11-2023,CUST6748,Female,26,Groceries,10,308,3080
1403,24-11-2023,CUST4507,Male,22,Electronics,19,220,4180
1404,24-11-2023,CUST3063,Female,68,Sports,1,303,303
1405,24-11-2023,CUST0001,Male,64,Clothing,16,378,6048
1406,24-11-2023,CUST2148,Male,25,Beauty,3,474,1422
1407,24-11-2023,CUST9738,Male,26,Beauty,4,313,1252
1408,24-11-2023,CUST8247,Male,60,Sports,7,158,1106
1409,24-11-2023,CUST6151,Female,32,Clothing,1,23,23
1410,24-11-2023,CUST9377,Female,19,Sports,12,421,5052
1411,24-11-2023,CUST2203,Female,18,Clothing,16,17,272
1412,24-11-2023,CUST8778,Male,45,Electronics,1,436,436
1413,24-11-2023,CUST5247,Male,41,Books,10,249,2490
1414,24-11-2023,CUST4500,Male,64,Sports,19,304,5776
1415,24-11-2023,CUST6773,Male,67,Sports,15,324,4860
1416,24-11-2023,CUST8432,Male,65,Books,3,452,1356
1417,24-11-2023,CUST5584,Female,57,Groceries,19,489,9291
1418,24-11-2023,CUST7190,Male,19,Clothing,18,246,4428
1419,24-11-2023,CUST2228,Male,52,Groceries,1,26,26
1420,24-11-2023,CUST2183,Female,44,Books,15,188,2820
1421,24-11-2023,CUST5531,Male,50,Clothing,11,16,176
1422,24-11-2023,CUST8966,Female,41,Electronics,19,193,3667
1423,24-11-2023,CUST7757,Male,57,Electronics,5,264,1320
1424,24-11-2023,CUST9418,Female,25,Sports,6,260,1560
1425,24-11-2023,CUST2897,Male,57,Groceries,3,240,720
1426,24-11-2023,CUST5261,Male,29,Clothing,16,420,6720
1427,24-11-2023,CUST5289,Male,47,Groceries,5,323,1615
1428,24-11-2023,CUST4902,Male,55,Clothing,2,177,354
1429,24-11-2023,CUST0857,Female,31,Beauty,10,20,200
1430,24-11-2023,CUST2466,Female,63,Books,17,245,4165
1431,24-11-2023,CUST1542,Male,56,Groceries,20,148,2960
1432,24-11-2023,CUST3191,Male,44,Clothing,5,346,1730
1433,24-11-2023,CUST2934,Male,69,Groceries,10,171,1710
1434,24-11-2023,CUST8316,Male,68,Electronics,1,153,153
1435,24-11-2023,CUST5638,Male,31,Beauty,17,352,5984
1436,24-11-2023,CUST5476,Female,36,Groceries,12,472,5664
1437,24-11-2023,CUST2293,Female,67,Groceries,8,485,3880
1438,24-11-2023,CUST9375,Male,48,Clothing,2,427,854
1439,24-11-2023,CUST2618,Female,46,Clothing,5,363,1815
1440,24-11-2023,CUST1267,Female,18,Books,9,297,2673
1441,24-11-2023,CUST9213,Female,41,Beauty,20,40,800
1442,24-11-2023,CUST9005,Female,53,Beauty,18,48,864
1443,24-11-2023,CUST1610,Male,26,Groceries,16,207,3312
1444,24-11-2023,CUST1723,Female,65,Groceries,12,323,3876
1445,24-11-2023,CUST1170,Female,40,Sports,11,454,4994
1446,24-11-2023,CUST8722,Female,31,Electronics,11,370,4070
1447,24-11-2023,CUST6497,Female,48,Clothing,7,450,3150
1448,24-11-2023,CUST9462,Male,50,Sports,5,35,175
1449,24-11-2023,CUST9779,Male,24,Electronics,7,159,1113
1450,24-11-2023,CUST0466,Male,67,Clothing,6,390,2340
1451,24-11-2023,CUST9157,Male,57,Beauty,8,157,1256
1452,24-11-2023,CUST2727,Male,40,Electronics,13,163,2119
1453,24-11-2023,CUST9296,Male,59,Groceries,2,345,690
1454,24-11-2023,CUST2479,Female,28,Electronics,18,283,5094
1455,24-11-2023,CUST6591,Male,58,Books,1,367,367
1456,24-11-2023,CUST2653,Female,31,Sports,17,108,1836
1457,24-11-2023,CUST7580,Female,55,Sports,8,70,560
1458,24-11-2023,CUST4722,Female,28,Clothing,11,179,1969
1459,24-11-2023,CUST1839,Male,62,Books,18,422,7596
1460,24-11-2023,CUST6637,Female,45,Books,6,154,924
1461,24-11-2023,CUST7915,Male,25,Groceries,9,418,3762
1462,24-11-2023,CUST2858,Female,57,Sports,15,109,1635
1463,24-11-2023,CUST5125,Male,67,Sports,10,44,440
1464,24-11-2023,CUST1983,Female,23,Groceries,5,70,350
1465,24-11-2023,CUST2795,Female,25,Clothing,5,384,1920
1466,24-11-2023,CUST7355,Female,44,Electronics,12,154,1848
1467,24-11-2023,CUST8954,Male,50,Sports,7,178,1246
1468,24-11-2023,CUST9652,Female,68,Clothing,7,473,3311
1469,24-11-2023,CUST7009,Female,42,Groceries,9,319,2871
1470,24-11-2023,CUST4794,Male,36,Clothing,7,463,3241
1471,24-11-2023,CUST1152,Male,50,Groceries,7,295,2065
1472,24-11-2023,CUST4445,Female,54,Electronics,2,436,872
1473,24-11-2023,CUST8748,Female,50,Books,1,494,494
1474,24-11-2023,CUST3750,Female,54,Books,14,272,3808
1475,24-11-2023,CUST1148,Male,19,Clothing,14,235,3290
1476,24-11-2023,CUST6285,Male,69,Electronics,15,162,2430
1477,24-11-2023,CUST7725,Male,33,Groceries,5,13,65
1478,24-11-2023,CUST4774,Male,18,Beauty,7,158,1106
1479,24-11-2023,CUST3337,Male,65,Groceries,6,14,84
1480,24-11-2023,CUST5852,Male,57,Electronics,9,81,729
1481,24-11-2023,CUST9616,Male,32,Electronics,6,370,2220
1482,24-11-2023,CUST6213,Female,70,Books,13,412,5356
1483,24-11-2023,CUST6634,Male,35,Beauty,14,266,3724
1484,24-11-2023,CUST1557,Male,55,Clothing,2,154,308
1485,24-11-2023,CUST7752,Female,67,Sports,20,43,860
1486,24-11-2023,CUST9822,Female,24,Groceries,18,307,5526
1487,24-11-2023,CUST3670,Male,22,Electronics,18,104,1872
1488,24-11-2023,CUST6690,Female,34,Groceries,6,22,132
1489,24-11-2023,CUST1096,Female,49,Books,8,477,3816
1490,24-11-2023,CUST4437,Female,45,Beauty,15,184,2760
1491,24-11-2023,CUST7666,Male,47,Sports,4,280,1120
1492,24-11-2023,CUST9528,Male,60,Sports,18,255,4590
1493,24-11-2023,CUST6847,Female,59,Books,13,181,2353
1494,24-11-2023,CUST1971,Male,57,Electronics,8,463,3704
1495,24-11-2023,CUST8994,Female,40,Groceries,15,164,2460
1496,24-11-2023,CUST7720,Male,41,Sports,11,71,781
1497,24-11-2023,CUST8687,Male,48,Electronics,11,196,2156
1498,24-11-2023,CUST5751,Female,44,Books,7,378,2646
1499,24-11-2023,CUST5384,Female,42,Clothing,11,61,671
1500,24-11-2023,CUST7278,Female,59,Sports,11,307,3377
1501,24-11-2023,CUST3457,Male,56,Clothing,14,247,3458
1502,24-11-2023,CUST2260,Male,26,Sports,18,267,4806
1503,24-11-2023,CUST3178,Female,27,Electronics,18,361,6498
1504,24-11-2023,CUST2042,Male,66,Books,16,68,1088
1505,24-11-2023,CUST7512,Female,57,Electronics,7,377,2639
1506,24-11-2023,CUST4195,Female,25,Beauty,3,97,291
1507,24-11-2023,CUST7954,Male,59,Electronics,18,433,7794
1508,24-11-2023,CUST0942,Female,19,Beauty,8,434,3472
1509,24-11-2023,CUST1221,Female,18,Books,11,488,5368
1510,24-11-2023,CUST6020,Female,36,Clothing,12,165,1980
1511,24-11-2023,CUST1499,Female,39,Clothing,17,249,4233
1512,24-11-2023,CUST8511,Male,23,Books,15,55,825
1513,24-11-2023,CUST4282,Male,23,Beauty,3,476,1428
1514,24-11-2023,CUST8552,Female,20,Clothing,10,491,4910
1515,24-11-2023,CUST0287,Female,46,Electronics,12,127,1524
1516,24-11-2023,CUST6731,Female,36,Electronics,14,110,1540
1517,24-11-2023,CUST8720,Female,24,Beauty,4,459,1836
1518,24-11-2023,CUST8459,Female,63,Clothing,3,347,1041
1519,24-11-2023,CUST3395,Female,54,Sports,8,452,3616
1520,24-11-2023,CUST0062,Female,56,Clothing,2,21,42
1521,24-11-2023,CUST3640,Male,69,Clothing,20,248,4960
1522,24-11-2023,CUST4722,Female,38,Books,15,371,5565
1523,24-11-2023,CUST6844,Male,45,Sports,11,16,176
1524,24-11-2023,CUST0788,Male,40,Books,13,22,286
1525,24-11-2023,CUST6230,Female,18,Clothing,20,351,7020
1526,24-11-2023,CUST2409,Male,18,Beauty,3,150,450
1527,24-11-2023,CUST5473,Female,32,Beauty,8,265,2120
1528,24-11-2023,CUST5400,Female,26,Sports,13,494,6422
1529,24-11-2023,CUST6754,Male,69,Clothing,7,267,1869
1530,24-11-2023,CUST1604,Female,53,Books,13,373,4849
1531,24-11-2023,CUST3324,Male,53,Clothing,9,397,3573
1532,24-11-2023,CUST4074,Female,21,Sports,14,39,546
1533,24-11-2023,CUST6302,Male,30,Books,10,286,2860
1534,24-11-2023,CUST4719,Male,20,Sports,1,351,351
1535,24-11-2023,CUST6654,Male,68,Sports,13,352,4576
1536,24-11-2023,CUST8750,Male,24,Books,16,191,3056
1537,24-11-2023,CUST3025,Female,39,Sports,18,328,5904
1538,24-11-2023,CUST9391,Female,68,Electronics,15,217,3255
1539,24-11-2023,CUST1261,Male,61,Clothing,14,185,2590
1540,24-11-2023,CUST6363,Male,26,Beauty,16,351,5616
1541,24-11-2023,CUST0214,Male,49,Books,15,254,3810
1542,24-11-2023,CUST9195,Female,46,Electronics,20,167,3340
1543,24-11-2023,CUST1464,Female,61,Books,6,245,1470
1544,24-11-2023,CUST1827,Female,66,Clothing,11,185,2035
1545,24-11-2023,CUST6043,Female,29,Clothing,9,286,2574
1546,24-11-2023,CUST2628,Male,23,Beauty,20,468,9360
1547,24-11-2023,CUST9806,Male,35,Sports,18,318,5724
1548,24-11-2023,CUST1217,Female,66,Sports,8,410,3280
1549,24-11-2023,CUST8241,Female,53,Sports,10,422,4220
1550,24-11-2023,CUST7210,Male,44,Beauty,6,345,2070
1551,24-11-2023,CUST9619,Female,61,Electronics,17,195,3315
1552,24-11-2023,CUST9425,Male,64,Electronics,9,266,2394
1553,24-11-2023,CUST6788,Male,70,Electronics,9,207,1863
1554,24-11-2023,CUST7228,Female,67,Sports,19,177,3363
1555,24-11-2023,CUST5646,Male,52,Books,19,237,4503
1556,24-11-2023,CUST0240,Female,49,Electronics,8,35,280
1557,24-11-2023,CUST1888,Male,35,Books,13,278,3614
1558,24-11-2023,CUST1530,Male,37,Beauty,10,442,4420
1559,24-11-2023,CUST4861,Female,51,Sports,15,29,435
1560,24-11-2023,CUST7835,Male,41,Books,16,311,4976
1561,24-11-2023,CUST4966,Male,51,Clothing,10,412,4120
1562,24-11-2023,CUST1305,Male,65,Books,12,241,2892
1563,24-11-2023,CUST4686,Male,36,Electronics,13,162,2106
1564,24-11-2023,CUST2153,Male,18,Sports,7,183,1281
1565,24-11-2023,CUST0337,Female,55,Beauty,20,136,2720
1566,24-11-2023,CUST9032,Male,65,Beauty,16,272,4352
1567,24-11-2023,CUST3456,Male,55,Clothing,9,370,3330
1568,24-11-2023,CUST8500,Female,23,Beauty,2,360,720
1569,24-11-2023,CUST5316,Female,46,Beauty,13,430,5590
1570,24-11-2023,CUST9743,Female,67,Beauty,4,403,1612
1571,24-11-2023,CUST5515,Female,51,Sports,1,300,300
1572,24-11-2023,CUST8597,Male,50,Beauty,10,144,1440
1573,24-11-2023,CUST5178,Female,46,Beauty,17,419,7123
1574,24-11-2023,CUST9167,Female,34,Sports,17,438,7446
1575,24-11-2023,CUST6662,Male,30,Groceries,10,338,3380
1576,24-11-2023,CUST2119,Female,40,Groceries,4,423,1692
1577,24-11-2023,CUST4533,Male,42,Clothing,14,438,6132
1578,24-11-2023,CUST7057,Female,42,Electronics,9,372,3348
1579,24-11-2023,CUST6604,Female,46,Clothing,1,58,58
1580,24-11-2023,CUST2082,Female,32,Books,8,285,2280
1581,24-11-2023,CUST7246,Female,32,Clothing,9,377,3393
1582,24-11-2023,CUST6400,Male,68,Electronics,2,470,940
1583,24-11-2023,CUST3708,Male,67,Sports,6,203,1218
1584,24-11-2023,CUST5091,Male,58,Books,14,92,1288
1585,24-11-2023,CUST0044,Male,45,Groceries,9,392,3528
1586,24-11-2023,CUST8749,Female,29,Groceries,9,137,1233
1587,24-11-2023,CUST1426,Male,63,Groceries,9,408,3672
1588,24-11-2023,CUST4799,Female,51,Sports,5,303,1515
1589,24-11-2023,CUST3138,Female,50,Clothing,10,424,4240
1590,24-11-2023,CUST6642,Male,45,Sports,3,259,777
1591,24-11-2023,CUST9079,Female,18,Clothing,7,69,483
1592,24-11-2023,CUST8344,Female,56,Groceries,6,342,2052
1593,24-11-2023,CUST0922,Female,24,Electronics,17,238,4046
1594,24-11-2023,CUST1926,Male,35,Electronics,8,176,1408
1595,24-11-2023,CUST1737,Female,35,Books,16,317,5072
1596,24-11-2023,CUST0633,Male,39,Electronics,10,390,3900
1597,24-11-2023,CUST2789,Male,58,Electronics,3,271,813
1598,24-11-2023,CUST4828,Male,37,Groceries,10,109,1090
1599,24-11-2023,CUST0449,Male,31,Groceries,12,122,1464
1600,24-11-2023,CUST4560,Female,42,Sports,13,60,780
1601,24-11-2023,CUST8944,Female,51,Sports,14,249,3486
1602,24-11-2023,CUST9055,Female,50,Groceries,17,450,7650
1603,24-11-2023,CUST4320,Male,57,Books,6,303,1818
1604,24-11-2023,CUST2555,Female,27,Clothing,4,114,456
1605,24-11-2023,CUST1287,Male,37,Electronics,3,221,663
1606,24-11-2023,CUST6902,Female,43,Clothing,16,147,2352
1607,24-11-2023,CUST7070,Male,54,Sports,9,41,369
1608,24-11-2023,CUST4710,Female,27,Clothing,18,34,612
1609,24-11-2023,CUST8279,Female,53,Groceries,16,335,5360
1610,24-11-2023,CUST5044,Male,63,Electronics,15,113,1695
1611,24-11-2023,CUST6198,Female,26,Clothing,4,285,1140
1612,24-11-2023,CUST3577,Female,22,Beauty,15,452,6780
1613,24-11-2023,CUST4773,Male,62,Clothing,10,147,1470
1614,24-11-2023,CUST1008,Female,26,Beauty,13,145,1885
1615,24-11-2023,CUST0090,Male,29,Clothing,14,433,6062
1616,24-11-2023,CUST2222,Female,62,Sports,14,149,2086
1617,24-11-2023,CUST4872,Female,53,Beauty,5,276,1380
1618,24-11-2023,CUST5016,Female,65,Sports,18,81,1458
1619,24-11-2023,CUST6833,Male,27,Clothing,5,48,240
1620,24-11-2023,CUST6088,Female,64,Clothing,16,208,3328
1621,24-11-2023,CUST1916,Female,37,Electronics,11,276,3036
1622,24-11-2023,CUST4223,Male,70,Sports,15,219,3285
1623,24-11-2023,CUST2240,Female,59,Beauty,2,430,860
1624,24-11-2023,CUST6890,Male,60,Electronics,11,194,2134
1625,24-11-2023,CUST6975,Male,50,Sports,20,273,5460
1626,24-11-2023,CUST7263,Female,58,Clothing,17,262,4454
1627,24-11-2023,CUST6825,Female,39,Groceries,19,178,3382
1628,24-11-2023,CUST0571,Female,46,Electronics,19,21,399
1629,24-11-2023,CUST1036,Male,26,Beauty,18,259,4662
1630,24-11-2023,CUST2600,Female,64,Electronics,17,500,8500
1631,24-11-2023,CUST6585,Female,50,Clothing,10,269,2690
1632,24-11-2023,CUST0756,Female,45,Groceries,7,250,1750
1633,24-11-2023,CUST3160,Male,59,Beauty,2,389,778
1634,24-11-2023,CUST7690,Female,62,Sports,8,73,584
1635,24-11-2023,CUST3261,Male,63,Beauty,9,428,3852
1636,24-11-2023,CUST4695,Female,26,Groceries,20,53,1060
1637,24-11-2023,CUST7929,Male,57,Electronics,15,439,6585
1638,24-11-2023,CUST6000,Male,52,Beauty,6,10,60
1639,24-11-2023,CUST0161,Male,32,Electronics,19,388,7372
1640,24-11-2023,CUST1072,Male,38,Books,17,34,578
1641,24-11-2023,CUST3057,Male,20,Clothing,17,324,5508
1642,24-11-2023,CUST2671,Female,26,Books,20,294,5880
1643,24-11-2023,CUST0305,Male,53,Books,15,57,855
1644,24-11-2023,CUST3015,Female,36,Sports,3,482,1446
1645,24-11-2023,CUST4562,Male,68,Sports,19,340,6460
1646,24-11-2023,CUST9064,Female,43,Sports,19,444,8436
1647,24-11-2023,CUST0574,Female,42,Sports,19,469,8911
1648,24-11-2023,CUST0696,Male,47,Groceries,17,31,527
1649,24-11-2023,CUST9192,Male,40,Books,12,292,3504
1650,24-11-2023,CUST4202,Male,39,Electronics,13,407,5291
1651,24-11-2023,CUST6758,Male,67,Books,15,23,345
1652,24-11-2023,CUST9114,Male,24,Sports,14,193,2702
1653,24-11-2023,CUST2327,Female,58,Electronics,16,317,5072
1654,24-11-2023,CUST6498,Male,44,Sports,5,280,1400
1655,24-11-2023,CUST6481,Female,52,Groceries,18,485,8730
1656,24-11-2023,CUST9473,Female,56,Groceries,14,283,3962
1657,24-11-2023,CUST9915,Female,44,Sports,12,99,1188
1658,24-11-2023,CUST3331,Male,40,Books,3,239,717
1659,24-11-2023,CUST0579,Female,64,Sports,10,94,940
1660,24-11-2023,CUST0165,Male,44,Books,8,267,2136
1661,24-11-2023,CUST3250,Female,57,Beauty,4,410,1640
1662,24-11-2023,CUST9382,Female,44,Electronics,7,287,2009
1663,24-11-2023,CUST3271,Male,67,Electronics,7,454,3178
1664,24-11-2023,CUST2789,Female,23,Electronics,20,90,1800
1665,24-11-2023,CUST4000,Female,19,Clothing,2,223,446
1666,24-11-2023,CUST3989,Male,54,Electronics,14,374,5236
1667,24-11-2023,CUST6750,Male,68,Books,5,49,245
1668,24-11-2023,CUST5825,Male,59,Sports,16,98,1568
1669,24-11-2023,CUST5982,Male,19,Beauty,8,469,3752
1670,24-11-2023,CUST9480,Male,57,Beauty,1,500,500
1671,24-11-2023,CUST1081,Female,67,Clothing,19,490,9310
1672,24-11-2023,CUST2659,Male,54,Sports,13,192,2496
1673,24-11-2023,CUST1758,Female,39,Beauty,9,63,567
1674,24-11-2023,CUST7630,Male,26,Electronics,9,174,1566
1675,24-11-2023,CUST4437,Male,57,Sports,16,500,8000
1676,24-11-2023,CUST3379,Female,22,Electronics,1,160,160
1677,24-11-2023,CUST4751,Male,38,Groceries,11,57,627
1678,24-11-2023,CUST1042,Female,44,Electronics,18,76,1368
1679,24-11-2023,CUST4783,Female,48,Electronics,17,221,3757
1680,24-11-2023,CUST3406,Male,42,Groceries,19,268,5092
1681,24-11-2023,CUST2625,Female,27,Books,1,317,317
1682,24-11-2023,CUST6760,Male,51,Books,6,11,66
1683,24-11-2023,CUST0159,Female,59,Electronics,14,151,2114
1684,24-11-2023,CUST1659,Female,36,Books,8,490,3920
1685,24-11-2023,CUST1649,Male,18,Clothing,17,329,5593
1686,24-11-2023,CUST2547,Female,56,Sports,17,234,3978
1687,24-11-2023,CUST9521,Female,49,Clothing,13,395,5135
1688,24-11-2023,CUST6970,Female,36,Sports,10,10,100
1689,24-11-2023,CUST5550,Female,38,Electronics,9,491,4419
1690,24-11-2023,CUST8808,Female,68,Electronics,2,239,478
1691,24-11-2023,CUST3461,Male,45,Beauty,1,119,119
1692,24-11-2023,CUST4543,Male,44,Clothing,3,381,1143
1693,24-11-2023,CUST6972,Male,66,Electronics,6,47,282
1694,24-11-2023,CUST3290,Female,23,Clothing,14,469,6566
1695,24-11-2023,CUST4378,Male,30,Clothing,16,436,6976
1696,24-11-2023,CUST1938,Male,46,Groceries,11,34,374
1697,24-11-2023,CUST9452,Male,43,Books,2,113,226
1698,24-11-2023,CUST4739,Female,25,Sports,18,367,6606
1699,24-11-2023,CUST1703,Female,44,Clothing,19,148,2812
1700,24-11-2023,CUST4545,Male,35,Clothing,17,248,4216
1701,24-11-2023,CUST1003,Female,59,Clothing,5,432,2160
1702,24-11-2023,CUST8428,Male,45,Electronics,6,347,2082
1703,24-11-2023,CUST7370,Male,42,Sports,7,271,1897
1704,24-11-2023,CUST9773,Male,64,Groceries,19,345,6555
1705,24-11-2023,CUST7039,Male,27,Sports,7,378,2646
1706,24-11-2023,CUST1953,Male,65,Clothing,15,389,5835
1707,24-11-2023,CUST7942,Female,26,Clothing,7,115,805
1708,24-11-2023,CUST4803,Male,61,Clothing,20,174,3480
1709,24-11-2023,CUST7249,Male,25,Beauty,11,271,2981
1710,24-11-2023,CUST3848,Male,27,Electronics,5,339,1695
1711,24-11-2023,CUST5998,Female,32,Books,14,26,364
1712,24-11-2023,CUST3081,Male,26,Clothing,4,342,1368
1713,24-11-2023,CUST0926,Male,44,Books,15,211,3165
1714,24-11-2023,CUST2215,Male,61,Beauty,20,31,620
1715,24-11-2023,CUST4953,Male,49,Groceries,10,47,470
1716,24-11-2023,CUST9829,Male,25,Books,9,315,2835
1717,24-11-2023,CUST7784,Male,59,Books,17,337,5729
1718,24-11-2023,CUST9499,Female,31,Electronics,20,55,1100
1719,24-11-2023,CUST0944,Male,58,Clothing,10,93,930
1720,24-11-2023,CUST9842,Female,35,Electronics,19,80,1520
1721,24-11-2023,CUST2780,Female,48,Beauty,6,467,2802
1722,24-11-2023,CUST7746,Male,69,Beauty,11,489,5379
1723,24-11-2023,CUST3045,Male,23,Clothing,4,478,1912
1724,24-11-2023,CUST3348,Male,65,Clothing,1,211,211
1725,24-11-2023,CUST2288,Female,27,Clothing,8,91,728
1726,24-11-2023,CUST5393,Male,46,Beauty,2,304,608
1727,24-11-2023,CUST6039,Female,32,Books,3,117,351
1728,24-11-2023,CUST7431,Male,20,Books,14,99,1386
1729,24-11-2023,CUST7304,Female,22,Groceries,10,246,2460
1730,24-11-2023,CUST5585,Female,19,Beauty,2,206,412
1731,24-11-2023,CUST0870,Male,42,Groceries,19,500,9500
1732,24-11-2023,CUST1931,Female,19,Beauty,2,176,352
1733,24-11-2023,CUST3161,Female,55,Groceries,5,199,995
1734,24-11-2023,CUST5989,Female,31,Groceries,3,353,1059
1735,24-11-2023,CUST8830,Female,37,Sports,6,498,2988
1736,24-11-2023,CUST6080,Female,56,Groceries,2,38,76
1737,24-11-2023,CUST0052,Female,31,Clothing,11,77,847
1738,24-11-2023,CUST0289,Male,50,Groceries,7,484,3388
1739,24-11-2023,CUST7805,Female,28,Clothing,13,289,3757
1740,24-11-2023,CUST9162,Male,24,Groceries,4,321,1284
1741,24-11-2023,CUST4303,Male,68,Groceries,14,239,3346
1742,24-11-2023,CUST7199,Male,21,Groceries,16,420,6720
1743,24-11-2023,CUST5769,Female,44,Groceries,10,82,820
1744,24-11-2023,CUST8042,Female,39,Sports,12,10,120
1745,24-11-2023,CUST4273,Female,70,Electronics,15,177,2655
1746,24-11-2023,CUST4886,Female,53,Groceries,10,190,1900
1747,24-11-2023,CUST2780,Male,52,Clothing,13,136,1768
1748,24-11-2023,CUST0234,Male,34,Books,20,371,7420
1749,24-11-2023,CUST8365,Female,51,Books,17,415,7055
1750,24-11-2023,CUST6929,Female,42,Books,11,331,3641
1751,24-11-2023,CUST1700,Female,42,Groceries,2,291,582
1752,24-11-2023,CUST3960,Male,57,Sports,17,186,3162
1753,24-11-2023,CUST8500,Female,69,Clothing,12,117,1404
1754,24-11-2023,CUST0493,Male,65,Clothing,16,313,5008
1755,24-11-2023,CUST0992,Male,24,Groceries,17,314,5338
1756,24-11-2023,CUST0067,Male,37,Sports,1,29,29
1757,24-11-2023,CUST9435,Male,31,Books,10,94,940
1758,24-11-2023,CUST5815,Male,66,Clothing,6,471,2826
1759,24-11-2023,CUST1368,Male,69,Beauty,17,36,612
1760,24-11-2023,CUST4670,Female,62,Beauty,11,161,1771
1761,24-11-2023,CUST7579,Male,37,Electronics,12,212,2544
1762,24-11-2023,CUST6332,Female,57,Sports,14,347,4858
1763,24-11-2023,CUST9458,Female,28,Books,13,250,3250
1764,24-11-2023,CUST9308,Female,64,Beauty,2,304,608
1765,24-11-2023,CUST2633,Male,54,Books,3,113,339
1766,24-11-2023,CUST7454,Male,50,Electronics,11,86,946
1767,24-11-2023,CUST9316,Male,66,Books,19,175,3325
1768,24-11-2023,CUST6124,Male,43,Books,12,334,4008
1769,24-11-2023,CUST4810,Male,44,Sports,16,386,6176
1770,24-11-2023,CUST5669,Male,35,Groceries,6,319,1914
1771,24-11-2023,CUST5631,Male,57,Groceries,10,407,4070
1772,24-11-2023,CUST8746,Male,18,Electronics,7,83,581
1773,24-11-2023,CUST2328,Male,65,Books,11,292,3212
1774,24-11-2023,CUST6012,Male,25,Electronics,1,384,384
1775,24-11-2023,CUST9240,Male,44,Electronics,16,47,752
1776,24-11-2023,CUST6628,Male,34,Books,1,68,68
1777,24-11-2023,CUST9610,Male,35,Electronics,18,192,3456
1778,24-11-2023,CUST5143,Male,33,Electronics,3,159,477
1779,24-11-2023,CUST6708,Female,60,Beauty,11,62,682
1780,24-11-2023,CUST0411,Male,67,Clothing,1,219,219
1781,24-11-2023,CUST1309,Male,45,Groceries,12,128,1536
1782,24-11-2023,CUST6446,Male,55,Books,14,230,3220
1783,24-11-2023,CUST1391,Female,24,Beauty,13,388,5044
1784,24-11-2023,CUST6195,Female,58,Beauty,3,287,861
1785,24-11-2023,CUST7056,Male,34,Books,8,362,2896
1786,24-11-2023,CUST5312,Male,20,Sports,15,461,6915
1787,24-11-2023,CUST0193,Male,69,Beauty,18,170,3060
1788,24-11-2023,CUST7575,Male,40,Books,16,210,3360
1789,24-11-2023,CUST3149,Female,68,Groceries,12,278,3336
1790,24-11-2023,CUST5711,Female,29,Beauty,1,227,227
1791,24-11-2023,CUST1873,Male,49,Books,13,239,3107
1792,24-11-2023,CUST6900,Male,21,Sports,13,292,3796
1793,24-11-2023,CUST6833,Male,40,Electronics,2,475,950
1794,24-11-2023,CUST0062,Male,62,Books,12,492,5904
1795,24-11-2023,CUST4877,Female,24,Books,6,117,702
1796,24-11-2023,CUST4733,Female,67,Sports,19,234,4446
1797,24-11-2023,CUST5695,Female,27,Clothing,4,309,1236
1798,24-11-2023,CUST1344,Female,46,Groceries,18,444,7992
1799,24-11-2023,CUST6033,Female,53,Clothing,5,399,1995
1800,24-11-2023,CUST4736,Male,31,Electronics,10,358,3580
1801,24-11-2023,CUST0731,Male,19,Sports,15,97,1455
1802,24-11-2023,CUST9487,Male,47,Books,3,114,342
1803,24-11-2023,CUST0804,Female,19,Books,16,187,2992
1804,24-11-2023,CUST3972,Male,19,Groceries,3,370,1110
1805,24-11-2023,CUST9142,Male,27,Books,18,409,7362
1806,24-11-2023,CUST1376,Male,58,Electronics,4,80,320
1807,24-11-2023,CUST0061,Male,35,Beauty,4,80,320
1808,24-11-2023,CUST9785,Male,46,Beauty,18,367,6606
1809,24-11-2023,CUST0482,Female,37,Sports,8,150,1200
1810,24-11-2023,CUST0958,Male,29,Beauty,14,62,868
1811,24-11-2023,CUST1341,Male,62,Books,7,462,3234
1812,24-11-2023,CUST4794,Female,33,Beauty,7,264,1848
1813,24-11-2023,CUST0777,Female,57,Sports,8,33,264
1814,24-11-2023,CUST1134,Female,43,Beauty,11,412,4532
1815,24-11-2023,CUST0058,Male,64,Beauty,4,327,1308
1816,24-11-2023,CUST0992,Female,61,Sports,11,434,4774
1817,24-11-2023,CUST9197,Male,22,Books,20,164,3280
1818,24-11-2023,CUST2801,Male,47,Beauty,3,155,465
1819,24-11-2023,CUST2878,Male,64,Groceries,18,345,6210
1820,24-11-2023,CUST7727,Male,45,Beauty,16,196,3136
1821,24-11-2023,CUST6698,Female,51,Beauty,15,160,2400
1822,24-11-2023,CUST8538,Male,25,Electronics,19,485,9215
1823,24-11-2023,CUST2976,Female,49,Electronics,17,436,7412
1824,24-11-2023,CUST7053,Male,57,Electronics,8,144,1152
1825,24-11-2023,CUST5720,Female,58,Books,19,329,6251
1826,24-11-2023,CUST6716,Female,48,Sports,15,328,4920
1827,24-11-2023,CUST3484,Male,66,Electronics,9,198,1782
1828,24-11-2023,CUST0424,Female,33,Electronics,18,487,8766
1829,24-11-2023,CUST7441,Male,56,Beauty,12,63,756
1830,24-11-2023,CUST3301,Female,33,Books,12,81,972
1831,24-11-2023,CUST4040,Female,58,Electronics,11,23,253
1832,24-11-2023,CUST1024,Male,35,Beauty,8,34,272
1833,24-11-2023,CUST2298,Male,26,Groceries,2,29,58
1834,24-11-2023,CUST7590,Male,54,Books,3,210,630
1835,24-11-2023,CUST6935,Male,64,Sports,3,248,744
1836,24-11-2023,CUST7690,Female,34,Clothing,6,67,402
1837,24-11-2023,CUST5189,Male,29,Groceries,10,369,3690
1838,24-11-2023,CUST2257,Female,35,Sports,13,148,1924
1839,24-11-2023,CUST3574,Male,23,Sports,20,260,5200
1840,24-11-2023,CUST1949,Male,34,Groceries,2,215,430
1841,24-11-2023,CUST4194,Female,56,Sports,5,152,760
1842,24-11-2023,CUST4321,Male,27,Electronics,6,442,2652
1843,24-11-2023,CUST5968,Male,64,Books,9,30,270
1844,24-11-2023,CUST3004,Male,27,Books,3,305,915
1845,24-11-2023,CUST3482,Male,30,Books,2,100,200
1846,24-11-2023,CUST8418,Female,25,Electronics,7,146,1022
1847,24-11-2023,CUST1490,Female,37,Books,12,310,3720
1848,24-11-2023,CUST7106,Male,63,Sports,13,36,468
1849,24-11-2023,CUST4948,Female,25,Electronics,17,462,7854
1850,24-11-2023,CUST8692,Male,23,Beauty,3,244,732
1851,24-11-2023,CUST7620,Male,49,Clothing,19,486,9234
1852,24-11-2023,CUST0750,Female,54,Electronics,6,356,2136
1853,24-11-2023,CUST8440,Male,65,Sports,13,217,2821
1854,24-11-2023,CUST4911,Female,67,Groceries,5,480,2400
1855,24-11-2023,CUST0758,Male,65,Sports,19,307,5833
1856,24-11-2023,CUST2642,Female,31,Electronics,2,76,152
1857,24-11-2023,CUST1019,Female,55,Groceries,16,128,2048
1858,24-11-2023,CUST3343,Female,59,Sports,3,302,906
1859,24-11-2023,CUST7180,Male,19,Books,15,186,2790
1860,24-11-2023,CUST9660,Female,70,Clothing,8,435,3480
1861,24-11-2023,CUST5766,Male,40,Sports,4,173,692
1862,24-11-2023,CUST4843,Male,69,Groceries,6,353,2118
1863,24-11-2023,CUST9601,Male,48,Electronics,12,188,2256
1864,24-11-2023,CUST3337,Male,42,Electronics,8,458,3664
1865,24-11-2023,CUST7787,Female,36,Books,7,355,2485
1866,24-11-2023,CUST8497,Male,26,Clothing,16,374,5984
1867,24-11-2023,CUST4131,Female,53,Sports,5,17,85
1868,24-11-2023,CUST3972,Male,55,Groceries,13,124,1612
1869,24-11-2023,CUST0457,Female,67,Electronics,13,48,624
1870,24-11-2023,CUST8794,Male,41,Electronics,10,311,3110
1871,24-11-2023,CUST4597,Male,47,Books,4,37,148
1872,24-11-2023,CUST7631,Female,36,Electronics,9,102,918
1873,24-11-2023,CUST5601,Female,34,Electronics,7,378,2646
1874,24-11-2023,CUST8426,Male,18,Books,20,297,5940
1875,24-11-2023,CUST5554,Female,66,Groceries,15,315,4725
1876,24-11-2023,CUST8960,Male,18,Electronics,20,354,7080
1877,24-11-2023,CUST7636,Male,39,Books,3,317,951
1878,24-11-2023,CUST9915,Female,19,Electronics,13,206,2678
1879,24-11-2023,CUST8739,Male,45,Beauty,16,469,7504
1880,24-11-2023,CUST9654,Female,63,Electronics,15,78,1170
1881,24-11-2023,CUST4400,Male,53,Books,8,485,3880
1882,24-11-2023,CUST4386,Female,47,Clothing,4,191,764
1883,24-11-2023,CUST1270,Female,59,Groceries,12,27,324
1884,24-11-2023,CUST6345,Male,59,Books,14,144,2016
1885,24-11-2023,CUST5228,Female,46,Groceries,1,468,468
1886,24-11-2023,CUST7886,Male,28,Books,6,124,744
1887,24-11-2023,CUST7494,Female,70,Books,18,202,3636
1888,24-11-2023,CUST6208,Male,48,Beauty,20,477,9540
1889,24-11-2023,CUST4378,Male,49,Groceries,15,286,4290
1890,24-11-2023,CUST5971,Female,19,Beauty,2,86,172
1891,24-11-2023,CUST0860,Female,56,Sports,6,468,2808
1892,24-11-2023,CUST6703,Female,26,Clothing,9,377,3393
1893,24-11-2023,CUST6052,Female,64,Beauty,2,116,232
1894,24-11-2023,CUST0550,Female,42,Electronics,14,72,1008
1895,24-11-2023,CUST0648,Male,59,Clothing,8,493,3944
1896,24-11-2023,CUST3003,Female,70,Clothing,7,379,2653
1897,24-11-2023,CUST9553,Female,50,Groceries,14,335,4690
1898,24-11-2023,CUST2537,Female,59,Groceries,14,189,2646
1899,24-11-2023,CUST2132,Female,41,Electronics,20,246,4920
1900,24-11-2023,CUST2065,Male,67,Sports,13,492,6396
1901,24-11-2023,CUST6134,Female,20,Beauty,8,454,3632
1902,24-11-2023,CUST6880,Female,61,Clothing,18,132,2376
1903,24-11-2023,CUST7452,Male,22,Sports,10,26,260
1904,24-11-2023,CUST2079,Female,70,Electronics,8,135,1080
1905,24-11-2023,CUST9024,Male,46,Clothing,6,173,1038
1906,24-11-2023,CUST8373,Male,29,Groceries,12,25,300
1907,24-11-2023,CUST6653,Male,35,Groceries,16,47,752
1908,24-11-2023,CUST9191,Female,21,Beauty,11,441,4851
1909,24-11-2023,CUST2258,Female,40,Clothing,9,206,1854
1910,24-11-2023,CUST2373,Male,62,Books,1,60,60
1911,24-11-2023,CUST6036,Female,33,Electronics,19,114,2166
1912,24-11-2023,CUST5802,Male,37,Beauty,14,14,196
1913,24-11-2023,CUST6186,Female,47,Groceries,15,310,4650
1914,24-11-2023,CUST3168,Female,28,Beauty,15,161,2415
1915,24-11-2023,CUST1375,Male,29,Groceries,11,471,5181
1916,24-11-2023,CUST1233,Male,66,Beauty,9,258,2322
1917,24-11-2023,CUST8568,Male,27,Groceries,9,422,3798
1918,24-11-2023,CUST3211,Male,61,Electronics,3,427,1281
1919,24-11-2023,CUST1780,Male,30,Sports,7,246,1722
1920,24-11-2023,CUST5128,Male,54,Sports,3,348,1044
1921,24-11-2023,CUST4524,Male,21,Books,1,463,463
1922,24-11-2023,CUST4780,Male,37,Books,17,198,3366
1923,24-11-2023,CUST2232,Female,27,Books,2,263,526
1924,24-11-2023,CUST1587,Female,37,Electronics,13,181,2353
1925,24-11-2023,CUST4667,Male,35,Electronics,16,478,7648
1926,24-11-2023,CUST9989,Female,48,Clothing,14,458,6412
1927,24-11-2023,CUST1295,Female,23,Books,10,265,2650
1928,24-11-2023,CUST0193,Female,30,Beauty,18,316,5688
1929,24-11-2023,CUST5193,Male,50,Clothing,4,153,612
1930,24-11-2023,CUST3008,Female,70,Electronics,5,284,1420
1931,24-11-2023,CUST7429,Female,42,Beauty,3,355,1065
1932,24-11-2023,CUST3894,Male,64,Groceries,14,194,2716
1933,24-11-2023,CUST3973,Male,51,Beauty,6,113,678
1934,24-11-2023,CUST6180,Male,57,Groceries,18,499,8982
1935,24-11-2023,CUST1189,Female,47,Electronics,4,199,796
1936,24-11-2023,CUST3794,Male,18,Electronics,8,432,3456
1937,24-11-2023,CUST7386,Female,21,Clothing,8,99,792
1938,24-11-2023,CUST1265,Male,51,Clothing,19,64,1216
1939,24-11-2023,CUST8137,Male,36,Beauty,4,64,256
1940,24-11-2023,CUST5124,Female,67,Electronics,20,184,3680
1941,24-11-2023,CUST2299,Male,18,Clothing,3,407,1221
1942,24-11-2023,CUST7200,Male,61,Sports,16,326,5216
1943,24-11-2023,CUST4237,Male,56,Sports,2,485,970
1944,24-11-2023,CUST7995,Male,60,Books,20,288,5760
1945,24-11-2023,CUST4523,Male,31,Books,20,292,5840
1946,24-11-2023,CUST9029,Male,36,Groceries,16,143,2288
1947,24-11-2023,CUST9477,Female,49,Beauty,17,271,4607
1948,24-11-2023,CUST5768,Male,58,Sports,19,200,3800
1949,24-11-2023,CUST2187,Female,68,Groceries,11,323,3553
1950,24-11-2023,CUST5857,Female,34,Groceries,4,427,1708
1951,24-11-2023,CUST9698,Male,42,Books,5,349,1745
1952,24-11-2023,CUST6082,Female,23,Sports,5,395,1975
1953,24-11-2023,CUST8413,Male,70,Beauty,5,292,1460
1954,24-11-2023,CUST7757,Female,32,Sports,16,268,4288
1955,24-11-2023,CUST9207,Female,36,Clothing,18,383,6894
1956,24-11-2023,CUST3702,Female,43,Beauty,17,234,3978
1957,24-11-2023,CUST9165,Male,48,Sports,9,223,2007
1958,24-11-2023,CUST7402,Male,38,Beauty,7,125,875
1959,24-11-2023,CUST5873,Male,42,Sports,15,68,1020
1960,24-11-2023,CUST2080,Female,46,Sports,20,444,8880
1961,24-11-2023,CUST1967,Female,50,Books,1,40,40
1962,24-11-2023,CUST6439,Male,69,Sports,10,462,4620
1963,24-11-2023,CUST9765,Female,28,Electronics,7,458,3206
1964,24-11-2023,CUST8925,Female,53,Books,10,69,690
1965,24-11-2023,CUST4055,Female,60,Clothing,10,102,1020
1966,24-11-2023,CUST8416,Female,20,Groceries,4,108,432
1967,24-11-2023,CUST0223,Male,20,Beauty,8,248,1984
1968,24-11-2023,CUST6845,Female,28,Sports,17,376,6392
1969,24-11-2023,CUST2225,Female,21,Clothing,4,199,796
1970,24-11-2023,CUST3920,Female,62,Sports,14,98,1372
1971,24-11-2023,CUST1861,Female,62,Clothing,20,203,4060
1972,24-11-2023,CUST1563,Female,22,Electronics,3,432,1296
1973,24-11-2023,CUST1179,Female,34,Sports,19,466,8854
1974,24-11-2023,CUST3873,Male,42,Electronics,6,480,2880
1975,24-11-2023,CUST9430,Female,50,Clothing,14,426,5964
1976,24-11-2023,CUST8246,Male,48,Sports,9,74,666
1977,24-11-2023,CUST2170,Male,68,Clothing,7,320,2240
1978,24-11-2023,CUST6352,Male,56,Electronics,14,314,4396
1979,24-11-2023,CUST1569,Male,42,Books,8,209,1672
1980,24-11-2023,CUST3530,Male,57,Clothing,15,443,6645
1981,24-11-2023,CUST3562,Male,70,Sports,18,439,7902
1982,24-11-2023,CUST7792,Male,51,Sports,5,61,305
1983,24-11-2023,CUST1066,Male,29,Sports,1,251,251
1984,24-11-2023,CUST1501,Female,64,Sports,13,50,650
1985,24-11-2023,CUST6854,Female,48,Electronics,2,473,946
1986,24-11-2023,CUST2836,Male,27,Beauty,7,351,2457
1987,24-11-2023,CUST3129,Female,54,Beauty,19,46,874
1988,24-11-2023,CUST3346,Female,50,Books,14,275,3850
1989,24-11-2023,CUST1458,Male,28,Beauty,12,141,1692
1990,24-11-2023,CUST3697,Female,50,Clothing,19,397,7543
1991,24-11-2023,CUST8414,Female,24,Beauty,1,331,331
1992,24-11-2023,CUST0690,Female,42,Sports,10,167,1670
1993,24-11-2023,CUST1710,Male,35,Sports,11,152,1672
1994,24-11-2023,CUST9071,Male,46,Clothing,15,145,2175
1995,24-11-2023,CUST4807,Male,24,Groceries,5,288,1440
1996,24-11-2023,CUST3706,Male,33,Books,10,317,3170
1997,24-11-2023,CUST5322,Female,33,Beauty,2,288,576
1998,24-11-2023,CUST0377,Female,18,Electronics,7,315,2205
1999,24-11-2023,CUST5290,Female,27,Beauty,11,464,5104
2000,24-11-2023,CUST2608,Male,33,Books,15,458,6870
2001,24-11-2023,CUST8124,Male,29,Beauty,5,116,580
2002,24-11-2023,CUST5320,Male,61,Electronics,7,386,2702
2003,24-11-2023,CUST0837,Male,65,Beauty,18,422,7596
2004,24-11-2023,CUST5195,Male,63,Sports,8,373,2984
2005,24-11-2023,CUST8378,Female,42,Books,10,372,3720
2006,24-11-2023,CUST6888,Female,65,Sports,3,222,666
2007,24-11-2023,CUST2660,Male,62,Electronics,12,388,4656
2008,24-11-2023,CUST3090,Male,34,Sports,5,247,1235
2009,24-11-2023,CUST9662,Female,47,Clothing,5,499,2495
2010,24-11-2023,CUST0561,Male,62,Beauty,8,401,3208
2011,24-11-2023,CUST1174,Female,36,Groceries,9,11,99
2012,24-11-2023,CUST1242,Male,65,Beauty,3,68,204
2013,24-11-2023,CUST7790,Male,63,Books,9,113,1017
2014,24-11-2023,CUST7629,Male,69,Books,19,60,1140
2015,24-11-2023,CUST8628,Male,36,Clothing,7,300,2100
2016,24-11-2023,CUST6065,Male,36,Electronics,9,196,1764
2017,24-11-2023,CUST6764,Male,34,Sports,16,108,1728
2018,24-11-2023,CUST5260,Male,66,Clothing,12,218,2616
2019,24-11-2023,CUST7269,Female,50,Groceries,6,296,1776
2020,24-11-2023,CUST6624,Male,31,Electronics,5,53,265
2021,24-11-2023,CUST9704,Male,46,Clothing,19,243,4617
2022,24-11-2023,CUST0160,Female,34,Clothing,8,173,1384
2023,24-11-2023,CUST6414,Female,48,Books,20,482,9640
2024,24-11-2023,CUST6188,Male,50,Beauty,17,35,595
2025,24-11-2023,CUST8334,Male,43,Groceries,9,297,2673
2026,24-11-2023,CUST0540,Male,30,Books,7,405,2835
2027,24-11-2023,CUST9805,Male,35,Sports,8,324,2592
2028,24-11-2023,CUST3217,Male,55,Groceries,8,384,3072
2029,24-11-2023,CUST9644,Female,30,Electronics,13,143,1859
2030,24-11-2023,CUST8716,Female,41,Clothing,10,493,4930
2031,24-11-2023,CUST2403,Female,28,Beauty,3,382,1146
2032,24-11-2023,CUST8439,Male,62,Beauty,4,325,1300
2033,24-11-2023,CUST7459,Male,42,Beauty,4,76,304
2034,24-11-2023,CUST7753,Male,21,Clothing,6,163,978
2035,24-11-2023,CUST3116,Male,52,Clothing,6,55,330
2036,24-11-2023,CUST8935,Male,64,Sports,3,277,831
2037,24-11-2023,CUST9831,Male,42,Groceries,18,32,576
2038,24-11-2023,CUST6720,Male,37,Groceries,18,278,5004
2039,24-11-2023,CUST1394,Male,31,Clothing,17,472,8024
2040,24-11-2023,CUST0195,Male,23,Clothing,6,10,60
2041,24-11-2023,CUST5335,Female,66,Sports,20,500,10000
2042,24-11-2023,CUST0677,Female,31,Books,7,487,3409
2043,24-11-2023,CUST3689,Male,30,Sports,8,421,3368
2044,24-11-2023,CUST8385,Male,36,Books,20,156,3120
2045,24-11-2023,CUST9989,Male,45,Sports,17,410,6970
2046,24-11-2023,CUST0646,Female,23,Clothing,11,226,2486
2047,24-11-2023,CUST6302,Female,42,Clothing,11,143,1573
2048,24-11-2023,CUST3890,Female,53,Groceries,20,344,6880
2049,24-11-2023,CUST2257,Female,68,Clothing,17,372,6324
2050,24-11-2023,CUST4257,Male,53,Electronics,12,113,1356
2051,24-11-2023,CUST7592,Male,44,Electronics,16,348,5568
2052,24-11-2023,CUST0457,Female,19,Books,20,267,5340
2053,24-11-2023,CUST7062,Male,37,Beauty,13,379,4927
2054,24-11-2023,CUST2538,Female,68,Electronics,15,206,3090
2055,24-11-2023,CUST3892,Male,23,Groceries,18,270,4860
2056,24-11-2023,CUST8005,Female,21,Books,1,462,462
2057,24-11-2023,CUST5093,Male,42,Sports,16,56,896
2058,24-11-2023,CUST5931,Female,52,Electronics,16,434,6944
2059,24-11-2023,CUST2748,Male,28,Beauty,12,73,876
2060,24-11-2023,CUST7423,Male,48,Clothing,2,139,278
2061,24-11-2023,CUST9421,Male,44,Beauty,16,252,4032
2062,24-11-2023,CUST4755,Female,44,Books,9,61,549
2063,24-11-2023,CUST1059,Female,32,Books,1,219,219
2064,24-11-2023,CUST5398,Female,42,Books,1,245,245
2065,24-11-2023,CUST0815,Male,28,Electronics,6,443,2658
2066,24-11-2023,CUST0950,Female,45,Sports,12,499,5988
2067,24-11-2023,CUST6143,Male,53,Books,13,69,897
2068,24-11-2023,CUST2233,Male,65,Electronics,10,261,2610
2069,24-11-2023,CUST8438,Female,25,Groceries,11,281,3091
2070,24-11-2023,CUST3069,Male,19,Sports,2,379,758
2071,24-11-2023,CUST0231,Female,25,Groceries,7,471,3297
2072,24-11-2023,CUST0734,Male,48,Books,12,467,5604
2073,24-11-2023,CUST2124,Female,22,Clothing,14,171,2394
2074,24-11-2023,CUST0049,Male,24,Sports,5,286,1430
2075,24-11-2023,CUST6349,Female,61,Groceries,2,162,324
2076,24-11-2023,CUST7348,Female,31,Books,1,237,237
2077,24-11-2023,CUST8677,Male,25,Electronics,14,131,1834
2078,24-11-2023,CUST9685,Male,24,Electronics,4,197,788
2079,24-11-2023,CUST7782,Female,36,Electronics,11,103,1133
2080,24-11-2023,CUST5395,Male,51,Electronics,3,450,1350
2081,24-11-2023,CUST2439,Male,56,Beauty,8,103,824
2082,24-11-2023,CUST2788,Male,43,Electronics,7,143,1001
2083,24-11-2023,CUST4686,Female,39,Electronics,3,290,870
2084,24-11-2023,CUST1461,Female,49,Sports,18,306,5508
2085,24-11-2023,CUST0241,Male,68,Sports,6,41,246
2086,24-11-2023,CUST9374,Male,39,Groceries,17,313,5321
2087,24-11-2023,CUST6608,Female,38,Electronics,1,402,402
2088,24-11-2023,CUST5531,Male,31,Beauty,14,230,3220
2089,24-11-2023,CUST4281,Female,57,Groceries,3,374,1122
2090,24-11-2023,CUST7363,Female,41,Sports,2,299,598
2091,24-11-2023,CUST4670,Female,26,Books,13,91,1183
2092,24-11-2023,CUST4558,Female,69,Clothing,12,436,5232
2093,24-11-2023,CUST3869,Male,40,Sports,11,111,1221
2094,24-11-2023,CUST5384,Female,22,Sports,6,12,72
2095,24-11-2023,CUST7347,Female,61,Books,12,39,468
2096,24-11-2023,CUST3941,Male,51,Electronics,7,500,3500
2097,24-11-2023,CUST4972,Male,58,Electronics,20,261,5220
2098,24-11-2023,CUST6197,Male,43,Electronics,8,376,3008
2099,24-11-2023,CUST2981,Male,54,Electronics,11,487,5357
2100,24-11-2023,CUST3831,Male,34,Electronics,12,86,1032
2101,24-11-2023,CUST9218,Female,52,Sports,15,168,2520
2102,24-11-2023,CUST5720,Male,27,Groceries,12,123,1476
2103,24-11-2023,CUST2849,Female,19,Electronics,2,50,100
2104,24-11-2023,CUST7661,Female,66,Groceries,11,83,913
2105,24-11-2023,CUST8588,Male,42,Beauty,3,386,1158
2106,24-11-2023,CUST2296,Female,37,Clothing,5,322,1610
2107,24-11-2023,CUST2966,Female,18,Groceries,20,456,9120
2108,24-11-2023,CUST8981,Female,28,Clothing,2,158,316
2109,24-11-2023,CUST2971,Female,43,Electronics,10,103,1030
2110,24-11-2023,CUST8701,Female,52,Groceries,1,435,435
2111,24-11-2023,CUST5158,Male,32,Books,5,383,1915
2112,24-11-2023,CUST6306,Male,49,Electronics,20,267,5340
2113,24-11-2023,CUST0839,Female,35,Sports,12,448,5376
2114,24-11-2023,CUST3761,Female,45,Clothing,3,227,681
2115,24-11-2023,CUST1200,Male,58,Sports,17,48,816
2116,24-11-2023,CUST2050,Female,41,Sports,10,383,3830
2117,24-11-2023,CUST7360,Female,49,Sports,5,444,2220
2118,24-11-2023,CUST2551,Male,20,Electronics,5,408,2040
2119,24-11-2023,CUST9146,Male,69,Electronics,1,340,340
2120,24-11-2023,CUST0191,Female,66,Groceries,11,169,1859
2121,24-11-2023,CUST6953,Female,19,Electronics,10,352,3520
2122,24-11-2023,CUST6863,Male,29,Groceries,9,437,3933
2123,24-11-2023,CUST1734,Male,67,Clothing,19,264,5016
2124,24-11-2023,CUST4044,Female,25,Books,11,345,3795
2125,24-11-2023,CUST2125,Female,24,Books,9,497,4473
2126,24-11-2023,CUST5570,Female,45,Groceries,13,311,4043
2127,24-11-2023,CUST4684,Male,20,Sports,10,90,900
2128,24-11-2023,CUST9056,Female,40,Sports,12,147,1764
2129,24-11-2023,CUST6289,Male,45,Beauty,15,389,5835
2130,24-11-2023,CUST8275,Male,27,Books,17,13,221
2131,24-11-2023,CUST6343,Female,44,Sports,19,267,5073
2132,24-11-2023,CUST7629,Female,49,Sports,9,442,3978
2133,24-11-2023,CUST4876,Female,67,Books,19,134,2546
2134,24-11-2023,CUST4490,Male,53,Books,15,438,6570
2135,24-11-2023,CUST6482,Male,67,Electronics,7,248,1736
2136,24-11-2023,CUST1633,Female,28,Sports,4,284,1136
2137,24-11-2023,CUST5851,Male,39,Clothing,3,121,363
2138,24-11-2023,CUST2132,Female,38,Sports,4,133,532
2139,24-11-2023,CUST6634,Female,45,Books,11,148,1628
2140,24-11-2023,CUST2683,Male,52,Beauty,3,16,48
2141,24-11-2023,CUST8237,Male,64,Clothing,18,434,7812
2142,24-11-2023,CUST6051,Male,30,Clothing,15,269,4035
2143,24-11-2023,CUST4900,Female,37,Sports,8,472,3776
2144,24-11-2023,CUST6489,Male,59,Sports,13,81,1053
2145,24-11-2023,CUST2715,Male,53,Groceries,1,463,463
2146,24-11-2023,CUST2615,Male,62,Sports,20,65,1300
2147,24-11-2023,CUST7593,Male,59,Beauty,17,101,1717
2148,24-11-2023,CUST0566,Female,39,Sports,20,44,880
2149,24-11-2023,CUST8389,Male,35,Electronics,5,44,220
2150,24-11-2023,CUST4802,Female,64,Groceries,15,288,4320
2151,24-11-2023,CUST6602,Female,47,Books,12,326,3912
2152,24-11-2023,CUST1465,Female,63,Electronics,5,482,2410
2153,24-11-2023,CUST2795,Female,65,Electronics,14,175,2450
2154,24-11-2023,CUST4250,Female,35,Sports,2,179,358
2155,24-11-2023,CUST4862,Female,54,Sports,14,67,938
2156,24-11-2023,CUST6318,Female,60,Groceries,3,475,1425
2157,24-11-2023,CUST1669,Male,22,Groceries,19,153,2907
2158,24-11-2023,CUST0797,Female,26,Beauty,7,163,1141
2159,24-11-2023,CUST6259,Male,55,Clothing,11,102,1122
2160,24-11-2023,CUST4738,Female,29,Books,17,136,2312
2161,24-11-2023,CUST9716,Female,23,Electronics,6,41,246
2162,24-11-2023,CUST8361,Male,56,Beauty,2,311,622
2163,24-11-2023,CUST4371,Female,57,Electronics,19,52,988
2164,24-11-2023,CUST1944,Female,55,Books,10,205,2050
2165,24-11-2023,CUST2328,Female,42,Books,15,184,2760
2166,24-11-2023,CUST5033,Female,50,Clothing,13,439,5707
2167,24-11-2023,CUST5702,Male,20,Clothing,13,26,338
2168,24-11-2023,CUST2096,Male,47,Books,19,61,1159
2169,24-11-2023,CUST9900,Female,20,Electronics,20,267,5340
2170,24-11-2023,CUST0267,Female,64,Electronics,12,469,5628
2171,24-11-2023,CUST8081,Male,56,Electronics,1,389,389
2172,24-11-2023,CUST5475,Female,33,Beauty,3,247,741
2173,24-11-2023,CUST3503,Female,44,Books,5,390,1950
2174,24-11-2023,CUST6449,Female,40,Books,5,271,1355
2175,24-11-2023,CUST8374,Male,47,Sports,4,455,1820
2176,24-11-2023,CUST5479,Male,19,Groceries,11,169,1859
2177,24-11-2023,CUST9270,Female,44,Groceries,14,177,2478
2178,24-11-2023,CUST2265,Female,32,Sports,12,287,3444
2179,24-11-2023,CUST2135,Female,50,Groceries,11,499,5489
2180,24-11-2023,CUST8354,Male,63,Beauty,6,321,1926
2181,24-11-2023,CUST8836,Male,52,Beauty,3,478,1434
2182,24-11-2023,CUST0575,Male,35,Sports,15,64,960
2183,24-11-2023,CUST9145,Female,67,Clothing,9,484,4356
2184,24-11-2023,CUST2467,Female,66,Electronics,4,158,632
2185,24-11-2023,CUST8379,Male,27,Clothing,3,381,1143
2186,24-11-2023,CUST8727,Female,51,Beauty,14,265,3710
2187,24-11-2023,CUST5085,Female,64,Sports,18,10,180
2188,24-11-2023,CUST9245,Male,22,Electronics,15,66,990
2189,24-11-2023,CUST2465,Male,21,Groceries,10,167,1670
2190,24-11-2023,CUST3607,Male,47,Groceries,3,212,636
2191,24-11-2023,CUST3442,Male,40,Sports,4,85,340
2192,24-11-2023,CUST4174,Male,60,Sports,8,84,672
2193,24-11-2023,CUST9063,Male,18,Books,17,190,3230
2194,24-11-2023,CUST1670,Male,53,Books,2,433,866
2195,24-11-2023,CUST0727,Female,41,Beauty,10,62,620
2196,24-11-2023,CUST9450,Female,26,Beauty,1,215,215
2197,24-11-2023,CUST9500,Female,70,Beauty,8,252,2016
2198,24-11-2023,CUST5244,Female,42,Beauty,19,455,8645
2199,24-11-2023,CUST6129,Female,51,Clothing,4,454,1816
2200,24-11-2023,CUST0716,Female,58,Beauty,3,127,381
2201,24-11-2023,CUST3746,Male,56,Beauty,4,440,1760
2202,24-11-2023,CUST9859,Male,59,Electronics,11,316,3476
2203,24-11-2023,CUST2744,Female,30,Sports,18,137,2466
2204,24-11-2023,CUST8632,Female,24,Sports,12,243,2916
2205,24-11-2023,CUST1104,Male,61,Groceries,14,424,5936
2206,24-11-2023,CUST6896,Male,24,Clothing,15,13,195
2207,24-11-2023,CUST8954,Female,22,Beauty,7,416,2912
2208,24-11-2023,CUST7707,Male,30,Electronics,12,162,1944
2209,24-11-2023,CUST6159,Female,18,Clothing,1,161,161
2210,24-11-2023,CUST4735,Female,23,Groceries,16,497,7952
2211,24-11-2023,CUST6465,Female,58,Clothing,2,278,556
2212,24-11-2023,CUST6142,Female,60,Groceries,7,390,2730
2213,24-11-2023,CUST7206,Female,62,Groceries,5,149,745
2214,24-11-2023,CUST9884,Female,62,Books,12,77,924
2215,24-11-2023,CUST3287,Male,26,Sports,10,450,4500
2216,24-11-2023,CUST8955,Female,26,Groceries,8,107,856
2217,24-11-2023,CUST8777,Female,31,Sports,6,201,1206
2218,24-11-2023,CUST3284,Female,26,Clothing,6,365,2190
2219,24-11-2023,CUST9737,Female,62,Groceries,10,318,3180
2220,24-11-2023,CUST3030,Female,56,Sports,7,343,2401
2221,24-11-2023,CUST4588,Male,47,Sports,12,59,708
2222,24-11-2023,CUST4903,Male,39,Groceries,15,325,4875
2223,24-11-2023,CUST4848,Male,61,Electronics,10,102,1020
2224,24-11-2023,CUST2918,Female,28,Electronics,4,155,620
2225,24-11-2023,CUST7558,Male,64,Clothing,17,291,4947
2226,24-11-2023,CUST6055,Female,63,Sports,6,190,1140
2227,24-11-2023,CUST1711,Male,19,Beauty,15,452,6780
2228,24-11-2023,CUST9913,Male,25,Groceries,4,297,1188
2229,24-11-2023,CUST0198,Male,19,Sports,18,85,1530
2230,24-11-2023,CUST9448,Female,18,Electronics,14,72,1008
2231,24-11-2023,CUST9474,Male,59,Groceries,6,277,1662
2232,24-11-2023,CUST4740,Male,25,Books,1,345,345
2233,24-11-2023,CUST6901,Female,39,Books,16,500,8000
2234,24-11-2023,CUST6879,Female,48,Beauty,18,421,7578
2235,24-11-2023,CUST1740,Female,31,Books,16,205,3280
2236,24-11-2023,CUST1513,Female,41,Electronics,2,209,418
2237,24-11-2023,CUST8003,Male,47,Books,19,56,1064
2238,24-11-2023,CUST5540,Male,65,Clothing,20,430,8600
2239,24-11-2023,CUST0283,Female,68,Clothing,13,331,4303
2240,24-11-2023,CUST2993,Male,19,Electronics,17,267,4539
2241,24-11-2023,CUST5473,Female,69,Beauty,13,129,1677
2242,24-11-2023,CUST4230,Female,38,Sports,17,141,2397
2243,24-11-2023,CUST2885,Female,69,Groceries,11,95,1045
2244,24-11-2023,CUST1110,Female,51,Electronics,10,20,200
2245,24-11-2023,CUST0461,Male,49,Sports,9,333,2997
2246,24-11-2023,CUST7444,Female,26,Books,6,220,1320
2247,24-11-2023,CUST6303,Female,66,Beauty,4,296,1184
2248,24-11-2023,CUST0421,Female,39,Groceries,16,235,3760
2249,24-11-2023,CUST6048,Male,70,Sports,16,416,6656
2250,24-11-2023,CUST0695,Male,20,Sports,11,495,5445
2251,24-11-2023,CUST8932,Male,64,Electronics,15,80,1200
2252,24-11-2023,CUST7486,Male,25,Groceries,11,144,1584
2253,24-11-2023,CUST9881,Female,28,Electronics,20,357,7140
2254,24-11-2023,CUST4008,Male,29,Clothing,1,356,356
2255,24-11-2023,CUST9403,Female,33,Groceries,11,291,3201
2256,24-11-2023,CUST8048,Female,46,Sports,19,187,3553
2257,24-11-2023,CUST1586,Male,63,Books,4,371,1484
2258,24-11-2023,CUST7464,Male,44,Groceries,7,443,3101
2259,24-11-2023,CUST8080,Male,68,Clothing,16,344,5504
2260,24-11-2023,CUST0936,Male,35,Clothing,17,80,1360
2261,24-11-2023,CUST8412,Male,21,Electronics,16,466,7456
2262,24-11-2023,CUST7800,Female,57,Sports,4,157,628
2263,24-11-2023,CUST9185,Male,19,Sports,10,66,660
2264,24-11-2023,CUST3935,Male,68,Groceries,7,276,1932
2265,24-11-2023,CUST4758,Male,36,Clothing,11,49,539
2266,24-11-2023,CUST4986,Female,37,Sports,20,486,9720
2267,24-11-2023,CUST7125,Male,67,Electronics,17,139,2363
2268,24-11-2023,CUST2520,Female,69,Books,8,411,3288
2269,24-11-2023,CUST1443,Male,19,Sports,10,241,2410
2270,24-11-2023,CUST7228,Male,22,Clothing,16,11,176
2271,24-11-2023,CUST0948,Female,49,Sports,18,50,900
2272,24-11-2023,CUST8060,Male,29,Beauty,2,348,696
2273,24-11-2023,CUST6159,Female,28,Groceries,3,68,204
2274,24-11-2023,CUST5411,Male,28,Electronics,14,364,5096
2275,24-11-2023,CUST1861,Male,47,Books,17,148,2516
2276,24-11-2023,CUST6013,Male,66,Clothing,14,471,6594
2277,24-11-2023,CUST4690,Male,22,Sports,2,31,62
2278,24-11-2023,CUST8030,Female,28,Sports,20,164,3280
2279,24-11-2023,CUST0076,Female,63,Beauty,18,277,4986
2280,24-11-2023,CUST0766,Male,66,Groceries,16,214,3424
2281,24-11-2023,CUST5624,Male,61,Beauty,8,303,2424
2282,24-11-2023,CUST6605,Female,38,Groceries,14,121,1694
2283,24-11-2023,CUST0148,Female,54,Electronics,9,142,1278
2284,24-11-2023,CUST2005,Female,18,Books,17,498,8466
2285,24-11-2023,CUST7660,Male,56,Electronics,17,436,7412
2286,24-11-2023,CUST4988,Male,67,Clothing,16,105,1680
2287,24-11-2023,CUST2563,Male,59,Sports,10,423,4230
2288,24-11-2023,CUST9500,Female,34,Electronics,3,267,801
2289,24-11-2023,CUST5529,Female,36,Electronics,6,332,1992
2290,24-11-2023,CUST6959,Female,38,Electronics,9,148,1332
2291,24-11-2023,CUST1220,Female,66,Sports,3,293,879
2292,24-11-2023,CUST3548,Male,45,Groceries,18,20,360
2293,24-11-2023,CUST3758,Female,18,Groceries,10,459,4590
2294,24-11-2023,CUST8849,Female,41,Groceries,3,395,1185
2295,24-11-2023,CUST5429,Male,40,Electronics,10,96,960
2296,24-11-2023,CUST9807,Male,70,Books,15,157,2355
2297,24-11-2023,CUST1060,Female,65,Beauty,4,184,736
2298,24-11-2023,CUST2509,Female,64,Electronics,7,132,924
2299,24-11-2023,CUST8877,Female,70,Groceries,13,23,299
2300,24-11-2023,CUST9393,Female,42,Electronics,14,275,3850
2301,24-11-2023,CUST3129,Male,63,Groceries,2,288,576
2302,24-11-2023,CUST2246,Male,63,Beauty,3,455,1365
2303,24-11-2023,CUST9509,Male,45,Beauty,13,490,6370
2304,24-11-2023,CUST0429,Female,33,Electronics,6,340,2040
2305,24-11-2023,CUST0230,Male,66,Beauty,9,256,2304
2306,24-11-2023,CUST4861,Male,45,Electronics,9,413,3717
2307,24-11-2023,CUST5846,Female,65,Electronics,4,137,548
2308,24-11-2023,CUST6863,Female,32,Beauty,6,193,1158
2309,24-11-2023,CUST1790,Male,62,Clothing,16,163,2608
2310,24-11-2023,CUST0866,Male,70,Clothing,4,320,1280
2311,24-11-2023,CUST4419,Male,50,Clothing,6,412,2472
2312,24-11-2023,CUST3132,Female,36,Groceries,7,393,2751
2313,24-11-2023,CUST4202,Male,38,Books,6,279,1674
2314,24-11-2023,CUST0004,Male,39,Clothing,3,479,1437
2315,24-11-2023,CUST8183,Female,31,Books,9,439,3951
2316,24-11-2023,CUST4606,Female,36,Sports,14,109,1526
2317,24-11-2023,CUST9456,Male,42,Books,3,380,1140
2318,24-11-2023,CUST5426,Male,70,Clothing,10,337,3370
2319,24-11-2023,CUST6025,Female,64,Clothing,16,254,4064
2320,24-11-2023,CUST8613,Male,43,Beauty,6,202,1212
2321,24-11-2023,CUST0066,Female,58,Books,4,254,1016
2322,24-11-2023,CUST7160,Female,61,Electronics,8,304,2432
2323,24-11-2023,CUST3081,Female,58,Sports,12,184,2208
2324,24-11-2023,CUST6632,Female,60,Books,10,296,2960
2325,24-11-2023,CUST6551,Male,19,Clothing,11,297,3267
2326,24-11-2023,CUST7164,Female,32,Clothing,13,258,3354
2327,24-11-2023,CUST7381,Male,31,Beauty,18,242,4356
2328,24-11-2023,CUST9219,Male,63,Clothing,18,309,5562
2329,24-11-2023,CUST5407,Female,65,Beauty,18,208,3744
2330,24-11-2023,CUST1725,Male,30,Beauty,9,63,567
2331,24-11-2023,CUST3410,Female,47,Groceries,10,70,700
2332,24-11-2023,CUST6506,Male,63,Electronics,1,399,399
2333,24-11-2023,CUST9209,Female,47,Books,2,18,36
2334,24-11-2023,CUST5888,Female,37,Beauty,9,432,3888
2335,24-11-2023,CUST5785,Female,32,Electronics,18,480,8640
2336,24-11-2023,CUST6032,Male,62,Books,13,231,3003
2337,24-11-2023,CUST5284,Female,52,Clothing,9,104,936
2338,24-11-2023,CUST4845,Female,66,Clothing,14,137,1918
2339,24-11-2023,CUST4613,Female,27,Beauty,6,291,1746
2340,24-11-2023,CUST1108,Male,58,Books,14,72,1008
2341,24-11-2023,CUST7679,Female,51,Clothing,20,467,9340
2342,24-11-2023,CUST3355,Female,48,Groceries,16,315,5040
2343,24-11-2023,CUST4204,Female,48,Beauty,15,282,4230
2344,24-11-2023,CUST0434,Female,63,Groceries,19,394,7486
2345,24-11-2023,CUST1832,Male,42,Beauty,12,119,1428
2346,24-11-2023,CUST5893,Male,67,Electronics,18,331,5958
2347,24-11-2023,CUST4423,Female,21,Beauty,4,423,1692
2348,24-11-2023,CUST7908,Male,35,Groceries,13,244,3172
2349,24-11-2023,CUST4328,Male,24,Groceries,4,114,456
2350,24-11-2023,CUST6231,Male,65,Electronics,18,76,1368
2351,24-11-2023,CUST9865,Male,27,Beauty,14,123,1722
2352,24-11-2023,CUST3212,Female,35,Beauty,1,175,175
2353,24-11-2023,CUST1332,Male,31,Beauty,13,465,6045
2354,24-11-2023,CUST9383,Male,41,Clothing,16,156,2496
2355,24-11-2023,CUST4482,Male,31,Electronics,20,340,6800
2356,24-11-2023,CUST8298,Female,27,Books,15,297,4455
2357,24-11-2023,CUST0760,Female,58,Clothing,9,370,3330
2358,24-11-2023,CUST0288,Male,27,Electronics,15,113,1695
2359,24-11-2023,CUST2997,Male,20,Clothing,19,305,5795
2360,24-11-2023,CUST7598,Male,63,Clothing,9,387,3483
2361,24-11-2023,CUST0419,Female,51,Clothing,9,117,1053
2362,24-11-2023,CUST9081,Female,28,Clothing,13,20,260
2363,24-11-2023,CUST6208,Female,51,Beauty,7,218,1526
2364,24-11-2023,CUST2352,Female,53,Sports,12,184,2208
2365,24-11-2023,CUST6154,Female,18,Books,12,116,1392
2366,24-11-2023,CUST5663,Female,49,Clothing,9,315,2835
2367,24-11-2023,CUST9252,Female,49,Clothing,9,382,3438
2368,24-11-2023,CUST2670,Male,57,Clothing,20,324,6480
2369,24-11-2023,CUST8975,Male,47,Clothing,5,187,935
2370,24-11-2023,CUST6328,Male,32,Books,11,35,385
2371,24-11-2023,CUST2229,Female,40,Books,3,29,87
2372,24-11-2023,CUST3472,Female,64,Clothing,19,26,494
2373,24-11-2023,CUST4738,Male,24,Books,13,310,4030
2374,24-11-2023,CUST5921,Female,22,Sports,17,452,7684
2375,24-11-2023,CUST2653,Male,21,Books,13,64,832
2376,24-11-2023,CUST7593,Female,48,Beauty,7,23,161
2377,24-11-2023,CUST1224,Male,38,Books,20,312,6240
2378,24-11-2023,CUST6484,Female,25,Books,6,58,348
2379,24-11-2023,CUST3755,Female,18,Beauty,19,465,8835
2380,24-11-2023,CUST5686,Male,33,Sports,4,131,524
2381,24-11-2023,CUST4045,Male,50,Beauty,18,196,3528
2382,24-11-2023,CUST2694,Female,46,Electronics,5,461,2305
2383,24-11-2023,CUST0788,Female,52,Electronics,10,486,4860
2384,24-11-2023,CUST5904,Female,29,Groceries,10,63,630
2385,24-11-2023,CUST7463,Male,45,Clothing,2,230,460
2386,24-11-2023,CUST3920,Female,60,Electronics,13,139,1807
2387,24-11-2023,CUST5117,Female,70,Sports,14,483,6762
2388,24-11-2023,CUST1527,Male,38,Sports,12,251,3012
2389,24-11-2023,CUST8051,Female,53,Sports,7,457,3199
2390,24-11-2023,CUST8490,Male,44,Sports,4,380,1520
2391,24-11-2023,CUST9087,Male,25,Books,14,478,6692
2392,24-11-2023,CUST1202,Male,26,Beauty,20,176,3520
2393,24-11-2023,CUST1240,Male,22,Beauty,2,196,392
2394,24-11-2023,CUST1429,Male,69,Electronics,4,192,768
2395,24-11-2023,CUST1706,Female,25,Books,20,262,5240
2396,24-11-2023,CUST1963,Female,24,Books,9,111,999
2397,24-11-2023,CUST3841,Male,69,Books,11,63,693
2398,24-11-2023,CUST7534,Female,29,Electronics,11,247,2717
2399,24-11-2023,CUST3170,Male,27,Groceries,3,475,1425
2400,24-11-2023,CUST7404,Female,26,Clothing,20,44,880
2401,24-11-2023,CUST1188,Female,59,Books,9,306,2754
2402,24-11-2023,CUST7754,Female,66,Beauty,9,161,1449
2403,24-11-2023,CUST6006,Female,67,Books,5,331,1655
2404,24-11-2023,CUST8842,Male,48,Groceries,18,445,8010
2405,24-11-2023,CUST1490,Female,30,Books,14,102,1428
2406,24-11-2023,CUST9993,Female,27,Clothing,1,148,148
2407,24-11-2023,CUST9292,Male,55,Beauty,11,308,3388
2408,24-11-2023,CUST6426,Male,22,Beauty,11,196,2156
2409,24-11-2023,CUST1235,Female,36,Beauty,12,73,876
2410,24-11-2023,CUST6429,Female,18,Electronics,9,37,333
2411,24-11-2023,CUST0196,Male,39,Sports,19,34,646
2412,24-11-2023,CUST1432,Female,32,Sports,2,48,96
2413,24-11-2023,CUST4655,Male,33,Groceries,18,461,8298
2414,24-11-2023,CUST7161,Male,32,Groceries,8,345,2760
2415,24-11-2023,CUST2656,Male,51,Electronics,8,84,672
2416,24-11-2023,CUST7720,Female,26,Beauty,15,389,5835
2417,24-11-2023,CUST3615,Male,52,Electronics,14,30,420
2418,24-11-2023,CUST4262,Male,33,Electronics,19,183,3477
2419,24-11-2023,CUST2804,Male,29,Sports,5,111,555
2420,24-11-2023,CUST9440,Male,54,Groceries,12,449,5388
2421,24-11-2023,CUST8476,Female,40,Beauty,13,281,3653
2422,24-11-2023,CUST0923,Male,39,Books,9,260,2340
2423,24-11-2023,CUST7974,Male,46,Books,19,297,5643
2424,24-11-2023,CUST1428,Female,29,Sports,9,290,2610
2425,24-11-2023,CUST2500,Female,65,Groceries,16,441,7056
2426,24-11-2023,CUST7780,Male,38,Electronics,14,184,2576
2427,24-11-2023,CUST9237,Male,32,Clothing,5,93,465
2428,24-11-2023,CUST1319,Female,64,Beauty,19,102,1938
2429,24-11-2023,CUST6768,Male,51,Clothing,9,182,1638
2430,24-11-2023,CUST6341,Female,51,Clothing,16,335,5360
2431,24-11-2023,CUST6381,Male,47,Clothing,12,496,5952
2432,24-11-2023,CUST8603,Male,34,Groceries,11,65,715
2433,24-11-2023,CUST9791,Female,28,Electronics,13,25,325
2434,24-11-2023,CUST7720,Male,18,Sports,2,119,238
2435,24-11-2023,CUST2230,Female,48,Beauty,14,88,1232
2436,24-11-2023,CUST2803,Male,26,Clothing,9,314,2826
2437,24-11-2023,CUST5079,Female,49,Sports,8,77,616
2438,24-11-2023,CUST2782,Male,38,Beauty,20,384,7680
2439,24-11-2023,CUST5099,Male,31,Books,2,389,778
2440,24-11-2023,CUST9196,Female,25,Sports,15,434,6510
2441,24-11-2023,CUST4055,Male,66,Books,15,468,7020
2442,24-11-2023,CUST7182,Male,63,Books,2,381,762
2443,24-11-2023,CUST7765,Male,65,Electronics,2,84,168
2444,24-11-2023,CUST5747,Male,44,Sports,1,120,120
2445,24-11-2023,CUST1629,Male,28,Books,4,142,568
2446,24-11-2023,CUST8664,Male,31,Sports,13,332,4316
2447,24-11-2023,CUST0447,Male,44,Electronics,14,45,630
2448,24-11-2023,CUST1929,Female,49,Groceries,19,474,9006
2449,24-11-2023,CUST3307,Male,36,Sports,11,152,1672
2450,24-11-2023,CUST1954,Female,63,Electronics,4,53,212
2451,24-11-2023,CUST6431,Female,30,Beauty,8,410,3280
2452,24-11-2023,CUST1620,Male,60,Groceries,7,122,854
2453,24-11-2023,CUST0111,Female,27,Sports,9,401,3609
2454,24-11-2023,CUST2492,Female,48,Groceries,5,146,730
2455,24-11-2023,CUST3845,Female,27,Sports,8,341,2728
2456,24-11-2023,CUST2442,Female,66,Groceries,11,375,4125
2457,24-11-2023,CUST5013,Male,44,Groceries,12,479,5748
2458,24-11-2023,CUST3207,Male,65,Books,13,435,5655
2459,24-11-2023,CUST8524,Female,39,Clothing,2,293,586
2460,24-11-2023,CUST5005,Male,50,Clothing,3,236,708
2461,24-11-2023,CUST6248,Female,20,Books,10,28,280
2462,24-11-2023,CUST8357,Male,70,Groceries,8,385,3080
2463,24-11-2023,CUST2642,Male,47,Clothing,10,299,2990
2464,24-11-2023,CUST5016,Female,63,Sports,16,486,7776
2465,24-11-2023,CUST2527,Male,54,Books,20,248,4960
2466,24-11-2023,CUST6458,Male,65,Electronics,18,246,4428
2467,24-11-2023,CUST3092,Male,52,Beauty,9,315,2835
2468,24-11-2023,CUST5084,Male,62,Sports,11,110,1210
2469,24-11-2023,CUST9659,Male,24,Clothing,11,437,4807
2470,24-11-2023,CUST9821,Female,27,Sports,1,456,456
2471,24-11-2023,CUST3038,Male,51,Groceries,10,39,390
2472,24-11-2023,CUST1243,Male,26,Sports,12,98,1176
2473,24-11-2023,CUST5331,Female,66,Electronics,3,133,399
2474,24-11-2023,CUST8591,Male,63,Books,10,198,1980
2475,24-11-2023,CUST9849,Female,25,Beauty,3,309,927
2476,24-11-2023,CUST7938,Female,69,Groceries,18,491,8838
2477,24-11-2023,CUST1207,Male,21,Electronics,5,220,1100
2478,24-11-2023,CUST1726,Male,29,Electronics,19,473,8987
2479,24-11-2023,CUST3647,Male,68,Clothing,15,476,7140
2480,24-11-2023,CUST7487,Male,60,Sports,11,443,4873
2481,24-11-2023,CUST7993,Male,22,Groceries,15,208,3120
2482,24-11-2023,CUST3408,Male,21,Beauty,7,371,2597
2483,24-11-2023,CUST7053,Male,57,Beauty,12,339,4068
2484,24-11-2023,CUST4615,Female,37,Clothing,15,218,3270
2485,24-11-2023,CUST5224,Male,55,Electronics,3,415,1245
2486,24-11-2023,CUST6172,Female,18,Electronics,18,469,8442
2487,24-11-2023,CUST0646,Male,62,Electronics,7,343,2401
2488,24-11-2023,CUST6953,Female,64,Groceries,20,381,7620
2489,24-11-2023,CUST2249,Female,64,Groceries,4,159,636
2490,24-11-2023,CUST3815,Female,38,Sports,11,405,4455
2491,24-11-2023,CUST7246,Female,37,Electronics,3,38,114
2492,24-11-2023,CUST9165,Female,51,Sports,7,25,175
2493,24-11-2023,CUST1523,Male,21,Groceries,1,158,158
2494,24-11-2023,CUST2283,Female,67,Clothing,2,230,460
2495,24-11-2023,CUST5232,Male,52,Groceries,3,400,1200
2496,24-11-2023,CUST1644,Female,25,Electronics,1,95,95
2497,24-11-2023,CUST7888,Male,54,Books,13,304,3952
2498,24-11-2023,CUST5952,Female,53,Books,17,160,2720
2499,24-11-2023,CUST1816,Male,56,Clothing,20,380,7600
2500,24-11-2023,CUST1650,Female,70,Books,4,441,1764
2501,24-11-2023,CUST6724,Female,57,Electronics,7,308,2156
2502,24-11-2023,CUST0193,Female,40,Books,13,274,3562
2503,24-11-2023,CUST1557,Male,29,Electronics,20,223,4460
2504,24-11-2023,CUST5582,Female,69,Beauty,11,313,3443
2505,24-11-2023,CUST5438,Male,35,Beauty,6,186,1116
2506,24-11-2023,CUST6154,Female,57,Clothing,15,81,1215
2507,24-11-2023,CUST9723,Male,47,Sports,2,101,202
2508,24-11-2023,CUST9423,Male,31,Clothing,8,500,4000
2509,24-11-2023,CUST0169,Female,36,Groceries,7,81,567
2510,24-11-2023,CUST6865,Male,42,Sports,20,173,3460
2511,24-11-2023,CUST5021,Female,67,Books,18,211,3798
2512,24-11-2023,CUST9627,Male,51,Electronics,16,182,2912
2513,24-11-2023,CUST6007,Female,62,Electronics,18,254,4572
2514,24-11-2023,CUST2472,Female,56,Sports,9,221,1989
2515,24-11-2023,CUST8275,Female,52,Beauty,10,71,710
2516,24-11-2023,CUST9163,Male,30,Electronics,11,458,5038
2517,24-11-2023,CUST2861,Female,39,Groceries,2,108,216
2518,24-11-2023,CUST1118,Male,54,Clothing,10,123,1230
2519,24-11-2023,CUST1850,Male,33,Groceries,20,364,7280
2520,24-11-2023,CUST3207,Female,70,Books,1,392,392
2521,24-11-2023,CUST4657,Male,25,Books,16,146,2336
2522,24-11-2023,CUST0315,Female,61,Clothing,13,256,3328
2523,24-11-2023,CUST9911,Female,37,Sports,11,297,3267
2524,24-11-2023,CUST7009,Male,43,Electronics,13,38,494
2525,24-11-2023,CUST9872,Female,23,Beauty,9,116,1044
2526,24-11-2023,CUST3893,Male,68,Clothing,9,107,963
2527,24-11-2023,CUST0862,Female,70,Sports,14,278,3892
2528,24-11-2023,CUST1288,Male,23,Clothing,7,169,1183
2529,24-11-2023,CUST5761,Male,70,Clothing,7,110,770
2530,24-11-2023,CUST0792,Female,54,Clothing,18,483,8694
2531,24-11-2023,CUST4913,Male,37,Clothing,18,342,6156
2532,24-11-2023,CUST8645,Female,69,Beauty,5,440,2200
2533,24-11-2023,CUST0885,Female,61,Sports,6,476,2856
2534,24-11-2023,CUST8340,Male,59,Electronics,1,409,409
2535,24-11-2023,CUST9041,Male,36,Groceries,14,64,896
2536,24-11-2023,CUST3672,Male,25,Sports,18,403,7254
2537,24-11-2023,CUST3386,Male,48,Groceries,1,488,488
2538,24-11-2023,CUST4188,Male,26,Groceries,11,144,1584
2539,24-11-2023,CUST3448,Female,55,Clothing,17,307,5219
2540,24-11-2023,CUST7815,Female,18,Clothing,14,122,1708
2541,24-11-2023,CUST0682,Female,42,Beauty,1,383,383
2542,24-11-2023,CUST1505,Male,55,Beauty,6,233,1398
2543,24-11-2023,CUST0527,Female,58,Beauty,16,126,2016
2544,24-11-2023,CUST9961,Male,36,Sports,18,357,6426
2545,24-11-2023,CUST9502,Male,66,Groceries,20,258,5160
2546,24-11-2023,CUST8715,Female,36,Electronics,6,214,1284
2547,24-11-2023,CUST1079,Female,26,Clothing,3,457,1371
2548,24-11-2023,CUST5521,Male,36,Books,8,76,608
2549,24-11-2023,CUST8073,Female,44,Electronics,16,290,4640
2550,24-11-2023,CUST2636,Female,22,Clothing,4,313,1252
2551,24-11-2023,CUST8417,Male,49,Sports,11,23,253
2552,24-11-2023,CUST6173,Female,51,Electronics,17,352,5984
2553,24-11-2023,CUST6299,Female,33,Books,7,250,1750
2554,24-11-2023,CUST4591,Female,33,Clothing,16,308,4928
2555,24-11-2023,CUST1036,Female,18,Clothing,20,496,9920
2556,24-11-2023,CUST8392,Male,43,Sports,20,174,3480
2557,24-11-2023,CUST8880,Male,49,Groceries,16,429,6864
2558,24-11-2023,CUST3735,Female,51,Clothing,18,360,6480
2559,24-11-2023,CUST4062,Female,39,Beauty,14,334,4676
2560,24-11-2023,CUST6987,Female,56,Clothing,18,458,8244
2561,24-11-2023,CUST3014,Male,30,Books,18,212,3816
2562,24-11-2023,CUST5296,Male,20,Books,5,357,1785
2563,24-11-2023,CUST8109,Female,50,Beauty,20,406,8120
2564,24-11-2023,CUST5963,Male,31,Beauty,18,185,3330
2565,24-11-2023,CUST6209,Female,36,Clothing,12,277,3324
2566,24-11-2023,CUST8544,Female,23,Clothing,3,192,576
2567,24-11-2023,CUST6068,Male,50,Sports,8,172,1376
2568,24-11-2023,CUST2256,Male,70,Clothing,6,75,450
2569,24-11-2023,CUST6765,Male,44,Clothing,5,21,105
2570,24-11-2023,CUST7249,Female,21,Sports,19,173,3287
2571,24-11-2023,CUST5237,Female,51,Groceries,14,134,1876
2572,24-11-2023,CUST0240,Male,20,Books,8,78,624
2573,24-11-2023,CUST8958,Male,31,Electronics,4,102,408
2574,24-11-2023,CUST2706,Male,36,Sports,10,110,1100
2575,24-11-2023,CUST2371,Female,51,Groceries,2,216,432
2576,24-11-2023,CUST7155,Male,26,Sports,2,29,58
2577,24-11-2023,CUST9873,Male,22,Electronics,18,95,1710
2578,24-11-2023,CUST3040,Male,48,Books,15,73,1095
2579,24-11-2023,CUST4678,Male,31,Electronics,8,235,1880
2580,24-11-2023,CUST2684,Female,43,Groceries,12,311,3732
2581,24-11-2023,CUST0617,Female,44,Books,1,423,423
2582,24-11-2023,CUST3204,Male,65,Beauty,19,165,3135
2583,24-11-2023,CUST2111,Male,48,Books,12,368,4416
2584,24-11-2023,CUST8111,Male,25,Books,4,426,1704
2585,24-11-2023,CUST3055,Male,32,Electronics,14,97,1358
2586,24-11-2023,CUST5884,Female,42,Electronics,7,389,2723
2587,24-11-2023,CUST9902,Female,47,Clothing,3,298,894
2588,24-11-2023,CUST5845,Female,45,Groceries,5,283,1415
2589,24-11-2023,CUST1167,Male,30,Clothing,13,106,1378
2590,24-11-2023,CUST0761,Female,42,Groceries,6,150,900
2591,24-11-2023,CUST7050,Male,60,Books,16,296,4736
2592,24-11-2023,CUST0907,Male,58,Books,17,139,2363
2593,24-11-2023,CUST6495,Female,64,Books,1,38,38
2594,24-11-2023,CUST9031,Male,44,Books,3,179,537
2595,24-11-2023,CUST3266,Male,18,Electronics,1,281,281
2596,24-11-2023,CUST2466,Male,67,Sports,3,303,909
2597,24-11-2023,CUST9921,Male,66,Books,17,21,357
2598,24-11-2023,CUST3709,Male,67,Electronics,3,307,921
2599,24-11-2023,CUST7666,Male,23,Beauty,15,296,4440
2600,24-11-2023,CUST2640,Female,54,Sports,13,310,4030
2601,24-11-2023,CUST9523,Male,42,Clothing,11,158,1738
2602,24-11-2023,CUST7529,Female,63,Electronics,16,135,2160
2603,24-11-2023,CUST6365,Female,67,Groceries,1,101,101
2604,24-11-2023,CUST5155,Female,51,Clothing,3,215,645
2605,24-11-2023,CUST9986,Female,29,Clothing,17,222,3774
2606,24-11-2023,CUST7117,Female,68,Electronics,4,415,1660
2607,24-11-2023,CUST1188,Female,57,Clothing,8,162,1296
2608,24-11-2023,CUST9237,Female,34,Books,18,268,4824
2609,24-11-2023,CUST0739,Female,44,Electronics,16,390,6240
2610,24-11-2023,CUST2675,Male,33,Electronics,10,253,2530
2611,24-11-2023,CUST3220,Female,41,Electronics,6,361,2166
2612,24-11-2023,CUST7694,Male,39,Electronics,2,261,522
2613,24-11-2023,CUST2276,Female,34,Groceries,13,89,1157
2614,24-11-2023,CUST6242,Female,58,Groceries,18,439,7902
2615,24-11-2023,CUST2976,Female,25,Sports,12,282,3384
2616,24-11-2023,CUST4064,Female,45,Groceries,1,202,202
2617,24-11-2023,CUST8687,Female,24,Electronics,5,290,1450
2618,24-11-2023,CUST2213,Female,60,Groceries,15,499,7485
2619,24-11-2023,CUST8047,Male,67,Beauty,7,278,1946
2620,24-11-2023,CUST1481,Male,54,Electronics,6,129,774
2621,24-11-2023,CUST6293,Female,58,Groceries,2,497,994
2622,24-11-2023,CUST8425,Female,58,Groceries,10,227,2270
2623,24-11-2023,CUST0698,Female,67,Electronics,13,81,1053
2624,24-11-2023,CUST4020,Female,23,Electronics,5,56,280
2625,24-11-2023,CUST0175,Female,46,Clothing,16,496,7936
2626,24-11-2023,CUST7898,Male,26,Beauty,18,121,2178
2627,24-11-2023,CUST6619,Female,68,Beauty,1,394,394
2628,24-11-2023,CUST3471,Female,38,Groceries,9,485,4365
2629,24-11-2023,CUST8064,Male,24,Clothing,4,90,360
2630,24-11-2023,CUST6860,Female,61,Groceries,15,107,1605
2631,24-11-2023,CUST1594,Male,69,Clothing,18,83,1494
2632,24-11-2023,CUST7257,Male,65,Beauty,12,306,3672
2633,24-11-2023,CUST2956,Female,69,Sports,7,128,896
2634,24-11-2023,CUST8515,Male,29,Beauty,4,226,904
2635,24-11-2023,CUST9810,Female,40,Sports,3,73,219
2636,24-11-2023,CUST7444,Male,34,Books,11,122,1342
2637,24-11-2023,CUST9341,Female,59,Sports,12,116,1392
2638,24-11-2023,CUST5192,Female,57,Books,6,431,2586
2639,24-11-2023,CUST2592,Male,22,Beauty,11,478,5258
2640,24-11-2023,CUST1213,Female,54,Electronics,1,199,199
2641,24-11-2023,CUST5918,Female,28,Books,1,57,57
2642,24-11-2023,CUST7720,Female,58,Clothing,13,340,4420
2643,24-11-2023,CUST7738,Female,66,Books,13,263,3419
2644,24-11-2023,CUST9724,Male,43,Clothing,2,333,666
2645,24-11-2023,CUST3914,Female,26,Books,7,445,3115
2646,24-11-2023,CUST0650,Female,53,Electronics,9,141,1269
2647,24-11-2023,CUST9048,Male,38,Electronics,17,443,7531
2648,24-11-2023,CUST8020,Female,46,Groceries,18,367,6606
2649,24-11-2023,CUST0309,Male,39,Beauty,9,80,720
2650,24-11-2023,CUST3588,Male,39,Beauty,14,356,4984
2651,24-11-2023,CUST6885,Female,53,Electronics,3,389,1167
2652,24-11-2023,CUST1887,Male,40,Clothing,6,212,1272
2653,24-11-2023,CUST3192,Female,36,Sports,5,76,380
2654,24-11-2023,CUST1442,Male,64,Clothing,7,170,1190
2655,24-11-2023,CUST7760,Female,29,Sports,18,493,8874
2656,24-11-2023,CUST0274,Male,62,Groceries,19,386,7334
2657,24-11-2023,CUST5460,Female,63,Books,20,92,1840
2658,24-11-2023,CUST8994,Male,64,Sports,11,339,3729
2659,24-11-2023,CUST4873,Female,44,Beauty,14,477,6678
2660,24-11-2023,CUST7973,Female,57,Books,15,481,7215
2661,24-11-2023,CUST4212,Female,29,Electronics,7,416,2912
2662,24-11-2023,CUST7762,Female,70,Beauty,1,140,140
2663,24-11-2023,CUST6828,Female,42,Clothing,13,500,6500
2664,24-11-2023,CUST8718,Female,51,Beauty,3,300,900
2665,24-11-2023,CUST6567,Female,48,Beauty,9,154,1386
2666,24-11-2023,CUST2423,Male,59,Groceries,1,225,225
2667,24-11-2023,CUST4422,Male,50,Sports,5,303,1515
2668,24-11-2023,CUST9267,Female,19,Beauty,9,320,2880
2669,24-11-2023,CUST6352,Female,18,Clothing,8,358,2864
2670,24-11-2023,CUST9103,Female,58,Clothing,8,230,1840
2671,24-11-2023,CUST1597,Female,54,Electronics,16,330,5280
2672,24-11-2023,CUST3042,Female,68,Books,1,117,117
2673,24-11-2023,CUST2003,Female,42,Books,18,251,4518
2674,24-11-2023,CUST8272,Female,60,Sports,13,432,5616
2675,24-11-2023,CUST0678,Female,56,Electronics,13,101,1313
2676,24-11-2023,CUST8076,Male,20,Groceries,12,430,5160
2677,24-11-2023,CUST8225,Male,37,Books,5,88,440
2678,24-11-2023,CUST8598,Male,33,Books,3,81,243
2679,24-11-2023,CUST1293,Male,59,Clothing,11,120,1320
2680,24-11-2023,CUST4921,Male,37,Clothing,15,453,6795
2681,24-11-2023,CUST0728,Female,25,Electronics,7,12,84
2682,24-11-2023,CUST2870,Female,66,Clothing,15,52,780
2683,24-11-2023,CUST3868,Male,20,Groceries,20,178,3560
2684,24-11-2023,CUST0133,Female,67,Electronics,16,289,4624
2685,24-11-2023,CUST6183,Male,40,Beauty,19,172,3268
2686,24-11-2023,CUST1741,Female,60,Sports,11,89,979
2687,24-11-2023,CUST9227,Female,39,Sports,19,423,8037
2688,24-11-2023,CUST8288,Female,42,Electronics,4,220,880
2689,24-11-2023,CUST8956,Male,42,Clothing,3,374,1122
2690,24-11-2023,CUST2326,Male,19,Electronics,6,462,2772
2691,24-11-2023,CUST3180,Male,64,Books,17,20,340
2692,24-11-2023,CUST0212,Female,44,Books,3,162,486
2693,24-11-2023,CUST4032,Male,39,Electronics,19,117,2223
2694,24-11-2023,CUST2660,Male,22,Sports,7,463,3241
2695,24-11-2023,CUST7239,Male,62,Beauty,8,213,1704
2696,24-11-2023,CUST6492,Male,42,Electronics,20,26,520
2697,24-11-2023,CUST1310,Male,69,Groceries,6,52,312
2698,24-11-2023,CUST8141,Female,70,Sports,15,379,5685
2699,24-11-2023,CUST7219,Male,20,Clothing,18,470,8460
2700,24-11-2023,CUST8033,Female,38,Beauty,5,335,1675
2701,24-11-2023,CUST0304,Female,52,Clothing,2,494,988
2702,24-11-2023,CUST3820,Male,29,Clothing,10,482,4820
2703,24-11-2023,CUST1947,Female,62,Sports,4,70,280
2704,24-11-2023,CUST9020,Male,40,Electronics,4,319,1276
2705,24-11-2023,CUST5665,Male,33,Electronics,10,15,150
2706,24-11-2023,CUST9412,Male,47,Groceries,16,354,5664
2707,24-11-2023,CUST4496,Female,55,Clothing,15,17,255
2708,24-11-2023,CUST3515,Female,35,Books,11,354,3894
2709,24-11-2023,CUST0182,Female,19,Beauty,6,73,438
2710,24-11-2023,CUST9689,Male,68,Sports,15,443,6645
2711,24-11-2023,CUST1157,Female,59,Electronics,3,111,333
2712,24-11-2023,CUST0802,Female,26,Groceries,11,82,902
2713,24-11-2023,CUST6124,Female,63,Sports,10,253,2530
2714,24-11-2023,CUST3964,Female,57,Electronics,7,263,1841
2715,24-11-2023,CUST6730,Male,49,Books,7,134,938
2716,24-11-2023,CUST1538,Male,37,Books,6,445,2670
2717,24-11-2023,CUST1003,Female,27,Electronics,9,24,216
2718,24-11-2023,CUST8632,Male,37,Electronics,7,316,2212
2719,24-11-2023,CUST1711,Female,69,Electronics,17,487,8279
2720,24-11-2023,CUST1991,Female,34,Groceries,8,25,200
2721,24-11-2023,CUST0900,Female,40,Electronics,3,364,1092
2722,24-11-2023,CUST1403,Female,38,Beauty,5,82,410
2723,24-11-2023,CUST1717,Female,34,Electronics,14,75,1050
2724,24-11-2023,CUST5840,Male,48,Sports,18,183,3294
2725,24-11-2023,CUST1881,Male,45,Sports,6,364,2184
2726,24-11-2023,CUST2649,Male,65,Sports,1,429,429
2727,24-11-2023,CUST5582,Male,54,Beauty,15,315,4725
2728,24-11-2023,CUST9124,Male,59,Sports,3,403,1209
2729,24-11-2023,CUST3271,Female,32,Electronics,19,225,4275
2730,24-11-2023,CUST7954,Female,49,Electronics,4,120,480
2731,24-11-2023,CUST8039,Male,60,Books,9,231,2079
2732,24-11-2023,CUST6106,Male,63,Clothing,6,313,1878
2733,24-11-2023,CUST9647,Female,65,Sports,16,466,7456
2734,24-11-2023,CUST7409,Female,55,Groceries,12,143,1716
2735,24-11-2023,CUST9026,Female,70,Clothing,10,381,3810
2736,24-11-2023,CUST6872,Female,48,Clothing,7,325,2275
2737,24-11-2023,CUST4580,Male,42,Electronics,10,71,710
2738,24-11-2023,CUST9045,Female,23,Groceries,18,227,4086
2739,24-11-2023,CUST2417,Female,29,Electronics,9,499,4491
2740,24-11-2023,CUST6386,Female,69,Sports,1,31,31
2741,24-11-2023,CUST3825,Male,63,Beauty,18,184,3312
2742,24-11-2023,CUST5789,Male,57,Clothing,14,406,5684
2743,24-11-2023,CUST2521,Female,42,Beauty,18,15,270
2744,24-11-2023,CUST6195,Male,26,Sports,6,301,1806
2745,24-11-2023,CUST9772,Male,25,Books,17,76,1292
2746,24-11-2023,CUST9988,Female,35,Beauty,3,149,447
2747,24-11-2023,CUST4665,Female,46,Electronics,4,332,1328
2748,24-11-2023,CUST2756,Male,32,Books,17,219,3723
2749,24-11-2023,CUST5501,Female,56,Beauty,10,421,4210
2750,24-11-2023,CUST4099,Female,63,Groceries,1,414,414
2751,24-11-2023,CUST3531,Male,55,Books,1,54,54
2752,24-11-2023,CUST3674,Male,28,Sports,2,470,940
2753,24-11-2023,CUST3778,Male,60,Sports,6,450,2700
2754,24-11-2023,CUST4745,Male,33,Clothing,4,166,664
2755,24-11-2023,CUST2840,Female,35,Groceries,10,151,1510
2756,24-11-2023,CUST0647,Female,59,Groceries,9,462,4158
2757,24-11-2023,CUST6757,Male,18,Clothing,19,308,5852
2758,24-11-2023,CUST5320,Female,37,Clothing,20,94,1880
2759,24-11-2023,CUST8569,Female,60,Beauty,8,265,2120
2760,24-11-2023,CUST7993,Male,61,Groceries,14,290,4060
2761,24-11-2023,CUST1458,Male,47,Beauty,10,315,3150
2762,24-11-2023,CUST4764,Male,34,Clothing,16,170,2720
2763,24-11-2023,CUST9940,Male,51,Groceries,20,342,6840
2764,24-11-2023,CUST1574,Male,46,Clothing,7,462,3234
2765,24-11-2023,CUST8955,Female,56,Groceries,2,110,220
2766,24-11-2023,CUST4130,Female,19,Books,14,96,1344
2767,24-11-2023,CUST3326,Male,27,Electronics,7,35,245
2768,24-11-2023,CUST3312,Male,23,Books,19,13,247
2769,24-11-2023,CUST0454,Male,46,Electronics,15,64,960
2770,24-11-2023,CUST7508,Female,40,Electronics,5,339,1695
2771,24-11-2023,CUST9632,Female,24,Groceries,16,96,1536
2772,24-11-2023,CUST1183,Female,22,Books,17,54,918
2773,24-11-2023,CUST1063,Male,34,Sports,4,144,576
2774,24-11-2023,CUST5238,Female,68,Electronics,16,474,7584
2775,24-11-2023,CUST6621,Male,37,Beauty,18,474,8532
2776,24-11-2023,CUST5102,Female,59,Groceries,8,435,3480
2777,24-11-2023,CUST8721,Female,18,Electronics,14,233,3262
2778,24-11-2023,CUST1542,Male,25,Books,8,256,2048
2779,24-11-2023,CUST2340,Male,45,Beauty,7,41,287
2780,24-11-2023,CUST0426,Female,49,Books,11,279,3069
2781,24-11-2023,CUST0385,Female,24,Electronics,20,67,1340
2782,24-11-2023,CUST2730,Female,55,Beauty,14,430,6020
2783,24-11-2023,CUST2359,Male,59,Electronics,15,130,1950
2784,24-11-2023,CUST7644,Male,40,Books,20,280,5600
2785,24-11-2023,CUST1656,Male,26,Books,17,329,5593
2786,24-11-2023,CUST3019,Female,56,Books,1,56,56
2787,24-11-2023,CUST4259,Male,20,Clothing,16,42,672
2788,24-11-2023,CUST5369,Female,24,Electronics,15,292,4380
2789,24-11-2023,CUST2024,Male,57,Books,13,118,1534
2790,24-11-2023,CUST3033,Female,63,Clothing,14,284,3976
2791,24-11-2023,CUST3876,Female,51,Books,16,26,416
2792,24-11-2023,CUST7032,Male,53,Groceries,11,170,1870
2793,24-11-2023,CUST3469,Male,44,Electronics,13,271,3523
2794,24-11-2023,CUST3098,Male,29,Books,14,256,3584
2795,24-11-2023,CUST0793,Female,62,Groceries,13,466,6058
2796,24-11-2023,CUST5438,Female,38,Beauty,12,490,5880
2797,24-11-2023,CUST2866,Female,59,Electronics,15,384,5760
2798,24-11-2023,CUST2491,Female,23,Sports,7,314,2198
2799,24-11-2023,CUST0284,Female,64,Beauty,20,442,8840
2800,24-11-2023,CUST8992,Male,19,Clothing,18,88,1584
2801,24-11-2023,CUST9300,Female,46,Electronics,20,262,5240
2802,24-11-2023,CUST9057,Male,32,Books,20,372,7440
2803,24-11-2023,CUST4089,Female,34,Sports,6,278,1668
2804,24-11-2023,CUST0555,Female,64,Books,17,305,5185
2805,24-11-2023,CUST0403,Female,62,Groceries,13,37,481
2806,24-11-2023,CUST5150,Male,55,Clothing,16,247,3952
2807,24-11-2023,CUST6320,Male,68,Books,8,284,2272
2808,24-11-2023,CUST9099,Male,51,Books,14,218,3052
2809,24-11-2023,CUST9257,Female,48,Sports,3,346,1038
2810,24-11-2023,CUST1769,Male,48,Books,12,204,2448
2811,24-11-2023,CUST4748,Male,26,Sports,11,318,3498
2812,24-11-2023,CUST7107,Male,64,Clothing,5,422,2110
2813,24-11-2023,CUST2463,Male,61,Books,16,179,2864
2814,24-11-2023,CUST4128,Female,32,Groceries,7,472,3304
2815,24-11-2023,CUST3339,Male,68,Electronics,7,140,980
2816,24-11-2023,CUST1252,Male,51,Beauty,16,82,1312
2817,24-11-2023,CUST1903,Male,69,Books,17,177,3009
2818,24-11-2023,CUST7773,Male,66,Electronics,12,440,5280
2819,24-11-2023,CUST7188,Female,44,Clothing,18,316,5688
2820,24-11-2023,CUST3950,Female,43,Electronics,10,170,1700
2821,24-11-2023,CUST6181,Male,36,Sports,4,17,68
2822,24-11-2023,CUST0681,Female,48,Clothing,18,64,1152
2823,24-11-2023,CUST0881,Male,36,Beauty,14,184,2576
2824,24-11-2023,CUST1941,Male,43,Beauty,11,138,1518
2825,24-11-2023,CUST1428,Male,25,Groceries,20,487,9740
2826,24-11-2023,CUST4650,Female,66,Groceries,20,422,8440
2827,24-11-2023,CUST7991,Female,27,Clothing,19,19,361
2828,24-11-2023,CUST4829,Female,37,Books,17,270,4590
2829,24-11-2023,CUST6877,Female,30,Clothing,13,29,377
2830,24-11-2023,CUST1149,Male,58,Electronics,20,350,7000
2831,24-11-2023,CUST2005,Male,35,Sports,7,173,1211
2832,24-11-2023,CUST4552,Female,27,Beauty,16,360,5760
2833,24-11-2023,CUST7029,Female,40,Electronics,20,392,7840
2834,24-11-2023,CUST4494,Male,54,Sports,2,132,264
2835,24-11-2023,CUST5629,Female,43,Clothing,10,248,2480
2836,24-11-2023,CUST3024,Female,24,Books,10,411,4110
2837,24-11-2023,CUST2597,Male,49,Beauty,10,342,3420
2838,24-11-2023,CUST8573,Male,58,Sports,3,34,102
2839,24-11-2023,CUST0967,Female,40,Sports,18,464,8352
2840,24-11-2023,CUST9075,Female,20,Clothing,2,220,440
2841,24-11-2023,CUST2742,Female,67,Sports,12,88,1056
2842,24-11-2023,CUST2861,Female,28,Groceries,14,368,5152
2843,24-11-2023,CUST9469,Female,30,Books,10,251,2510
2844,24-11-2023,CUST7687,Female,57,Books,6,25,150
2845,24-11-2023,CUST2370,Female,60,Clothing,11,161,1771
2846,24-11-2023,CUST4099,Female,49,Groceries,16,69,1104
2847,24-11-2023,CUST6812,Male,35,Groceries,9,130,1170
2848,24-11-2023,CUST2286,Male,44,Groceries,11,47,517
2849,24-11-2023,CUST2540,Male,31,Groceries,18,130,2340
2850,24-11-2023,CUST9629,Female,39,Beauty,9,464,4176
2851,24-11-2023,CUST6289,Male,56,Books,9,70,630
2852,24-11-2023,CUST9602,Male,25,Groceries,1,252,252
2853,24-11-2023,CUST3953,Female,46,Electronics,18,235,4230
2854,24-11-2023,CUST1623,Male,48,Sports,5,68,340
2855,24-11-2023,CUST6416,Female,58,Groceries,11,471,5181
2856,24-11-2023,CUST3475,Male,19,Books,6,50,300
2857,24-11-2023,CUST8988,Female,70,Clothing,11,320,3520
2858,24-11-2023,CUST5845,Male,52,Groceries,17,370,6290
2859,24-11-2023,CUST6455,Female,22,Beauty,10,301,3010
2860,24-11-2023,CUST5897,Male,25,Electronics,4,395,1580
2861,24-11-2023,CUST7079,Female,29,Books,15,495,7425
2862,24-11-2023,CUST6433,Female,60,Groceries,8,299,2392
2863,24-11-2023,CUST5883,Male,37,Electronics,16,34,544
2864,24-11-2023,CUST0965,Female,53,Clothing,1,143,143
2865,24-11-2023,CUST1857,Male,35,Books,9,180,1620
2866,24-11-2023,CUST6178,Male,40,Electronics,13,197,2561
2867,24-11-2023,CUST4447,Male,39,Books,1,346,346
2868,24-11-2023,CUST6343,Male,24,Sports,17,385,6545
2869,24-11-2023,CUST4784,Female,19,Books,12,107,1284
2870,24-11-2023,CUST7729,Male,46,Clothing,3,292,876
2871,24-11-2023,CUST1703,Female,35,Sports,7,435,3045
2872,24-11-2023,CUST5085,Male,38,Clothing,8,496,3968
2873,24-11-2023,CUST4273,Female,21,Clothing,20,201,4020
2874,24-11-2023,CUST7903,Female,34,Sports,20,18,360
2875,24-11-2023,CUST8401,Female,46,Clothing,11,493,5423
2876,24-11-2023,CUST7442,Female,54,Clothing,13,412,5356
2877,24-11-2023,CUST0296,Male,42,Clothing,13,175,2275
2878,24-11-2023,CUST4708,Female,59,Electronics,7,389,2723
2879,24-11-2023,CUST0423,Male,30,Sports,10,118,1180
2880,24-11-2023,CUST4024,Male,63,Books,14,82,1148
2881,24-11-2023,CUST4888,Female,39,Books,12,99,1188
2882,24-11-2023,CUST0350,Female,31,Electronics,20,249,4980
2883,24-11-2023,CUST0110,Female,48,Beauty,12,75,900
2884,24-11-2023,CUST9140,Female,51,Books,17,270,4590
2885,24-11-2023,CUST3083,Female,38,Clothing,7,375,2625
2886,24-11-2023,CUST1269,Male,45,Clothing,17,136,2312
2887,24-11-2023,CUST2395,Female,57,Groceries,2,458,916
2888,24-11-2023,CUST9926,Male,33,Beauty,15,109,1635
2889,24-11-2023,CUST2211,Female,60,Clothing,19,480,9120
2890,24-11-2023,CUST0658,Female,26,Electronics,12,130,1560
2891,24-11-2023,CUST3566,Female,43,Groceries,12,439,5268
2892,24-11-2023,CUST6237,Female,54,Clothing,3,151,453
2893,24-11-2023,CUST0980,Female,45,Books,6,262,1572
2894,24-11-2023,CUST1066,Male,56,Sports,14,169,2366
2895,24-11-2023,CUST9849,Female,60,Electronics,3,475,1425
2896,24-11-2023,CUST1610,Male,33,Electronics,1,68,68
2897,24-11-2023,CUST2551,Female,22,Clothing,19,38,722
2898,24-11-2023,CUST9609,Female,39,Books,12,281,3372
2899,24-11-2023,CUST4708,Male,29,Electronics,11,71,781
2900,24-11-2023,CUST0021,Male,58,Groceries,10,275,2750
2901,24-11-2023,CUST5390,Male,24,Electronics,16,218,3488
2902,24-11-2023,CUST3839,Female,59,Sports,4,467,1868
2903,24-11-2023,CUST1202,Female,23,Clothing,9,180,1620
2904,24-11-2023,CUST1106,Male,19,Electronics,19,272,5168
2905,24-11-2023,CUST8457,Male,36,Clothing,19,29,551
2906,24-11-2023,CUST0489,Male,39,Books,4,217,868
2907,24-11-2023,CUST7382,Female,57,Beauty,5,413,2065
2908,24-11-2023,CUST8925,Female,55,Electronics,19,478,9082
2909,24-11-2023,CUST9608,Male,29,Electronics,16,123,1968
2910,24-11-2023,CUST3896,Male,42,Books,20,363,7260
2911,24-11-2023,CUST1956,Male,46,Groceries,7,322,2254
2912,24-11-2023,CUST5493,Male,47,Beauty,12,449,5388
2913,24-11-2023,CUST1478,Female,46,Beauty,10,418,4180
2914,24-11-2023,CUST3784,Male,53,Books,15,498,7470
2915,24-11-2023,CUST6156,Female,43,Groceries,9,108,972
2916,24-11-2023,CUST6614,Female,24,Groceries,6,487,2922
2917,24-11-2023,CUST1070,Male,46,Books,16,245,3920
2918,24-11-2023,CUST4573,Male,67,Beauty,2,242,484
2919,24-11-2023,CUST5548,Male,20,Beauty,6,324,1944
2920,24-11-2023,CUST2669,Male,39,Beauty,8,266,2128
2921,24-11-2023,CUST4854,Male,66,Groceries,9,341,3069
2922,24-11-2023,CUST9883,Male,20,Beauty,2,104,208
2923,24-11-2023,CUST9693,Female,65,Clothing,19,176,3344
2924,24-11-2023,CUST7797,Male,28,Beauty,2,201,402
2925,24-11-2023,CUST3519,Female,65,Sports,1,413,413
2926,24-11-2023,CUST8314,Female,54,Books,7,360,2520
2927,24-11-2023,CUST9852,Male,26,Electronics,12,187,2244
2928,24-11-2023,CUST9161,Female,43,Sports,10,259,2590
2929,24-11-2023,CUST2730,Female,55,Groceries,15,246,3690
2930,24-11-2023,CUST2058,Female,48,Beauty,12,351,4212
2931,24-11-2023,CUST4997,Female,36,Books,7,225,1575
2932,24-11-2023,CUST8453,Female,58,Beauty,17,137,2329
2933,24-11-2023,CUST9000,Female,51,Clothing,2,195,390
2934,24-11-2023,CUST1114,Female,48,Books,20,274,5480
2935,24-11-2023,CUST3553,Male,51,Clothing,14,139,1946
2936,24-11-2023,CUST0424,Female,60,Clothing,17,401,6817
2937,24-11-2023,CUST4623,Male,63,Books,13,159,2067
2938,24-11-2023,CUST1745,Male,56,Clothing,13,264,3432
2939,24-11-2023,CUST3601,Female,69,Beauty,19,32,608
2940,24-11-2023,CUST1094,Male,18,Groceries,11,434,4774
2941,24-11-2023,CUST7230,Male,58,Books,9,435,3915
2942,24-11-2023,CUST9531,Male,52,Beauty,7,22,154
2943,24-11-2023,CUST7831,Female,32,Electronics,9,38,342
2944,24-11-2023,CUST5964,Male,48,Clothing,6,132,792
2945,24-11-2023,CUST4825,Female,60,Beauty,14,191,2674
2946,24-11-2023,CUST9976,Male,55,Books,15,396,5940
2947,24-11-2023,CUST5351,Male,32,Books,20,242,4840
2948,24-11-2023,CUST9013,Female,34,Electronics,5,80,400
2949,24-11-2023,CUST0590,Female,61,Clothing,8,268,2144
2950,24-11-2023,CUST7407,Male,53,Groceries,15,23,345
2951,24-11-2023,CUST7868,Female,32,Clothing,12,261,3132
2952,24-11-2023,CUST9388,Female,22,Groceries,17,11,187
2953,24-11-2023,CUST0096,Female,55,Groceries,7,92,644
2954,24-11-2023,CUST7614,Female,61,Books,18,16,288
2955,24-11-2023,CUST1364,Male,38,Groceries,8,384,3072
2956,24-11-2023,CUST9193,Male,69,Sports,12,353,4236
2957,24-11-2023,CUST3690,Female,44,Books,7,414,2898
2958,24-11-2023,CUST3767,Male,64,Books,20,154,3080
2959,24-11-2023,CUST3728,Male,25,Sports,11,361,3971
2960,24-11-2023,CUST1332,Male,63,Sports,1,96,96
2961,24-11-2023,CUST6651,Female,21,Sports,12,362,4344
2962,24-11-2023,CUST0174,Female,19,Books,5,247,1235
2963,24-11-2023,CUST7008,Female,47,Books,9,416,3744
2964,24-11-2023,CUST0346,Female,38,Books,1,250,250
2965,24-11-2023,CUST6263,Male,35,Sports,5,34,170
2966,24-11-2023,CUST0905,Male,53,Books,9,429,3861
2967,24-11-2023,CUST3164,Female,69,Clothing,18,278,5004
2968,24-11-2023,CUST1735,Male,23,Beauty,19,146,2774
2969,24-11-2023,CUST9578,Male,59,Groceries,1,468,468
2970,24-11-2023,CUST4330,Female,34,Books,12,397,4764
2971,24-11-2023,CUST3375,Male,65,Books,2,22,44
2972,24-11-2023,CUST1093,Female,52,Clothing,10,451,4510
2973,24-11-2023,CUST0867,Female,57,Books,18,95,1710
2974,24-11-2023,CUST1771,Male,64,Sports,15,361,5415
2975,24-11-2023,CUST1298,Female,43,Groceries,17,460,7820
2976,24-11-2023,CUST1654,Male,36,Electronics,2,428,856
2977,24-11-2023,CUST1341,Male,29,Sports,3,285,855
2978,24-11-2023,CUST3193,Male,40,Beauty,3,165,495
2979,24-11-2023,CUST0838,Male,26,Clothing,3,155,465
2980,24-11-2023,CUST2276,Female,46,Electronics,11,47,517
2981,24-11-2023,CUST1456,Female,54,Groceries,11,123,1353
2982,24-11-2023,CUST9048,Female,55,Sports,11,263,2893
2983,24-11-2023,CUST1230,Male,60,Sports,8,62,496
2984,24-11-2023,CUST3867,Male,34,Clothing,18,52,936
2985,24-11-2023,CUST5767,Female,52,Groceries,8,16,128
2986,24-11-2023,CUST7890,Female,45,Books,9,14,126
2987,24-11-2023,CUST5688,Male,56,Electronics,19,25,475
2988,24-11-2023,CUST8431,Male,65,Books,6,383,2298
2989,24-11-2023,CUST8620,Male,69,Groceries,5,429,2145
2990,24-11-2023,CUST2671,Female,53,Sports,8,44,352
2991,24-11-2023,CUST0435,Female,37,Books,11,238,2618
2992,24-11-2023,CUST2068,Male,67,Sports,19,68,1292
2993,24-11-2023,CUST2775,Female,51,Sports,9,93,837
2994,24-11-2023,CUST0583,Male,21,Clothing,9,114,1026
2995,24-11-2023,CUST8287,Male,69,Beauty,19,141,2679
2996,24-11-2023,CUST8499,Male,27,Books,15,193,2895
2997,24-11-2023,CUST2142,Female,63,Groceries,11,156,1716
2998,24-11-2023,CUST9363,Female,44,Groceries,4,322,1288
2999,24-11-2023,CUST7928,Female,26,Beauty,19,352,6688
3000,24-11-2023,CUST5554,Male,51,Books,4,111,444
3001,24-11-2023,CUST1475,Female,34,Groceries,13,407,5291
3002,24-11-2023,CUST6868,Female,43,Groceries,13,487,6331
3003,24-11-2023,CUST1156,Male,44,Books,10,124,1240
3004,24-11-2023,CUST0196,Male,57,Beauty,4,79,316
3005,24-11-2023,CUST0243,Male,66,Clothing,18,151,2718
3006,24-11-2023,CUST3885,Female,40,Groceries,7,35,245
3007,24-11-2023,CUST0380,Female,26,Beauty,16,462,7392
3008,24-11-2023,CUST8335,Female,70,Electronics,4,399,1596
3009,24-11-2023,CUST5094,Male,47,Books,10,46,460
3010,24-11-2023,CUST3476,Female,21,Beauty,2,410,820
3011,24-11-2023,CUST6890,Male,34,Groceries,12,464,5568
3012,24-11-2023,CUST3438,Male,28,Beauty,3,399,1197
3013,24-11-2023,CUST6351,Male,32,Books,17,78,1326
3014,24-11-2023,CUST0958,Female,22,Groceries,14,365,5110
3015,24-11-2023,CUST6391,Female,36,Clothing,2,18,36
3016,24-11-2023,CUST8971,Female,40,Sports,16,360,5760
3017,24-11-2023,CUST7344,Female,59,Beauty,4,30,120
3018,24-11-2023,CUST2507,Male,63,Books,17,86,1462
3019,24-11-2023,CUST4357,Male,57,Beauty,11,181,1991
3020,24-11-2023,CUST9254,Male,65,Sports,10,77,770
3021,24-11-2023,CUST0387,Male,45,Electronics,13,499,6487
3022,24-11-2023,CUST8970,Female,27,Beauty,19,450,8550
3023,24-11-2023,CUST5598,Male,61,Groceries,3,101,303
3024,24-11-2023,CUST6202,Male,32,Sports,7,452,3164
3025,24-11-2023,CUST1197,Female,48,Clothing,10,244,2440
3026,24-11-2023,CUST6444,Male,31,Clothing,4,30,120
3027,24-11-2023,CUST6915,Male,47,Electronics,7,367,2569
3028,24-11-2023,CUST7917,Female,32,Sports,4,256,1024
3029,24-11-2023,CUST8935,Female,51,Clothing,15,213,3195
3030,24-11-2023,CUST9891,Female,42,Groceries,19,401,7619
3031,24-11-2023,CUST2031,Female,57,Clothing,7,292,2044
3032,24-11-2023,CUST5120,Male,46,Groceries,1,154,154
3033,24-11-2023,CUST4803,Female,51,Electronics,1,183,183
3034,24-11-2023,CUST8626,Male,30,Books,17,286,4862
3035,24-11-2023,CUST2257,Female,46,Beauty,1,213,213
3036,24-11-2023,CUST7812,Female,63,Electronics,20,488,9760
3037,24-11-2023,CUST2201,Male,28,Books,1,207,207
3038,24-11-2023,CUST2313,Male,60,Books,1,76,76
3039,24-11-2023,CUST3379,Male,42,Books,9,328,2952
3040,24-11-2023,CUST0074,Male,41,Electronics,19,293,5567
3041,24-11-2023,CUST0382,Male,44,Books,5,56,280
3042,24-11-2023,CUST2781,Male,49,Clothing,14,342,4788
3043,24-11-2023,CUST9794,Male,23,Beauty,16,239,3824
3044,24-11-2023,CUST4761,Male,49,Books,2,11,22
3045,24-11-2023,CUST0695,Male,25,Groceries,2,334,668
3046,24-11-2023,CUST0195,Female,64,Clothing,6,61,366
3047,24-11-2023,CUST6477,Male,46,Groceries,12,141,1692
3048,24-11-2023,CUST5670,Female,47,Books,16,25,400
3049,24-11-2023,CUST3234,Female,29,Books,15,75,1125
3050,24-11-2023,CUST2073,Male,22,Groceries,15,288,4320
3051,24-11-2023,CUST9566,Male,29,Electronics,13,451,5863
3052,24-11-2023,CUST1020,Male,52,Books,8,342,2736
3053,24-11-2023,CUST8507,Male,26,Sports,18,96,1728
3054,24-11-2023,CUST2641,Male,41,Groceries,5,159,795
3055,24-11-2023,CUST8066,Female,48,Electronics,6,28,168
3056,24-11-2023,CUST6058,Female,33,Sports,10,176,1760
3057,24-11-2023,CUST5812,Female,42,Sports,3,466,1398
3058,24-11-2023,CUST9733,Male,49,Groceries,1,252,252
3059,24-11-2023,CUST9211,Female,32,Beauty,3,474,1422
3060,24-11-2023,CUST4775,Female,39,Groceries,10,81,810
3061,24-11-2023,CUST0873,Male,36,Sports,1,91,91
3062,24-11-2023,CUST9805,Female,44,Electronics,1,204,204
3063,24-11-2023,CUST5726,Female,62,Beauty,1,371,371
3064,24-11-2023,CUST3915,Female,54,Electronics,2,118,236
3065,24-11-2023,CUST5423,Female,34,Sports,4,109,436
3066,24-11-2023,CUST2197,Female,24,Beauty,11,378,4158
3067,24-11-2023,CUST1510,Female,69,Clothing,19,225,4275
3068,24-11-2023,CUST6080,Female,36,Sports,15,117,1755
3069,24-11-2023,CUST6510,Male,44,Clothing,13,455,5915
3070,24-11-2023,CUST0242,Male,24,Books,1,15,15
3071,24-11-2023,CUST2574,Male,29,Books,16,204,3264
3072,24-11-2023,CUST5715,Female,48,Sports,1,108,108
3073,24-11-2023,CUST4373,Female,18,Electronics,15,406,6090
3074,24-11-2023,CUST3251,Female,51,Groceries,9,374,3366
3075,24-11-2023,CUST6599,Female,41,Clothing,6,110,660
3076,24-11-2023,CUST3822,Male,40,Clothing,13,453,5889
3077,24-11-2023,CUST7355,Male,51,Groceries,14,335,4690
3078,24-11-2023,CUST2616,Female,26,Clothing,18,397,7146
3079,24-11-2023,CUST5810,Male,23,Clothing,16,425,6800
3080,24-11-2023,CUST7903,Female,53,Beauty,1,373,373
3081,24-11-2023,CUST2657,Female,41,Books,14,303,4242
3082,24-11-2023,CUST4062,Male,23,Sports,3,353,1059
3083,24-11-2023,CUST2197,Male,48,Groceries,15,225,3375
3084,24-11-2023,CUST2043,Female,65,Beauty,9,27,243
3085,24-11-2023,CUST7857,Male,28,Electronics,8,431,3448
3086,24-11-2023,CUST1912,Female,34,Clothing,5,386,1930
3087,24-11-2023,CUST5771,Male,43,Clothing,14,354,4956
3088,24-11-2023,CUST1879,Male,34,Sports,11,204,2244
3089,24-11-2023,CUST0786,Female,59,Electronics,17,292,4964
3090,24-11-2023,CUST9580,Female,55,Beauty,5,65,325
3091,24-11-2023,CUST2907,Male,51,Electronics,10,166,1660
3092,24-11-2023,CUST1127,Female,18,Electronics,8,75,600
3093,24-11-2023,CUST6991,Male,64,Books,3,175,525
3094,24-11-2023,CUST8506,Female,55,Books,4,297,1188
3095,24-11-2023,CUST9480,Female,41,Clothing,20,273,5460
3096,24-11-2023,CUST5297,Male,27,Books,10,173,1730
3097,24-11-2023,CUST5706,Male,31,Clothing,13,416,5408
3098,24-11-2023,CUST7500,Male,41,Clothing,6,196,1176
3099,24-11-2023,CUST0740,Female,28,Clothing,11,486,5346
3100,24-11-2023,CUST5606,Female,35,Sports,10,87,870
3101,24-11-2023,CUST6330,Male,61,Groceries,2,422,844
3102,24-11-2023,CUST0994,Male,42,Electronics,1,271,271
3103,24-11-2023,CUST2400,Male,58,Sports,1,282,282
3104,24-11-2023,CUST1299,Male,34,Sports,18,383,6894
3105,24-11-2023,CUST6951,Male,20,Groceries,6,305,1830
3106,24-11-2023,CUST7543,Female,40,Sports,6,268,1608
3107,24-11-2023,CUST2158,Male,43,Clothing,6,493,2958
3108,24-11-2023,CUST2889,Male,28,Sports,11,189,2079
3109,24-11-2023,CUST5189,Female,24,Electronics,4,110,440
3110,24-11-2023,CUST0709,Female,27,Beauty,18,210,3780
3111,24-11-2023,CUST0588,Female,57,Beauty,5,359,1795
3112,24-11-2023,CUST5476,Male,58,Clothing,14,366,5124
3113,24-11-2023,CUST8141,Male,19,Clothing,17,254,4318
3114,24-11-2023,CUST0467,Female,21,Clothing,14,302,4228
3115,24-11-2023,CUST7354,Female,70,Groceries,19,255,4845
3116,24-11-2023,CUST4892,Female,53,Clothing,4,295,1180
3117,24-11-2023,CUST9726,Female,40,Clothing,12,493,5916
3118,24-11-2023,CUST9214,Male,63,Books,7,29,203
3119,24-11-2023,CUST3122,Female,26,Groceries,20,199,3980
3120,24-11-2023,CUST5197,Female,29,Electronics,5,320,1600
3121,24-11-2023,CUST8802,Female,33,Clothing,7,344,2408
3122,24-11-2023,CUST5155,Female,47,Books,12,471,5652
3123,24-11-2023,CUST6597,Male,54,Clothing,12,197,2364
3124,24-11-2023,CUST8797,Female,69,Beauty,15,330,4950
3125,24-11-2023,CUST8814,Male,34,Books,3,385,1155
3126,24-11-2023,CUST3796,Female,34,Beauty,4,142,568
3127,24-11-2023,CUST4344,Female,24,Sports,15,137,2055
3128,24-11-2023,CUST9047,Male,65,Electronics,20,229,4580
3129,24-11-2023,CUST8178,Male,61,Sports,5,343,1715
3130,24-11-2023,CUST2071,Female,39,Electronics,2,193,386
3131,24-11-2023,CUST3351,Male,70,Books,17,191,3247
3132,24-11-2023,CUST7609,Male,51,Beauty,17,180,3060
3133,24-11-2023,CUST8094,Female,46,Books,14,345,4830
3134,24-11-2023,CUST2585,Male,22,Clothing,14,34,476
3135,24-11-2023,CUST9760,Female,21,Clothing,9,158,1422
3136,24-11-2023,CUST5404,Male,57,Sports,3,253,759
3137,24-11-2023,CUST0302,Male,22,Sports,10,266,2660
3138,24-11-2023,CUST0192,Male,42,Books,1,122,122
3139,24-11-2023,CUST8578,Male,47,Sports,7,496,3472
3140,24-11-2023,CUST6764,Female,70,Groceries,2,305,610
3141,24-11-2023,CUST1329,Male,51,Clothing,17,29,493
3142,24-11-2023,CUST6374,Male,39,Books,1,32,32
3143,24-11-2023,CUST9953,Male,56,Beauty,9,142,1278
3144,24-11-2023,CUST3638,Female,22,Beauty,7,35,245
3145,24-11-2023,CUST4874,Female,49,Electronics,8,288,2304
3146,24-11-2023,CUST4683,Male,64,Groceries,10,188,1880
3147,24-11-2023,CUST7968,Female,62,Beauty,14,497,6958
3148,24-11-2023,CUST0356,Female,52,Sports,15,86,1290
3149,24-11-2023,CUST0758,Female,18,Books,2,52,104
3150,24-11-2023,CUST6902,Male,61,Electronics,8,312,2496
3151,24-11-2023,CUST6650,Female,56,Electronics,13,286,3718
3152,24-11-2023,CUST4054,Female,21,Groceries,20,284,5680
3153,24-11-2023,CUST4484,Female,27,Groceries,14,298,4172
3154,24-11-2023,CUST0385,Male,51,Beauty,1,214,214
3155,24-11-2023,CUST9774,Male,42,Groceries,15,118,1770
3156,24-11-2023,CUST0403,Female,64,Clothing,16,203,3248
3157,24-11-2023,CUST2412,Male,40,Books,14,417,5838
3158,24-11-2023,CUST3321,Female,58,Beauty,15,325,4875
3159,24-11-2023,CUST0812,Male,49,Clothing,3,253,759
3160,24-11-2023,CUST3912,Female,38,Clothing,3,175,525
3161,24-11-2023,CUST5842,Male,22,Clothing,18,145,2610
3162,24-11-2023,CUST5036,Female,54,Clothing,9,295,2655
3163,24-11-2023,CUST6866,Female,62,Books,18,339,6102
3164,24-11-2023,CUST9117,Male,47,Books,1,307,307
3165,24-11-2023,CUST9529,Male,41,Books,7,125,875
3166,24-11-2023,CUST7715,Female,59,Sports,20,280,5600
3167,24-11-2023,CUST2807,Male,62,Sports,8,60,480
3168,24-11-2023,CUST0488,Female,59,Clothing,1,353,353
3169,24-11-2023,CUST5039,Male,26,Books,8,397,3176
3170,24-11-2023,CUST4893,Male,20,Books,16,187,2992
3171,24-11-2023,CUST9785,Male,70,Clothing,9,22,198
3172,24-11-2023,CUST0989,Female,60,Clothing,1,73,73
3173,24-11-2023,CUST9611,Male,51,Clothing,8,104,832
3174,24-11-2023,CUST6046,Male,25,Sports,7,54,378
3175,24-11-2023,CUST8188,Male,33,Books,3,497,1491
3176,24-11-2023,CUST8776,Male,21,Sports,1,354,354
3177,24-11-2023,CUST5811,Female,62,Beauty,13,428,5564
3178,24-11-2023,CUST1455,Female,47,Electronics,20,463,9260
3179,24-11-2023,CUST9388,Male,47,Books,4,477,1908
3180,24-11-2023,CUST1121,Female,35,Beauty,8,101,808
3181,24-11-2023,CUST1713,Female,58,Clothing,15,16,240
3182,24-11-2023,CUST7585,Male,37,Sports,11,112,1232
3183,24-11-2023,CUST0636,Male,32,Groceries,2,154,308
3184,24-11-2023,CUST4159,Male,31,Beauty,9,430,3870
3185,24-11-2023,CUST6878,Male,23,Clothing,2,61,122
3186,24-11-2023,CUST2369,Male,42,Electronics,19,210,3990
3187,24-11-2023,CUST7002,Female,58,Sports,5,15,75
3188,24-11-2023,CUST4887,Male,59,Beauty,1,217,217
3189,24-11-2023,CUST3869,Female,64,Books,20,432,8640
3190,24-11-2023,CUST7384,Female,66,Books,5,354,1770
3191,24-11-2023,CUST0202,Male,46,Beauty,14,370,5180
3192,24-11-2023,CUST7390,Male,20,Books,20,88,1760
3193,24-11-2023,CUST4877,Female,28,Electronics,1,262,262
3194,24-11-2023,CUST1679,Male,26,Clothing,17,195,3315
3195,24-11-2023,CUST6460,Male,44,Sports,5,188,940
3196,24-11-2023,CUST2428,Male,64,Electronics,4,471,1884
3197,24-11-2023,CUST8460,Female,40,Books,2,118,236
3198,24-11-2023,CUST7942,Male,35,Groceries,5,478,2390
3199,24-11-2023,CUST0488,Female,45,Beauty,19,301,5719
3200,24-11-2023,CUST2866,Male,56,Electronics,10,486,4860
3201,24-11-2023,CUST4695,Male,42,Sports,16,99,1584
3202,24-11-2023,CUST8876,Female,55,Sports,8,230,1840
3203,24-11-2023,CUST6971,Female,27,Electronics,15,333,4995
3204,24-11-2023,CUST5155,Male,35,Clothing,17,242,4114
3205,24-11-2023,CUST5609,Female,55,Beauty,14,256,3584
3206,24-11-2023,CUST1087,Female,46,Sports,2,219,438
3207,24-11-2023,CUST0581,Female,59,Books,19,216,4104
3208,24-11-2023,CUST8645,Male,50,Electronics,18,285,5130
3209,24-11-2023,CUST9406,Female,56,Groceries,6,38,228
3210,24-11-2023,CUST2689,Male,50,Beauty,18,83,1494
3211,24-11-2023,CUST6034,Female,26,Electronics,3,471,1413
3212,24-11-2023,CUST1331,Female,68,Groceries,1,83,83
3213,24-11-2023,CUST7476,Male,38,Sports,15,344,5160
3214,24-11-2023,CUST0533,Female,41,Beauty,12,391,4692
3215,24-11-2023,CUST4000,Female,27,Clothing,2,232,464
3216,24-11-2023,CUST6543,Female,49,Beauty,7,171,1197
3217,24-11-2023,CUST2649,Female,31,Books,6,114,684
3218,24-11-2023,CUST7488,Male,30,Groceries,1,475,475
3219,24-11-2023,CUST8661,Male,36,Sports,11,456,5016
3220,24-11-2023,CUST3741,Male,29,Groceries,1,298,298
3221,24-11-2023,CUST7055,Male,50,Beauty,8,128,1024
3222,24-11-2023,CUST8301,Female,24,Clothing,11,188,2068
3223,24-11-2023,CUST3386,Female,36,Beauty,5,185,925
3224,24-11-2023,CUST1086,Female,61,Groceries,1,111,111
3225,24-11-2023,CUST5668,Male,65,Clothing,6,293,1758
3226,24-11-2023,CUST0952,Female,68,Beauty,4,285,1140
3227,24-11-2023,CUST7464,Female,25,Electronics,12,225,2700
3228,24-11-2023,CUST8770,Female,27,Sports,8,234,1872
3229,24-11-2023,CUST9870,Male,61,Clothing,12,177,2124
3230,24-11-2023,CUST5569,Female,39,Clothing,11,218,2398
3231,24-11-2023,CUST9616,Female,45,Books,7,76,532
3232,24-11-2023,CUST0253,Male,63,Clothing,17,280,4760
3233,24-11-2023,CUST8883,Male,40,Electronics,9,266,2394
3234,24-11-2023,CUST8673,Female,39,Beauty,14,407,5698
3235,24-11-2023,CUST9724,Male,57,Groceries,9,224,2016
3236,24-11-2023,CUST2010,Male,27,Groceries,14,423,5922
3237,24-11-2023,CUST3959,Female,35,Electronics,8,480,3840
3238,24-11-2023,CUST9538,Male,60,Beauty,7,275,1925
3239,24-11-2023,CUST9808,Female,40,Beauty,4,54,216
3240,24-11-2023,CUST4109,Male,19,Groceries,6,415,2490
3241,24-11-2023,CUST8123,Male,48,Groceries,14,230,3220
3242,24-11-2023,CUST3792,Male,51,Sports,11,436,4796
3243,24-11-2023,CUST7728,Female,47,Sports,7,410,2870
3244,24-11-2023,CUST7926,Female,42,Beauty,14,393,5502
3245,24-11-2023,CUST8581,Male,29,Electronics,11,49,539
3246,24-11-2023,CUST3464,Female,60,Books,10,260,2600
3247,24-11-2023,CUST3142,Male,37,Books,19,353,6707
3248,24-11-2023,CUST0743,Male,54,Electronics,17,51,867
3249,24-11-2023,CUST3147,Male,70,Beauty,7,364,2548
3250,24-11-2023,CUST8067,Female,56,Sports,14,137,1918
3251,24-11-2023,CUST2361,Male,29,Books,11,357,3927
3252,24-11-2023,CUST7850,Male,63,Electronics,16,109,1744
3253,24-11-2023,CUST1237,Female,26,Beauty,13,459,5967
3254,24-11-2023,CUST0497,Male,57,Groceries,7,305,2135
3255,24-11-2023,CUST1363,Female,46,Electronics,4,155,620
3256,24-11-2023,CUST1704,Male,70,Sports,11,101,1111
3257,24-11-2023,CUST7598,Female,64,Clothing,13,498,6474
3258,24-11-2023,CUST1920,Male,65,Sports,2,480,960
3259,24-11-2023,CUST7685,Female,58,Beauty,11,225,2475
3260,24-11-2023,CUST9526,Female,23,Books,1,434,434
3261,24-11-2023,CUST3527,Female,20,Clothing,5,14,70
3262,24-11-2023,CUST7023,Female,48,Sports,13,274,3562
3263,24-11-2023,CUST0625,Male,51,Books,13,290,3770
3264,24-11-2023,CUST7185,Male,38,Clothing,6,75,450
3265,24-11-2023,CUST0653,Female,37,Books,13,131,1703
3266,24-11-2023,CUST1403,Male,37,Groceries,7,412,2884
3267,24-11-2023,CUST2078,Female,25,Beauty,12,199,2388
3268,24-11-2023,CUST1619,Female,27,Books,8,190,1520
3269,24-11-2023,CUST6430,Female,29,Groceries,16,124,1984
3270,24-11-2023,CUST4619,Male,55,Sports,12,89,1068
3271,24-11-2023,CUST2555,Female,59,Clothing,16,202,3232
3272,24-11-2023,CUST4161,Male,38,Sports,18,366,6588
3273,24-11-2023,CUST0726,Female,22,Books,7,334,2338
3274,24-11-2023,CUST2867,Male,19,Clothing,15,477,7155
3275,24-11-2023,CUST9870,Female,65,Sports,2,91,182
3276,24-11-2023,CUST6804,Female,32,Electronics,3,83,249
3277,24-11-2023,CUST3986,Male,55,Beauty,15,368,5520
3278,24-11-2023,CUST8919,Male,38,Books,8,58,464
3279,24-11-2023,CUST1551,Female,36,Beauty,14,483,6762
3280,24-11-2023,CUST4376,Male,40,Beauty,8,437,3496
3281,24-11-2023,CUST0377,Female,22,Groceries,1,319,319
3282,24-11-2023,CUST1190,Male,24,Books,16,38,608
3283,24-11-2023,CUST5619,Male,53,Clothing,4,383,1532
3284,24-11-2023,CUST6273,Female,27,Electronics,3,75,225
3285,24-11-2023,CUST1076,Male,47,Beauty,15,163,2445
3286,24-11-2023,CUST9442,Female,48,Clothing,20,50,1000
3287,24-11-2023,CUST1312,Female,21,Sports,13,447,5811
3288,24-11-2023,CUST3891,Female,30,Books,14,92,1288
3289,24-11-2023,CUST5743,Male,37,Groceries,5,290,1450
3290,24-11-2023,CUST3809,Male,27,Groceries,15,448,6720
3291,24-11-2023,CUST3599,Male,34,Electronics,12,244,2928
3292,24-11-2023,CUST6349,Male,62,Electronics,2,482,964
3293,24-11-2023,CUST7341,Female,54,Beauty,20,451,9020
3294,24-11-2023,CUST6798,Female,29,Beauty,4,93,372
3295,24-11-2023,CUST5280,Female,31,Clothing,3,54,162
3296,24-11-2023,CUST4443,Female,40,Books,1,317,317
3297,24-11-2023,CUST5498,Female,52,Electronics,5,88,440
3298,24-11-2023,CUST6195,Female,46,Beauty,1,164,164
3299,24-11-2023,CUST0444,Female,26,Clothing,10,307,3070
3300,24-11-2023,CUST8485,Male,42,Sports,11,361,3971
3301,24-11-2023,CUST5993,Male,26,Sports,16,468,7488
3302,24-11-2023,CUST7995,Male,57,Sports,2,156,312
3303,24-11-2023,CUST8322,Male,59,Sports,12,80,960
3304,24-11-2023,CUST7964,Male,29,Beauty,20,185,3700
3305,24-11-2023,CUST1138,Male,69,Clothing,12,130,1560
3306,24-11-2023,CUST0556,Male,45,Beauty,9,425,3825
3307,24-11-2023,CUST6301,Male,56,Sports,4,299,1196
3308,24-11-2023,CUST3603,Male,42,Electronics,4,131,524
3309,24-11-2023,CUST3823,Female,65,Groceries,12,253,3036
3310,24-11-2023,CUST5372,Male,45,Beauty,18,132,2376
3311,24-11-2023,CUST1207,Male,22,Clothing,19,229,4351
3312,24-11-2023,CUST1615,Female,43,Books,18,137,2466
3313,24-11-2023,CUST7808,Female,24,Beauty,15,434,6510
3314,24-11-2023,CUST1835,Female,37,Beauty,10,112,1120
3315,24-11-2023,CUST5340,Female,61,Books,17,27,459
3316,24-11-2023,CUST8034,Female,25,Beauty,17,221,3757
3317,24-11-2023,CUST3115,Male,52,Sports,4,264,1056
3318,24-11-2023,CUST0300,Female,59,Books,14,477,6678
3319,24-11-2023,CUST9907,Male,62,Clothing,8,215,1720
3320,24-11-2023,CUST5971,Male,23,Sports,13,240,3120
3321,24-11-2023,CUST7860,Female,35,Books,17,356,6052
3322,24-11-2023,CUST1830,Male,58,Electronics,17,103,1751
3323,24-11-2023,CUST9372,Male,31,Groceries,14,273,3822
3324,24-11-2023,CUST2848,Male,35,Books,4,494,1976
3325,24-11-2023,CUST0772,Female,21,Clothing,20,478,9560
3326,24-11-2023,CUST8501,Male,23,Beauty,15,444,6660
3327,24-11-2023,CUST4132,Female,22,Electronics,3,46,138
3328,24-11-2023,CUST0631,Female,62,Clothing,7,100,700
3329,24-11-2023,CUST9750,Male,44,Electronics,5,353,1765
3330,24-11-2023,CUST5505,Female,61,Beauty,17,83,1411
3331,24-11-2023,CUST6454,Male,55,Sports,6,42,252
3332,24-11-2023,CUST6082,Female,34,Clothing,4,349,1396
3333,24-11-2023,CUST7477,Male,54,Sports,9,55,495
3334,24-11-2023,CUST3163,Female,48,Electronics,19,196,3724
3335,24-11-2023,CUST8063,Female,28,Sports,8,330,2640
3336,24-11-2023,CUST6341,Male,58,Beauty,16,335,5360
3337,24-11-2023,CUST5816,Male,28,Sports,6,176,1056
3338,24-11-2023,CUST6502,Male,18,Groceries,5,454,2270
3339,24-11-2023,CUST1703,Female,53,Beauty,2,426,852
3340,24-11-2023,CUST1658,Male,23,Books,11,54,594
3341,24-11-2023,CUST1923,Male,63,Beauty,5,299,1495
3342,24-11-2023,CUST0831,Female,45,Sports,18,67,1206
3343,24-11-2023,CUST6570,Female,28,Clothing,3,419,1257
3344,24-11-2023,CUST4494,Male,52,Books,16,247,3952
3345,24-11-2023,CUST4637,Female,68,Clothing,15,424,6360
3346,24-11-2023,CUST7922,Female,67,Groceries,8,452,3616
3347,24-11-2023,CUST4917,Female,30,Electronics,18,49,882
3348,24-11-2023,CUST2973,Female,60,Sports,12,267,3204
3349,24-11-2023,CUST3387,Female,64,Groceries,7,37,259
3350,24-11-2023,CUST4532,Female,70,Books,14,345,4830
3351,24-11-2023,CUST9130,Male,68,Sports,14,164,2296
3352,24-11-2023,CUST9770,Female,36,Beauty,13,229,2977
3353,24-11-2023,CUST7566,Female,33,Electronics,2,295,590
3354,24-11-2023,CUST7828,Male,20,Clothing,6,369,2214
3355,24-11-2023,CUST6578,Female,48,Sports,3,105,315
3356,24-11-2023,CUST9817,Female,64,Books,13,472,6136
3357,24-11-2023,CUST9311,Female,69,Electronics,16,316,5056
3358,24-11-2023,CUST4189,Male,67,Electronics,6,126,756
3359,24-11-2023,CUST5078,Male,22,Sports,5,58,290
3360,24-11-2023,CUST2046,Male,18,Beauty,11,398,4378
3361,24-11-2023,CUST9651,Female,37,Books,2,67,134
3362,24-11-2023,CUST1295,Female,54,Groceries,2,139,278
3363,24-11-2023,CUST0519,Male,30,Books,4,238,952
3364,24-11-2023,CUST9357,Female,24,Groceries,14,72,1008
3365,24-11-2023,CUST2687,Male,41,Groceries,19,344,6536
3366,24-11-2023,CUST9008,Male,18,Books,7,498,3486
3367,24-11-2023,CUST6161,Female,28,Electronics,1,275,275
3368,24-11-2023,CUST9569,Female,19,Books,19,30,570
3369,24-11-2023,CUST5281,Female,24,Sports,19,78,1482
3370,24-11-2023,CUST6360,Female,47,Sports,15,310,4650
3371,24-11-2023,CUST3092,Male,44,Clothing,2,480,960
3372,24-11-2023,CUST6200,Male,44,Beauty,20,13,260
3373,24-11-2023,CUST8710,Male,40,Groceries,12,330,3960
3374,24-11-2023,CUST3342,Male,58,Beauty,18,394,7092
3375,24-11-2023,CUST0540,Female,19,Clothing,15,433,6495
3376,24-11-2023,CUST4259,Female,69,Beauty,19,75,1425
3377,24-11-2023,CUST7571,Male,66,Clothing,16,453,7248
3378,24-11-2023,CUST4078,Female,42,Beauty,20,279,5580
3379,24-11-2023,CUST5689,Male,39,Sports,20,386,7720
3380,24-11-2023,CUST6315,Female,42,Books,10,30,300
3381,24-11-2023,CUST1456,Female,69,Groceries,17,364,6188
3382,24-11-2023,CUST3061,Female,20,Groceries,11,151,1661
3383,24-11-2023,CUST8105,Male,41,Electronics,3,225,675
3384,24-11-2023,CUST3784,Male,29,Sports,20,87,1740
3385,24-11-2023,CUST4932,Male,64,Groceries,5,53,265
3386,24-11-2023,CUST4027,Female,68,Sports,17,330,5610
3387,24-11-2023,CUST6587,Male,43,Clothing,12,261,3132
3388,24-11-2023,CUST0081,Female,50,Electronics,13,441,5733
3389,24-11-2023,CUST4023,Female,30,Sports,5,375,1875
3390,24-11-2023,CUST2538,Female,62,Sports,10,345,3450
3391,24-11-2023,CUST6553,Male,65,Groceries,3,255,765
3392,24-11-2023,CUST7827,Male,38,Clothing,18,16,288
3393,24-11-2023,CUST9175,Female,23,Beauty,18,332,5976
3394,24-11-2023,CUST5221,Male,29,Groceries,4,348,1392
3395,24-11-2023,CUST9570,Male,51,Clothing,5,319,1595
3396,24-11-2023,CUST0399,Female,62,Electronics,7,433,3031
3397,24-11-2023,CUST3390,Female,20,Groceries,19,27,513
3398,24-11-2023,CUST7857,Female,66,Electronics,19,117,2223
3399,24-11-2023,CUST6916,Female,53,Clothing,12,46,552
3400,24-11-2023,CUST5635,Female,46,Electronics,12,37,444
3401,24-11-2023,CUST8837,Female,27,Electronics,1,155,155
3402,24-11-2023,CUST2276,Female,51,Groceries,12,348,4176
3403,24-11-2023,CUST0291,Male,55,Books,7,49,343
3404,24-11-2023,CUST3710,Female,69,Electronics,4,210,840
3405,24-11-2023,CUST9177,Female,21,Books,6,406,2436
3406,24-11-2023,CUST2694,Female,27,Beauty,4,460,1840
3407,24-11-2023,CUST5887,Male,24,Clothing,18,188,3384
3408,24-11-2023,CUST8584,Male,45,Books,15,139,2085
3409,24-11-2023,CUST4508,Female,24,Books,19,103,1957
3410,24-11-2023,CUST7935,Male,21,Beauty,11,320,3520
3411,24-11-2023,CUST1015,Female,37,Groceries,4,153,612
3412,24-11-2023,CUST2155,Male,31,Electronics,9,231,2079
3413,24-11-2023,CUST8040,Male,42,Books,19,16,304
3414,24-11-2023,CUST3916,Female,36,Clothing,9,410,3690
3415,24-11-2023,CUST7850,Female,63,Books,5,117,585
3416,24-11-2023,CUST1545,Female,41,Sports,19,210,3990
3417,24-11-2023,CUST7356,Male,33,Books,17,350,5950
3418,24-11-2023,CUST8166,Female,49,Books,14,69,966
3419,24-11-2023,CUST1870,Male,21,Beauty,14,499,6986
3420,24-11-2023,CUST7595,Male,52,Beauty,6,335,2010
3421,24-11-2023,CUST3214,Female,27,Beauty,2,391,782
3422,24-11-2023,CUST1913,Female,37,Electronics,15,145,2175
3423,24-11-2023,CUST7582,Female,53,Electronics,19,221,4199
3424,24-11-2023,CUST7201,Male,53,Electronics,18,410,7380
3425,24-11-2023,CUST9428,Male,38,Beauty,8,230,1840
3426,24-11-2023,CUST8114,Male,34,Books,10,434,4340
3427,24-11-2023,CUST1693,Female,19,Beauty,6,357,2142
3428,24-11-2023,CUST0905,Female,47,Groceries,7,233,1631
3429,24-11-2023,CUST3468,Male,37,Electronics,5,393,1965
3430,24-11-2023,CUST4422,Male,42,Books,3,301,903
3431,24-11-2023,CUST6300,Male,56,Beauty,7,282,1974
3432,24-11-2023,CUST5307,Female,20,Sports,6,77,462
3433,24-11-2023,CUST3905,Female,29,Books,13,330,4290
3434,24-11-2023,CUST3935,Male,31,Clothing,9,59,531
3435,24-11-2023,CUST1329,Female,39,Clothing,16,243,3888
3436,24-11-2023,CUST1591,Male,36,Clothing,17,439,7463
3437,24-11-2023,CUST6008,Female,31,Beauty,10,397,3970
3438,24-11-2023,CUST4160,Male,21,Clothing,15,116,1740
3439,24-11-2023,CUST9556,Male,39,Sports,2,310,620
3440,24-11-2023,CUST0535,Male,35,Electronics,9,348,3132
3441,24-11-2023,CUST6328,Female,33,Electronics,10,175,1750
3442,24-11-2023,CUST7962,Female,28,Sports,17,49,833
3443,24-11-2023,CUST0781,Female,61,Books,10,281,2810
3444,24-11-2023,CUST1550,Female,40,Sports,14,105,1470
3445,24-11-2023,CUST7362,Male,49,Books,5,246,1230
3446,24-11-2023,CUST2610,Female,19,Electronics,12,297,3564
3447,24-11-2023,CUST0753,Male,48,Clothing,20,236,4720
3448,24-11-2023,CUST6842,Male,22,Sports,13,89,1157
3449,24-11-2023,CUST6293,Male,49,Sports,14,342,4788
3450,24-11-2023,CUST2437,Male,58,Groceries,18,109,1962
3451,24-11-2023,CUST6045,Male,29,Groceries,17,107,1819
3452,24-11-2023,CUST5837,Male,63,Clothing,20,396,7920
3453,24-11-2023,CUST5769,Female,29,Books,14,128,1792
3454,24-11-2023,CUST9896,Female,23,Groceries,19,417,7923
3455,24-11-2023,CUST5371,Male,19,Books,12,209,2508
3456,24-11-2023,CUST2652,Female,20,Books,19,129,2451
3457,24-11-2023,CUST3392,Male,27,Beauty,16,395,6320
3458,24-11-2023,CUST7240,Female,35,Beauty,1,147,147
3459,24-11-2023,CUST9302,Male,47,Clothing,4,31,124
3460,24-11-2023,CUST8720,Female,64,Electronics,3,198,594
3461,24-11-2023,CUST1107,Female,60,Electronics,8,349,2792
3462,24-11-2023,CUST0757,Female,47,Books,13,356,4628
3463,24-11-2023,CUST2720,Female,21,Books,3,303,909
3464,24-11-2023,CUST9480,Female,51,Electronics,1,310,310
3465,24-11-2023,CUST2738,Male,50,Electronics,1,148,148
3466,24-11-2023,CUST4959,Female,67,Groceries,18,270,4860
3467,24-11-2023,CUST2259,Female,39,Beauty,15,159,2385
3468,24-11-2023,CUST1734,Male,61,Groceries,2,452,904
3469,24-11-2023,CUST5060,Male,32,Clothing,10,496,4960
3470,24-11-2023,CUST7936,Male,48,Sports,8,277,2216
3471,24-11-2023,CUST9547,Male,67,Sports,7,77,539
3472,24-11-2023,CUST9205,Female,34,Books,11,453,4983
3473,24-11-2023,CUST3322,Female,58,Groceries,9,452,4068
3474,24-11-2023,CUST6473,Female,42,Books,12,316,3792
3475,24-11-2023,CUST4314,Female,25,Groceries,4,414,1656
3476,24-11-2023,CUST3054,Female,33,Sports,17,244,4148
3477,24-11-2023,CUST8580,Female,21,Electronics,6,492,2952
3478,24-11-2023,CUST5459,Male,43,Clothing,1,152,152
3479,24-11-2023,CUST4663,Female,51,Clothing,9,427,3843
3480,24-11-2023,CUST5290,Female,55,Books,17,71,1207
3481,24-11-2023,CUST4700,Female,56,Clothing,20,216,4320
3482,24-11-2023,CUST3992,Male,55,Clothing,10,60,600
3483,24-11-2023,CUST0649,Male,41,Beauty,1,249,249
3484,24-11-2023,CUST1347,Female,29,Clothing,17,163,2771
3485,24-11-2023,CUST8299,Female,18,Sports,10,93,930
3486,24-11-2023,CUST0242,Male,23,Sports,2,21,42
3487,24-11-2023,CUST3743,Male,63,Clothing,8,135,1080
3488,24-11-2023,CUST2477,Male,62,Clothing,20,490,9800
3489,24-11-2023,CUST2065,Female,54,Groceries,15,239,3585
3490,24-11-2023,CUST8396,Female,58,Electronics,16,165,2640
3491,24-11-2023,CUST1814,Female,56,Books,6,65,390
3492,24-11-2023,CUST1097,Female,42,Beauty,19,383,7277
3493,24-11-2023,CUST2948,Female,46,Clothing,2,393,786
3494,24-11-2023,CUST5377,Male,23,Clothing,8,405,3240
3495,24-11-2023,CUST0480,Female,56,Groceries,12,381,4572
3496,24-11-2023,CUST4159,Male,40,Clothing,11,206,2266
3497,24-11-2023,CUST5984,Male,24,Clothing,6,224,1344
3498,24-11-2023,CUST8316,Male,56,Groceries,14,335,4690
3499,24-11-2023,CUST4960,Male,40,Beauty,8,372,2976
3500,24-11-2023,CUST5314,Female,70,Books,1,197,197
3501,24-11-2023,CUST8786,Female,45,Electronics,17,280,4760
3502,24-11-2023,CUST7567,Male,66,Books,15,22,330
3503,24-11-2023,CUST8966,Female,42,Beauty,4,431,1724
3504,24-11-2023,CUST8282,Male,63,Sports,11,277,3047
3505,24-11-2023,CUST4378,Male,59,Clothing,9,36,324
3506,24-11-2023,CUST5105,Female,41,Beauty,1,396,396
3507,24-11-2023,CUST6455,Male,59,Clothing,8,344,2752
3508,24-11-2023,CUST1023,Female,41,Electronics,18,336,6048
3509,24-11-2023,CUST7825,Male,40,Groceries,3,56,168
3510,24-11-2023,CUST3726,Female,59,Electronics,5,232,1160
3511,24-11-2023,CUST8285,Female,58,Groceries,4,311,1244
3512,24-11-2023,CUST0236,Female,43,Clothing,17,367,6239
3513,24-11-2023,CUST0056,Male,67,Beauty,1,118,118
3514,24-11-2023,CUST5474,Male,22,Clothing,3,433,1299
3515,24-11-2023,CUST6874,Male,18,Books,16,393,6288
3516,24-11-2023,CUST8438,Female,39,Groceries,1,487,487
3517,24-11-2023,CUST8429,Female,28,Groceries,20,459,9180
3518,24-11-2023,CUST0754,Male,70,Books,19,382,7258
3519,24-11-2023,CUST0320,Female,38,Groceries,15,354,5310
3520,24-11-2023,CUST2869,Female,25,Electronics,14,236,3304
3521,24-11-2023,CUST6287,Male,55,Sports,3,60,180
3522,24-11-2023,CUST2539,Male,21,Groceries,15,167,2505
3523,24-11-2023,CUST1869,Female,68,Books,11,245,2695
3524,24-11-2023,CUST1610,Male,68,Clothing,11,495,5445
3525,24-11-2023,CUST3979,Male,46,Groceries,8,292,2336
3526,24-11-2023,CUST1870,Male,68,Groceries,15,232,3480
3527,24-11-2023,CUST6109,Female,36,Electronics,11,325,3575
3528,24-11-2023,CUST4135,Male,68,Beauty,18,293,5274
3529,24-11-2023,CUST8044,Female,20,Sports,2,199,398
3530,24-11-2023,CUST2488,Female,19,Groceries,16,436,6976
3531,24-11-2023,CUST5462,Female,18,Groceries,5,84,420
3532,24-11-2023,CUST0670,Female,39,Electronics,4,191,764
3533,24-11-2023,CUST6939,Male,51,Sports,6,290,1740
3534,24-11-2023,CUST6165,Female,25,Books,20,390,7800
3535,24-11-2023,CUST5184,Male,69,Electronics,7,408,2856
3536,24-11-2023,CUST7541,Male,50,Electronics,17,180,3060
3537,24-11-2023,CUST2072,Female,27,Books,18,377,6786
3538,24-11-2023,CUST6739,Female,48,Clothing,20,321,6420
3539,24-11-2023,CUST0125,Female,33,Electronics,16,264,4224
3540,24-11-2023,CUST9503,Female,24,Groceries,9,215,1935
3541,24-11-2023,CUST1333,Female,40,Books,1,342,342
3542,24-11-2023,CUST2631,Female,41,Electronics,14,72,1008
3543,24-11-2023,CUST2452,Male,50,Beauty,18,484,8712
3544,24-11-2023,CUST9354,Male,37,Clothing,20,388,7760
3545,24-11-2023,CUST3525,Female,45,Books,6,49,294
3546,24-11-2023,CUST0080,Male,18,Beauty,4,227,908
3547,24-11-2023,CUST8071,Female,66,Groceries,19,160,3040
3548,24-11-2023,CUST7300,Female,52,Electronics,5,212,1060
3549,24-11-2023,CUST4261,Male,32,Electronics,16,107,1712
3550,24-11-2023,CUST8644,Female,64,Books,2,162,324
3551,24-11-2023,CUST1993,Female,22,Sports,10,143,1430
3552,24-11-2023,CUST6530,Male,46,Groceries,17,165,2805
3553,24-11-2023,CUST2481,Female,41,Electronics,4,356,1424
3554,24-11-2023,CUST0665,Female,50,Sports,4,341,1364
3555,24-11-2023,CUST7785,Female,45,Electronics,14,279,3906
3556,24-11-2023,CUST8108,Male,51,Clothing,4,36,144
3557,24-11-2023,CUST8397,Male,21,Beauty,2,121,242
3558,24-11-2023,CUST5484,Female,65,Sports,20,351,7020
3559,24-11-2023,CUST4556,Female,69,Beauty,15,412,6180
3560,24-11-2023,CUST8770,Male,30,Books,10,291,2910
3561,24-11-2023,CUST5638,Female,33,Books,7,138,966
3562,24-11-2023,CUST1586,Female,56,Sports,16,429,6864
3563,24-11-2023,CUST2353,Male,35,Sports,1,375,375
3564,24-11-2023,CUST8713,Male,25,Books,17,456,7752
3565,24-11-2023,CUST4894,Female,23,Electronics,5,228,1140
3566,24-11-2023,CUST7285,Male,19,Groceries,12,230,2760
3567,24-11-2023,CUST2530,Female,18,Clothing,11,449,4939
3568,24-11-2023,CUST1662,Female,45,Electronics,17,179,3043
3569,24-11-2023,CUST8750,Male,28,Groceries,17,467,7939
3570,24-11-2023,CUST2193,Female,33,Clothing,16,257,4112
3571,24-11-2023,CUST6279,Male,35,Sports,19,86,1634
3572,24-11-2023,CUST4415,Male,46,Books,2,81,162
3573,24-11-2023,CUST0636,Female,65,Groceries,8,485,3880
3574,24-11-2023,CUST3357,Female,69,Books,1,212,212
3575,24-11-2023,CUST0334,Female,33,Groceries,13,428,5564
3576,24-11-2023,CUST9951,Female,57,Groceries,19,93,1767
3577,24-11-2023,CUST2232,Male,45,Sports,13,139,1807
3578,24-11-2023,CUST7080,Female,53,Groceries,2,93,186
3579,24-11-2023,CUST0861,Male,25,Electronics,16,410,6560
3580,24-11-2023,CUST8599,Male,51,Electronics,15,299,4485
3581,24-11-2023,CUST9150,Male,49,Groceries,17,383,6511
3582,24-11-2023,CUST0343,Male,54,Sports,6,476,2856
3583,24-11-2023,CUST2306,Male,55,Beauty,20,244,4880
3584,24-11-2023,CUST7615,Male,58,Clothing,5,121,605
3585,24-11-2023,CUST1257,Female,29,Books,7,438,3066
3586,24-11-2023,CUST2279,Female,68,Clothing,10,429,4290
3587,24-11-2023,CUST1010,Male,24,Sports,16,443,7088
3588,24-11-2023,CUST9410,Male,36,Sports,5,174,870
3589,24-11-2023,CUST1061,Female,30,Groceries,6,463,2778
3590,24-11-2023,CUST7784,Female,18,Books,13,440,5720
3591,24-11-2023,CUST2519,Female,66,Clothing,20,36,720
3592,24-11-2023,CUST4128,Female,34,Groceries,1,441,441
3593,24-11-2023,CUST7375,Female,34,Sports,20,336,6720
3594,24-11-2023,CUST4419,Female,37,Electronics,14,73,1022
3595,24-11-2023,CUST6414,Male,22,Sports,11,201,2211
3596,24-11-2023,CUST3906,Female,66,Books,4,35,140
3597,24-11-2023,CUST9271,Male,20,Clothing,11,84,924
3598,24-11-2023,CUST3793,Male,25,Beauty,18,286,5148
3599,24-11-2023,CUST0188,Male,19,Clothing,12,147,1764
3600,24-11-2023,CUST8042,Male,51,Electronics,13,59,767
3601,24-11-2023,CUST0955,Male,20,Groceries,8,34,272
3602,24-11-2023,CUST0451,Female,31,Beauty,9,425,3825
3603,24-11-2023,CUST7723,Male,36,Clothing,2,406,812
3604,24-11-2023,CUST8108,Male,36,Groceries,2,219,438
3605,24-11-2023,CUST4624,Male,59,Beauty,2,370,740
3606,24-11-2023,CUST3161,Female,57,Books,20,401,8020
3607,24-11-2023,CUST5282,Female,47,Sports,12,287,3444
3608,24-11-2023,CUST2477,Male,69,Groceries,14,148,2072
3609,24-11-2023,CUST2673,Male,42,Groceries,16,241,3856
3610,24-11-2023,CUST8680,Male,24,Clothing,16,27,432
3611,24-11-2023,CUST7425,Female,20,Beauty,18,411,7398
3612,24-11-2023,CUST1550,Female,23,Sports,1,197,197
3613,24-11-2023,CUST3044,Female,27,Sports,6,125,750
3614,24-11-2023,CUST9813,Male,55,Clothing,20,34,680
3615,24-11-2023,CUST0134,Male,62,Beauty,15,130,1950
3616,24-11-2023,CUST3023,Male,39,Books,10,17,170
3617,24-11-2023,CUST2718,Male,55,Books,14,83,1162
3618,24-11-2023,CUST9256,Male,30,Sports,19,29,551
3619,24-11-2023,CUST3400,Female,51,Beauty,12,318,3816
3620,24-11-2023,CUST4711,Male,46,Beauty,5,198,990
3621,24-11-2023,CUST1944,Male,30,Clothing,20,228,4560
3622,24-11-2023,CUST1942,Female,21,Books,1,390,390
3623,24-11-2023,CUST7033,Female,64,Sports,7,228,1596
3624,24-11-2023,CUST7443,Male,42,Electronics,6,201,1206
3625,24-11-2023,CUST1699,Female,62,Clothing,5,99,495
3626,24-11-2023,CUST8605,Male,58,Electronics,17,58,986
3627,24-11-2023,CUST8439,Male,44,Electronics,11,87,957
3628,24-11-2023,CUST8890,Female,19,Sports,18,112,2016
3629,24-11-2023,CUST2363,Female,66,Sports,5,49,245
3630,24-11-2023,CUST0890,Female,63,Groceries,4,490,1960
3631,24-11-2023,CUST7289,Female,67,Electronics,20,494,9880
3632,24-11-2023,CUST1626,Male,38,Books,20,365,7300
3633,24-11-2023,CUST5931,Female,63,Groceries,19,146,2774
3634,24-11-2023,CUST9811,Male,69,Beauty,16,383,6128
3635,24-11-2023,CUST7975,Male,45,Clothing,18,309,5562
3636,24-11-2023,CUST2541,Female,24,Groceries,9,383,3447
3637,24-11-2023,CUST1759,Female,54,Beauty,7,416,2912
3638,24-11-2023,CUST6154,Female,64,Clothing,5,253,1265
3639,24-11-2023,CUST9282,Female,37,Books,6,387,2322
3640,24-11-2023,CUST7356,Female,62,Clothing,15,110,1650
3641,24-11-2023,CUST5334,Female,36,Clothing,19,152,2888
3642,24-11-2023,CUST3907,Male,68,Books,6,396,2376
3643,24-11-2023,CUST2347,Female,54,Electronics,13,144,1872
3644,24-11-2023,CUST6386,Male,39,Books,10,355,3550
3645,24-11-2023,CUST5913,Female,42,Books,1,67,67
3646,24-11-2023,CUST8429,Male,33,Clothing,15,327,4905
3647,24-11-2023,CUST5274,Male,45,Sports,4,337,1348
3648,24-11-2023,CUST3121,Male,65,Groceries,16,387,6192
3649,24-11-2023,CUST7932,Female,67,Groceries,15,263,3945
3650,24-11-2023,CUST7384,Female,42,Electronics,19,277,5263
3651,24-11-2023,CUST7316,Male,50,Groceries,4,394,1576
3652,24-11-2023,CUST3889,Male,55,Sports,11,146,1606
3653,24-11-2023,CUST0770,Female,20,Electronics,19,290,5510
3654,24-11-2023,CUST0260,Female,31,Clothing,18,389,7002
3655,24-11-2023,CUST9011,Female,27,Beauty,14,402,5628
3656,24-11-2023,CUST4829,Male,37,Electronics,6,307,1842
3657,24-11-2023,CUST1422,Male,25,Clothing,3,223,669
3658,24-11-2023,CUST1378,Male,64,Electronics,6,14,84
3659,24-11-2023,CUST5125,Male,69,Beauty,16,172,2752
3660,24-11-2023,CUST3538,Female,53,Clothing,11,291,3201
3661,24-11-2023,CUST5805,Female,66,Sports,15,392,5880
3662,24-11-2023,CUST7238,Female,70,Sports,19,324,6156
3663,24-11-2023,CUST7079,Male,59,Clothing,3,195,585
3664,24-11-2023,CUST5184,Female,56,Sports,20,228,4560
3665,24-11-2023,CUST9780,Male,63,Electronics,11,138,1518
3666,24-11-2023,CUST3278,Female,29,Beauty,11,453,4983
3667,24-11-2023,CUST3420,Male,33,Electronics,11,425,4675
3668,24-11-2023,CUST4449,Male,20,Electronics,3,54,162
3669,24-11-2023,CUST4071,Female,36,Beauty,18,262,4716
3670,24-11-2023,CUST9807,Female,62,Books,7,268,1876
3671,24-11-2023,CUST7722,Female,68,Groceries,4,38,152
3672,24-11-2023,CUST4723,Female,37,Groceries,1,417,417
3673,24-11-2023,CUST5233,Female,56,Groceries,4,115,460
3674,24-11-2023,CUST9906,Male,50,Clothing,9,177,1593
3675,24-11-2023,CUST4043,Male,65,Clothing,14,409,5726
3676,24-11-2023,CUST4493,Female,28,Clothing,4,295,1180
3677,24-11-2023,CUST4990,Male,24,Books,20,357,7140
3678,24-11-2023,CUST5353,Female,35,Electronics,15,297,4455
3679,24-11-2023,CUST9881,Female,20,Books,14,496,6944
3680,24-11-2023,CUST4772,Male,22,Electronics,12,381,4572
3681,24-11-2023,CUST3456,Female,51,Books,20,499,9980
3682,24-11-2023,CUST0896,Female,52,Books,8,76,608
3683,24-11-2023,CUST3902,Male,32,Clothing,7,299,2093
3684,24-11-2023,CUST2205,Female,53,Clothing,8,253,2024
3685,24-11-2023,CUST9151,Male,39,Books,13,77,1001
3686,24-11-2023,CUST7162,Male,66,Beauty,19,418,7942
3687,24-11-2023,CUST9169,Female,62,Electronics,14,95,1330
3688,24-11-2023,CUST1386,Female,58,Clothing,2,121,242
3689,24-11-2023,CUST5529,Female,46,Clothing,1,441,441
3690,24-11-2023,CUST4494,Male,37,Groceries,11,48,528
3691,24-11-2023,CUST3769,Male,42,Sports,12,172,2064
3692,24-11-2023,CUST4097,Female,57,Electronics,11,306,3366
3693,24-11-2023,CUST3699,Male,43,Groceries,2,89,178
3694,24-11-2023,CUST9223,Male,54,Beauty,7,446,3122
3695,24-11-2023,CUST6933,Male,22,Clothing,11,187,2057
3696,24-11-2023,CUST6622,Female,56,Beauty,6,86,516
3697,24-11-2023,CUST5248,Female,64,Books,8,175,1400
3698,24-11-2023,CUST8125,Male,22,Beauty,15,108,1620
3699,24-11-2023,CUST4445,Male,64,Books,16,379,6064
3700,24-11-2023,CUST5248,Female,59,Beauty,9,119,1071
3701,24-11-2023,CUST1520,Male,66,Sports,6,399,2394
3702,24-11-2023,CUST2200,Female,39,Electronics,4,271,1084
3703,24-11-2023,CUST6341,Female,25,Electronics,3,306,918
3704,24-11-2023,CUST4637,Female,57,Groceries,8,34,272
3705,24-11-2023,CUST6250,Female,60,Electronics,4,460,1840
3706,24-11-2023,CUST1095,Female,70,Groceries,12,352,4224
3707,24-11-2023,CUST3646,Female,52,Groceries,14,188,2632
3708,24-11-2023,CUST2248,Female,57,Electronics,8,23,184
3709,24-11-2023,CUST1033,Male,69,Sports,18,60,1080
3710,24-11-2023,CUST6670,Male,49,Clothing,3,372,1116
3711,24-11-2023,CUST7835,Male,38,Sports,2,379,758
3712,24-11-2023,CUST3390,Female,64,Groceries,20,25,500
3713,24-11-2023,CUST8411,Female,56,Clothing,14,215,3010
3714,24-11-2023,CUST7778,Male,66,Beauty,5,100,500
3715,24-11-2023,CUST8587,Male,63,Beauty,2,75,150
3716,24-11-2023,CUST4211,Male,46,Clothing,10,386,3860
3717,24-11-2023,CUST6148,Male,58,Beauty,17,25,425
3718,24-11-2023,CUST5035,Female,54,Books,13,434,5642
3719,24-11-2023,CUST0386,Male,44,Sports,20,313,6260
3720,24-11-2023,CUST8672,Female,45,Groceries,15,14,210
3721,24-11-2023,CUST9749,Female,25,Clothing,11,105,1155
3722,24-11-2023,CUST5290,Female,52,Books,3,32,96
3723,24-11-2023,CUST3343,Female,45,Sports,16,119,1904
3724,24-11-2023,CUST0821,Female,28,Beauty,18,204,3672
3725,24-11-2023,CUST2663,Male,68,Beauty,10,32,320
3726,24-11-2023,CUST8310,Female,34,Groceries,9,445,4005
3727,24-11-2023,CUST3747,Female,46,Sports,18,236,4248
3728,24-11-2023,CUST3329,Female,66,Groceries,20,293,5860
3729,24-11-2023,CUST7324,Female,41,Beauty,17,301,5117
3730,24-11-2023,CUST8798,Female,40,Clothing,5,327,1635
3731,24-11-2023,CUST6650,Male,21,Groceries,10,236,2360
3732,24-11-2023,CUST2095,Female,45,Clothing,1,246,246
3733,24-11-2023,CUST8888,Female,36,Beauty,12,359,4308
3734,24-11-2023,CUST8595,Male,60,Groceries,7,252,1764
3735,24-11-2023,CUST4924,Female,37,Sports,17,348,5916
3736,24-11-2023,CUST9723,Female,42,Clothing,13,445,5785
3737,24-11-2023,CUST9218,Female,59,Beauty,16,18,288
3738,24-11-2023,CUST3726,Male,70,Electronics,5,310,1550
3739,24-11-2023,CUST2912,Female,37,Sports,10,271,2710
3740,24-11-2023,CUST2624,Male,23,Sports,18,281,5058
3741,24-11-2023,CUST6763,Female,59,Electronics,13,38,494
3742,24-11-2023,CUST8610,Female,57,Clothing,1,368,368
3743,24-11-2023,CUST7600,Male,61,Groceries,15,59,885
3744,24-11-2023,CUST8406,Male,38,Electronics,12,210,2520
3745,24-11-2023,CUST7353,Female,37,Books,3,172,516
3746,24-11-2023,CUST5012,Female,44,Beauty,2,86,172
3747,24-11-2023,CUST0825,Male,26,Clothing,12,340,4080
3748,24-11-2023,CUST3216,Female,42,Books,13,402,5226
3749,24-11-2023,CUST3337,Male,54,Books,18,282,5076
3750,24-11-2023,CUST1806,Female,64,Clothing,13,319,4147
3751,24-11-2023,CUST8190,Male,22,Groceries,5,266,1330
3752,24-11-2023,CUST5890,Male,45,Groceries,14,86,1204
3753,24-11-2023,CUST3694,Female,62,Groceries,17,83,1411
3754,24-11-2023,CUST7305,Female,45,Sports,11,369,4059
3755,24-11-2023,CUST8322,Male,53,Electronics,6,52,312
3756,24-11-2023,CUST4863,Female,27,Books,2,477,954
3757,24-11-2023,CUST8105,Female,36,Sports,2,171,342
3758,24-11-2023,CUST2579,Male,47,Sports,7,264,1848
3759,24-11-2023,CUST2351,Male,51,Sports,9,149,1341
3760,24-11-2023,CUST6268,Male,48,Clothing,9,478,4302
3761,24-11-2023,CUST7764,Female,47,Beauty,13,435,5655
3762,24-11-2023,CUST8643,Male,58,Beauty,8,187,1496
3763,24-11-2023,CUST2953,Female,48,Beauty,17,30,510
3764,24-11-2023,CUST8662,Male,53,Clothing,20,339,6780
3765,24-11-2023,CUST2606,Female,67,Books,6,89,534
3766,24-11-2023,CUST4022,Female,40,Groceries,1,385,385
3767,24-11-2023,CUST0825,Male,45,Groceries,2,129,258
3768,24-11-2023,CUST0404,Female,23,Sports,2,386,772
3769,24-11-2023,CUST8087,Male,23,Sports,4,452,1808
3770,24-11-2023,CUST2421,Female,49,Sports,10,234,2340
3771,24-11-2023,CUST7283,Male,35,Groceries,11,341,3751
3772,24-11-2023,CUST7575,Female,41,Beauty,12,130,1560
3773,24-11-2023,CUST5220,Female,18,Books,17,209,3553
3774,24-11-2023,CUST1270,Male,20,Sports,16,120,1920
3775,24-11-2023,CUST6323,Female,38,Groceries,19,124,2356
3776,24-11-2023,CUST3977,Female,35,Electronics,14,241,3374
3777,24-11-2023,CUST2106,Male,58,Beauty,15,366,5490
3778,24-11-2023,CUST4825,Female,54,Books,9,41,369
3779,24-11-2023,CUST8533,Female,43,Beauty,15,145,2175
3780,24-11-2023,CUST8282,Male,36,Clothing,10,413,4130
3781,24-11-2023,CUST5069,Female,68,Clothing,6,217,1302
3782,24-11-2023,CUST8614,Female,53,Sports,2,188,376
3783,24-11-2023,CUST4116,Female,21,Electronics,17,227,3859
3784,24-11-2023,CUST9938,Female,34,Beauty,17,95,1615
3785,24-11-2023,CUST3495,Female,67,Books,10,310,3100
3786,24-11-2023,CUST5108,Female,39,Clothing,3,172,516
3787,24-11-2023,CUST6059,Female,57,Electronics,13,128,1664
3788,24-11-2023,CUST2110,Female,37,Beauty,16,402,6432
3789,24-11-2023,CUST6701,Female,27,Books,15,205,3075
3790,24-11-2023,CUST0715,Female,42,Books,13,326,4238
3791,24-11-2023,CUST5311,Male,32,Clothing,5,100,500
3792,24-11-2023,CUST6858,Male,64,Groceries,17,304,5168
3793,24-11-2023,CUST6231,Female,46,Electronics,14,123,1722
3794,24-11-2023,CUST6997,Male,23,Books,4,382,1528
3795,24-11-2023,CUST0629,Male,55,Clothing,19,139,2641
3796,24-11-2023,CUST3103,Male,53,Groceries,11,181,1991
3797,24-11-2023,CUST3509,Male,22,Electronics,7,474,3318
3798,24-11-2023,CUST4805,Male,35,Books,5,309,1545
3799,24-11-2023,CUST3534,Female,40,Books,8,52,416
3800,24-11-2023,CUST1733,Female,27,Electronics,2,40,80
3801,24-11-2023,CUST2972,Male,38,Books,4,88,352
3802,24-11-2023,CUST9474,Male,68,Electronics,17,247,4199
3803,24-11-2023,CUST3981,Male,68,Sports,8,105,840
3804,24-11-2023,CUST2195,Male,25,Electronics,8,29,232
3805,24-11-2023,CUST9115,Male,27,Groceries,11,77,847
3806,24-11-2023,CUST6660,Female,56,Groceries,13,241,3133
3807,24-11-2023,CUST6995,Female,56,Beauty,17,210,3570
3808,24-11-2023,CUST2726,Female,47,Clothing,3,499,1497
3809,24-11-2023,CUST6278,Female,47,Books,10,78,780
3810,24-11-2023,CUST4788,Female,26,Books,20,300,6000
3811,24-11-2023,CUST7004,Female,38,Clothing,13,371,4823
3812,24-11-2023,CUST6932,Male,28,Sports,18,86,1548
3813,24-11-2023,CUST6665,Female,56,Electronics,12,351,4212
3814,24-11-2023,CUST6062,Female,24,Groceries,11,429,4719
3815,24-11-2023,CUST1702,Female,59,Beauty,15,258,3870
3816,24-11-2023,CUST9142,Male,57,Groceries,5,145,725
3817,24-11-2023,CUST1805,Male,29,Sports,19,475,9025
3818,24-11-2023,CUST3072,Female,32,Sports,20,18,360
3819,24-11-2023,CUST0677,Female,24,Electronics,15,14,210
3820,24-11-2023,CUST5505,Male,20,Books,12,226,2712
3821,24-11-2023,CUST1711,Male,56,Groceries,10,386,3860
3822,24-11-2023,CUST4581,Female,68,Groceries,2,15,30
3823,24-11-2023,CUST6987,Female,37,Clothing,2,133,266
3824,24-11-2023,CUST3353,Male,52,Clothing,10,299,2990
3825,24-11-2023,CUST4718,Male,37,Books,16,500,8000
3826,24-11-2023,CUST1767,Female,62,Sports,8,54,432
3827,24-11-2023,CUST1585,Male,28,Books,3,429,1287
3828,24-11-2023,CUST8484,Female,40,Sports,5,12,60
3829,24-11-2023,CUST6543,Female,28,Clothing,4,371,1484
3830,24-11-2023,CUST9737,Female,42,Sports,17,465,7905
3831,24-11-2023,CUST2727,Female,25,Sports,9,323,2907
3832,24-11-2023,CUST7779,Female,54,Electronics,13,160,2080
3833,24-11-2023,CUST7615,Female,65,Books,19,154,2926
3834,24-11-2023,CUST9300,Male,42,Electronics,20,217,4340
3835,24-11-2023,CUST9121,Female,46,Books,16,214,3424
3836,24-11-2023,CUST5477,Male,34,Sports,6,483,2898
3837,24-11-2023,CUST8832,Male,54,Groceries,16,201,3216
3838,24-11-2023,CUST0841,Female,29,Beauty,19,479,9101
3839,24-11-2023,CUST6160,Male,25,Beauty,18,27,486
3840,24-11-2023,CUST2887,Female,47,Clothing,19,466,8854
3841,24-11-2023,CUST6754,Female,59,Sports,3,399,1197
3842,24-11-2023,CUST2977,Male,59,Groceries,16,156,2496
3843,24-11-2023,CUST5062,Female,31,Sports,19,497,9443
3844,24-11-2023,CUST6025,Female,61,Groceries,4,206,824
3845,24-11-2023,CUST8362,Male,25,Groceries,19,221,4199
3846,24-11-2023,CUST4802,Male,69,Sports,17,77,1309
3847,24-11-2023,CUST9462,Female,65,Clothing,16,71,1136
3848,24-11-2023,CUST6908,Male,51,Groceries,15,220,3300
3849,24-11-2023,CUST6358,Male,38,Electronics,16,98,1568
3850,24-11-2023,CUST3870,Male,41,Beauty,2,227,454
3851,24-11-2023,CUST9683,Male,51,Electronics,14,74,1036
3852,24-11-2023,CUST6869,Female,27,Sports,3,284,852
3853,24-11-2023,CUST6559,Female,40,Sports,20,456,9120
3854,24-11-2023,CUST4449,Male,47,Clothing,14,33,462
3855,24-11-2023,CUST4675,Female,43,Beauty,2,200,400
3856,24-11-2023,CUST8852,Female,36,Groceries,3,88,264
3857,24-11-2023,CUST1214,Female,36,Sports,15,263,3945
3858,24-11-2023,CUST2125,Female,64,Groceries,12,238,2856
3859,24-11-2023,CUST7662,Female,67,Beauty,18,43,774
3860,24-11-2023,CUST9591,Male,50,Electronics,6,394,2364
3861,24-11-2023,CUST2419,Male,44,Books,20,246,4920
3862,24-11-2023,CUST9547,Male,38,Books,13,196,2548
3863,24-11-2023,CUST2094,Male,27,Sports,17,198,3366
3864,24-11-2023,CUST4465,Female,57,Electronics,19,142,2698
3865,24-11-2023,CUST3495,Male,43,Books,20,288,5760
3866,24-11-2023,CUST9063,Male,64,Beauty,14,486,6804
3867,24-11-2023,CUST6244,Female,58,Groceries,17,177,3009
3868,24-11-2023,CUST0144,Female,42,Groceries,2,339,678
3869,24-11-2023,CUST5837,Male,34,Sports,10,314,3140
3870,24-11-2023,CUST1322,Male,28,Sports,11,476,5236
3871,24-11-2023,CUST9901,Male,56,Electronics,5,57,285
3872,24-11-2023,CUST1757,Male,33,Sports,17,287,4879
3873,24-11-2023,CUST5844,Male,24,Electronics,7,251,1757
3874,24-11-2023,CUST6120,Male,63,Clothing,13,107,1391
3875,24-11-2023,CUST2800,Male,54,Electronics,19,418,7942
3876,24-11-2023,CUST4213,Female,35,Sports,10,428,4280
3877,24-11-2023,CUST5191,Female,44,Clothing,17,473,8041
3878,24-11-2023,CUST3267,Female,28,Sports,11,482,5302
3879,24-11-2023,CUST4301,Male,22,Electronics,20,309,6180
3880,24-11-2023,CUST4772,Female,19,Books,9,344,3096
3881,24-11-2023,CUST1901,Female,18,Electronics,15,475,7125
3882,24-11-2023,CUST0468,Female,60,Electronics,14,132,1848
3883,24-11-2023,CUST3226,Female,50,Beauty,2,428,856
3884,24-11-2023,CUST3795,Female,38,Electronics,19,259,4921
3885,24-11-2023,CUST3177,Male,52,Beauty,5,263,1315
3886,24-11-2023,CUST2617,Male,56,Groceries,14,14,196
3887,24-11-2023,CUST2420,Female,69,Groceries,1,485,485
3888,24-11-2023,CUST6870,Male,23,Electronics,10,196,1960
3889,24-11-2023,CUST8220,Male,31,Electronics,20,373,7460
3890,24-11-2023,CUST4065,Male,32,Clothing,14,427,5978
3891,24-11-2023,CUST4533,Male,39,Books,17,149,2533
3892,24-11-2023,CUST6271,Female,25,Clothing,4,120,480
3893,24-11-2023,CUST3338,Female,26,Groceries,12,207,2484
3894,24-11-2023,CUST6439,Male,51,Sports,3,131,393
3895,24-11-2023,CUST8948,Male,53,Beauty,20,461,9220
3896,24-11-2023,CUST4155,Male,46,Books,13,332,4316
3897,24-11-2023,CUST4587,Female,22,Clothing,9,10,90
3898,24-11-2023,CUST7843,Female,70,Groceries,16,209,3344
3899,24-11-2023,CUST5472,Female,61,Books,7,203,1421
3900,24-11-2023,CUST6958,Male,23,Clothing,10,108,1080
3901,24-11-2023,CUST1744,Female,32,Groceries,18,61,1098
3902,24-11-2023,CUST8941,Male,47,Beauty,12,75,900
3903,24-11-2023,CUST8652,Male,60,Clothing,5,170,850
3904,24-11-2023,CUST6083,Male,40,Books,16,332,5312
3905,24-11-2023,CUST8153,Male,25,Beauty,5,408,2040
3906,24-11-2023,CUST9261,Female,62,Books,11,61,671
3907,24-11-2023,CUST9534,Male,52,Sports,3,421,1263
3908,24-11-2023,CUST7140,Female,63,Groceries,17,408,6936
3909,24-11-2023,CUST3548,Male,51,Beauty,6,316,1896
3910,24-11-2023,CUST6981,Male,63,Clothing,19,194,3686
3911,24-11-2023,CUST1993,Female,67,Electronics,11,114,1254
3912,24-11-2023,CUST9935,Male,25,Sports,19,151,2869
3913,24-11-2023,CUST2871,Female,61,Sports,17,452,7684
3914,24-11-2023,CUST1200,Male,56,Groceries,8,406,3248
3915,24-11-2023,CUST2707,Male,29,Electronics,13,291,3783
3916,24-11-2023,CUST7318,Male,24,Sports,4,183,732
3917,24-11-2023,CUST7215,Female,66,Groceries,5,497,2485
3918,24-11-2023,CUST2930,Female,30,Electronics,13,360,4680
3919,24-11-2023,CUST4141,Male,70,Electronics,19,262,4978
3920,24-11-2023,CUST1562,Male,28,Groceries,2,175,350
3921,24-11-2023,CUST8607,Female,66,Books,12,301,3612
3922,24-11-2023,CUST0281,Female,61,Sports,10,416,4160
3923,24-11-2023,CUST5999,Female,23,Books,4,10,40
3924,24-11-2023,CUST0990,Female,21,Groceries,20,484,9680
3925,24-11-2023,CUST4043,Male,52,Clothing,20,315,6300
3926,24-11-2023,CUST1385,Male,25,Electronics,5,456,2280
3927,24-11-2023,CUST6810,Male,43,Groceries,2,201,402
3928,24-11-2023,CUST1825,Male,42,Sports,15,489,7335
3929,24-11-2023,CUST0347,Male,43,Clothing,11,271,2981
3930,24-11-2023,CUST4311,Male,53,Clothing,3,131,393
3931,24-11-2023,CUST4488,Female,27,Electronics,15,329,4935
3932,24-11-2023,CUST6818,Male,68,Groceries,1,206,206
3933,24-11-2023,CUST3386,Female,25,Beauty,14,452,6328
3934,24-11-2023,CUST8249,Female,54,Electronics,11,115,1265
3935,24-11-2023,CUST9236,Female,44,Groceries,13,384,4992
3936,24-11-2023,CUST8067,Male,22,Beauty,14,335,4690
3937,24-11-2023,CUST1119,Male,49,Electronics,18,281,5058
3938,24-11-2023,CUST0906,Female,62,Clothing,13,223,2899
3939,24-11-2023,CUST7219,Male,41,Beauty,9,426,3834
3940,24-11-2023,CUST2423,Male,42,Electronics,19,171,3249
3941,24-11-2023,CUST2528,Female,40,Sports,16,74,1184
3942,24-11-2023,CUST0244,Female,49,Beauty,4,437,1748
3943,24-11-2023,CUST7291,Male,40,Groceries,10,429,4290
3944,24-11-2023,CUST6701,Female,21,Books,17,362,6154
3945,24-11-2023,CUST0123,Male,33,Books,7,412,2884
3946,24-11-2023,CUST3576,Female,18,Beauty,3,313,939
3947,24-11-2023,CUST5858,Female,29,Beauty,6,296,1776
3948,24-11-2023,CUST1373,Male,30,Electronics,2,326,652
3949,24-11-2023,CUST9386,Female,61,Groceries,16,48,768
3950,24-11-2023,CUST4895,Male,42,Clothing,9,473,4257
3951,24-11-2023,CUST4137,Male,34,Clothing,10,158,1580
3952,24-11-2023,CUST9100,Female,59,Clothing,7,206,1442
3953,24-11-2023,CUST0545,Male,18,Clothing,16,45,720
3954,24-11-2023,CUST2784,Male,66,Beauty,3,254,762
3955,24-11-2023,CUST3057,Female,28,Books,11,73,803
3956,24-11-2023,CUST0777,Female,44,Clothing,19,226,4294
3957,24-11-2023,CUST4697,Male,28,Groceries,4,491,1964
3958,24-11-2023,CUST0993,Male,51,Groceries,3,150,450
3959,24-11-2023,CUST4708,Male,48,Clothing,1,465,465
3960,24-11-2023,CUST8296,Female,61,Beauty,10,482,4820
3961,24-11-2023,CUST1872,Female,69,Beauty,10,351,3510
3962,24-11-2023,CUST9920,Male,47,Sports,14,66,924
3963,24-11-2023,CUST6928,Male,59,Electronics,7,244,1708
3964,24-11-2023,CUST1273,Male,56,Clothing,20,260,5200
3965,24-11-2023,CUST5706,Female,70,Books,17,302,5134
3966,24-11-2023,CUST5696,Male,28,Beauty,11,36,396
3967,24-11-2023,CUST2299,Female,21,Groceries,2,413,826
3968,24-11-2023,CUST8352,Male,40,Electronics,6,453,2718
3969,24-11-2023,CUST9080,Male,40,Beauty,19,106,2014
3970,24-11-2023,CUST0553,Male,46,Beauty,9,347,3123
3971,24-11-2023,CUST4270,Female,55,Groceries,1,142,142
3972,24-11-2023,CUST5721,Male,40,Sports,15,433,6495
3973,24-11-2023,CUST5567,Female,66,Books,4,355,1420
3974,24-11-2023,CUST7047,Male,42,Groceries,14,466,6524
3975,24-11-2023,CUST7169,Female,45,Books,16,435,6960
3976,24-11-2023,CUST6509,Male,24,Beauty,18,132,2376
3977,24-11-2023,CUST2004,Male,69,Groceries,4,277,1108
3978,24-11-2023,CUST0569,Male,43,Electronics,2,478,956
3979,24-11-2023,CUST1415,Female,37,Books,16,459,7344
3980,24-11-2023,CUST4862,Female,57,Electronics,3,257,771
3981,24-11-2023,CUST3299,Female,40,Groceries,12,207,2484
3982,24-11-2023,CUST1928,Female,40,Clothing,19,69,1311
3983,24-11-2023,CUST7605,Male,70,Groceries,10,497,4970
3984,24-11-2023,CUST3823,Female,60,Beauty,12,250,3000
3985,24-11-2023,CUST4951,Female,33,Electronics,6,416,2496
3986,24-11-2023,CUST5816,Female,44,Beauty,4,181,724
3987,24-11-2023,CUST1797,Female,50,Sports,17,77,1309
3988,24-11-2023,CUST5300,Male,38,Clothing,12,489,5868
3989,24-11-2023,CUST2947,Male,31,Books,6,128,768
3990,24-11-2023,CUST2372,Male,51,Electronics,12,189,2268
3991,24-11-2023,CUST2203,Female,54,Beauty,4,459,1836
3992,24-11-2023,CUST0527,Male,69,Beauty,3,54,162
3993,24-11-2023,CUST8653,Female,23,Books,12,79,948
3994,24-11-2023,CUST4908,Female,68,Groceries,3,231,693
3995,24-11-2023,CUST5462,Female,57,Electronics,9,496,4464
3996,24-11-2023,CUST5611,Female,42,Books,8,414,3312
3997,24-11-2023,CUST8459,Female,63,Books,3,43,129
3998,24-11-2023,CUST9242,Male,38,Clothing,15,308,4620
3999,24-11-2023,CUST3000,Female,69,Electronics,15,157,2355
4000,24-11-2023,CUST1059,Female,44,Books,15,270,4050
4001,24-11-2023,CUST1754,Female,18,Clothing,11,321,3531
4002,24-11-2023,CUST3886,Male,68,Clothing,8,137,1096
4003,24-11-2023,CUST1925,Male,33,Beauty,20,470,9400
4004,24-11-2023,CUST8561,Male,66,Clothing,3,434,1302
4005,24-11-2023,CUST7910,Female,68,Sports,3,155,465
4006,24-11-2023,CUST7549,Female,49,Beauty,20,114,2280
4007,24-11-2023,CUST3357,Male,40,Sports,17,17,289
4008,24-11-2023,CUST6247,Male,18,Electronics,2,327,654
4009,24-11-2023,CUST4530,Male,32,Books,7,68,476
4010,24-11-2023,CUST2003,Male,31,Beauty,10,24,240
4011,24-11-2023,CUST4507,Female,38,Books,1,155,155
4012,24-11-2023,CUST7811,Female,68,Clothing,9,364,3276
4013,24-11-2023,CUST0780,Male,51,Clothing,6,449,2694
4014,24-11-2023,CUST9836,Male,30,Beauty,7,420,2940
4015,24-11-2023,CUST6644,Female,64,Books,3,168,504
4016,24-11-2023,CUST9313,Male,48,Books,13,442,5746
4017,24-11-2023,CUST3919,Female,27,Sports,9,111,999
4018,24-11-2023,CUST7567,Male,68,Clothing,19,122,2318
4019,24-11-2023,CUST7378,Female,38,Clothing,9,382,3438
4020,24-11-2023,CUST6445,Male,63,Clothing,15,43,645
4021,24-11-2023,CUST7664,Male,50,Electronics,9,250,2250
4022,24-11-2023,CUST1577,Male,40,Electronics,2,44,88
4023,24-11-2023,CUST3712,Male,28,Books,13,339,4407
4024,24-11-2023,CUST3793,Male,46,Groceries,4,53,212
4025,24-11-2023,CUST2546,Female,29,Sports,5,53,265
4026,24-11-2023,CUST5155,Female,64,Groceries,14,324,4536
4027,24-11-2023,CUST8298,Male,44,Groceries,18,420,7560
4028,24-11-2023,CUST5378,Male,51,Groceries,18,260,4680
4029,24-11-2023,CUST9693,Male,57,Sports,16,204,3264
4030,24-11-2023,CUST5273,Male,51,Electronics,8,401,3208
4031,24-11-2023,CUST2129,Male,29,Sports,2,37,74
4032,24-11-2023,CUST9219,Female,26,Beauty,17,362,6154
4033,24-11-2023,CUST5963,Female,69,Beauty,4,250,1000
4034,24-11-2023,CUST1296,Male,50,Beauty,8,435,3480
4035,24-11-2023,CUST6594,Male,69,Clothing,2,386,772
4036,24-11-2023,CUST1368,Male,24,Electronics,3,472,1416
4037,24-11-2023,CUST5284,Male,59,Groceries,6,312,1872
4038,24-11-2023,CUST4236,Female,31,Electronics,1,456,456
4039,24-11-2023,CUST4337,Female,63,Clothing,13,478,6214
4040,24-11-2023,CUST7332,Male,56,Clothing,20,396,7920
4041,24-11-2023,CUST4557,Male,67,Groceries,1,229,229
4042,24-11-2023,CUST8403,Male,37,Beauty,11,202,2222
4043,24-11-2023,CUST6802,Female,43,Groceries,1,322,322
4044,24-11-2023,CUST6041,Male,55,Sports,4,349,1396
4045,24-11-2023,CUST3544,Female,22,Sports,7,379,2653
4046,24-11-2023,CUST9974,Female,67,Groceries,3,167,501
4047,24-11-2023,CUST8597,Male,41,Clothing,14,61,854
4048,24-11-2023,CUST4496,Female,33,Sports,3,449,1347
4049,24-11-2023,CUST5237,Female,64,Groceries,7,19,133
4050,24-11-2023,CUST6360,Male,22,Clothing,9,394,3546
4051,24-11-2023,CUST8412,Female,41,Sports,16,326,5216
4052,24-11-2023,CUST9083,Female,28,Groceries,19,226,4294
4053,24-11-2023,CUST6855,Male,56,Groceries,17,373,6341
4054,24-11-2023,CUST2604,Female,51,Books,12,142,1704
4055,24-11-2023,CUST8228,Male,22,Books,11,51,561
4056,24-11-2023,CUST7139,Female,31,Groceries,15,55,825
4057,24-11-2023,CUST8319,Male,35,Beauty,6,309,1854
4058,24-11-2023,CUST9450,Male,36,Sports,2,465,930
4059,24-11-2023,CUST6715,Male,68,Groceries,17,462,7854
4060,24-11-2023,CUST5362,Male,67,Electronics,6,55,330
4061,24-11-2023,CUST5240,Male,64,Clothing,11,279,3069
4062,24-11-2023,CUST7605,Male,21,Beauty,16,232,3712
4063,24-11-2023,CUST7334,Female,39,Sports,17,467,7939
4064,24-11-2023,CUST4453,Female,46,Clothing,3,388,1164
4065,24-11-2023,CUST9318,Male,47,Clothing,11,436,4796
4066,24-11-2023,CUST7444,Male,43,Electronics,12,413,4956
4067,24-11-2023,CUST4445,Male,26,Beauty,8,91,728
4068,24-11-2023,CUST0797,Female,35,Electronics,16,304,4864
4069,24-11-2023,CUST3248,Female,23,Beauty,1,444,444
4070,24-11-2023,CUST8773,Female,24,Clothing,4,400,1600
4071,24-11-2023,CUST9807,Female,60,Sports,19,26,494
4072,24-11-2023,CUST1021,Female,67,Groceries,20,430,8600
4073,24-11-2023,CUST8593,Male,45,Sports,9,208,1872
4074,24-11-2023,CUST6204,Male,27,Books,15,458,6870
4075,24-11-2023,CUST3702,Female,57,Books,1,119,119
4076,24-11-2023,CUST0015,Male,46,Electronics,16,21,336
4077,24-11-2023,CUST1039,Female,22,Electronics,10,448,4480
4078,24-11-2023,CUST7706,Male,69,Electronics,6,437,2622
4079,24-11-2023,CUST2116,Male,23,Books,11,182,2002
4080,24-11-2023,CUST5080,Female,43,Clothing,10,407,4070
4081,24-11-2023,CUST8429,Male,65,Beauty,19,445,8455
4082,24-11-2023,CUST1664,Male,22,Groceries,4,337,1348
4083,24-11-2023,CUST4131,Male,64,Electronics,12,92,1104
4084,24-11-2023,CUST7640,Female,20,Beauty,13,267,3471
4085,24-11-2023,CUST7679,Female,47,Clothing,10,302,3020
4086,24-11-2023,CUST2759,Female,69,Electronics,15,280,4200
4087,24-11-2023,CUST5262,Male,40,Clothing,5,233,1165
4088,24-11-2023,CUST5930,Male,25,Beauty,18,295,5310
4089,24-11-2023,CUST5895,Female,47,Electronics,13,333,4329
4090,24-11-2023,CUST7655,Male,65,Clothing,2,282,564
4091,24-11-2023,CUST1173,Female,28,Beauty,1,308,308
4092,24-11-2023,CUST3986,Male,53,Groceries,10,136,1360
4093,24-11-2023,CUST4552,Female,55,Clothing,17,323,5491
4094,24-11-2023,CUST9204,Female,64,Clothing,11,464,5104
4095,24-11-2023,CUST1848,Male,26,Clothing,18,347,6246
4096,24-11-2023,CUST3912,Male,32,Groceries,8,12,96
4097,24-11-2023,CUST5139,Male,19,Books,11,403,4433
4098,24-11-2023,CUST7166,Female,53,Electronics,15,109,1635
4099,24-11-2023,CUST1969,Male,26,Electronics,12,313,3756
4100,24-11-2023,CUST4740,Female,50,Groceries,20,242,4840
4101,24-11-2023,CUST8464,Female,23,Groceries,13,352,4576
4102,24-11-2023,CUST5697,Female,60,Electronics,19,429,8151
4103,24-11-2023,CUST8448,Male,70,Groceries,13,497,6461
4104,24-11-2023,CUST3410,Female,57,Groceries,6,442,2652
4105,24-11-2023,CUST5871,Male,19,Books,2,99,198
4106,24-11-2023,CUST6218,Male,51,Beauty,17,248,4216
4107,24-11-2023,CUST2403,Female,51,Books,13,314,4082
4108,24-11-2023,CUST3330,Female,33,Beauty,3,265,795
4109,24-11-2023,CUST8850,Male,33,Beauty,20,140,2800
4110,24-11-2023,CUST3147,Male,37,Clothing,8,425,3400
4111,24-11-2023,CUST7270,Female,60,Electronics,9,324,2916
4112,24-11-2023,CUST1615,Male,20,Sports,7,347,2429
4113,24-11-2023,CUST8108,Female,41,Clothing,2,413,826
4114,24-11-2023,CUST4866,Male,37,Sports,5,310,1550
4115,24-11-2023,CUST7247,Male,22,Sports,7,250,1750
4116,24-11-2023,CUST6765,Male,66,Books,12,373,4476
4117,24-11-2023,CUST4927,Female,58,Clothing,12,82,984
4118,24-11-2023,CUST9109,Female,36,Groceries,2,11,22
4119,24-11-2023,CUST9286,Female,40,Books,6,500,3000
4120,24-11-2023,CUST9728,Female,58,Beauty,13,372,4836
4121,24-11-2023,CUST4577,Female,70,Clothing,11,313,3443
4122,24-11-2023,CUST4064,Female,49,Electronics,13,367,4771
4123,24-11-2023,CUST6201,Female,43,Groceries,13,29,377
4124,24-11-2023,CUST2125,Male,57,Groceries,6,181,1086
4125,24-11-2023,CUST2722,Male,24,Sports,20,389,7780
4126,24-11-2023,CUST0855,Female,70,Books,1,398,398
4127,24-11-2023,CUST8461,Male,44,Sports,13,318,4134
4128,24-11-2023,CUST4252,Male,63,Books,15,58,870
4129,24-11-2023,CUST8586,Female,19,Beauty,1,243,243
4130,24-11-2023,CUST9603,Female,28,Clothing,8,358,2864
4131,24-11-2023,CUST3584,Male,61,Electronics,2,459,918
4132,24-11-2023,CUST6990,Female,30,Sports,7,444,3108
4133,24-11-2023,CUST9028,Male,56,Books,16,289,4624
4134,24-11-2023,CUST9824,Male,27,Clothing,16,231,3696
4135,24-11-2023,CUST5706,Male,43,Beauty,1,291,291
4136,24-11-2023,CUST3508,Female,38,Beauty,9,306,2754
4137,24-11-2023,CUST4591,Male,20,Clothing,11,161,1771
4138,24-11-2023,CUST2090,Female,66,Sports,8,16,128
4139,24-11-2023,CUST9924,Female,27,Beauty,5,138,690
4140,24-11-2023,CUST1388,Male,66,Beauty,9,276,2484
4141,24-11-2023,CUST2504,Female,55,Beauty,16,166,2656
4142,24-11-2023,CUST0223,Female,26,Books,13,500,6500
4143,24-11-2023,CUST8120,Female,27,Beauty,13,162,2106
4144,24-11-2023,CUST1091,Male,55,Books,10,443,4430
4145,24-11-2023,CUST8094,Female,50,Sports,16,210,3360
4146,24-11-2023,CUST0454,Male,42,Electronics,3,404,1212
4147,24-11-2023,CUST4249,Male,22,Beauty,8,339,2712
4148,24-11-2023,CUST4428,Female,28,Electronics,15,102,1530
4149,24-11-2023,CUST8635,Male,24,Electronics,17,34,578
4150,24-11-2023,CUST6986,Male,45,Groceries,19,63,1197
4151,24-11-2023,CUST3521,Male,53,Electronics,2,116,232
4152,24-11-2023,CUST1501,Female,18,Sports,6,186,1116
4153,24-11-2023,CUST4215,Male,49,Beauty,11,175,1925
4154,24-11-2023,CUST5181,Female,49,Clothing,6,140,840
4155,24-11-2023,CUST0126,Female,62,Groceries,18,19,342
4156,24-11-2023,CUST7945,Female,46,Clothing,3,336,1008
4157,24-11-2023,CUST3747,Male,46,Sports,8,67,536
4158,24-11-2023,CUST1191,Male,58,Beauty,3,490,1470
4159,24-11-2023,CUST9854,Male,35,Sports,2,343,686
4160,24-11-2023,CUST6052,Male,57,Books,2,54,108
4161,24-11-2023,CUST7471,Male,28,Sports,18,422,7596
4162,24-11-2023,CUST3899,Female,20,Clothing,17,247,4199
4163,24-11-2023,CUST5245,Male,57,Electronics,8,422,3376
4164,24-11-2023,CUST4232,Male,25,Books,1,87,87
4165,24-11-2023,CUST0529,Female,27,Beauty,17,15,255
4166,24-11-2023,CUST2193,Male,42,Sports,6,305,1830
4167,24-11-2023,CUST9336,Female,48,Clothing,2,221,442
4168,24-11-2023,CUST1270,Female,25,Clothing,14,343,4802
4169,24-11-2023,CUST7477,Female,30,Groceries,13,393,5109
4170,24-11-2023,CUST5726,Female,41,Sports,10,301,3010
4171,24-11-2023,CUST2102,Male,46,Electronics,5,496,2480
4172,24-11-2023,CUST5914,Male,60,Clothing,20,395,7900
4173,24-11-2023,CUST6204,Male,24,Sports,18,60,1080
4174,24-11-2023,CUST5810,Female,24,Books,9,308,2772
4175,24-11-2023,CUST2326,Male,29,Clothing,18,66,1188
4176,24-11-2023,CUST7511,Female,49,Groceries,13,74,962
4177,24-11-2023,CUST8728,Male,26,Beauty,5,391,1955
4178,24-11-2023,CUST6149,Female,59,Groceries,10,397,3970
4179,24-11-2023,CUST0822,Male,69,Beauty,1,292,292
4180,24-11-2023,CUST7817,Male,31,Groceries,15,328,4920
4181,24-11-2023,CUST3423,Male,50,Electronics,20,337,6740
4182,24-11-2023,CUST5725,Female,26,Clothing,13,237,3081
4183,24-11-2023,CUST2238,Male,70,Clothing,18,459,8262
4184,24-11-2023,CUST8514,Male,41,Beauty,6,423,2538
4185,24-11-2023,CUST1186,Male,39,Sports,16,238,3808
4186,24-11-2023,CUST2548,Female,35,Sports,3,190,570
4187,24-11-2023,CUST4082,Female,54,Beauty,4,31,124
4188,24-11-2023,CUST4344,Female,18,Groceries,7,430,3010
4189,24-11-2023,CUST9830,Female,64,Sports,8,443,3544
4190,24-11-2023,CUST9433,Male,56,Books,14,79,1106
4191,24-11-2023,CUST7655,Male,21,Sports,7,343,2401
4192,24-11-2023,CUST7795,Female,25,Groceries,6,478,2868
4193,24-11-2023,CUST0298,Male,48,Sports,18,241,4338
4194,24-11-2023,CUST9577,Male,45,Electronics,15,127,1905
4195,24-11-2023,CUST4581,Female,18,Clothing,4,327,1308
4196,24-11-2023,CUST1940,Male,21,Groceries,1,103,103
4197,24-11-2023,CUST3955,Male,60,Books,5,70,350
4198,24-11-2023,CUST6222,Male,22,Beauty,13,29,377
4199,24-11-2023,CUST9873,Female,67,Books,13,243,3159
4200,24-11-2023,CUST2838,Male,46,Clothing,14,14,196
4201,24-11-2023,CUST8411,Female,52,Books,7,180,1260
4202,24-11-2023,CUST3663,Male,58,Electronics,14,441,6174
4203,24-11-2023,CUST3598,Male,32,Electronics,12,78,936
4204,24-11-2023,CUST3580,Male,40,Books,7,301,2107
4205,24-11-2023,CUST5673,Female,19,Clothing,7,75,525
4206,24-11-2023,CUST6601,Female,21,Groceries,5,120,600
4207,24-11-2023,CUST9233,Female,45,Books,16,361,5776
4208,24-11-2023,CUST0584,Female,63,Sports,13,354,4602
4209,24-11-2023,CUST5243,Female,63,Clothing,13,36,468
4210,24-11-2023,CUST2187,Female,69,Clothing,1,302,302
4211,24-11-2023,CUST1920,Female,21,Clothing,20,36,720
4212,24-11-2023,CUST6697,Female,69,Groceries,6,82,492
4213,24-11-2023,CUST2895,Male,60,Groceries,10,132,1320
4214,24-11-2023,CUST2668,Female,59,Clothing,3,291,873
4215,24-11-2023,CUST4960,Male,55,Sports,4,224,896
4216,24-11-2023,CUST4532,Female,65,Books,17,117,1989
4217,24-11-2023,CUST3614,Male,62,Beauty,17,342,5814
4218,24-11-2023,CUST2559,Female,28,Groceries,1,256,256
4219,24-11-2023,CUST6619,Male,29,Electronics,9,423,3807
4220,24-11-2023,CUST9842,Female,46,Electronics,4,308,1232
4221,24-11-2023,CUST8853,Male,69,Books,2,240,480
4222,24-11-2023,CUST4166,Male,39,Groceries,18,221,3978
4223,24-11-2023,CUST5623,Female,52,Clothing,7,151,1057
4224,24-11-2023,CUST6272,Male,65,Clothing,11,239,2629
4225,24-11-2023,CUST1609,Male,62,Groceries,12,463,5556
4226,24-11-2023,CUST6370,Female,37,Electronics,20,333,6660
4227,24-11-2023,CUST6099,Female,48,Clothing,14,285,3990
4228,24-11-2023,CUST6542,Male,53,Books,15,278,4170
4229,24-11-2023,CUST6763,Female,61,Groceries,6,421,2526
4230,24-11-2023,CUST0175,Male,67,Beauty,3,452,1356
4231,24-11-2023,CUST5556,Male,59,Groceries,2,233,466
4232,24-11-2023,CUST6861,Male,30,Groceries,10,165,1650
4233,24-11-2023,CUST6654,Female,38,Clothing,3,59,177
4234,24-11-2023,CUST0002,Female,57,Beauty,19,117,2223
4235,24-11-2023,CUST7640,Male,21,Sports,4,398,1592
4236,24-11-2023,CUST9241,Male,56,Clothing,19,468,8892
4237,24-11-2023,CUST6956,Female,27,Beauty,13,28,364
4238,24-11-2023,CUST5538,Male,54,Groceries,10,294,2940
4239,24-11-2023,CUST2647,Male,48,Books,7,313,2191
4240,24-11-2023,CUST5068,Male,43,Sports,19,197,3743
4241,24-11-2023,CUST6240,Male,45,Sports,8,125,1000
4242,24-11-2023,CUST3707,Male,33,Clothing,17,62,1054
4243,24-11-2023,CUST9928,Male,50,Books,9,326,2934
4244,24-11-2023,CUST2621,Male,66,Sports,14,28,392
4245,24-11-2023,CUST4262,Female,19,Groceries,16,335,5360
4246,24-11-2023,CUST5348,Female,40,Beauty,5,66,330
4247,24-11-2023,CUST7631,Female,68,Clothing,3,467,1401
4248,24-11-2023,CUST9908,Female,51,Clothing,6,154,924
4249,24-11-2023,CUST2682,Female,44,Sports,6,316,1896
4250,24-11-2023,CUST0861,Male,66,Clothing,10,321,3210
4251,24-11-2023,CUST8130,Male,29,Electronics,5,450,2250
4252,24-11-2023,CUST0721,Female,56,Sports,17,328,5576
4253,24-11-2023,CUST6023,Female,34,Electronics,19,87,1653
4254,24-11-2023,CUST9165,Male,22,Books,11,279,3069
4255,24-11-2023,CUST6159,Female,18,Electronics,8,374,2992
4256,24-11-2023,CUST1760,Female,44,Beauty,7,61,427
4257,24-11-2023,CUST7179,Male,32,Beauty,14,423,5922
4258,24-11-2023,CUST5244,Male,66,Groceries,3,348,1044
4259,24-11-2023,CUST8333,Male,50,Groceries,13,498,6474
4260,24-11-2023,CUST7313,Male,27,Beauty,4,452,1808
4261,24-11-2023,CUST1678,Male,53,Sports,11,369,4059
4262,24-11-2023,CUST2587,Female,46,Electronics,17,257,4369
4263,24-11-2023,CUST6839,Male,61,Electronics,2,286,572
4264,24-11-2023,CUST8358,Female,67,Groceries,10,297,2970
4265,24-11-2023,CUST2424,Female,34,Sports,17,283,4811
4266,24-11-2023,CUST1945,Male,23,Groceries,6,195,1170
4267,24-11-2023,CUST6739,Female,49,Books,14,397,5558
4268,24-11-2023,CUST3335,Female,38,Clothing,20,63,1260
4269,24-11-2023,CUST9567,Male,35,Beauty,10,56,560
4270,24-11-2023,CUST0639,Female,36,Groceries,17,326,5542
4271,24-11-2023,CUST7376,Female,38,Books,14,151,2114
4272,24-11-2023,CUST5164,Male,29,Clothing,1,401,401
4273,24-11-2023,CUST4208,Male,60,Beauty,17,444,7548
4274,24-11-2023,CUST4758,Female,30,Beauty,1,27,27
4275,24-11-2023,CUST3016,Male,45,Electronics,6,140,840
4276,24-11-2023,CUST1670,Male,24,Clothing,17,19,323
4277,24-11-2023,CUST3146,Male,63,Groceries,18,447,8046
4278,24-11-2023,CUST5036,Female,57,Sports,5,109,545
4279,24-11-2023,CUST9304,Female,25,Groceries,15,465,6975
4280,24-11-2023,CUST1682,Male,21,Beauty,14,190,2660
4281,24-11-2023,CUST2506,Male,50,Sports,5,160,800
4282,24-11-2023,CUST9972,Male,21,Groceries,8,22,176
4283,24-11-2023,CUST7325,Female,25,Electronics,3,84,252
4284,24-11-2023,CUST0892,Male,44,Electronics,20,393,7860
4285,24-11-2023,CUST2710,Female,59,Groceries,20,500,10000
4286,24-11-2023,CUST6664,Male,30,Sports,10,471,4710
4287,24-11-2023,CUST1296,Female,61,Clothing,4,431,1724
4288,24-11-2023,CUST2291,Female,22,Books,12,413,4956
4289,24-11-2023,CUST9196,Female,45,Beauty,9,200,1800
4290,24-11-2023,CUST5213,Male,41,Beauty,18,119,2142
4291,24-11-2023,CUST6518,Male,29,Clothing,16,121,1936
4292,24-11-2023,CUST4033,Male,63,Sports,1,495,495
4293,24-11-2023,CUST1278,Male,23,Electronics,15,489,7335
4294,24-11-2023,CUST6617,Male,36,Electronics,12,444,5328
4295,24-11-2023,CUST8096,Female,68,Beauty,6,212,1272
4296,24-11-2023,CUST7804,Female,55,Beauty,3,194,582
4297,24-11-2023,CUST9164,Male,41,Sports,10,440,4400
4298,24-11-2023,CUST2612,Female,62,Clothing,16,44,704
4299,24-11-2023,CUST7352,Female,45,Electronics,20,206,4120
4300,24-11-2023,CUST4439,Male,52,Beauty,11,172,1892
4301,24-11-2023,CUST4427,Female,32,Beauty,9,437,3933
4302,24-11-2023,CUST1616,Male,42,Clothing,16,209,3344
4303,24-11-2023,CUST3422,Female,28,Sports,14,223,3122
4304,24-11-2023,CUST0860,Male,37,Beauty,12,405,4860
4305,24-11-2023,CUST7802,Male,26,Beauty,20,496,9920
4306,24-11-2023,CUST9768,Female,37,Groceries,8,439,3512
4307,24-11-2023,CUST1937,Female,36,Groceries,12,83,996
4308,24-11-2023,CUST1194,Male,63,Beauty,14,314,4396
4309,24-11-2023,CUST4290,Male,27,Clothing,5,20,100
4310,24-11-2023,CUST6201,Female,21,Electronics,19,26,494
4311,24-11-2023,CUST7890,Female,53,Sports,18,210,3780
4312,24-11-2023,CUST0737,Female,21,Sports,15,305,4575
4313,24-11-2023,CUST8776,Male,51,Beauty,3,231,693
4314,24-11-2023,CUST2707,Female,32,Sports,17,210,3570
4315,24-11-2023,CUST1476,Female,46,Electronics,6,302,1812
4316,24-11-2023,CUST6973,Male,66,Beauty,11,483,5313
4317,24-11-2023,CUST1752,Male,45,Beauty,10,116,1160
4318,24-11-2023,CUST8406,Female,57,Sports,1,345,345
4319,24-11-2023,CUST7075,Male,48,Groceries,10,53,530
4320,24-11-2023,CUST5324,Male,55,Sports,7,293,2051
4321,24-11-2023,CUST0039,Male,40,Groceries,8,278,2224
4322,24-11-2023,CUST9082,Female,36,Sports,14,208,2912
4323,24-11-2023,CUST5132,Female,31,Beauty,16,244,3904
4324,24-11-2023,CUST2390,Female,33,Clothing,19,323,6137
4325,24-11-2023,CUST3786,Male,48,Sports,15,310,4650
4326,24-11-2023,CUST5331,Female,38,Groceries,6,126,756
4327,24-11-2023,CUST6019,Female,30,Sports,5,206,1030
4328,24-11-2023,CUST2268,Male,36,Clothing,15,129,1935
4329,24-11-2023,CUST8947,Female,24,Books,15,81,1215
4330,24-11-2023,CUST9055,Female,70,Clothing,9,352,3168
4331,24-11-2023,CUST5432,Female,31,Sports,5,430,2150
4332,24-11-2023,CUST4709,Female,26,Sports,3,21,63
4333,24-11-2023,CUST3160,Male,46,Sports,2,280,560
4334,24-11-2023,CUST4876,Male,49,Groceries,12,121,1452
4335,24-11-2023,CUST7082,Female,61,Groceries,15,280,4200
4336,24-11-2023,CUST9056,Male,69,Electronics,9,401,3609
4337,24-11-2023,CUST5680,Female,54,Sports,1,66,66
4338,24-11-2023,CUST6421,Male,60,Sports,7,52,364
4339,24-11-2023,CUST7286,Female,62,Groceries,14,156,2184
4340,24-11-2023,CUST8863,Male,61,Clothing,7,442,3094
4341,24-11-2023,CUST0357,Male,45,Electronics,9,391,3519
4342,24-11-2023,CUST7184,Female,58,Clothing,13,34,442
4343,24-11-2023,CUST0294,Male,65,Groceries,2,309,618
4344,24-11-2023,CUST2284,Male,43,Beauty,17,287,4879
4345,24-11-2023,CUST0484,Male,57,Beauty,1,246,246
4346,24-11-2023,CUST2955,Male,42,Groceries,9,76,684
4347,24-11-2023,CUST9434,Female,57,Books,16,492,7872
4348,24-11-2023,CUST8840,Female,33,Books,20,28,560
4349,24-11-2023,CUST1437,Male,68,Beauty,3,474,1422
4350,24-11-2023,CUST0941,Male,47,Clothing,15,378,5670
4351,24-11-2023,CUST4213,Male,44,Sports,16,415,6640
4352,24-11-2023,CUST6155,Female,23,Beauty,17,252,4284
4353,24-11-2023,CUST1265,Male,39,Electronics,1,179,179
4354,24-11-2023,CUST1495,Male,42,Beauty,7,222,1554
4355,24-11-2023,CUST4344,Female,64,Beauty,13,96,1248
4356,24-11-2023,CUST2476,Female,45,Clothing,16,163,2608
4357,24-11-2023,CUST3045,Male,49,Books,13,87,1131
4358,24-11-2023,CUST8523,Male,19,Electronics,18,357,6426
4359,24-11-2023,CUST9624,Female,41,Groceries,3,449,1347
4360,24-11-2023,CUST9175,Male,38,Electronics,11,487,5357
4361,24-11-2023,CUST0497,Male,55,Clothing,12,168,2016
4362,24-11-2023,CUST7976,Male,43,Sports,10,294,2940
4363,24-11-2023,CUST4350,Male,51,Groceries,15,311,4665
4364,24-11-2023,CUST5864,Female,34,Sports,10,59,590
4365,24-11-2023,CUST4888,Female,29,Sports,17,360,6120
4366,24-11-2023,CUST9591,Female,60,Books,16,105,1680
4367,24-11-2023,CUST1021,Male,44,Electronics,7,475,3325
4368,24-11-2023,CUST7047,Female,58,Books,6,449,2694
4369,24-11-2023,CUST6898,Male,39,Clothing,8,107,856
4370,24-11-2023,CUST2404,Male,36,Clothing,18,28,504
4371,24-11-2023,CUST8523,Male,30,Sports,12,474,5688
4372,24-11-2023,CUST5704,Male,51,Electronics,5,380,1900
4373,24-11-2023,CUST8780,Female,44,Books,11,253,2783
4374,24-11-2023,CUST1062,Female,35,Electronics,6,159,954
4375,24-11-2023,CUST3100,Female,68,Groceries,4,225,900
4376,24-11-2023,CUST4929,Male,68,Books,11,338,3718
4377,24-11-2023,CUST4524,Male,48,Clothing,10,334,3340
4378,24-11-2023,CUST5372,Female,43,Beauty,2,452,904
4379,24-11-2023,CUST8936,Female,64,Beauty,6,159,954
4380,24-11-2023,CUST0476,Female,62,Electronics,6,199,1194
4381,24-11-2023,CUST2865,Female,38,Electronics,11,50,550
4382,24-11-2023,CUST8069,Female,39,Electronics,7,439,3073
4383,24-11-2023,CUST3021,Male,20,Groceries,8,187,1496
4384,24-11-2023,CUST7807,Male,63,Sports,12,331,3972
4385,24-11-2023,CUST2167,Male,23,Electronics,5,46,230
4386,24-11-2023,CUST4176,Male,18,Beauty,14,428,5992
4387,24-11-2023,CUST4928,Female,23,Clothing,10,11,110
4388,24-11-2023,CUST3470,Male,38,Sports,7,214,1498
4389,24-11-2023,CUST0199,Female,56,Clothing,2,69,138
4390,24-11-2023,CUST9136,Male,25,Books,19,195,3705
4391,24-11-2023,CUST2426,Female,47,Clothing,5,296,1480
4392,24-11-2023,CUST2751,Female,37,Groceries,19,141,2679
4393,24-11-2023,CUST3793,Male,56,Groceries,7,51,357
4394,24-11-2023,CUST4929,Male,22,Sports,9,382,3438
4395,24-11-2023,CUST5076,Female,19,Beauty,11,65,715
4396,24-11-2023,CUST7019,Female,51,Books,20,304,6080
4397,24-11-2023,CUST4420,Male,34,Sports,5,232,1160
4398,24-11-2023,CUST8921,Female,57,Electronics,2,361,722
4399,24-11-2023,CUST4026,Female,31,Books,1,171,171
4400,24-11-2023,CUST1308,Male,54,Groceries,20,379,7580
4401,24-11-2023,CUST9206,Male,35,Electronics,14,115,1610
4402,24-11-2023,CUST9137,Male,56,Electronics,16,463,7408
4403,24-11-2023,CUST6991,Male,42,Books,7,58,406
4404,24-11-2023,CUST5934,Male,36,Groceries,1,99,99
4405,24-11-2023,CUST7205,Male,39,Beauty,1,137,137
4406,24-11-2023,CUST8710,Female,60,Electronics,1,389,389
4407,24-11-2023,CUST0590,Male,63,Sports,20,256,5120
4408,24-11-2023,CUST2628,Female,59,Sports,16,490,7840
4409,24-11-2023,CUST7444,Female,68,Groceries,9,160,1440
4410,24-11-2023,CUST5605,Male,19,Electronics,20,38,760
4411,24-11-2023,CUST4704,Male,37,Books,16,149,2384
4412,24-11-2023,CUST5846,Male,60,Sports,9,334,3006
4413,24-11-2023,CUST6898,Female,56,Groceries,2,429,858
4414,24-11-2023,CUST0867,Male,43,Sports,20,497,9940
4415,24-11-2023,CUST9634,Female,55,Sports,16,134,2144
4416,24-11-2023,CUST5537,Male,48,Electronics,19,99,1881
4417,24-11-2023,CUST0440,Female,32,Books,10,442,4420
4418,24-11-2023,CUST7867,Female,43,Groceries,8,145,1160
4419,24-11-2023,CUST1822,Female,66,Groceries,18,456,8208
4420,24-11-2023,CUST7251,Female,22,Clothing,14,274,3836
4421,24-11-2023,CUST8495,Female,30,Electronics,14,167,2338
4422,24-11-2023,CUST2697,Female,27,Sports,1,86,86
4423,24-11-2023,CUST9344,Female,62,Groceries,2,322,644
4424,24-11-2023,CUST3280,Male,27,Books,6,486,2916
4425,24-11-2023,CUST7607,Female,19,Electronics,1,176,176
4426,24-11-2023,CUST5002,Male,43,Electronics,5,257,1285
4427,24-11-2023,CUST7727,Female,70,Sports,3,384,1152
4428,24-11-2023,CUST0683,Female,31,Groceries,1,88,88
4429,24-11-2023,CUST9085,Female,63,Electronics,8,38,304
4430,24-11-2023,CUST2046,Male,31,Beauty,19,33,627
4431,24-11-2023,CUST4935,Female,65,Electronics,20,86,1720
4432,24-11-2023,CUST7780,Female,41,Beauty,18,191,3438
4433,24-11-2023,CUST3948,Female,62,Clothing,10,388,3880
4434,24-11-2023,CUST5100,Male,29,Beauty,3,325,975
4435,24-11-2023,CUST1681,Male,37,Electronics,1,373,373
4436,24-11-2023,CUST6795,Male,48,Electronics,14,55,770
4437,24-11-2023,CUST3192,Female,60,Beauty,3,329,987
4438,24-11-2023,CUST6765,Female,64,Clothing,16,351,5616
4439,24-11-2023,CUST8040,Female,45,Beauty,10,345,3450
4440,24-11-2023,CUST1066,Male,38,Groceries,5,200,1000
4441,24-11-2023,CUST2045,Male,34,Electronics,5,366,1830
4442,24-11-2023,CUST7061,Female,50,Clothing,2,351,702
4443,24-11-2023,CUST9377,Male,26,Groceries,20,162,3240
4444,24-11-2023,CUST9614,Female,30,Electronics,9,133,1197
4445,24-11-2023,CUST9571,Female,32,Books,10,164,1640
4446,24-11-2023,CUST9768,Male,30,Electronics,8,321,2568
4447,24-11-2023,CUST8375,Male,48,Groceries,10,150,1500
4448,24-11-2023,CUST9066,Female,50,Beauty,2,102,204
4449,24-11-2023,CUST6524,Male,30,Books,5,484,2420
4450,24-11-2023,CUST7134,Male,24,Electronics,15,410,6150
4451,24-11-2023,CUST0774,Female,24,Beauty,14,412,5768
4452,24-11-2023,CUST0331,Male,35,Sports,8,72,576
4453,24-11-2023,CUST4820,Female,54,Electronics,2,49,98
4454,24-11-2023,CUST7142,Male,48,Beauty,4,475,1900
4455,24-11-2023,CUST2777,Male,38,Sports,7,405,2835
4456,24-11-2023,CUST9291,Female,56,Electronics,3,299,897
4457,24-11-2023,CUST3217,Female,33,Electronics,19,67,1273
4458,24-11-2023,CUST3479,Male,53,Sports,2,30,60
4459,24-11-2023,CUST1688,Female,27,Groceries,10,57,570
4460,24-11-2023,CUST7882,Male,27,Groceries,15,356,5340
4461,24-11-2023,CUST0653,Male,54,Books,2,38,76
4462,24-11-2023,CUST1249,Female,47,Beauty,20,94,1880
4463,24-11-2023,CUST2003,Male,61,Clothing,14,21,294
4464,24-11-2023,CUST8957,Female,36,Beauty,14,480,6720
4465,24-11-2023,CUST1334,Female,21,Electronics,17,262,4454
4466,24-11-2023,CUST8724,Female,50,Books,7,320,2240
4467,24-11-2023,CUST7422,Female,36,Groceries,14,241,3374
4468,24-11-2023,CUST7208,Female,60,Beauty,20,438,8760
4469,24-11-2023,CUST1156,Female,53,Sports,7,25,175
4470,24-11-2023,CUST7295,Male,59,Beauty,18,357,6426
4471,24-11-2023,CUST5575,Male,60,Electronics,15,87,1305
4472,24-11-2023,CUST2859,Male,36,Electronics,2,95,190
4473,24-11-2023,CUST9396,Female,35,Beauty,15,251,3765
4474,24-11-2023,CUST8606,Female,64,Books,2,476,952
4475,24-11-2023,CUST5176,Female,59,Sports,1,363,363
4476,24-11-2023,CUST0091,Male,38,Books,3,65,195
4477,24-11-2023,CUST7796,Female,22,Sports,2,484,968
4478,24-11-2023,CUST8738,Female,25,Beauty,19,438,8322
4479,24-11-2023,CUST4741,Female,67,Groceries,1,51,51
4480,24-11-2023,CUST2943,Male,55,Books,3,222,666
4481,24-11-2023,CUST2848,Male,25,Sports,12,348,4176
4482,24-11-2023,CUST0822,Male,53,Beauty,12,92,1104
4483,24-11-2023,CUST6104,Female,28,Groceries,8,204,1632
4484,24-11-2023,CUST7841,Male,57,Sports,8,259,2072
4485,24-11-2023,CUST0517,Female,65,Groceries,5,459,2295
4486,24-11-2023,CUST2192,Male,41,Beauty,2,495,990
4487,24-11-2023,CUST8740,Female,70,Clothing,14,164,2296
4488,24-11-2023,CUST6058,Male,62,Groceries,4,465,1860
4489,24-11-2023,CUST7812,Female,39,Clothing,13,239,3107
4490,24-11-2023,CUST7785,Male,21,Electronics,6,40,240
4491,24-11-2023,CUST2892,Female,45,Groceries,14,394,5516
4492,24-11-2023,CUST8838,Female,26,Beauty,5,377,1885
4493,24-11-2023,CUST3508,Male,50,Electronics,5,241,1205
4494,24-11-2023,CUST4493,Male,40,Books,11,160,1760
4495,24-11-2023,CUST7790,Male,39,Clothing,5,426,2130
4496,24-11-2023,CUST9067,Male,36,Beauty,11,77,847
4497,24-11-2023,CUST1837,Male,29,Sports,6,429,2574
4498,24-11-2023,CUST7921,Female,22,Groceries,16,67,1072
4499,24-11-2023,CUST9229,Female,32,Beauty,7,403,2821
4500,24-11-2023,CUST8882,Female,27,Groceries,20,355,7100
4501,24-11-2023,CUST5919,Male,37,Clothing,2,430,860
4502,24-11-2023,CUST5953,Male,62,Beauty,9,160,1440
4503,24-11-2023,CUST0733,Female,24,Groceries,19,127,2413
4504,24-11-2023,CUST3039,Female,24,Groceries,5,65,325
4505,24-11-2023,CUST6836,Female,37,Electronics,3,478,1434
4506,24-11-2023,CUST5265,Female,49,Beauty,17,234,3978
4507,24-11-2023,CUST0287,Female,51,Sports,20,358,7160
4508,24-11-2023,CUST6387,Female,30,Beauty,15,57,855
4509,24-11-2023,CUST7099,Female,27,Books,16,64,1024
4510,24-11-2023,CUST0135,Female,54,Beauty,15,448,6720
4511,24-11-2023,CUST6715,Female,63,Clothing,5,270,1350
4512,24-11-2023,CUST4394,Male,58,Books,6,224,1344
4513,24-11-2023,CUST3635,Female,37,Electronics,13,425,5525
4514,24-11-2023,CUST2106,Female,26,Groceries,6,364,2184
4515,24-11-2023,CUST5844,Male,24,Groceries,2,359,718
4516,24-11-2023,CUST5940,Female,55,Beauty,11,145,1595
4517,24-11-2023,CUST0427,Female,18,Sports,5,258,1290
4518,24-11-2023,CUST7612,Male,25,Clothing,20,146,2920
4519,24-11-2023,CUST4850,Female,65,Electronics,6,101,606
4520,24-11-2023,CUST9398,Female,54,Groceries,20,38,760
4521,24-11-2023,CUST0183,Male,53,Electronics,17,95,1615
4522,24-11-2023,CUST2139,Female,39,Clothing,10,28,280
4523,24-11-2023,CUST5220,Male,19,Books,11,94,1034
4524,24-11-2023,CUST9621,Female,42,Clothing,18,376,6768
4525,24-11-2023,CUST4262,Male,64,Electronics,8,431,3448
4526,24-11-2023,CUST8430,Male,23,Clothing,1,370,370
4527,24-11-2023,CUST3160,Male,42,Beauty,6,466,2796
4528,24-11-2023,CUST1561,Female,66,Groceries,9,185,1665
4529,24-11-2023,CUST7440,Male,22,Books,12,348,4176
4530,24-11-2023,CUST5553,Female,39,Clothing,7,212,1484
4531,24-11-2023,CUST5416,Male,62,Books,14,80,1120
4532,24-11-2023,CUST6946,Female,56,Clothing,18,432,7776
4533,24-11-2023,CUST5533,Female,66,Groceries,11,341,3751
4534,24-11-2023,CUST0639,Male,33,Clothing,17,450,7650
4535,24-11-2023,CUST1836,Female,46,Books,9,208,1872
4536,24-11-2023,CUST9500,Male,53,Beauty,20,188,3760
4537,24-11-2023,CUST8523,Male,23,Clothing,13,19,247
4538,24-11-2023,CUST7752,Female,23,Clothing,15,354,5310
4539,24-11-2023,CUST2480,Female,44,Books,17,144,2448
4540,24-11-2023,CUST5735,Female,58,Clothing,20,279,5580
4541,24-11-2023,CUST0280,Female,30,Sports,15,290,4350
4542,24-11-2023,CUST2384,Female,68,Groceries,17,222,3774
4543,24-11-2023,CUST6338,Male,62,Groceries,9,14,126
4544,24-11-2023,CUST2145,Female,35,Groceries,20,231,4620
4545,24-11-2023,CUST2334,Female,61,Groceries,7,294,2058
4546,24-11-2023,CUST1689,Male,56,Clothing,18,284,5112
4547,24-11-2023,CUST7887,Male,32,Sports,9,177,1593
4548,24-11-2023,CUST6175,Female,50,Clothing,11,17,187
4549,24-11-2023,CUST8111,Female,19,Electronics,18,255,4590
4550,24-11-2023,CUST8230,Female,18,Clothing,19,376,7144
4551,24-11-2023,CUST2157,Male,24,Clothing,9,393,3537
4552,24-11-2023,CUST0908,Female,63,Groceries,15,467,7005
4553,24-11-2023,CUST8077,Male,36,Electronics,1,66,66
4554,24-11-2023,CUST2458,Male,22,Electronics,1,163,163
4555,24-11-2023,CUST5826,Female,33,Clothing,5,348,1740
4556,24-11-2023,CUST4464,Male,26,Clothing,1,320,320
4557,24-11-2023,CUST6801,Male,64,Books,3,96,288
4558,24-11-2023,CUST8154,Male,25,Electronics,14,41,574
4559,24-11-2023,CUST9076,Female,35,Books,3,182,546
4560,24-11-2023,CUST6510,Female,62,Sports,3,329,987
4561,24-11-2023,CUST0830,Male,52,Beauty,14,267,3738
4562,24-11-2023,CUST8599,Male,62,Electronics,14,144,2016
4563,24-11-2023,CUST9597,Female,66,Electronics,9,306,2754
4564,24-11-2023,CUST5555,Female,62,Sports,18,496,8928
4565,24-11-2023,CUST3663,Female,44,Groceries,14,260,3640
4566,24-11-2023,CUST7376,Female,70,Groceries,14,40,560
4567,24-11-2023,CUST6887,Male,26,Beauty,19,481,9139
4568,24-11-2023,CUST2125,Female,43,Electronics,7,378,2646
4569,24-11-2023,CUST4368,Male,52,Beauty,4,227,908
4570,24-11-2023,CUST5222,Male,24,Groceries,9,441,3969
4571,24-11-2023,CUST0139,Male,63,Beauty,2,490,980
4572,24-11-2023,CUST8198,Female,59,Books,10,302,3020
4573,24-11-2023,CUST1889,Female,49,Books,9,415,3735
4574,24-11-2023,CUST3457,Male,54,Groceries,9,64,576
4575,24-11-2023,CUST0930,Male,58,Groceries,8,498,3984
4576,24-11-2023,CUST2585,Female,66,Sports,6,176,1056
4577,24-11-2023,CUST0819,Male,61,Sports,7,242,1694
4578,24-11-2023,CUST7137,Male,69,Groceries,10,266,2660
4579,24-11-2023,CUST3969,Male,52,Electronics,18,307,5526
4580,24-11-2023,CUST8651,Female,18,Beauty,13,230,2990
4581,24-11-2023,CUST6573,Female,64,Electronics,4,164,656
4582,24-11-2023,CUST4009,Male,46,Clothing,11,277,3047
4583,24-11-2023,CUST7067,Female,22,Books,13,95,1235
4584,24-11-2023,CUST5840,Female,42,Groceries,11,232,2552
4585,24-11-2023,CUST9273,Male,36,Electronics,15,471,7065
4586,24-11-2023,CUST7033,Male,60,Clothing,18,73,1314
4587,24-11-2023,CUST7732,Female,50,Books,1,106,106
4588,24-11-2023,CUST5001,Female,25,Beauty,10,204,2040
4589,24-11-2023,CUST8585,Male,59,Sports,11,379,4169
4590,24-11-2023,CUST8028,Female,21,Electronics,19,64,1216
4591,24-11-2023,CUST1070,Male,26,Books,4,117,468
4592,24-11-2023,CUST2220,Male,30,Groceries,1,363,363
4593,24-11-2023,CUST1880,Female,28,Electronics,14,485,6790
4594,24-11-2023,CUST5604,Female,40,Beauty,14,159,2226
4595,24-11-2023,CUST1422,Female,63,Clothing,16,14,224
4596,24-11-2023,CUST1912,Female,69,Beauty,16,222,3552
4597,24-11-2023,CUST3995,Male,50,Electronics,5,487,2435
4598,24-11-2023,CUST2044,Female,37,Clothing,9,462,4158
4599,24-11-2023,CUST5041,Male,40,Electronics,5,237,1185
4600,24-11-2023,CUST7280,Male,44,Clothing,15,235,3525
4601,24-11-2023,CUST2105,Female,68,Books,9,377,3393
4602,24-11-2023,CUST8334,Female,55,Sports,2,285,570
4603,24-11-2023,CUST7269,Male,33,Beauty,4,172,688
4604,24-11-2023,CUST1751,Male,69,Beauty,16,90,1440
4605,24-11-2023,CUST6464,Female,65,Groceries,3,101,303
4606,24-11-2023,CUST6608,Male,26,Sports,1,339,339
4607,24-11-2023,CUST8366,Male,64,Beauty,7,167,1169
4608,24-11-2023,CUST5039,Female,67,Sports,17,52,884
4609,24-11-2023,CUST4815,Male,44,Beauty,5,62,310
4610,24-11-2023,CUST2559,Female,65,Beauty,8,296,2368
4611,24-11-2023,CUST2287,Female,26,Books,6,31,186
4612,24-11-2023,CUST8421,Female,68,Clothing,10,319,3190
4613,24-11-2023,CUST9844,Male,36,Sports,14,256,3584
4614,24-11-2023,CUST4128,Male,62,Groceries,2,334,668
4615,24-11-2023,CUST0786,Female,44,Groceries,16,422,6752
4616,24-11-2023,CUST9714,Female,37,Beauty,19,49,931
4617,24-11-2023,CUST2942,Female,69,Groceries,4,426,1704
4618,24-11-2023,CUST3492,Male,55,Electronics,8,117,936
4619,24-11-2023,CUST9247,Female,67,Beauty,12,83,996
4620,24-11-2023,CUST3886,Female,20,Beauty,7,375,2625
4621,24-11-2023,CUST1314,Male,69,Books,6,241,1446
4622,24-11-2023,CUST2556,Female,29,Books,18,367,6606
4623,24-11-2023,CUST8322,Female,65,Books,10,487,4870
4624,24-11-2023,CUST7954,Male,61,Beauty,3,180,540
4625,24-11-2023,CUST3804,Female,21,Books,6,316,1896
4626,24-11-2023,CUST1522,Male,50,Sports,11,401,4411
4627,24-11-2023,CUST4801,Male,30,Electronics,20,255,5100
4628,24-11-2023,CUST4640,Male,48,Electronics,18,345,6210
4629,24-11-2023,CUST0462,Male,34,Clothing,14,340,4760
4630,24-11-2023,CUST2594,Male,58,Beauty,12,313,3756
4631,24-11-2023,CUST8904,Male,48,Clothing,8,124,992
4632,24-11-2023,CUST7957,Male,69,Groceries,4,464,1856
4633,24-11-2023,CUST9262,Female,63,Electronics,12,470,5640
4634,24-11-2023,CUST6151,Female,56,Electronics,5,315,1575
4635,24-11-2023,CUST9651,Female,53,Books,1,425,425
4636,24-11-2023,CUST1745,Male,27,Beauty,15,265,3975
4637,24-11-2023,CUST5658,Female,30,Groceries,11,323,3553
4638,24-11-2023,CUST5595,Male,28,Clothing,6,494,2964
4639,24-11-2023,CUST2127,Male,63,Books,1,104,104
4640,24-11-2023,CUST6193,Male,35,Sports,2,263,526
4641,24-11-2023,CUST0136,Female,18,Groceries,8,496,3968
4642,24-11-2023,CUST7310,Female,22,Groceries,14,334,4676
4643,24-11-2023,CUST0520,Female,50,Electronics,9,39,351
4644,24-11-2023,CUST0760,Male,45,Beauty,3,315,945
4645,24-11-2023,CUST2289,Male,33,Books,7,10,70
4646,24-11-2023,CUST2830,Female,28,Electronics,13,371,4823
4647,24-11-2023,CUST3574,Male,26,Beauty,16,213,3408
4648,24-11-2023,CUST0490,Male,19,Beauty,4,336,1344
4649,24-11-2023,CUST1086,Male,36,Sports,8,315,2520
4650,24-11-2023,CUST9688,Male,30,Sports,6,475,2850
4651,24-11-2023,CUST8517,Female,30,Sports,20,148,2960
4652,24-11-2023,CUST9192,Male,51,Books,16,428,6848
4653,24-11-2023,CUST7120,Female,48,Books,13,26,338
4654,24-11-2023,CUST2315,Female,21,Beauty,12,154,1848
4655,24-11-2023,CUST5965,Female,64,Clothing,8,66,528
4656,24-11-2023,CUST7257,Male,68,Books,3,57,171
4657,24-11-2023,CUST4218,Female,49,Groceries,9,237,2133
4658,24-11-2023,CUST4992,Male,56,Clothing,16,286,4576
4659,24-11-2023,CUST9887,Female,48,Sports,16,135,2160
4660,24-11-2023,CUST4826,Female,60,Beauty,12,425,5100
4661,24-11-2023,CUST7917,Male,43,Books,15,103,1545
4662,24-11-2023,CUST3687,Male,61,Electronics,20,407,8140
4663,24-11-2023,CUST9951,Female,44,Beauty,8,32,256
4664,24-11-2023,CUST2023,Female,49,Sports,16,304,4864
4665,24-11-2023,CUST7324,Male,25,Beauty,2,301,602
4666,24-11-2023,CUST6323,Male,53,Groceries,5,171,855
4667,24-11-2023,CUST7033,Male,64,Books,4,408,1632
4668,24-11-2023,CUST1728,Female,33,Electronics,5,124,620
4669,24-11-2023,CUST4001,Female,22,Books,15,92,1380
4670,24-11-2023,CUST2982,Male,41,Books,17,176,2992
4671,24-11-2023,CUST4674,Male,51,Groceries,13,472,6136
4672,24-11-2023,CUST3192,Female,69,Clothing,5,14,70
4673,24-11-2023,CUST3364,Male,54,Clothing,7,331,2317
4674,24-11-2023,CUST1273,Male,56,Electronics,12,219,2628
4675,24-11-2023,CUST2942,Male,23,Groceries,18,326,5868
4676,24-11-2023,CUST1885,Female,37,Groceries,8,119,952
4677,24-11-2023,CUST4991,Male,57,Electronics,7,151,1057
4678,24-11-2023,CUST7304,Male,32,Groceries,20,224,4480
4679,24-11-2023,CUST8666,Female,18,Books,7,147,1029
4680,24-11-2023,CUST6079,Female,52,Groceries,3,192,576
4681,24-11-2023,CUST8583,Female,66,Beauty,3,316,948
4682,24-11-2023,CUST8739,Female,68,Sports,2,458,916
4683,24-11-2023,CUST5781,Male,50,Electronics,6,389,2334
4684,24-11-2023,CUST1156,Male,28,Books,8,57,456
4685,24-11-2023,CUST0475,Male,26,Sports,5,61,305
4686,24-11-2023,CUST0799,Male,62,Electronics,2,335,670
4687,24-11-2023,CUST8420,Male,29,Clothing,18,492,8856
4688,24-11-2023,CUST0102,Female,56,Electronics,13,140,1820
4689,24-11-2023,CUST9203,Male,69,Books,16,143,2288
4690,24-11-2023,CUST7080,Male,64,Beauty,5,190,950
4691,24-11-2023,CUST9326,Female,35,Groceries,18,142,2556
4692,24-11-2023,CUST0712,Male,18,Sports,8,420,3360
4693,24-11-2023,CUST6972,Female,33,Electronics,15,299,4485
4694,24-11-2023,CUST1568,Male,57,Books,1,410,410
4695,24-11-2023,CUST7681,Male,52,Clothing,12,108,1296
4696,24-11-2023,CUST1232,Male,63,Beauty,8,102,816
4697,24-11-2023,CUST0289,Female,32,Groceries,18,413,7434
4698,24-11-2023,CUST8566,Male,55,Sports,18,16,288
4699,24-11-2023,CUST6632,Male,33,Books,5,47,235
4700,24-11-2023,CUST7503,Female,28,Beauty,15,235,3525
4701,24-11-2023,CUST4633,Female,56,Clothing,16,134,2144
4702,24-11-2023,CUST3307,Male,39,Groceries,18,252,4536
4703,24-11-2023,CUST1363,Male,42,Beauty,4,499,1996
4704,24-11-2023,CUST2929,Male,68,Sports,16,379,6064
4705,24-11-2023,CUST7416,Male,64,Sports,7,302,2114
4706,24-11-2023,CUST6206,Male,46,Groceries,16,181,2896
4707,24-11-2023,CUST8363,Male,18,Beauty,20,64,1280
4708,24-11-2023,CUST0403,Male,61,Books,2,51,102
4709,24-11-2023,CUST3775,Female,41,Electronics,15,432,6480
4710,24-11-2023,CUST0241,Female,33,Groceries,15,364,5460
4711,24-11-2023,CUST7499,Female,18,Groceries,19,272,5168
4712,24-11-2023,CUST1186,Female,39,Clothing,4,265,1060
4713,24-11-2023,CUST0675,Male,41,Clothing,2,74,148
4714,24-11-2023,CUST9716,Female,56,Sports,20,287,5740
4715,24-11-2023,CUST3086,Male,67,Groceries,16,357,5712
4716,24-11-2023,CUST0311,Female,59,Beauty,14,259,3626
4717,24-11-2023,CUST4249,Female,67,Sports,2,247,494
4718,24-11-2023,CUST2994,Female,46,Groceries,11,478,5258
4719,24-11-2023,CUST8934,Male,47,Books,1,36,36
4720,24-11-2023,CUST0423,Male,62,Beauty,2,240,480
4721,24-11-2023,CUST3077,Male,36,Beauty,20,193,3860
4722,24-11-2023,CUST7832,Female,18,Groceries,18,215,3870
4723,24-11-2023,CUST8654,Female,52,Clothing,13,304,3952
4724,24-11-2023,CUST9794,Female,19,Groceries,19,40,760
4725,24-11-2023,CUST2701,Male,30,Books,4,164,656
4726,24-11-2023,CUST4861,Male,67,Sports,2,496,992
4727,24-11-2023,CUST7443,Female,31,Books,9,343,3087
4728,24-11-2023,CUST9701,Male,51,Electronics,4,192,768
4729,24-11-2023,CUST9557,Male,46,Clothing,11,402,4422
4730,24-11-2023,CUST9260,Male,51,Clothing,18,125,2250
4731,24-11-2023,CUST3045,Male,54,Electronics,15,315,4725
4732,24-11-2023,CUST7623,Male,64,Groceries,9,31,279
4733,24-11-2023,CUST5732,Male,34,Groceries,18,441,7938
4734,24-11-2023,CUST2806,Female,33,Beauty,9,420,3780
4735,24-11-2023,CUST3243,Female,66,Beauty,1,487,487
4736,24-11-2023,CUST4001,Female,28,Groceries,10,375,3750
4737,24-11-2023,CUST8078,Female,66,Groceries,3,306,918
4738,24-11-2023,CUST7951,Female,44,Books,18,450,8100
4739,24-11-2023,CUST4436,Male,50,Sports,13,112,1456
4740,24-11-2023,CUST4373,Female,62,Beauty,15,119,1785
4741,24-11-2023,CUST6189,Female,58,Books,6,26,156
4742,24-11-2023,CUST8687,Female,44,Electronics,14,250,3500
4743,24-11-2023,CUST7164,Female,46,Groceries,7,426,2982
4744,24-11-2023,CUST4147,Female,53,Clothing,16,288,4608
4745,24-11-2023,CUST9299,Male,44,Electronics,8,27,216
4746,24-11-2023,CUST1851,Female,39,Clothing,5,180,900
4747,24-11-2023,CUST4013,Male,55,Books,11,458,5038
4748,24-11-2023,CUST4603,Male,58,Clothing,20,230,4600
4749,24-11-2023,CUST7623,Female,34,Sports,3,379,1137
4750,24-11-2023,CUST7494,Female,36,Clothing,1,285,285
4751,24-11-2023,CUST2219,Female,41,Electronics,3,165,495
4752,24-11-2023,CUST0588,Female,70,Books,10,134,1340
4753,24-11-2023,CUST3394,Male,62,Books,12,420,5040
4754,24-11-2023,CUST1072,Female,26,Books,15,209,3135
4755,24-11-2023,CUST8942,Male,66,Electronics,20,301,6020
4756,24-11-2023,CUST3644,Female,44,Electronics,3,253,759
4757,24-11-2023,CUST9315,Male,36,Clothing,1,20,20
4758,24-11-2023,CUST3537,Male,70,Books,17,21,357
4759,24-11-2023,CUST4654,Female,49,Clothing,19,127,2413
4760,24-11-2023,CUST4792,Male,21,Electronics,3,349,1047
4761,24-11-2023,CUST5279,Female,45,Beauty,14,29,406
4762,24-11-2023,CUST3827,Female,67,Sports,18,316,5688
4763,24-11-2023,CUST5930,Female,33,Groceries,11,347,3817
4764,24-11-2023,CUST4992,Male,62,Sports,14,121,1694
4765,24-11-2023,CUST2484,Male,48,Books,13,101,1313
4766,24-11-2023,CUST0728,Female,19,Electronics,4,165,660
4767,24-11-2023,CUST6445,Male,68,Books,20,303,6060
4768,24-11-2023,CUST8789,Female,27,Sports,7,307,2149
4769,24-11-2023,CUST8750,Male,22,Clothing,12,24,288
4770,24-11-2023,CUST1015,Male,36,Beauty,7,485,3395
4771,24-11-2023,CUST3954,Female,67,Groceries,8,478,3824
4772,24-11-2023,CUST4678,Male,47,Sports,11,444,4884
4773,24-11-2023,CUST6267,Female,63,Electronics,2,200,400
4774,24-11-2023,CUST9976,Male,21,Sports,15,98,1470
4775,24-11-2023,CUST7377,Female,28,Sports,12,283,3396
4776,24-11-2023,CUST7271,Male,63,Sports,11,335,3685
4777,24-11-2023,CUST5024,Female,35,Electronics,2,471,942
4778,24-11-2023,CUST6684,Female,23,Books,8,235,1880
4779,24-11-2023,CUST6745,Male,68,Beauty,18,160,2880
4780,24-11-2023,CUST3647,Male,33,Beauty,12,171,2052
4781,24-11-2023,CUST1663,Male,52,Beauty,4,488,1952
4782,24-11-2023,CUST2101,Female,65,Electronics,8,68,544
4783,24-11-2023,CUST6322,Female,63,Clothing,19,146,2774
4784,24-11-2023,CUST5234,Female,44,Sports,17,361,6137
4785,24-11-2023,CUST7747,Male,51,Electronics,14,373,5222
4786,24-11-2023,CUST4876,Male,21,Clothing,8,415,3320
4787,24-11-2023,CUST7085,Male,53,Groceries,9,269,2421
4788,24-11-2023,CUST2983,Female,67,Sports,3,155,465
4789,24-11-2023,CUST6958,Female,61,Clothing,1,158,158
4790,24-11-2023,CUST7675,Male,26,Sports,12,425,5100
4791,24-11-2023,CUST1405,Female,26,Books,11,450,4950
4792,24-11-2023,CUST9911,Male,37,Electronics,20,105,2100
4793,24-11-2023,CUST7603,Male,55,Electronics,5,382,1910
4794,24-11-2023,CUST5411,Male,41,Groceries,2,241,482
4795,24-11-2023,CUST7209,Male,32,Sports,7,445,3115
4796,24-11-2023,CUST7553,Male,23,Sports,13,425,5525
4797,24-11-2023,CUST7446,Female,23,Clothing,19,316,6004
4798,24-11-2023,CUST3118,Female,29,Books,18,151,2718
4799,24-11-2023,CUST8182,Male,32,Electronics,4,323,1292
4800,24-11-2023,CUST4033,Male,33,Electronics,11,305,3355
4801,24-11-2023,CUST8253,Female,28,Groceries,4,122,488
4802,24-11-2023,CUST9316,Female,60,Clothing,7,266,1862
4803,24-11-2023,CUST4297,Male,39,Clothing,12,83,996
4804,24-11-2023,CUST8811,Female,68,Electronics,7,18,126
4805,24-11-2023,CUST3490,Female,41,Clothing,2,454,908
4806,24-11-2023,CUST8346,Male,28,Groceries,7,23,161
4807,24-11-2023,CUST3438,Male,19,Groceries,5,421,2105
4808,24-11-2023,CUST3246,Male,45,Clothing,18,329,5922
4809,24-11-2023,CUST3591,Male,70,Beauty,5,444,2220
4810,24-11-2023,CUST0989,Male,42,Beauty,6,491,2946
4811,24-11-2023,CUST3904,Female,51,Sports,7,402,2814
4812,24-11-2023,CUST1341,Female,60,Clothing,11,40,440
4813,24-11-2023,CUST6139,Male,22,Beauty,3,183,549
4814,24-11-2023,CUST1711,Male,37,Beauty,17,253,4301
4815,24-11-2023,CUST2093,Male,53,Books,6,46,276
4816,24-11-2023,CUST9219,Male,38,Beauty,12,474,5688
4817,24-11-2023,CUST4455,Female,70,Books,6,403,2418
4818,24-11-2023,CUST7075,Female,70,Clothing,9,57,513
4819,24-11-2023,CUST5769,Male,44,Clothing,9,327,2943
4820,24-11-2023,CUST3444,Female,64,Sports,16,403,6448
4821,24-11-2023,CUST9132,Female,56,Groceries,5,37,185
4822,24-11-2023,CUST8491,Female,65,Sports,16,48,768
4823,24-11-2023,CUST8281,Male,69,Sports,15,365,5475
4824,24-11-2023,CUST4611,Male,31,Groceries,18,67,1206
4825,24-11-2023,CUST0404,Male,36,Sports,13,369,4797
4826,24-11-2023,CUST1125,Male,56,Groceries,7,305,2135
4827,24-11-2023,CUST1265,Female,60,Clothing,16,354,5664
4828,24-11-2023,CUST6910,Male,42,Clothing,12,413,4956
4829,24-11-2023,CUST6721,Female,68,Groceries,20,129,2580
4830,24-11-2023,CUST2197,Female,38,Clothing,13,131,1703
4831,24-11-2023,CUST1277,Male,51,Books,14,124,1736
4832,24-11-2023,CUST2739,Male,26,Beauty,12,219,2628
4833,24-11-2023,CUST7976,Male,39,Beauty,2,493,986
4834,24-11-2023,CUST6142,Female,52,Sports,11,354,3894
4835,24-11-2023,CUST3134,Male,54,Beauty,10,181,1810
4836,24-11-2023,CUST6787,Male,59,Sports,3,275,825
4837,24-11-2023,CUST1064,Male,58,Sports,15,337,5055
4838,24-11-2023,CUST6865,Male,44,Groceries,9,364,3276
4839,24-11-2023,CUST7371,Female,24,Sports,11,143,1573
4840,24-11-2023,CUST0479,Female,45,Sports,9,316,2844
4841,24-11-2023,CUST8754,Female,36,Beauty,11,461,5071
4842,24-11-2023,CUST1586,Female,49,Books,8,427,3416
4843,24-11-2023,CUST8925,Female,32,Books,2,181,362
4844,24-11-2023,CUST3643,Female,34,Sports,5,315,1575
4845,24-11-2023,CUST1636,Male,67,Clothing,4,125,500
4846,24-11-2023,CUST4465,Male,68,Groceries,17,231,3927
4847,24-11-2023,CUST7439,Female,66,Beauty,20,320,6400
4848,24-11-2023,CUST9183,Male,23,Electronics,19,91,1729
4849,24-11-2023,CUST3091,Male,44,Books,4,85,340
4850,24-11-2023,CUST6658,Female,45,Sports,19,132,2508
4851,24-11-2023,CUST1479,Female,42,Sports,1,283,283
4852,24-11-2023,CUST1480,Male,24,Electronics,6,152,912
4853,24-11-2023,CUST9208,Male,54,Electronics,4,189,756
4854,24-11-2023,CUST6357,Female,36,Electronics,1,83,83
4855,24-11-2023,CUST6795,Male,33,Electronics,6,467,2802
4856,24-11-2023,CUST0005,Female,68,Clothing,15,122,1830
4857,24-11-2023,CUST7793,Female,62,Groceries,13,101,1313
4858,24-11-2023,CUST0517,Female,56,Clothing,10,212,2120
4859,24-11-2023,CUST2301,Female,55,Books,17,492,8364
4860,24-11-2023,CUST1188,Female,58,Clothing,1,54,54
4861,24-11-2023,CUST9756,Male,45,Beauty,16,195,3120
4862,24-11-2023,CUST9708,Male,57,Clothing,6,36,216
4863,24-11-2023,CUST0024,Female,56,Clothing,1,377,377
4864,24-11-2023,CUST5893,Female,36,Books,8,358,2864
4865,24-11-2023,CUST5473,Female,23,Beauty,18,145,2610
4866,24-11-2023,CUST2499,Male,22,Books,7,73,511
4867,24-11-2023,CUST9922,Male,38,Groceries,16,458,7328
4868,24-11-2023,CUST5098,Female,60,Books,7,428,2996
4869,24-11-2023,CUST1475,Male,29,Electronics,13,278,3614
4870,24-11-2023,CUST8413,Female,70,Groceries,15,91,1365
4871,24-11-2023,CUST2383,Male,40,Groceries,2,434,868
4872,24-11-2023,CUST8070,Female,25,Beauty,5,370,1850
4873,24-11-2023,CUST7880,Male,56,Groceries,11,180,1980
4874,24-11-2023,CUST9832,Female,60,Sports,1,411,411
4875,24-11-2023,CUST6702,Female,20,Beauty,16,24,384
4876,24-11-2023,CUST1168,Male,63,Electronics,14,99,1386
4877,24-11-2023,CUST5952,Male,44,Sports,5,131,655
4878,24-11-2023,CUST9278,Female,26,Beauty,4,148,592
4879,24-11-2023,CUST4584,Male,34,Groceries,13,84,1092
4880,24-11-2023,CUST5414,Female,34,Beauty,8,113,904
4881,24-11-2023,CUST3882,Male,43,Electronics,2,14,28
4882,24-11-2023,CUST1174,Female,48,Electronics,6,186,1116
4883,24-11-2023,CUST4968,Female,53,Beauty,3,48,144
4884,24-11-2023,CUST9561,Female,63,Books,14,264,3696
4885,24-11-2023,CUST7575,Male,32,Clothing,11,249,2739
4886,24-11-2023,CUST1602,Female,62,Clothing,6,221,1326
4887,24-11-2023,CUST5063,Male,38,Clothing,12,34,408
4888,24-11-2023,CUST2028,Male,28,Beauty,4,346,1384
4889,24-11-2023,CUST7146,Female,65,Groceries,7,307,2149
4890,24-11-2023,CUST5826,Female,63,Electronics,17,106,1802
4891,24-11-2023,CUST4546,Female,26,Clothing,11,426,4686
4892,24-11-2023,CUST3380,Male,54,Clothing,7,201,1407
4893,24-11-2023,CUST3724,Male,35,Groceries,19,134,2546
4894,24-11-2023,CUST8137,Female,36,Groceries,6,253,1518
4895,24-11-2023,CUST4874,Female,42,Electronics,4,33,132
4896,24-11-2023,CUST5889,Female,69,Clothing,6,38,228
4897,24-11-2023,CUST5295,Male,37,Books,4,79,316
4898,24-11-2023,CUST8530,Female,38,Electronics,10,264,2640
4899,24-11-2023,CUST1541,Male,33,Groceries,17,265,4505
4900,24-11-2023,CUST9267,Male,60,Groceries,4,43,172
4901,24-11-2023,CUST7879,Male,26,Sports,12,412,4944
4902,24-11-2023,CUST3863,Male,57,Electronics,17,239,4063
4903,24-11-2023,CUST8590,Female,34,Books,20,405,8100
4904,24-11-2023,CUST1560,Female,36,Beauty,5,206,1030
4905,24-11-2023,CUST9261,Female,39,Beauty,9,22,198
4906,24-11-2023,CUST3116,Male,28,Books,20,291,5820
4907,24-11-2023,CUST7924,Female,53,Beauty,10,230,2300
4908,24-11-2023,CUST6554,Female,43,Clothing,12,137,1644
4909,24-11-2023,CUST7439,Male,28,Electronics,19,189,3591
4910,24-11-2023,CUST5237,Female,21,Beauty,14,226,3164
4911,24-11-2023,CUST0286,Male,50,Electronics,12,332,3984
4912,24-11-2023,CUST9069,Male,25,Clothing,4,127,508
4913,24-11-2023,CUST3247,Female,30,Electronics,3,234,702
4914,24-11-2023,CUST3984,Female,61,Sports,19,162,3078
4915,24-11-2023,CUST2117,Male,30,Electronics,19,359,6821
4916,24-11-2023,CUST4684,Male,70,Sports,6,453,2718
4917,24-11-2023,CUST5199,Male,55,Beauty,5,243,1215
4918,24-11-2023,CUST0487,Female,43,Sports,11,366,4026
4919,24-11-2023,CUST6895,Female,47,Beauty,7,427,2989
4920,24-11-2023,CUST1755,Male,66,Beauty,12,475,5700
4921,24-11-2023,CUST0726,Male,63,Books,14,155,2170
4922,24-11-2023,CUST3348,Male,32,Books,12,365,4380
4923,24-11-2023,CUST1809,Male,61,Sports,20,134,2680
4924,24-11-2023,CUST0202,Male,18,Beauty,8,37,296
4925,24-11-2023,CUST8592,Female,33,Books,5,394,1970
4926,24-11-2023,CUST4667,Female,40,Clothing,20,269,5380
4927,24-11-2023,CUST6631,Female,25,Groceries,18,402,7236
4928,24-11-2023,CUST8299,Male,22,Sports,16,403,6448
4929,24-11-2023,CUST0225,Female,45,Electronics,8,139,1112
4930,24-11-2023,CUST3663,Male,66,Groceries,13,384,4992
4931,24-11-2023,CUST3958,Male,64,Books,8,266,2128
4932,24-11-2023,CUST0576,Female,58,Books,17,352,5984
4933,24-11-2023,CUST7509,Female,70,Beauty,7,467,3269
4934,24-11-2023,CUST2635,Female,40,Books,4,133,532
4935,24-11-2023,CUST7173,Male,48,Clothing,9,363,3267
4936,24-11-2023,CUST7332,Female,44,Books,5,425,2125
4937,24-11-2023,CUST7554,Male,39,Electronics,6,43,258
4938,24-11-2023,CUST2138,Female,59,Clothing,14,482,6748
4939,24-11-2023,CUST3952,Female,31,Books,17,47,799
4940,24-11-2023,CUST9755,Male,55,Electronics,11,164,1804
4941,24-11-2023,CUST8411,Male,50,Groceries,14,189,2646
4942,24-11-2023,CUST9085,Male,19,Sports,7,65,455
4943,24-11-2023,CUST9871,Female,66,Beauty,5,377,1885
4944,24-11-2023,CUST8761,Male,33,Groceries,7,348,2436
4945,24-11-2023,CUST9594,Male,26,Sports,2,203,406
4946,24-11-2023,CUST0688,Female,64,Books,6,299,1794
4947,24-11-2023,CUST2184,Female,19,Sports,18,401,7218
4948,24-11-2023,CUST6788,Female,29,Clothing,13,152,1976
4949,24-11-2023,CUST1730,Male,20,Electronics,9,140,1260
4950,24-11-2023,CUST9989,Female,24,Beauty,19,244,4636
4951,24-11-2023,CUST0815,Male,52,Groceries,8,61,488
4952,24-11-2023,CUST9124,Female,60,Electronics,18,112,2016
4953,24-11-2023,CUST4543,Male,44,Electronics,5,12,60
4954,24-11-2023,CUST3735,Female,45,Books,9,214,1926
4955,24-11-2023,CUST7105,Female,38,Books,7,139,973
4956,24-11-2023,CUST0097,Male,25,Books,3,306,918
4957,24-11-2023,CUST1014,Female,66,Groceries,1,159,159
4958,24-11-2023,CUST8412,Female,35,Groceries,11,71,781
4959,24-11-2023,CUST9976,Male,50,Clothing,19,57,1083
4960,24-11-2023,CUST1831,Male,57,Clothing,4,377,1508
4961,24-11-2023,CUST7981,Female,30,Beauty,16,71,1136
4962,24-11-2023,CUST9317,Female,42,Sports,16,324,5184
4963,24-11-2023,CUST4306,Male,40,Groceries,3,118,354
4964,24-11-2023,CUST6238,Female,32,Electronics,15,172,2580
4965,24-11-2023,CUST8063,Female,61,Beauty,18,129,2322
4966,24-11-2023,CUST3007,Female,19,Books,12,368,4416
4967,24-11-2023,CUST3618,Female,22,Groceries,13,183,2379
4968,24-11-2023,CUST6836,Female,62,Sports,8,248,1984
4969,24-11-2023,CUST4770,Male,63,Books,13,424,5512
4970,24-11-2023,CUST8111,Male,32,Sports,13,439,5707
4971,24-11-2023,CUST2591,Female,60,Sports,19,114,2166
4972,24-11-2023,CUST7983,Male,27,Groceries,17,52,884
4973,24-11-2023,CUST3096,Female,28,Beauty,17,261,4437
4974,24-11-2023,CUST2030,Male,49,Beauty,7,190,1330
4975,24-11-2023,CUST4615,Female,68,Electronics,2,19,38
4976,24-11-2023,CUST0333,Male,58,Sports,18,273,4914
4977,24-11-2023,CUST3742,Male,25,Beauty,19,36,684
4978,24-11-2023,CUST7154,Female,51,Electronics,11,48,528
4979,24-11-2023,CUST1210,Female,69,Electronics,20,480,9600
4980,24-11-2023,CUST3723,Female,41,Sports,5,402,2010
4981,24-11-2023,CUST4630,Male,22,Books,19,339,6441
4982,24-11-2023,CUST4173,Male,45,Beauty,4,336,1344
4983,24-11-2023,CUST3175,Female,56,Electronics,6,455,2730
4984,24-11-2023,CUST9033,Male,47,Groceries,15,285,4275
4985,24-11-2023,CUST9463,Male,62,Beauty,12,167,2004
4986,24-11-2023,CUST4435,Male,35,Beauty,6,433,2598
4987,24-11-2023,CUST4676,Male,65,Sports,11,141,1551
4988,24-11-2023,CUST1303,Female,35,Electronics,5,392,1960
4989,24-11-2023,CUST1145,Female,52,Beauty,8,282,2256
4990,24-11-2023,CUST0784,Female,57,Sports,18,83,1494
4991,24-11-2023,CUST1523,Male,30,Beauty,6,120,720
4992,24-11-2023,CUST6038,Female,58,Electronics,4,184,736
4993,24-11-2023,CUST1093,Female,56,Clothing,2,137,274
4994,24-11-2023,CUST6134,Male,50,Groceries,10,416,4160
4995,24-11-2023,CUST3219,Female,53,Electronics,16,429,6864
4996,24-11-2023,CUST5413,Male,35,Sports,5,109,545
4997,24-11-2023,CUST2824,Male,34,Electronics,19,131,2489
4998,24-11-2023,CUST9755,Female,66,Beauty,14,271,3794
4999,24-11-2023,CUST6043,Female,47,Books,10,144,1440
5000,24-11-2023,CUST0422,Female,42,Clothing,1,111,111
