TransactionID,Date,CustomerID,Gender,Age,Product Category,Quantity,Price per Unit,Total Amount
1,25-11-2023,CUST4455,Female,49,Books,20,201,4020
2,25-11-2023,CUST7255,Male,27,Beauty,5,352,1760
3,25-11-2023,CUST8994,Male,51,Beauty,2,236,472
4,25-11-2023,CUST4581,Male,41,Books,17,398,6766
5,25-11-2023,CUST7039,Male,20,Clothing,10,210,2100
6,25-11-2023,CUST7991,Female,20,Groceries,18,109,1962
7,25-11-2023,CUST0396,Female,22,Books,9,387,3483
8,25-11-2023,CUST3723,Female,30,Beauty,14,198,2772
9,25-11-2023,CUST5454,Female,32,Electronics,16,337,5392
10,25-11-2023,CUST2130,Female,29,Sports,5,409,2045
11,25-11-2023,CUST0844,Male,23,Groceries,2,366,732
12,25-11-2023,CUST7555,Male,69,Beauty,20,413,8260
13,25-11-2023,CUST3239,Male,69,Electronics,5,380,1900
14,25-11-2023,CUST6532,Female,47,Books,19,458,8702
15,25-11-2023,CUST6235,Male,33,Electronics,18,19,342
16,25-11-2023,CUST5934,Male,28,Groceries,9,53,477
17,25-11-2023,CUST3825,Male,38,Beauty,19,235,4465
18,25-11-2023,CUST7171,Male,51,Groceries,4,60,240
19,25-11-2023,CUST7320,Male,51,Groceries,11,499,5489
20,25-11-2023,CUST5693,Male,21,Sports,15,319,4785
21,25-11-2023,CUST2564,Male,18,Clothing,4,17,68
22,25-11-2023,CUST6214,Female,66,Clothing,15,304,4560
23,25-11-2023,CUST1193,Male,64,Electronics,6,388,2328
24,25-11-2023,CUST0886,Male,36,Clothing,5,417,2085
25,25-11-2023,CUST2036,Male,25,Sports,9,461,4149
26,25-11-2023,CUST9891,Male,24,Beauty,20,53,1060
27,25-11-2023,CUST9850,Female,25,Clothing,14,57,798
28,25-11-2023,CUST3012,Female,65,Electronics,2,121,242
29,25-11-2023,CUST9286,Female,56,Beauty,19,38,722
30,25-11-2023,CUST6798,Female,41,Beauty,13,136,1768
31,25-11-2023,CUST7812,Female,30,Sports,5,224,1120
32,25-11-2023,CUST2042,Male,65,Books,11,213,2343
33,25-11-2023,CUST8622,Male,34,Books,18,167,3006
34,25-11-2023,CUST6406,Female,64,Clothing,17,328,5576
35,25-11-2023,CUST2702,Male,49,Books,17,211,3587
36,25-11-2023,CUST3469,Female,66,Sports,8,24,192
37,25-11-2023,CUST4489,Male,61,Clothing,9,452,4068
38,25-11-2023,CUST0134,Female,26,Electronics,6,354,2124
39,25-11-2023,CUST6086,Female,47,Sports,20,205,4100
40,25-11-2023,CUST9690,Female,58,Beauty,18,440,7920
41,25-11-2023,CUST5145,Male,30,Groceries,14,231,3234
42,25-11-2023,CUST0222,Female,48,Sports,1,418,418
43,25-11-2023,CUST6714,Female,68,Electronics,4,25,100
44,25-11-2023,CUST4860,Male,44,Books,16,374,5984
45,25-11-2023,CUST0009,Female,46,Electronics,17,12,204
46,25-11-2023,CUST3923,Female,25,Books,11,192,2112
47,25-11-2023,CUST2030,Male,41,Sports,8,477,3816
48,25-11-2023,CUST7038,Female,43,Beauty,6,92,552
49,25-11-2023,CUST9542,Male,59,Beauty,20,25,500
50,25-11-2023,CUST9058,Female,42,Sports,13,67,871
51,25-11-2023,CUST7507,Male,44,Beauty,12,494,5928
52,25-11-2023,CUST8897,Female,54,Clothing,2,201,402
53,25-11-2023,CUST3008,Male,48,Books,10,283,2830
54,25-11-2023,CUST4312,Male,61,Sports,1,425,425
55,25-11-2023,CUST9087,Female,30,Electronics,15,325,4875
56,25-11-2023,CUST7784,Male,69,Groceries,17,318,5406
57,25-11-2023,CUST9126,Male,25,Sports,8,336,2688
58,25-11-2023,CUST8181,Male,48,Books,15,132,1980
59,25-11-2023,CUST4568,Male,49,Clothing,14,253,3542
60,25-11-2023,CUST3280,Female,30,Electronics,5,129,645
61,25-11-2023,CUST1693,Female,49,Electronics,16,138,2208
62,25-11-2023,CUST0264,Male,40,Sports,5,144,720
63,25-11-2023,CUST1203,Male,56,Groceries,9,63,567
64,25-11-2023,CUST2539,Female,56,Beauty,10,131,1310
65,25-11-2023,CUST8757,Male,66,Clothing,20,261,5220
66,25-11-2023,CUST3718,Male,45,Clothing,5,417,2085
67,25-11-2023,CUST6534,Male,44,Beauty,14,66,924
68,25-11-2023,CUST5325,Female,44,Electronics,9,96,864
69,25-11-2023,CUST9598,Female,66,Groceries,13,180,2340
70,25-11-2023,CUST0632,Female,42,Books,18,290,5220
71,25-11-2023,CUST3700,Female,66,Books,19,69,1311
72,25-11-2023,CUST4545,Male,49,Electronics,17,500,8500
73,25-11-2023,CUST7973,Female,40,Sports,11,217,2387
74,25-11-2023,CUST6924,Female,47,Beauty,7,211,1477
75,25-11-2023,CUST4604,Male,29,Clothing,12,413,4956
76,25-11-2023,CUST6738,Female,44,Clothing,8,336,2688
77,25-11-2023,CUST3158,Male,29,Groceries,13,48,624
78,25-11-2023,CUST6680,Male,42,Electronics,20,117,2340
79,25-11-2023,CUST2126,Male,23,Electronics,1,436,436
80,25-11-2023,CUST5712,Male,63,Clothing,13,56,728
81,25-11-2023,CUST3676,Male,45,Groceries,1,281,281
82,25-11-2023,CUST4861,Male,28,Groceries,9,207,1863
83,25-11-2023,CUST1749,Male,51,Groceries,6,164,984
84,25-11-2023,CUST1318,Male,18,Books,15,36,540
85,25-11-2023,CUST3056,Male,52,Books,20,373,7460
86,25-11-2023,CUST5747,Female,26,Electronics,17,178,3026
87,25-11-2023,CUST5500,Male,56,Books,16,462,7392
88,25-11-2023,CUST6641,Female,25,Sports,2,138,276
89,25-11-2023,CUST2035,Male,20,Clothing,5,357,1785
90,25-11-2023,CUST6272,Male,28,Sports,9,46,414
91,25-11-2023,CUST5769,Male,18,Groceries,3,373,1119
92,25-11-2023,CUST7911,Female,32,Sports,7,291,2037
93,25-11-2023,CUST1246,Male,64,Groceries,17,103,1751
94,25-11-2023,CUST0971,Male,48,Books,7,97,679
95,25-11-2023,CUST9334,Male,68,Clothing,9,479,4311
96,25-11-2023,CUST7773,Female,29,Books,5,76,380
97,25-11-2023,CUST1996,Female,38,Sports,10,61,610
98,25-11-2023,CUST4679,Male,56,Electronics,11,446,4906
99,25-11-2023,CUST2061,Male,50,Sports,1,279,279
100,25-11-2023,CUST6020,Male,50,Groceries,18,398,7164
101,25-11-2023,CUST3811,Male,56,Groceries,17,80,1360
102,25-11-2023,CUST6962,Female,48,Beauty,3,321,963
103,25-11-2023,CUST5138,Female,69,Books,4,73,292
104,25-11-2023,CUST8522,Male,38,Beauty,18,462,8316
105,25-11-2023,CUST8265,Female,68,Electronics,5,67,335
106,25-11-2023,CUST0551,Female,55,Clothing,6,453,2718
107,25-11-2023,CUST0578,Female,67,Sports,14,186,2604
108,25-11-2023,CUST9321,Male,65,Groceries,18,37,666
109,25-11-2023,CUST7373,Male,19,Sports,18,65,1170
110,25-11-2023,CUST1455,Male,70,Groceries,2,423,846
111,25-11-2023,CUST0593,Male,48,Clothing,11,270,2970
112,25-11-2023,CUST0568,Male,25,Groceries,5,86,430
113,25-11-2023,CUST3563,Female,56,Beauty,9,411,3699
114,25-11-2023,CUST5407,Male,41,Beauty,15,403,6045
115,25-11-2023,CUST4413,Female,32,Books,14,23,322
116,25-11-2023,CUST5850,Female,65,Beauty,2,446,892
117,25-11-2023,CUST0955,Female,35,Beauty,12,220,2640
118,25-11-2023,CUST1479,Male,32,Beauty,6,265,1590
119,25-11-2023,CUST9265,Female,26,Groceries,13,463,6019
120,25-11-2023,CUST7513,Female,20,Groceries,5,435,2175
121,25-11-2023,CUST3533,Male,62,Sports,17,266,4522
122,25-11-2023,CUST7829,Female,39,Beauty,8,72,576
123,25-11-2023,CUST2080,Male,33,Beauty,16,291,4656
124,25-11-2023,CUST5418,Female,68,Electronics,16,50,800
125,25-11-2023,CUST1000,Female,51,Clothing,6,319,1914
126,25-11-2023,CUST2158,Female,43,Electronics,8,159,1272
127,25-11-2023,CUST3764,Male,66,Beauty,2,294,588
128,25-11-2023,CUST3794,Male,31,Groceries,3,176,528
129,25-11-2023,CUST8400,Male,23,Electronics,17,50,850
130,25-11-2023,CUST7581,Male,35,Groceries,18,105,1890
131,25-11-2023,CUST3406,Male,49,Beauty,15,478,7170
132,25-11-2023,CUST2797,Male,60,Sports,3,369,1107
133,25-11-2023,CUST3508,Female,56,Groceries,7,73,511
134,25-11-2023,CUST9651,Male,41,Sports,4,128,512
135,25-11-2023,CUST7096,Male,63,Sports,14,385,5390
136,25-11-2023,CUST2377,Female,50,Beauty,8,213,1704
137,25-11-2023,CUST8158,Male,24,Groceries,14,185,2590
138,25-11-2023,CUST5941,Male,32,Groceries,13,436,5668
139,25-11-2023,CUST7987,Male,42,Beauty,17,242,4114
140,25-11-2023,CUST6456,Female,58,Beauty,13,288,3744
141,25-11-2023,CUST9834,Female,62,Electronics,1,59,59
142,25-11-2023,CUST0465,Male,47,Clothing,17,108,1836
143,25-11-2023,CUST2104,Female,45,Books,11,188,2068
144,25-11-2023,CUST8947,Male,35,Clothing,11,253,2783
145,25-11-2023,CUST3322,Male,24,Clothing,14,209,2926
146,25-11-2023,CUST7036,Male,68,Clothing,4,336,1344
147,25-11-2023,CUST9392,Female,52,Clothing,13,23,299
148,25-11-2023,CUST0451,Female,24,Beauty,12,411,4932
149,25-11-2023,CUST0583,Male,55,Books,18,343,6174
150,25-11-2023,CUST4949,Female,27,Sports,11,16,176
151,25-11-2023,CUST7378,Male,49,Beauty,10,287,2870
152,25-11-2023,CUST2296,Female,42,Groceries,10,114,1140
153,25-11-2023,CUST5721,Male,53,Sports,13,467,6071
154,25-11-2023,CUST2470,Female,43,Clothing,9,302,2718
155,25-11-2023,CUST4080,Female,49,Books,7,394,2758
156,25-11-2023,CUST7759,Male,47,Groceries,1,460,460
157,25-11-2023,CUST5217,Male,45,Beauty,3,164,492
158,25-11-2023,CUST2446,Female,31,Beauty,17,481,8177
159,25-11-2023,CUST0631,Female,62,Groceries,15,126,1890
160,25-11-2023,CUST2664,Male,54,Groceries,5,380,1900
161,25-11-2023,CUST6766,Male,19,Groceries,6,72,432
162,25-11-2023,CUST9152,Female,51,Electronics,19,224,4256
163,25-11-2023,CUST6571,Female,18,Groceries,4,445,1780
164,25-11-2023,CUST1807,Female,60,Sports,3,276,828
165,25-11-2023,CUST6701,Male,35,Groceries,5,212,1060
166,25-11-2023,CUST8760,Female,46,Groceries,15,477,7155
167,25-11-2023,CUST5993,Male,24,Groceries,10,138,1380
168,25-11-2023,CUST1240,Male,62,Sports,10,464,4640
169,25-11-2023,CUST4335,Female,27,Groceries,20,37,740
170,25-11-2023,CUST3562,Female,37,Clothing,10,397,3970
171,25-11-2023,CUST4073,Female,45,Electronics,14,91,1274
172,25-11-2023,CUST6130,Male,49,Clothing,6,381,2286
173,25-11-2023,CUST8648,Male,44,Clothing,2,179,358
174,25-11-2023,CUST1137,Female,43,Groceries,14,94,1316
175,25-11-2023,CUST7305,Male,28,Books,12,281,3372
176,25-11-2023,CUST9825,Male,48,Groceries,6,359,2154
177,25-11-2023,CUST1465,Male,23,Clothing,15,231,3465
178,25-11-2023,CUST1498,Male,58,Beauty,6,473,2838
179,25-11-2023,CUST3063,Female,29,Electronics,11,488,5368
180,25-11-2023,CUST0833,Female,54,Groceries,7,70,490
181,25-11-2023,CUST2933,Male,62,Electronics,4,42,168
182,25-11-2023,CUST2726,Male,46,Books,1,30,30
183,25-11-2023,CUST2750,Male,39,Electronics,20,149,2980
184,25-11-2023,CUST6444,Male,48,Electronics,8,127,1016
185,25-11-2023,CUST9806,Male,18,Clothing,1,155,155
186,25-11-2023,CUST1713,Female,34,Electronics,17,63,1071
187,25-11-2023,CUST3707,Female,50,Books,8,22,176
188,25-11-2023,CUST3135,Male,57,Beauty,15,20,300
189,25-11-2023,CUST0784,Male,55,Sports,10,111,1110
190,25-11-2023,CUST0857,Male,36,Clothing,2,92,184
191,25-11-2023,CUST2146,Female,33,Clothing,5,400,2000
192,25-11-2023,CUST6711,Female,51,Groceries,20,211,4220
193,25-11-2023,CUST6794,Female,67,Beauty,20,155,3100
194,25-11-2023,CUST9795,Female,31,Sports,7,214,1498
195,25-11-2023,CUST4113,Female,41,Sports,7,213,1491
196,25-11-2023,CUST6582,Female,39,Beauty,12,80,960
197,25-11-2023,CUST3185,Female,65,Clothing,5,320,1600
198,25-11-2023,CUST9948,Male,50,Electronics,20,72,1440
199,25-11-2023,CUST7633,Male,60,Clothing,3,431,1293
200,25-11-2023,CUST9356,Female,70,Groceries,5,250,1250
201,25-11-2023,CUST5123,Male,69,Sports,9,476,4284
202,25-11-2023,CUST7586,Female,62,Electronics,6,65,390
203,25-11-2023,CUST5818,Male,56,Sports,19,380,7220
204,25-11-2023,CUST7025,Female,34,Beauty,11,176,1936
205,25-11-2023,CUST5461,Female,18,Electronics,13,408,5304
206,25-11-2023,CUST5503,Male,28,Books,11,117,1287
207,25-11-2023,CUST3639,Female,62,Groceries,13,346,4498
208,25-11-2023,CUST7240,Male,70,Beauty,14,115,1610
209,25-11-2023,CUST6445,Male,18,Clothing,2,228,456
210,25-11-2023,CUST5734,Female,35,Groceries,11,343,3773
211,25-11-2023,CUST1063,Male,18,Books,13,86,1118
212,25-11-2023,CUST6150,Male,54,Electronics,7,207,1449
213,25-11-2023,CUST4294,Female,21,Electronics,15,235,3525
214,25-11-2023,CUST2636,Male,53,Beauty,11,19,209
215,25-11-2023,CUST5289,Male,46,Beauty,15,57,855
216,25-11-2023,CUST5859,Male,46,Books,20,86,1720
217,25-11-2023,CUST9087,Female,24,Beauty,13,296,3848
218,25-11-2023,CUST4814,Male,31,Clothing,11,267,2937
219,25-11-2023,CUST3270,Female,66,Beauty,7,84,588
220,25-11-2023,CUST5350,Female,36,Clothing,19,111,2109
221,25-11-2023,CUST9593,Female,37,Clothing,17,380,6460
222,25-11-2023,CUST2377,Female,53,Sports,13,149,1937
223,25-11-2023,CUST8274,Male,28,Beauty,20,35,700
224,25-11-2023,CUST4390,Male,33,Beauty,19,287,5453
225,25-11-2023,CUST9718,Male,37,Books,7,457,3199
226,25-11-2023,CUST0181,Male,55,Groceries,19,257,4883
227,25-11-2023,CUST3092,Female,48,Sports,4,384,1536
228,25-11-2023,CUST7884,Male,59,Beauty,19,227,4313
229,25-11-2023,CUST7442,Female,34,Sports,16,278,4448
230,25-11-2023,CUST0101,Male,30,Books,16,315,5040
231,25-11-2023,CUST9466,Male,57,Groceries,20,402,8040
232,25-11-2023,CUST6891,Female,28,Electronics,12,339,4068
233,25-11-2023,CUST7615,Male,37,Books,12,16,192
234,25-11-2023,CUST6466,Male,30,Clothing,7,43,301
235,25-11-2023,CUST0516,Female,66,Beauty,8,25,200
236,25-11-2023,CUST1120,Female,25,Books,18,100,1800
237,25-11-2023,CUST5159,Female,42,Electronics,16,372,5952
238,25-11-2023,CUST5451,Male,59,Beauty,10,482,4820
239,25-11-2023,CUST2574,Female,66,Groceries,9,349,3141
240,25-11-2023,CUST2986,Male,51,Groceries,10,287,2870
241,25-11-2023,CUST0927,Female,49,Sports,11,31,341
242,25-11-2023,CUST0473,Male,41,Electronics,4,15,60
243,25-11-2023,CUST1101,Female,57,Beauty,5,53,265
244,25-11-2023,CUST9851,Female,49,Groceries,6,111,666
245,25-11-2023,CUST8096,Female,48,Clothing,5,444,2220
246,25-11-2023,CUST1837,Female,68,Beauty,6,443,2658
247,25-11-2023,CUST1171,Female,42,Beauty,14,233,3262
248,25-11-2023,CUST4448,Male,59,Sports,19,436,8284
249,25-11-2023,CUST8645,Male,56,Books,8,333,2664
250,25-11-2023,CUST4261,Male,21,Groceries,3,469,1407
251,25-11-2023,CUST8665,Male,54,Electronics,13,138,1794
252,25-11-2023,CUST5287,Female,18,Books,19,180,3420
253,25-11-2023,CUST6958,Female,68,Electronics,4,406,1624
254,25-11-2023,CUST3835,Female,65,Electronics,14,87,1218
255,25-11-2023,CUST8173,Male,27,Beauty,12,266,3192
256,25-11-2023,CUST0733,Female,37,Books,9,100,900
257,25-11-2023,CUST5450,Female,20,Sports,17,321,5457
258,25-11-2023,CUST1384,Male,39,Electronics,13,115,1495
259,25-11-2023,CUST6712,Male,47,Books,12,419,5028
260,25-11-2023,CUST2552,Female,22,Beauty,17,184,3128
261,25-11-2023,CUST4019,Male,47,Beauty,3,411,1233
262,25-11-2023,CUST4792,Male,61,Books,16,51,816
263,25-11-2023,CUST1287,Male,55,Sports,10,35,350
264,25-11-2023,CUST3579,Female,38,Electronics,20,390,7800
265,25-11-2023,CUST7576,Female,34,Books,11,487,5357
266,25-11-2023,CUST9173,Male,56,Clothing,6,95,570
267,25-11-2023,CUST4195,Female,33,Clothing,11,63,693
268,25-11-2023,CUST3184,Female,20,Electronics,15,482,7230
269,25-11-2023,CUST5992,Female,36,Clothing,4,228,912
270,25-11-2023,CUST2718,Female,42,Books,15,296,4440
271,25-11-2023,CUST3006,Male,58,Sports,17,336,5712
272,25-11-2023,CUST1269,Female,53,Groceries,2,241,482
273,25-11-2023,CUST1425,Female,23,Electronics,18,193,3474
274,25-11-2023,CUST2547,Female,66,Electronics,4,373,1492
275,25-11-2023,CUST8737,Male,31,Beauty,3,185,555
276,25-11-2023,CUST8409,Male,44,Groceries,13,67,871
277,25-11-2023,CUST4083,Male,45,Clothing,17,93,1581
278,25-11-2023,CUST7075,Male,53,Electronics,2,471,942
279,25-11-2023,CUST1127,Male,70,Clothing,8,71,568
280,25-11-2023,CUST9186,Male,55,Groceries,15,279,4185
281,25-11-2023,CUST3748,Female,65,Books,17,357,6069
282,25-11-2023,CUST2933,Male,45,Beauty,8,10,80
283,25-11-2023,CUST7053,Male,37,Beauty,16,304,4864
284,25-11-2023,CUST6315,Male,69,Books,18,394,7092
285,25-11-2023,CUST5701,Male,68,Groceries,17,249,4233
286,25-11-2023,CUST4641,Female,49,Beauty,20,197,3940
287,25-11-2023,CUST8879,Male,30,Clothing,17,459,7803
288,25-11-2023,CUST2963,Female,67,Groceries,4,338,1352
289,25-11-2023,CUST1551,Female,70,Books,11,411,4521
290,25-11-2023,CUST8587,Male,32,Clothing,6,392,2352
291,25-11-2023,CUST9523,Female,21,Clothing,2,113,226
292,25-11-2023,CUST2213,Female,20,Beauty,13,385,5005
293,25-11-2023,CUST2546,Male,49,Beauty,7,178,1246
294,25-11-2023,CUST9693,Female,68,Electronics,5,330,1650
295,25-11-2023,CUST1280,Female,24,Groceries,12,264,3168
296,25-11-2023,CUST1726,Female,50,Groceries,10,288,2880
297,25-11-2023,CUST4343,Female,25,Clothing,12,415,4980
298,25-11-2023,CUST5890,Female,52,Books,20,145,2900
299,25-11-2023,CUST2357,Female,33,Groceries,1,307,307
300,25-11-2023,CUST6330,Female,38,Groceries,7,460,3220
301,25-11-2023,CUST2241,Female,41,Groceries,7,75,525
302,25-11-2023,CUST1491,Female,70,Electronics,1,216,216
303,25-11-2023,CUST4423,Female,42,Beauty,20,146,2920
304,25-11-2023,CUST0076,Female,44,Groceries,6,439,2634
305,25-11-2023,CUST9014,Female,52,Beauty,10,117,1170
306,25-11-2023,CUST2728,Female,37,Clothing,2,10,20
307,25-11-2023,CUST9227,Male,53,Electronics,11,12,132
308,25-11-2023,CUST7137,Male,22,Groceries,10,481,4810
309,25-11-2023,CUST0319,Female,62,Clothing,20,444,8880
310,25-11-2023,CUST9159,Male,47,Electronics,13,189,2457
311,25-11-2023,CUST9141,Male,19,Clothing,1,460,460
312,25-11-2023,CUST5459,Male,23,Beauty,14,454,6356
313,25-11-2023,CUST5096,Male,54,Clothing,12,345,4140
314,25-11-2023,CUST0018,Female,66,Groceries,15,233,3495
315,25-11-2023,CUST6960,Male,38,Groceries,4,261,1044
316,25-11-2023,CUST2195,Male,53,Sports,15,131,1965
317,25-11-2023,CUST0080,Male,22,Books,6,332,1992
318,25-11-2023,CUST0129,Female,23,Electronics,16,463,7408
319,25-11-2023,CUST1147,Male,19,Books,9,168,1512
320,25-11-2023,CUST3797,Male,28,Electronics,10,485,4850
321,25-11-2023,CUST9796,Female,68,Sports,18,344,6192
322,25-11-2023,CUST5678,Female,68,Groceries,17,131,2227
323,25-11-2023,CUST3961,Male,19,Sports,6,495,2970
324,25-11-2023,CUST7392,Male,47,Beauty,15,63,945
325,25-11-2023,CUST3121,Male,49,Clothing,13,346,4498
326,25-11-2023,CUST9840,Male,49,Books,4,174,696
327,25-11-2023,CUST0521,Female,60,Clothing,6,245,1470
328,25-11-2023,CUST8839,Female,57,Electronics,9,461,4149
329,25-11-2023,CUST0518,Female,48,Electronics,7,431,3017
330,25-11-2023,CUST2587,Female,26,Books,20,422,8440
331,25-11-2023,CUST0055,Female,32,Sports,1,344,344
332,25-11-2023,CUST6357,Female,59,Sports,4,484,1936
333,25-11-2023,CUST5245,Female,21,Clothing,18,182,3276
334,25-11-2023,CUST3287,Female,20,Books,17,433,7361
335,25-11-2023,CUST5278,Female,52,Groceries,2,23,46
336,25-11-2023,CUST5398,Male,18,Groceries,12,71,852
337,25-11-2023,CUST9642,Female,55,Electronics,3,148,444
338,25-11-2023,CUST7614,Male,27,Books,6,310,1860
339,25-11-2023,CUST0050,Female,26,Books,11,86,946
340,25-11-2023,CUST0537,Male,20,Books,8,132,1056
341,25-11-2023,CUST7264,Male,39,Beauty,16,412,6592
342,25-11-2023,CUST9769,Male,28,Groceries,18,305,5490
343,25-11-2023,CUST9948,Male,65,Clothing,17,385,6545
344,25-11-2023,CUST9936,Female,51,Beauty,14,301,4214
345,25-11-2023,CUST5401,Female,50,Clothing,8,122,976
346,25-11-2023,CUST4458,Female,34,Clothing,17,315,5355
347,25-11-2023,CUST3219,Male,29,Beauty,19,421,7999
348,25-11-2023,CUST7615,Female,50,Books,15,398,5970
349,25-11-2023,CUST7303,Female,53,Books,17,417,7089
350,25-11-2023,CUST8789,Male,46,Sports,5,487,2435
351,25-11-2023,CUST0232,Female,24,Clothing,19,174,3306
352,25-11-2023,CUST8921,Male,22,Electronics,17,322,5474
353,25-11-2023,CUST9587,Female,19,Beauty,15,486,7290
354,25-11-2023,CUST4418,Male,24,Clothing,3,243,729
355,25-11-2023,CUST3740,Male,53,Electronics,9,445,4005
356,25-11-2023,CUST5564,Male,41,Clothing,10,238,2380
357,25-11-2023,CUST3847,Female,51,Books,2,416,832
358,25-11-2023,CUST5675,Female,28,Books,1,71,71
359,25-11-2023,CUST9648,Female,33,Sports,17,105,1785
360,25-11-2023,CUST0859,Female,67,Sports,10,494,4940
361,25-11-2023,CUST1404,Male,42,Books,4,469,1876
362,25-11-2023,CUST5467,Male,70,Clothing,7,219,1533
363,25-11-2023,CUST2788,Female,56,Sports,7,433,3031
364,25-11-2023,CUST5355,Female,23,Electronics,11,328,3608
365,25-11-2023,CUST6938,Male,53,Electronics,11,459,5049
366,25-11-2023,CUST5964,Female,24,Beauty,3,491,1473
367,25-11-2023,CUST7550,Female,50,Beauty,12,142,1704
368,25-11-2023,CUST7751,Male,35,Books,12,217,2604
369,25-11-2023,CUST9835,Male,49,Books,18,203,3654
370,25-11-2023,CUST6596,Female,47,Beauty,18,244,4392
371,25-11-2023,CUST1635,Female,43,Clothing,15,153,2295
372,25-11-2023,CUST7418,Female,18,Clothing,6,182,1092
373,25-11-2023,CUST1020,Female,52,Books,4,441,1764
374,25-11-2023,CUST4194,Male,49,Books,16,130,2080
375,25-11-2023,CUST6516,Male,70,Books,11,271,2981
376,25-11-2023,CUST6972,Female,41,Electronics,6,414,2484
377,25-11-2023,CUST4365,Female,69,Beauty,18,479,8622
378,25-11-2023,CUST6630,Male,42,Groceries,17,237,4029
379,25-11-2023,CUST4807,Female,54,Groceries,9,196,1764
380,25-11-2023,CUST1703,Male,54,Clothing,3,431,1293
381,25-11-2023,CUST6368,Male,68,Electronics,8,152,1216
382,25-11-2023,CUST7062,Female,61,Beauty,14,255,3570
383,25-11-2023,CUST3579,Female,60,Sports,16,252,4032
384,25-11-2023,CUST5047,Female,54,Electronics,10,162,1620
385,25-11-2023,CUST4120,Female,49,Beauty,8,189,1512
386,25-11-2023,CUST9591,Male,53,Beauty,3,350,1050
387,25-11-2023,CUST9007,Female,20,Groceries,13,168,2184
388,25-11-2023,CUST3595,Female,51,Electronics,18,401,7218
389,25-11-2023,CUST4866,Male,69,Beauty,15,497,7455
390,25-11-2023,CUST4060,Male,48,Books,13,416,5408
391,25-11-2023,CUST5052,Female,45,Clothing,5,262,1310
392,25-11-2023,CUST3171,Female,39,Books,1,390,390
393,25-11-2023,CUST0796,Female,55,Groceries,4,468,1872
394,25-11-2023,CUST6967,Female,59,Clothing,12,441,5292
395,25-11-2023,CUST5926,Male,41,Clothing,1,389,389
396,25-11-2023,CUST7662,Female,34,Groceries,2,395,790
397,25-11-2023,CUST3884,Female,35,Books,16,440,7040
398,25-11-2023,CUST8921,Male,35,Books,17,281,4777
399,25-11-2023,CUST1114,Male,44,Groceries,14,236,3304
400,25-11-2023,CUST0675,Male,49,Groceries,17,136,2312
401,25-11-2023,CUST4252,Female,47,Sports,19,346,6574
402,25-11-2023,CUST9384,Female,18,Beauty,4,343,1372
403,25-11-2023,CUST6370,Male,27,Clothing,5,434,2170
404,25-11-2023,CUST0170,Male,67,Electronics,18,375,6750
405,25-11-2023,CUST9339,Female,65,Sports,20,416,8320
406,25-11-2023,CUST9066,Male,55,Books,5,178,890
407,25-11-2023,CUST6328,Female,27,Beauty,7,333,2331
408,25-11-2023,CUST4489,Female,57,Books,2,114,228
409,25-11-2023,CUST9719,Male,41,Clothing,6,244,1464
410,25-11-2023,CUST3925,Female,29,Clothing,1,487,487
411,25-11-2023,CUST2883,Female,39,Clothing,6,64,384
412,25-11-2023,CUST8835,Female,26,Beauty,16,344,5504
413,25-11-2023,CUST9776,Female,26,Electronics,1,129,129
414,25-11-2023,CUST5388,Female,32,Clothing,7,131,917
415,25-11-2023,CUST7213,Female,44,Sports,12,497,5964
416,25-11-2023,CUST2830,Female,63,Groceries,1,393,393
417,25-11-2023,CUST5968,Male,44,Groceries,20,206,4120
418,25-11-2023,CUST5572,Male,51,Electronics,17,183,3111
419,25-11-2023,CUST7911,Female,36,Books,3,332,996
420,25-11-2023,CUST8582,Female,56,Sports,8,477,3816
421,25-11-2023,CUST5873,Male,19,Clothing,14,358,5012
422,25-11-2023,CUST0037,Female,52,Clothing,8,62,496
423,25-11-2023,CUST7972,Male,30,Clothing,7,404,2828
424,25-11-2023,CUST7683,Female,36,Groceries,16,98,1568
425,25-11-2023,CUST5567,Male,20,Sports,16,234,3744
426,25-11-2023,CUST5731,Female,67,Sports,8,252,2016
427,25-11-2023,CUST0111,Male,53,Clothing,4,22,88
428,25-11-2023,CUST2792,Male,57,Sports,10,364,3640
429,25-11-2023,CUST1739,Female,64,Sports,1,102,102
430,25-11-2023,CUST4191,Male,29,Clothing,15,96,1440
431,25-11-2023,CUST1126,Female,55,Groceries,13,432,5616
432,25-11-2023,CUST1292,Female,39,Groceries,5,191,955
433,25-11-2023,CUST2571,Male,44,Sports,14,235,3290
434,25-11-2023,CUST2211,Female,19,Books,8,433,3464
435,25-11-2023,CUST7081,Male,65,Beauty,18,317,5706
436,25-11-2023,CUST6055,Female,67,Beauty,5,321,1605
437,25-11-2023,CUST4220,Male,65,Sports,10,125,1250
438,25-11-2023,CUST0732,Male,47,Beauty,17,445,7565
439,25-11-2023,CUST1303,Female,27,Books,1,310,310
440,25-11-2023,CUST6237,Male,41,Clothing,2,176,352
441,25-11-2023,CUST6456,Male,37,Clothing,8,198,1584
442,25-11-2023,CUST1721,Female,18,Beauty,8,141,1128
443,25-11-2023,CUST0976,Male,55,Electronics,8,117,936
444,25-11-2023,CUST9482,Female,20,Electronics,4,411,1644
445,25-11-2023,CUST1163,Female,40,Clothing,11,37,407
446,25-11-2023,CUST2040,Male,56,Sports,16,269,4304
447,25-11-2023,CUST4472,Male,29,Beauty,11,444,4884
448,25-11-2023,CUST4987,Male,55,Electronics,16,380,6080
449,25-11-2023,CUST7084,Female,24,Electronics,10,97,970
450,25-11-2023,CUST9718,Female,35,Clothing,13,182,2366
451,25-11-2023,CUST3764,Female,46,Beauty,1,318,318
452,25-11-2023,CUST4289,Female,42,Beauty,12,213,2556
453,25-11-2023,CUST1738,Male,51,Sports,9,280,2520
454,25-11-2023,CUST4779,Female,59,Sports,20,344,6880
455,25-11-2023,CUST7170,Female,46,Electronics,16,309,4944
456,25-11-2023,CUST0171,Male,48,Clothing,18,378,6804
457,25-11-2023,CUST7030,Male,27,Beauty,4,378,1512
458,25-11-2023,CUST5367,Male,32,Beauty,2,488,976
459,25-11-2023,CUST5022,Male,34,Clothing,2,208,416
460,25-11-2023,CUST5474,Male,19,Groceries,5,11,55
461,25-11-2023,CUST0851,Female,42,Electronics,3,29,87
462,25-11-2023,CUST6525,Male,58,Clothing,11,494,5434
463,25-11-2023,CUST6571,Male,19,Clothing,14,78,1092
464,25-11-2023,CUST2918,Male,32,Electronics,12,414,4968
465,25-11-2023,CUST7710,Male,26,Clothing,6,197,1182
466,25-11-2023,CUST0223,Female,57,Beauty,10,75,750
467,25-11-2023,CUST4416,Male,36,Sports,14,325,4550
468,25-11-2023,CUST0320,Male,59,Books,17,411,6987
469,25-11-2023,CUST1600,Male,25,Electronics,19,428,8132
470,25-11-2023,CUST9423,Male,53,Clothing,14,84,1176
471,25-11-2023,CUST0160,Female,35,Beauty,6,374,2244
472,25-11-2023,CUST8841,Male,18,Clothing,20,147,2940
473,25-11-2023,CUST8177,Male,24,Beauty,7,284,1988
474,25-11-2023,CUST5428,Male,40,Groceries,1,341,341
475,25-11-2023,CUST9137,Female,58,Clothing,16,317,5072
476,25-11-2023,CUST9232,Male,50,Books,8,284,2272
477,25-11-2023,CUST4229,Male,23,Sports,16,499,7984
478,25-11-2023,CUST4231,Female,26,Beauty,1,426,426
479,25-11-2023,CUST4345,Female,51,Electronics,6,488,2928
480,25-11-2023,CUST8962,Female,70,Beauty,7,386,2702
481,25-11-2023,CUST4526,Male,52,Electronics,9,250,2250
482,25-11-2023,CUST3894,Female,42,Electronics,16,37,592
483,25-11-2023,CUST6408,Female,43,Clothing,5,155,775
484,25-11-2023,CUST6374,Male,36,Beauty,10,267,2670
485,25-11-2023,CUST0885,Female,62,Electronics,8,345,2760
486,25-11-2023,CUST8502,Female,42,Books,2,210,420
487,25-11-2023,CUST6570,Female,32,Sports,15,28,420
488,25-11-2023,CUST8022,Female,41,Clothing,11,59,649
489,25-11-2023,CUST6216,Male,53,Books,15,41,615
490,25-11-2023,CUST2796,Male,53,Books,15,126,1890
491,25-11-2023,CUST5804,Male,18,Sports,1,409,409
492,25-11-2023,CUST2044,Male,34,Electronics,13,161,2093
493,25-11-2023,CUST7434,Male,20,Books,8,382,3056
494,25-11-2023,CUST9225,Male,36,Electronics,1,129,129
495,25-11-2023,CUST9562,Female,27,Electronics,1,498,498
496,25-11-2023,CUST0695,Female,49,Books,11,292,3212
497,25-11-2023,CUST2631,Female,57,Beauty,11,345,3795
498,25-11-2023,CUST7206,Female,60,Sports,8,484,3872
499,25-11-2023,CUST1979,Female,18,Clothing,19,18,342
500,25-11-2023,CUST9637,Male,51,Beauty,15,11,165
501,25-11-2023,CUST7030,Male,67,Electronics,4,426,1704
502,25-11-2023,CUST0433,Male,56,Groceries,8,360,2880
503,25-11-2023,CUST6809,Female,37,Clothing,10,420,4200
504,25-11-2023,CUST1641,Male,19,Electronics,19,457,8683
505,25-11-2023,CUST9036,Female,19,Groceries,2,13,26
506,25-11-2023,CUST1533,Male,55,Books,16,411,6576
507,25-11-2023,CUST5606,Female,23,Clothing,3,404,1212
508,25-11-2023,CUST5778,Male,32,Groceries,10,340,3400
509,25-11-2023,CUST2330,Female,47,Sports,17,108,1836
510,25-11-2023,CUST4531,Male,51,Beauty,1,341,341
511,25-11-2023,CUST5223,Male,66,Clothing,13,236,3068
512,25-11-2023,CUST7271,Male,58,Electronics,5,253,1265
513,25-11-2023,CUST0524,Male,32,Sports,4,82,328
514,25-11-2023,CUST7255,Male,58,Books,2,212,424
515,25-11-2023,CUST9240,Female,51,Sports,20,253,5060
516,25-11-2023,CUST3300,Male,65,Books,17,319,5423
517,25-11-2023,CUST7619,Male,58,Beauty,13,401,5213
518,25-11-2023,CUST6373,Female,29,Books,2,391,782
519,25-11-2023,CUST2647,Male,27,Books,14,330,4620
520,25-11-2023,CUST7459,Female,55,Beauty,5,472,2360
521,25-11-2023,CUST4140,Female,42,Sports,1,157,157
522,25-11-2023,CUST8844,Female,44,Sports,12,83,996
523,25-11-2023,CUST8248,Male,53,Books,10,259,2590
524,25-11-2023,CUST4906,Female,57,Groceries,13,23,299
525,25-11-2023,CUST2302,Female,24,Clothing,20,434,8680
526,25-11-2023,CUST9177,Female,59,Beauty,2,444,888
527,25-11-2023,CUST1901,Female,43,Sports,8,327,2616
528,25-11-2023,CUST8438,Male,45,Groceries,20,106,2120
529,25-11-2023,CUST1119,Female,36,Clothing,8,377,3016
530,25-11-2023,CUST6603,Female,19,Sports,8,171,1368
531,25-11-2023,CUST0281,Female,61,Electronics,3,95,285
532,25-11-2023,CUST4152,Male,35,Groceries,14,330,4620
533,25-11-2023,CUST2180,Female,70,Beauty,3,174,522
534,25-11-2023,CUST9340,Male,24,Beauty,12,231,2772
535,25-11-2023,CUST0747,Male,39,Clothing,14,248,3472
536,25-11-2023,CUST5286,Male,43,Clothing,8,219,1752
537,25-11-2023,CUST2523,Male,18,Groceries,7,236,1652
538,25-11-2023,CUST8160,Male,53,Beauty,9,498,4482
539,25-11-2023,CUST3124,Female,52,Sports,7,232,1624
540,25-11-2023,CUST8307,Male,47,Groceries,1,492,492
541,25-11-2023,CUST4392,Female,65,Beauty,16,226,3616
542,25-11-2023,CUST3408,Male,42,Electronics,17,79,1343
543,25-11-2023,CUST9894,Female,47,Groceries,10,413,4130
544,25-11-2023,CUST4339,Male,67,Beauty,7,446,3122
545,25-11-2023,CUST1450,Female,39,Sports,4,139,556
546,25-11-2023,CUST3802,Female,23,Clothing,9,463,4167
547,25-11-2023,CUST6223,Female,40,Electronics,16,192,3072
548,25-11-2023,CUST5473,Male,48,Clothing,14,297,4158
549,25-11-2023,CUST9255,Male,40,Clothing,16,71,1136
550,25-11-2023,CUST3234,Male,36,Sports,9,54,486
551,25-11-2023,CUST2979,Female,36,Clothing,11,180,1980
552,25-11-2023,CUST6959,Male,64,Clothing,15,232,3480
553,25-11-2023,CUST6907,Female,30,Clothing,11,326,3586
554,25-11-2023,CUST1169,Female,36,Books,9,239,2151
555,25-11-2023,CUST9303,Male,37,Books,11,81,891
556,25-11-2023,CUST7592,Female,37,Electronics,15,109,1635
557,25-11-2023,CUST5102,Female,46,Clothing,4,303,1212
558,25-11-2023,CUST4247,Female,21,Sports,19,442,8398
559,25-11-2023,CUST5003,Male,35,Books,14,321,4494
560,25-11-2023,CUST7446,Male,53,Groceries,8,215,1720
561,25-11-2023,CUST8334,Male,58,Books,4,431,1724
562,25-11-2023,CUST5916,Female,32,Clothing,11,192,2112
563,25-11-2023,CUST9121,Female,21,Electronics,15,178,2670
564,25-11-2023,CUST8793,Female,65,Books,2,204,408
565,25-11-2023,CUST1282,Male,46,Electronics,4,174,696
566,25-11-2023,CUST8433,Male,46,Books,6,232,1392
567,25-11-2023,CUST0786,Female,33,Books,1,110,110
568,25-11-2023,CUST3903,Male,56,Books,4,122,488
569,25-11-2023,CUST0577,Female,56,Groceries,14,49,686
570,25-11-2023,CUST8494,Female,26,Clothing,10,425,4250
571,25-11-2023,CUST1308,Female,33,Sports,20,300,6000
572,25-11-2023,CUST1652,Male,67,Groceries,19,184,3496
573,25-11-2023,CUST6251,Male,35,Groceries,16,61,976
574,25-11-2023,CUST3174,Male,42,Groceries,1,25,25
575,25-11-2023,CUST9773,Female,50,Sports,3,351,1053
576,25-11-2023,CUST7933,Male,58,Sports,6,257,1542
577,25-11-2023,CUST2860,Female,64,Sports,15,497,7455
578,25-11-2023,CUST5414,Male,21,Books,19,211,4009
579,25-11-2023,CUST5503,Female,59,Electronics,4,130,520
580,25-11-2023,CUST5641,Male,57,Electronics,11,107,1177
581,25-11-2023,CUST6163,Male,51,Books,11,206,2266
582,25-11-2023,CUST4267,Male,47,Clothing,10,368,3680
583,25-11-2023,CUST0743,Male,67,Groceries,10,454,4540
584,25-11-2023,CUST6607,Male,51,Sports,10,166,1660
585,25-11-2023,CUST0007,Male,32,Beauty,6,395,2370
586,25-11-2023,CUST6534,Female,25,Clothing,12,376,4512
587,25-11-2023,CUST1008,Female,25,Electronics,17,478,8126
588,25-11-2023,CUST1139,Female,67,Books,3,388,1164
589,25-11-2023,CUST6401,Female,51,Groceries,18,465,8370
590,25-11-2023,CUST9590,Female,38,Books,9,86,774
591,25-11-2023,CUST6350,Male,69,Books,11,129,1419
592,25-11-2023,CUST3164,Female,48,Clothing,1,410,410
593,25-11-2023,CUST7706,Male,23,Beauty,6,297,1782
594,25-11-2023,CUST7939,Female,23,Groceries,5,226,1130
595,25-11-2023,CUST8958,Male,41,Electronics,1,354,354
596,25-11-2023,CUST5224,Male,64,Books,2,494,988
597,25-11-2023,CUST8924,Female,56,Clothing,10,405,4050
598,25-11-2023,CUST6186,Male,69,Electronics,6,327,1962
599,25-11-2023,CUST4842,Female,20,Clothing,1,459,459
600,25-11-2023,CUST1803,Female,35,Electronics,11,314,3454
601,25-11-2023,CUST1332,Male,67,Clothing,12,137,1644
602,25-11-2023,CUST1135,Female,57,Groceries,1,481,481
603,25-11-2023,CUST4696,Female,48,Groceries,18,462,8316
604,25-11-2023,CUST3634,Female,46,Beauty,5,165,825
605,25-11-2023,CUST9525,Male,30,Groceries,20,23,460
606,25-11-2023,CUST7643,Male,67,Sports,10,286,2860
607,25-11-2023,CUST3359,Female,34,Electronics,1,158,158
608,25-11-2023,CUST5765,Male,56,Beauty,13,80,1040
609,25-11-2023,CUST8869,Male,57,Electronics,12,444,5328
610,25-11-2023,CUST0347,Male,63,Clothing,2,324,648
611,25-11-2023,CUST2659,Male,22,Beauty,10,378,3780
612,25-11-2023,CUST9819,Male,20,Clothing,5,94,470
613,25-11-2023,CUST6416,Female,43,Books,19,497,9443
614,25-11-2023,CUST1392,Female,57,Beauty,3,13,39
615,25-11-2023,CUST8957,Male,38,Books,18,61,1098
616,25-11-2023,CUST0791,Male,67,Beauty,9,130,1170
617,25-11-2023,CUST7291,Female,59,Groceries,15,24,360
618,25-11-2023,CUST3910,Male,70,Beauty,13,367,4771
619,25-11-2023,CUST3412,Male,51,Books,15,19,285
620,25-11-2023,CUST0537,Female,53,Electronics,1,72,72
621,25-11-2023,CUST9576,Female,26,Electronics,10,360,3600
622,25-11-2023,CUST5538,Male,20,Clothing,9,148,1332
623,25-11-2023,CUST5693,Male,53,Electronics,14,195,2730
624,25-11-2023,CUST8349,Female,70,Clothing,12,221,2652
625,25-11-2023,CUST2937,Female,51,Books,20,484,9680
626,25-11-2023,CUST4945,Female,50,Electronics,18,466,8388
627,25-11-2023,CUST8796,Male,35,Clothing,18,116,2088
628,25-11-2023,CUST7616,Male,50,Electronics,9,468,4212
629,25-11-2023,CUST4078,Male,50,Groceries,13,65,845
630,25-11-2023,CUST7313,Male,36,Books,8,165,1320
631,25-11-2023,CUST0492,Female,63,Electronics,9,321,2889
632,25-11-2023,CUST9303,Female,24,Groceries,5,166,830
633,25-11-2023,CUST5296,Female,61,Sports,2,484,968
634,25-11-2023,CUST8129,Male,56,Groceries,20,378,7560
635,25-11-2023,CUST9247,Female,61,Electronics,14,406,5684
636,25-11-2023,CUST2884,Male,32,Electronics,17,400,6800
637,25-11-2023,CUST8046,Female,19,Beauty,1,148,148
638,25-11-2023,CUST9006,Female,38,Groceries,8,336,2688
639,25-11-2023,CUST3679,Male,36,Electronics,8,317,2536
640,25-11-2023,CUST7716,Female,56,Groceries,6,15,90
641,25-11-2023,CUST0218,Female,47,Clothing,15,193,2895
642,25-11-2023,CUST0479,Male,61,Clothing,10,253,2530
643,25-11-2023,CUST2518,Female,59,Books,2,383,766
644,25-11-2023,CUST3746,Male,42,Groceries,6,150,900
645,25-11-2023,CUST9679,Female,50,Beauty,15,86,1290
646,25-11-2023,CUST6504,Female,21,Clothing,3,417,1251
647,25-11-2023,CUST1225,Male,31,Clothing,4,298,1192
648,25-11-2023,CUST9059,Male,39,Beauty,13,99,1287
649,25-11-2023,CUST6040,Female,55,Electronics,14,440,6160
650,25-11-2023,CUST6394,Male,26,Books,8,385,3080
651,25-11-2023,CUST9189,Female,67,Electronics,5,428,2140
652,25-11-2023,CUST3176,Female,54,Books,19,437,8303
653,25-11-2023,CUST8449,Male,65,Electronics,19,159,3021
654,25-11-2023,CUST6537,Male,53,Books,17,118,2006
655,25-11-2023,CUST1943,Female,19,Electronics,9,230,2070
656,25-11-2023,CUST7627,Female,21,Beauty,13,58,754
657,25-11-2023,CUST8937,Male,62,Electronics,17,14,238
658,25-11-2023,CUST1518,Male,40,Sports,13,19,247
659,25-11-2023,CUST3593,Male,24,Sports,12,367,4404
660,25-11-2023,CUST2189,Female,46,Electronics,13,82,1066
661,25-11-2023,CUST5397,Male,41,Sports,8,13,104
662,25-11-2023,CUST5166,Male,61,Sports,20,362,7240
663,25-11-2023,CUST6331,Female,29,Books,9,35,315
664,25-11-2023,CUST9960,Male,53,Books,7,195,1365
665,25-11-2023,CUST9970,Male,30,Clothing,5,299,1495
666,25-11-2023,CUST7918,Female,41,Electronics,6,63,378
667,25-11-2023,CUST0468,Male,59,Electronics,3,146,438
668,25-11-2023,CUST9435,Female,42,Groceries,15,330,4950
669,25-11-2023,CUST5715,Female,57,Books,11,406,4466
670,25-11-2023,CUST5113,Male,40,Books,9,168,1512
671,25-11-2023,CUST5645,Female,20,Sports,16,37,592
672,25-11-2023,CUST7113,Male,49,Beauty,2,176,352
673,25-11-2023,CUST7507,Female,33,Books,1,445,445
674,25-11-2023,CUST1753,Female,28,Electronics,13,341,4433
675,25-11-2023,CUST6940,Female,31,Sports,19,429,8151
676,25-11-2023,CUST9691,Female,54,Sports,5,156,780
677,25-11-2023,CUST4415,Female,61,Clothing,16,74,1184
678,25-11-2023,CUST8590,Male,57,Groceries,5,487,2435
679,25-11-2023,CUST3987,Female,59,Clothing,17,163,2771
680,25-11-2023,CUST2117,Male,39,Groceries,20,343,6860
681,25-11-2023,CUST2465,Female,21,Beauty,18,245,4410
682,25-11-2023,CUST8323,Female,45,Electronics,2,370,740
683,25-11-2023,CUST7729,Female,21,Sports,8,163,1304
684,25-11-2023,CUST4381,Male,35,Electronics,15,35,525
685,25-11-2023,CUST5647,Female,37,Electronics,3,481,1443
686,25-11-2023,CUST4785,Female,41,Books,14,284,3976
687,25-11-2023,CUST4148,Female,26,Clothing,14,252,3528
688,25-11-2023,CUST5328,Male,23,Clothing,9,347,3123
689,25-11-2023,CUST1205,Male,22,Groceries,3,52,156
690,25-11-2023,CUST3708,Male,48,Clothing,16,416,6656
691,25-11-2023,CUST7605,Female,38,Sports,12,222,2664
692,25-11-2023,CUST7808,Female,65,Books,17,322,5474
693,25-11-2023,CUST5403,Female,61,Groceries,11,113,1243
694,25-11-2023,CUST5353,Female,40,Sports,19,305,5795
695,25-11-2023,CUST6402,Male,44,Beauty,8,320,2560
696,25-11-2023,CUST8238,Female,61,Groceries,17,209,3553
697,25-11-2023,CUST6820,Male,46,Beauty,2,157,314
698,25-11-2023,CUST3605,Female,20,Beauty,12,109,1308
699,25-11-2023,CUST1424,Male,25,Beauty,10,273,2730
700,25-11-2023,CUST6958,Male,34,Beauty,5,324,1620
701,25-11-2023,CUST2760,Female,32,Electronics,20,207,4140
702,25-11-2023,CUST2932,Female,27,Clothing,1,113,113
703,25-11-2023,CUST0720,Male,26,Electronics,11,152,1672
704,25-11-2023,CUST5416,Female,70,Clothing,6,292,1752
705,25-11-2023,CUST4020,Female,27,Sports,18,178,3204
706,25-11-2023,CUST2342,Female,44,Electronics,3,107,321
707,25-11-2023,CUST6936,Male,21,Books,8,465,3720
708,25-11-2023,CUST1599,Female,39,Groceries,17,338,5746
709,25-11-2023,CUST9636,Female,54,Beauty,7,316,2212
710,25-11-2023,CUST7171,Male,19,Books,16,300,4800
711,25-11-2023,CUST3405,Female,60,Sports,9,106,954
712,25-11-2023,CUST4624,Male,35,Groceries,15,335,5025
713,25-11-2023,CUST6238,Female,21,Beauty,15,62,930
714,25-11-2023,CUST2347,Male,40,Sports,9,204,1836
715,25-11-2023,CUST4952,Male,58,Clothing,18,484,8712
716,25-11-2023,CUST8728,Male,67,Sports,6,350,2100
717,25-11-2023,CUST3742,Female,62,Beauty,18,126,2268
718,25-11-2023,CUST8711,Female,35,Books,11,98,1078
719,25-11-2023,CUST9579,Female,29,Electronics,12,496,5952
720,25-11-2023,CUST7766,Female,49,Sports,16,335,5360
721,25-11-2023,CUST8757,Male,36,Books,13,388,5044
722,25-11-2023,CUST3056,Male,50,Clothing,15,172,2580
723,25-11-2023,CUST8108,Male,68,Beauty,15,146,2190
724,25-11-2023,CUST2304,Male,36,Clothing,4,477,1908
725,25-11-2023,CUST9566,Female,65,Clothing,17,95,1615
726,25-11-2023,CUST2805,Female,20,Beauty,2,224,448
727,25-11-2023,CUST6434,Female,36,Clothing,16,485,7760
728,25-11-2023,CUST0012,Male,43,Groceries,6,129,774
729,25-11-2023,CUST6693,Male,54,Electronics,20,137,2740
730,25-11-2023,CUST3261,Male,47,Books,17,175,2975
731,25-11-2023,CUST0263,Female,20,Beauty,11,141,1551
732,25-11-2023,CUST6152,Female,42,Groceries,10,135,1350
733,25-11-2023,CUST2310,Male,26,Books,4,431,1724
734,25-11-2023,CUST0812,Female,19,Electronics,11,380,4180
735,25-11-2023,CUST7351,Male,42,Books,15,486,7290
736,25-11-2023,CUST5214,Female,61,Books,10,162,1620
737,25-11-2023,CUST2887,Female,69,Books,12,62,744
738,25-11-2023,CUST6246,Female,27,Books,8,36,288
739,25-11-2023,CUST0853,Male,49,Clothing,18,272,4896
740,25-11-2023,CUST3604,Female,69,Books,13,292,3796
741,25-11-2023,CUST8877,Female,31,Electronics,15,71,1065
742,25-11-2023,CUST3256,Male,42,Groceries,1,320,320
743,25-11-2023,CUST4226,Female,47,Books,12,26,312
744,25-11-2023,CUST0883,Female,38,Electronics,10,302,3020
745,25-11-2023,CUST0191,Female,47,Groceries,19,87,1653
746,25-11-2023,CUST2009,Female,40,Beauty,18,190,3420
747,25-11-2023,CUST6523,Male,59,Sports,11,109,1199
748,25-11-2023,CUST8447,Male,19,Books,6,377,2262
749,25-11-2023,CUST2614,Male,57,Clothing,9,89,801
750,25-11-2023,CUST0786,Male,64,Sports,16,468,7488
751,25-11-2023,CUST7633,Male,29,Groceries,15,390,5850
752,25-11-2023,CUST5643,Male,61,Books,6,483,2898
753,25-11-2023,CUST8051,Female,65,Groceries,15,218,3270
754,25-11-2023,CUST8775,Male,44,Groceries,4,263,1052
755,25-11-2023,CUST3558,Female,45,Books,20,231,4620
756,25-11-2023,CUST2174,Male,54,Sports,12,165,1980
757,25-11-2023,CUST2030,Female,20,Clothing,2,110,220
758,25-11-2023,CUST2546,Male,59,Electronics,18,116,2088
759,25-11-2023,CUST6185,Male,61,Electronics,5,283,1415
760,25-11-2023,CUST5338,Female,19,Clothing,4,232,928
761,25-11-2023,CUST9157,Male,35,Books,4,258,1032
762,25-11-2023,CUST7988,Male,62,Sports,16,490,7840
763,25-11-2023,CUST0506,Male,22,Electronics,3,337,1011
764,25-11-2023,CUST5436,Male,70,Books,13,133,1729
765,25-11-2023,CUST1736,Male,22,Electronics,4,44,176
766,25-11-2023,CUST5758,Male,62,Groceries,20,298,5960
767,25-11-2023,CUST6722,Male,38,Electronics,1,375,375
768,25-11-2023,CUST1432,Male,61,Groceries,11,390,4290
769,25-11-2023,CUST2723,Female,59,Beauty,4,51,204
770,25-11-2023,CUST6161,Male,18,Books,16,334,5344
771,25-11-2023,CUST0696,Female,50,Groceries,12,235,2820
772,25-11-2023,CUST0561,Female,19,Clothing,20,89,1780
773,25-11-2023,CUST1728,Female,66,Electronics,4,41,164
774,25-11-2023,CUST2445,Female,45,Books,15,356,5340
775,25-11-2023,CUST4160,Female,68,Electronics,15,123,1845
776,25-11-2023,CUST5951,Male,43,Clothing,20,466,9320
777,25-11-2023,CUST1308,Male,36,Beauty,17,437,7429
778,25-11-2023,CUST6652,Female,63,Groceries,9,17,153
779,25-11-2023,CUST9319,Male,61,Electronics,17,276,4692
780,25-11-2023,CUST5281,Male,37,Clothing,10,208,2080
781,25-11-2023,CUST3390,Male,35,Sports,5,491,2455
782,25-11-2023,CUST6865,Male,56,Books,3,150,450
783,25-11-2023,CUST7834,Female,56,Clothing,7,474,3318
784,25-11-2023,CUST6913,Female,34,Sports,5,192,960
785,25-11-2023,CUST3892,Male,23,Electronics,3,410,1230
786,25-11-2023,CUST2040,Female,32,Groceries,7,443,3101
787,25-11-2023,CUST7793,Male,26,Clothing,3,433,1299
788,25-11-2023,CUST4016,Female,54,Sports,3,57,171
789,25-11-2023,CUST0732,Male,41,Clothing,16,374,5984
790,25-11-2023,CUST4963,Female,67,Electronics,7,195,1365
791,25-11-2023,CUST5475,Male,64,Books,3,221,663
792,25-11-2023,CUST0096,Male,37,Electronics,13,392,5096
793,25-11-2023,CUST4689,Female,23,Sports,6,408,2448
794,25-11-2023,CUST4403,Female,38,Sports,2,379,758
795,25-11-2023,CUST8752,Male,65,Sports,1,434,434
796,25-11-2023,CUST5598,Male,30,Electronics,19,358,6802
797,25-11-2023,CUST6650,Female,58,Electronics,2,201,402
798,25-11-2023,CUST2683,Female,43,Electronics,13,361,4693
799,25-11-2023,CUST3990,Male,42,Books,10,165,1650
800,25-11-2023,CUST3281,Male,60,Books,8,63,504
801,25-11-2023,CUST6799,Male,59,Books,20,407,8140
802,25-11-2023,CUST0870,Female,61,Clothing,16,325,5200
803,25-11-2023,CUST3043,Female,51,Books,12,350,4200
804,25-11-2023,CUST9593,Female,66,Books,15,166,2490
805,25-11-2023,CUST1604,Female,48,Clothing,11,472,5192
806,25-11-2023,CUST5632,Female,27,Electronics,12,321,3852
807,25-11-2023,CUST6397,Female,18,Books,5,487,2435
808,25-11-2023,CUST5656,Female,21,Sports,15,13,195
809,25-11-2023,CUST3117,Female,63,Books,8,14,112
810,25-11-2023,CUST3903,Female,65,Beauty,14,80,1120
811,25-11-2023,CUST1379,Female,49,Beauty,20,382,7640
812,25-11-2023,CUST8640,Female,29,Clothing,3,248,744
813,25-11-2023,CUST1163,Female,33,Sports,14,230,3220
814,25-11-2023,CUST1080,Female,21,Clothing,8,333,2664
815,25-11-2023,CUST2252,Male,32,Electronics,20,336,6720
816,25-11-2023,CUST8995,Female,51,Books,7,225,1575
817,25-11-2023,CUST1754,Female,21,Groceries,15,332,4980
818,25-11-2023,CUST3076,Female,41,Sports,17,190,3230
819,25-11-2023,CUST4257,Female,53,Electronics,17,68,1156
820,25-11-2023,CUST5195,Female,49,Clothing,15,248,3720
821,25-11-2023,CUST3880,Female,56,Books,3,461,1383
822,25-11-2023,CUST9622,Male,68,Groceries,12,219,2628
823,25-11-2023,CUST8633,Male,53,Sports,11,346,3806
824,25-11-2023,CUST2238,Female,30,Electronics,9,394,3546
825,25-11-2023,CUST6358,Male,32,Groceries,5,488,2440
826,25-11-2023,CUST6551,Female,29,Electronics,20,172,3440
827,25-11-2023,CUST7950,Male,53,Clothing,12,367,4404
828,25-11-2023,CUST8175,Male,58,Beauty,6,117,702
829,25-11-2023,CUST7432,Male,61,Books,2,70,140
830,25-11-2023,CUST2921,Male,37,Beauty,9,400,3600
831,25-11-2023,CUST0232,Male,23,Beauty,9,244,2196
832,25-11-2023,CUST5660,Female,21,Groceries,2,136,272
833,25-11-2023,CUST0827,Male,45,Groceries,16,269,4304
834,25-11-2023,CUST9014,Female,70,Groceries,19,307,5833
835,25-11-2023,CUST5473,Female,46,Groceries,7,400,2800
836,25-11-2023,CUST7292,Male,50,Sports,9,380,3420
837,25-11-2023,CUST8351,Male,37,Beauty,18,301,5418
838,25-11-2023,CUST6291,Male,40,Clothing,16,154,2464
839,25-11-2023,CUST5645,Male,25,Sports,10,43,430
840,25-11-2023,CUST5383,Male,50,Groceries,20,163,3260
841,25-11-2023,CUST7210,Female,51,Sports,13,328,4264
842,25-11-2023,CUST5488,Male,25,Sports,11,205,2255
843,25-11-2023,CUST2668,Male,57,Electronics,10,468,4680
844,25-11-2023,CUST0751,Female,25,Electronics,7,131,917
845,25-11-2023,CUST4484,Male,57,Groceries,15,129,1935
846,25-11-2023,CUST0122,Male,39,Beauty,2,50,100
847,25-11-2023,CUST3180,Male,45,Clothing,6,390,2340
848,25-11-2023,CUST8757,Male,55,Clothing,4,36,144
849,25-11-2023,CUST3398,Male,66,Electronics,16,329,5264
850,25-11-2023,CUST6139,Male,58,Electronics,11,110,1210
851,25-11-2023,CUST0705,Female,46,Books,14,425,5950
852,25-11-2023,CUST0788,Female,56,Books,10,412,4120
853,25-11-2023,CUST5703,Male,47,Sports,1,119,119
854,25-11-2023,CUST9325,Female,56,Groceries,20,40,800
855,25-11-2023,CUST9721,Female,35,Sports,8,13,104
856,25-11-2023,CUST7138,Male,69,Books,4,227,908
857,25-11-2023,CUST5085,Male,59,Electronics,6,152,912
858,25-11-2023,CUST0648,Female,34,Sports,16,150,2400
859,25-11-2023,CUST9918,Female,50,Sports,17,133,2261
860,25-11-2023,CUST7511,Male,59,Groceries,4,438,1752
861,25-11-2023,CUST0222,Female,50,Electronics,5,346,1730
862,25-11-2023,CUST7264,Female,60,Sports,13,285,3705
863,25-11-2023,CUST9640,Male,44,Beauty,2,447,894
864,25-11-2023,CUST7786,Male,66,Beauty,11,114,1254
865,25-11-2023,CUST3655,Female,22,Beauty,10,373,3730
866,25-11-2023,CUST6311,Male,65,Sports,13,495,6435
867,25-11-2023,CUST3944,Female,45,Groceries,14,33,462
868,25-11-2023,CUST4361,Male,61,Sports,20,409,8180
869,25-11-2023,CUST7569,Female,18,Books,1,97,97
870,25-11-2023,CUST7550,Male,66,Sports,8,422,3376
871,25-11-2023,CUST2644,Male,67,Groceries,2,183,366
872,25-11-2023,CUST2068,Male,44,Electronics,3,393,1179
873,25-11-2023,CUST9543,Male,41,Electronics,6,449,2694
874,25-11-2023,CUST5319,Male,30,Sports,8,456,3648
875,25-11-2023,CUST7523,Female,55,Beauty,7,347,2429
876,25-11-2023,CUST2073,Female,24,Books,1,419,419
877,25-11-2023,CUST1800,Male,62,Clothing,5,436,2180
878,25-11-2023,CUST1217,Male,39,Sports,4,275,1100
879,25-11-2023,CUST6524,Female,45,Groceries,1,451,451
880,25-11-2023,CUST2526,Female,46,Beauty,3,367,1101
881,25-11-2023,CUST0493,Female,41,Books,19,238,4522
882,25-11-2023,CUST2554,Male,34,Beauty,1,162,162
883,25-11-2023,CUST1240,Male,62,Clothing,14,174,2436
884,25-11-2023,CUST4149,Female,19,Electronics,11,181,1991
885,25-11-2023,CUST9438,Male,66,Clothing,15,483,7245
886,25-11-2023,CUST4585,Female,63,Clothing,7,303,2121
887,25-11-2023,CUST5246,Female,26,Sports,13,434,5642
888,25-11-2023,CUST5802,Male,68,Electronics,1,474,474
889,25-11-2023,CUST3563,Male,62,Sports,9,236,2124
890,25-11-2023,CUST5033,Female,50,Books,19,48,912
891,25-11-2023,CUST2581,Male,50,Electronics,7,349,2443
892,25-11-2023,CUST0675,Female,32,Sports,16,74,1184
893,25-11-2023,CUST4111,Male,18,Books,19,18,342
894,25-11-2023,CUST3122,Female,52,Beauty,1,87,87
895,25-11-2023,CUST3501,Male,53,Books,1,88,88
896,25-11-2023,CUST6378,Male,70,Sports,6,499,2994
897,25-11-2023,CUST2958,Male,68,Sports,17,371,6307
898,25-11-2023,CUST3578,Female,45,Groceries,16,216,3456
899,25-11-2023,CUST5591,Female,25,Electronics,9,275,2475
900,25-11-2023,CUST9048,Male,56,Electronics,9,269,2421
901,25-11-2023,CUST4321,Male,19,Books,15,179,2685
902,25-11-2023,CUST1136,Male,51,Beauty,3,187,561
903,25-11-2023,CUST2859,Female,25,Books,8,363,2904
904,25-11-2023,CUST5062,Male,34,Beauty,6,199,1194
905,25-11-2023,CUST2540,Male,30,Books,11,264,2904
906,25-11-2023,CUST8744,Male,68,Clothing,11,133,1463
907,25-11-2023,CUST1904,Female,19,Books,20,319,6380
908,25-11-2023,CUST4866,Female,42,Clothing,18,302,5436
909,25-11-2023,CUST0789,Male,54,Clothing,2,377,754
910,25-11-2023,CUST8004,Female,42,Clothing,7,169,1183
911,25-11-2023,CUST5520,Female,45,Clothing,11,279,3069
912,25-11-2023,CUST9635,Male,33,Clothing,2,416,832
913,25-11-2023,CUST6624,Male,28,Clothing,14,470,6580
914,25-11-2023,CUST3564,Male,63,Beauty,20,157,3140
915,25-11-2023,CUST2076,Male,25,Electronics,12,384,4608
916,25-11-2023,CUST6565,Male,42,Electronics,19,444,8436
917,25-11-2023,CUST6253,Male,41,Clothing,19,107,2033
918,25-11-2023,CUST0738,Male,60,Clothing,5,14,70
919,25-11-2023,CUST6200,Female,47,Sports,7,469,3283
920,25-11-2023,CUST2191,Male,56,Books,11,103,1133
921,25-11-2023,CUST2729,Female,45,Clothing,7,89,623
922,25-11-2023,CUST3287,Female,30,Sports,12,213,2556
923,25-11-2023,CUST8936,Male,20,Electronics,14,138,1932
924,25-11-2023,CUST8313,Male,48,Electronics,16,492,7872
925,25-11-2023,CUST7097,Male,20,Beauty,5,341,1705
926,25-11-2023,CUST2155,Female,29,Clothing,2,23,46
927,25-11-2023,CUST9341,Male,47,Sports,12,466,5592
928,25-11-2023,CUST1728,Female,24,Groceries,19,74,1406
929,25-11-2023,CUST8890,Male,44,Beauty,19,357,6783
930,25-11-2023,CUST8978,Female,29,Clothing,3,222,666
931,25-11-2023,CUST3324,Male,42,Beauty,1,278,278
932,25-11-2023,CUST3941,Female,32,Beauty,11,384,4224
933,25-11-2023,CUST6649,Male,64,Groceries,12,388,4656
934,25-11-2023,CUST3782,Male,58,Beauty,6,316,1896
935,25-11-2023,CUST3995,Female,37,Beauty,5,284,1420
936,25-11-2023,CUST5851,Female,49,Books,7,384,2688
937,25-11-2023,CUST8070,Female,54,Sports,17,441,7497
938,25-11-2023,CUST1393,Male,18,Electronics,13,380,4940
939,25-11-2023,CUST5942,Male,49,Groceries,8,150,1200
940,25-11-2023,CUST8957,Female,32,Books,14,69,966
941,25-11-2023,CUST4317,Male,39,Beauty,18,289,5202
942,25-11-2023,CUST7775,Female,56,Electronics,10,249,2490
943,25-11-2023,CUST7845,Male,51,Electronics,8,435,3480
944,25-11-2023,CUST9943,Female,54,Clothing,10,74,740
945,25-11-2023,CUST8513,Male,18,Beauty,3,321,963
946,25-11-2023,CUST2591,Female,49,Sports,16,464,7424
947,25-11-2023,CUST2692,Female,18,Electronics,5,64,320
948,25-11-2023,CUST3512,Female,40,Clothing,3,290,870
949,25-11-2023,CUST7323,Male,67,Beauty,13,301,3913
950,25-11-2023,CUST8659,Female,36,Clothing,7,33,231
951,25-11-2023,CUST7745,Male,47,Electronics,9,46,414
952,25-11-2023,CUST0338,Female,70,Electronics,4,396,1584
953,25-11-2023,CUST7803,Female,33,Clothing,8,382,3056
954,25-11-2023,CUST5513,Male,54,Beauty,15,260,3900
955,25-11-2023,CUST4169,Male,41,Books,10,318,3180
956,25-11-2023,CUST4738,Female,50,Books,14,377,5278
957,25-11-2023,CUST6572,Female,21,Books,1,108,108
958,25-11-2023,CUST5596,Female,20,Books,4,94,376
959,25-11-2023,CUST0768,Male,21,Groceries,20,68,1360
960,25-11-2023,CUST5683,Female,46,Books,4,419,1676
961,25-11-2023,CUST1641,Male,26,Books,16,165,2640
962,25-11-2023,CUST2503,Female,20,Books,12,112,1344
963,25-11-2023,CUST4670,Male,34,Sports,19,445,8455
964,25-11-2023,CUST4403,Female,50,Beauty,7,427,2989
965,25-11-2023,CUST3489,Female,54,Books,20,295,5900
966,25-11-2023,CUST1375,Female,31,Groceries,7,231,1617
967,25-11-2023,CUST3370,Male,49,Books,15,58,870
968,25-11-2023,CUST8219,Female,54,Electronics,11,180,1980
969,25-11-2023,CUST7849,Male,69,Groceries,16,320,5120
970,25-11-2023,CUST1165,Male,55,Sports,3,175,525
971,25-11-2023,CUST2317,Female,52,Books,19,486,9234
972,25-11-2023,CUST1579,Female,35,Books,13,326,4238
973,25-11-2023,CUST9340,Male,23,Books,20,100,2000
974,25-11-2023,CUST7132,Female,35,Books,20,10,200
975,25-11-2023,CUST9587,Female,57,Books,19,316,6004
976,25-11-2023,CUST8341,Male,23,Groceries,5,229,1145
977,25-11-2023,CUST1543,Male,68,Books,5,345,1725
978,25-11-2023,CUST0529,Female,22,Beauty,10,111,1110
979,25-11-2023,CUST1907,Male,42,Beauty,15,491,7365
980,25-11-2023,CUST6625,Male,35,Electronics,8,181,1448
981,25-11-2023,CUST7752,Female,56,Books,2,488,976
982,25-11-2023,CUST4572,Male,41,Clothing,12,194,2328
983,25-11-2023,CUST8790,Male,19,Books,10,446,4460
984,25-11-2023,CUST5641,Female,52,Clothing,3,40,120
985,25-11-2023,CUST8881,Male,65,Beauty,20,464,9280
986,25-11-2023,CUST1030,Male,51,Groceries,8,459,3672
987,25-11-2023,CUST7189,Male,58,Beauty,13,328,4264
988,25-11-2023,CUST8908,Female,51,Beauty,4,493,1972
989,25-11-2023,CUST7410,Female,56,Beauty,7,14,98
990,25-11-2023,CUST5945,Female,67,Sports,16,440,7040
991,25-11-2023,CUST2202,Female,27,Beauty,13,151,1963
992,25-11-2023,CUST9892,Male,52,Groceries,5,104,520
993,25-11-2023,CUST9245,Male,20,Sports,1,292,292
994,25-11-2023,CUST4745,Male,24,Electronics,6,455,2730
995,25-11-2023,CUST6051,Female,64,Electronics,11,76,836
996,25-11-2023,CUST6356,Female,60,Electronics,19,373,7087
997,25-11-2023,CUST7576,Female,21,Books,4,148,592
998,25-11-2023,CUST7949,Female,32,Books,8,247,1976
999,25-11-2023,CUST2473,Male,33,Clothing,6,181,1086
1000,25-11-2023,CUST3360,Male,38,Electronics,13,102,1326
1001,25-11-2023,CUST4211,Male,58,Groceries,5,239,1195
1002,25-11-2023,CUST0305,Female,30,Books,1,166,166
1003,25-11-2023,CUST0261,Female,64,Electronics,8,43,344
1004,25-11-2023,CUST8003,Male,69,Sports,7,95,665
1005,25-11-2023,CUST9315,Female,34,Clothing,11,162,1782
1006,25-11-2023,CUST0547,Female,41,Clothing,20,224,4480
1007,25-11-2023,CUST6151,Male,42,Clothing,19,133,2527
1008,25-11-2023,CUST6058,Male,49,Sports,11,298,3278
1009,25-11-2023,CUST3978,Male,66,Sports,5,130,650
1010,25-11-2023,CUST4236,Female,36,Clothing,12,36,432
1011,25-11-2023,CUST8246,Male,38,Beauty,11,253,2783
1012,25-11-2023,CUST3883,Female,55,Clothing,5,47,235
1013,25-11-2023,CUST9446,Female,63,Clothing,14,462,6468
1014,25-11-2023,CUST0603,Male,48,Clothing,20,108,2160
1015,25-11-2023,CUST1930,Female,58,Electronics,9,228,2052
1016,25-11-2023,CUST9990,Female,34,Books,10,430,4300
1017,25-11-2023,CUST1973,Male,23,Groceries,14,443,6202
1018,25-11-2023,CUST6816,Female,25,Electronics,1,64,64
1019,25-11-2023,CUST3172,Female,31,Groceries,10,419,4190
1020,25-11-2023,CUST3924,Male,63,Clothing,19,241,4579
1021,25-11-2023,CUST1539,Female,43,Books,13,447,5811
1022,25-11-2023,CUST3639,Female,64,Groceries,19,274,5206
1023,25-11-2023,CUST0031,Male,30,Books,1,314,314
1024,25-11-2023,CUST8315,Male,53,Clothing,16,212,3392
1025,25-11-2023,CUST9730,Female,62,Sports,5,228,1140
1026,25-11-2023,CUST1761,Female,43,Books,9,193,1737
1027,25-11-2023,CUST1647,Female,24,Books,20,98,1960
1028,25-11-2023,CUST9912,Male,49,Clothing,6,70,420
1029,25-11-2023,CUST4999,Female,25,Electronics,7,57,399
1030,25-11-2023,CUST0125,Male,38,Books,1,444,444
1031,25-11-2023,CUST5561,Male,56,Groceries,16,158,2528
1032,25-11-2023,CUST2198,Male,40,Sports,4,343,1372
1033,25-11-2023,CUST9720,Male,26,Sports,3,463,1389
1034,25-11-2023,CUST8761,Male,21,Sports,17,440,7480
1035,25-11-2023,CUST9104,Male,61,Clothing,20,499,9980
1036,25-11-2023,CUST8589,Female,68,Electronics,17,491,8347
1037,25-11-2023,CUST0610,Male,43,Books,13,17,221
1038,25-11-2023,CUST0909,Female,68,Beauty,9,239,2151
1039,25-11-2023,CUST8769,Female,43,Clothing,13,345,4485
1040,25-11-2023,CUST8247,Female,40,Beauty,12,152,1824
1041,25-11-2023,CUST7281,Male,31,Beauty,16,84,1344
1042,25-11-2023,CUST5797,Female,67,Groceries,3,498,1494
1043,25-11-2023,CUST3219,Male,21,Groceries,14,251,3514
1044,25-11-2023,CUST3718,Male,67,Electronics,14,408,5712
1045,25-11-2023,CUST4022,Male,27,Electronics,13,329,4277
1046,25-11-2023,CUST9045,Male,35,Beauty,10,245,2450
1047,25-11-2023,CUST1311,Male,39,Electronics,7,488,3416
1048,25-11-2023,CUST3638,Female,60,Sports,16,285,4560
1049,25-11-2023,CUST3390,Male,31,Clothing,13,302,3926
1050,25-11-2023,CUST1981,Male,53,Groceries,2,440,880
1051,25-11-2023,CUST1578,Female,44,Sports,4,42,168
1052,25-11-2023,CUST3150,Male,53,Books,6,318,1908
1053,25-11-2023,CUST5123,Male,39,Groceries,8,310,2480
1054,25-11-2023,CUST5026,Female,22,Clothing,15,405,6075
1055,25-11-2023,CUST9774,Male,31,Books,5,160,800
1056,25-11-2023,CUST1346,Male,69,Clothing,18,221,3978
1057,25-11-2023,CUST7100,Female,36,Beauty,18,319,5742
1058,25-11-2023,CUST4658,Female,27,Sports,2,190,380
1059,25-11-2023,CUST4705,Male,50,Books,19,421,7999
1060,25-11-2023,CUST5021,Female,46,Beauty,14,395,5530
1061,25-11-2023,CUST8157,Male,70,Beauty,11,338,3718
1062,25-11-2023,CUST4407,Female,34,Sports,3,161,483
1063,25-11-2023,CUST7529,Female,48,Sports,3,271,813
1064,25-11-2023,CUST1232,Male,30,Electronics,7,385,2695
1065,25-11-2023,CUST3983,Male,39,Books,17,129,2193
1066,25-11-2023,CUST0272,Male,23,Electronics,12,352,4224
1067,25-11-2023,CUST6484,Male,20,Beauty,9,200,1800
1068,25-11-2023,CUST8291,Male,26,Sports,6,191,1146
1069,25-11-2023,CUST9556,Female,38,Sports,9,360,3240
1070,25-11-2023,CUST8124,Female,62,Clothing,14,63,882
1071,25-11-2023,CUST2061,Male,60,Sports,8,386,3088
1072,25-11-2023,CUST2176,Male,48,Sports,11,410,4510
1073,25-11-2023,CUST0164,Female,53,Beauty,4,117,468
1074,25-11-2023,CUST7999,Male,24,Beauty,5,314,1570
1075,25-11-2023,CUST3909,Male,41,Electronics,16,146,2336
1076,25-11-2023,CUST7919,Male,18,Sports,5,274,1370
1077,25-11-2023,CUST4926,Female,24,Groceries,11,407,4477
1078,25-11-2023,CUST2940,Male,53,Beauty,11,218,2398
1079,25-11-2023,CUST8225,Male,22,Books,20,498,9960
1080,25-11-2023,CUST0372,Male,35,Beauty,14,433,6062
1081,25-11-2023,CUST9240,Female,28,Electronics,18,37,666
1082,25-11-2023,CUST5270,Male,27,Beauty,15,252,3780
1083,25-11-2023,CUST7868,Male,30,Sports,14,99,1386
1084,25-11-2023,CUST0492,Male,57,Groceries,17,67,1139
1085,25-11-2023,CUST3422,Female,48,Groceries,17,442,7514
1086,25-11-2023,CUST8266,Female,61,Books,15,68,1020
1087,25-11-2023,CUST7021,Male,54,Sports,12,329,3948
1088,25-11-2023,CUST6022,Male,68,Groceries,8,215,1720
1089,25-11-2023,CUST5122,Male,19,Electronics,7,22,154
1090,25-11-2023,CUST2134,Male,39,Books,5,166,830
1091,25-11-2023,CUST4173,Male,38,Sports,18,10,180
1092,25-11-2023,CUST6570,Female,45,Beauty,17,229,3893
1093,25-11-2023,CUST9807,Female,38,Beauty,19,28,532
1094,25-11-2023,CUST4301,Male,68,Sports,1,427,427
1095,25-11-2023,CUST0498,Male,30,Electronics,15,26,390
1096,25-11-2023,CUST7066,Male,35,Groceries,7,232,1624
1097,25-11-2023,CUST6145,Female,41,Groceries,10,44,440
1098,25-11-2023,CUST3790,Male,18,Sports,4,208,832
1099,25-11-2023,CUST9207,Male,19,Beauty,4,384,1536
1100,25-11-2023,CUST1489,Female,46,Clothing,3,60,180
1101,25-11-2023,CUST0178,Female,44,Beauty,14,458,6412
1102,25-11-2023,CUST6910,Male,56,Sports,19,378,7182
1103,25-11-2023,CUST4405,Female,50,Electronics,17,432,7344
1104,25-11-2023,CUST5444,Female,46,Beauty,7,292,2044
1105,25-11-2023,CUST3475,Male,66,Groceries,8,251,2008
1106,25-11-2023,CUST0124,Male,37,Sports,11,414,4554
1107,25-11-2023,CUST5829,Female,20,Sports,18,208,3744
1108,25-11-2023,CUST9464,Female,66,Clothing,3,311,933
1109,25-11-2023,CUST4581,Female,26,Books,14,255,3570
1110,25-11-2023,CUST2112,Female,49,Sports,13,90,1170
1111,25-11-2023,CUST9945,Female,27,Beauty,15,217,3255
1112,25-11-2023,CUST5145,Male,22,Electronics,5,14,70
1113,25-11-2023,CUST7542,Male,38,Books,3,183,549
1114,25-11-2023,CUST7465,Male,37,Beauty,9,498,4482
1115,25-11-2023,CUST5822,Female,22,Clothing,15,411,6165
1116,25-11-2023,CUST7932,Male,20,Books,8,470,3760
1117,25-11-2023,CUST7813,Male,37,Sports,16,173,2768
1118,25-11-2023,CUST3493,Female,31,Sports,15,159,2385
1119,25-11-2023,CUST6682,Male,68,Groceries,2,200,400
1120,25-11-2023,CUST4252,Female,61,Electronics,9,98,882
1121,25-11-2023,CUST4737,Male,18,Books,17,86,1462
1122,25-11-2023,CUST3007,Female,42,Electronics,14,304,4256
1123,25-11-2023,CUST7038,Female,34,Sports,13,56,728
1124,25-11-2023,CUST3354,Female,52,Clothing,2,341,682
1125,25-11-2023,CUST4548,Female,38,Beauty,2,161,322
1126,25-11-2023,CUST5981,Female,52,Books,3,114,342
1127,25-11-2023,CUST0072,Female,34,Books,12,61,732
1128,25-11-2023,CUST2854,Female,67,Beauty,13,215,2795
1129,25-11-2023,CUST9867,Female,31,Sports,12,256,3072
1130,25-11-2023,CUST4048,Male,18,Books,13,18,234
1131,25-11-2023,CUST0853,Female,36,Clothing,8,309,2472
1132,25-11-2023,CUST8056,Female,35,Beauty,13,264,3432
1133,25-11-2023,CUST9682,Female,45,Sports,1,412,412
1134,25-11-2023,CUST4977,Female,51,Books,8,17,136
1135,25-11-2023,CUST2491,Female,46,Groceries,3,306,918
1136,25-11-2023,CUST9055,Male,51,Groceries,14,182,2548
1137,25-11-2023,CUST1448,Female,58,Sports,13,48,624
1138,25-11-2023,CUST1753,Female,46,Groceries,3,214,642
1139,25-11-2023,CUST4923,Female,29,Groceries,7,192,1344
1140,25-11-2023,CUST9775,Male,22,Electronics,12,280,3360
1141,25-11-2023,CUST4468,Male,35,Clothing,19,235,4465
1142,25-11-2023,CUST4906,Male,21,Beauty,15,147,2205
1143,25-11-2023,CUST9117,Female,22,Sports,5,283,1415
1144,25-11-2023,CUST3105,Male,57,Books,3,17,51
1145,25-11-2023,CUST6537,Male,47,Electronics,13,474,6162
1146,25-11-2023,CUST1726,Male,38,Books,1,471,471
1147,25-11-2023,CUST5600,Female,30,Sports,5,227,1135
1148,25-11-2023,CUST6390,Female,47,Electronics,6,442,2652
1149,25-11-2023,CUST9205,Male,58,Clothing,6,24,144
1150,25-11-2023,CUST3344,Male,37,Clothing,20,52,1040
1151,25-11-2023,CUST6216,Female,35,Electronics,15,293,4395
1152,25-11-2023,CUST6199,Female,64,Sports,10,390,3900
1153,25-11-2023,CUST8872,Female,40,Beauty,18,19,342
1154,25-11-2023,CUST3696,Male,63,Beauty,16,105,1680
1155,25-11-2023,CUST2539,Female,19,Electronics,2,45,90
1156,25-11-2023,CUST7415,Male,69,Beauty,2,181,362
1157,25-11-2023,CUST7299,Female,69,Electronics,6,57,342
1158,25-11-2023,CUST2039,Male,23,Books,2,475,950
1159,25-11-2023,CUST1677,Male,32,Beauty,11,366,4026
1160,25-11-2023,CUST7461,Male,22,Sports,19,69,1311
1161,25-11-2023,CUST6458,Female,25,Books,7,347,2429
1162,25-11-2023,CUST5115,Female,33,Clothing,4,91,364
1163,25-11-2023,CUST1608,Female,68,Beauty,8,47,376
1164,25-11-2023,CUST9729,Male,43,Beauty,2,403,806
1165,25-11-2023,CUST7362,Male,55,Beauty,15,185,2775
1166,25-11-2023,CUST3235,Female,44,Beauty,10,145,1450
1167,25-11-2023,CUST1222,Male,46,Electronics,11,75,825
1168,25-11-2023,CUST1572,Female,49,Sports,1,131,131
1169,25-11-2023,CUST1011,Male,43,Sports,7,97,679
1170,25-11-2023,CUST0060,Female,35,Beauty,3,74,222
1171,25-11-2023,CUST2096,Male,20,Sports,3,210,630
1172,25-11-2023,CUST5075,Male,68,Clothing,4,433,1732
1173,25-11-2023,CUST5874,Male,50,Clothing,4,394,1576
1174,25-11-2023,CUST0281,Female,25,Electronics,3,166,498
1175,25-11-2023,CUST5914,Male,69,Sports,6,326,1956
1176,25-11-2023,CUST7932,Male,27,Beauty,16,110,1760
1177,25-11-2023,CUST5753,Male,39,Clothing,3,336,1008
1178,25-11-2023,CUST2276,Male,59,Groceries,7,423,2961
1179,25-11-2023,CUST8813,Male,50,Books,11,205,2255
1180,25-11-2023,CUST5589,Male,49,Electronics,13,473,6149
1181,25-11-2023,CUST4941,Female,46,Books,15,406,6090
1182,25-11-2023,CUST0777,Female,27,Books,15,46,690
1183,25-11-2023,CUST9038,Male,38,Groceries,1,168,168
1184,25-11-2023,CUST0515,Male,56,Clothing,16,133,2128
1185,25-11-2023,CUST8589,Female,40,Beauty,17,33,561
1186,25-11-2023,CUST6058,Female,55,Books,20,56,1120
1187,25-11-2023,CUST2720,Male,64,Sports,20,80,1600
1188,25-11-2023,CUST4199,Male,37,Clothing,3,377,1131
1189,25-11-2023,CUST7000,Male,19,Books,1,47,47
1190,25-11-2023,CUST2277,Male,49,Clothing,5,372,1860
1191,25-11-2023,CUST6441,Female,65,Groceries,14,356,4984
1192,25-11-2023,CUST5104,Female,69,Beauty,13,299,3887
1193,25-11-2023,CUST7380,Male,28,Beauty,8,466,3728
1194,25-11-2023,CUST8152,Male,58,Clothing,16,278,4448
1195,25-11-2023,CUST0773,Female,22,Sports,14,59,826
1196,25-11-2023,CUST6746,Female,49,Sports,12,171,2052
1197,25-11-2023,CUST0806,Male,68,Electronics,20,372,7440
1198,25-11-2023,CUST9994,Female,64,Sports,5,287,1435
1199,25-11-2023,CUST6651,Female,20,Sports,8,198,1584
1200,25-11-2023,CUST0888,Female,66,Groceries,14,482,6748
1201,25-11-2023,CUST8589,Male,23,Clothing,12,377,4524
1202,25-11-2023,CUST6680,Female,66,Groceries,8,377,3016
1203,25-11-2023,CUST0923,Male,40,Books,18,21,378
1204,25-11-2023,CUST8440,Female,37,Clothing,5,112,560
1205,25-11-2023,CUST4180,Male,42,Clothing,7,435,3045
1206,25-11-2023,CUST3873,Male,69,Beauty,5,151,755
1207,25-11-2023,CUST6755,Male,60,Sports,19,359,6821
1208,25-11-2023,CUST7702,Male,37,Books,7,36,252
1209,25-11-2023,CUST2096,Male,36,Books,20,487,9740
1210,25-11-2023,CUST4301,Male,28,Clothing,6,320,1920
1211,25-11-2023,CUST4865,Male,45,Sports,1,202,202
1212,25-11-2023,CUST2048,Male,62,Beauty,5,215,1075
1213,25-11-2023,CUST0765,Male,51,Books,18,379,6822
1214,25-11-2023,CUST8542,Male,29,Books,18,343,6174
1215,25-11-2023,CUST2190,Female,65,Groceries,3,149,447
1216,25-11-2023,CUST6579,Male,31,Beauty,1,436,436
1217,25-11-2023,CUST2618,Female,24,Clothing,20,116,2320
1218,25-11-2023,CUST0332,Female,56,Groceries,12,110,1320
1219,25-11-2023,CUST1868,Male,29,Beauty,10,263,2630
1220,25-11-2023,CUST5069,Male,48,Clothing,11,15,165
1221,25-11-2023,CUST9671,Male,40,Sports,2,257,514
1222,25-11-2023,CUST1032,Female,27,Groceries,20,500,10000
1223,25-11-2023,CUST7102,Male,33,Clothing,4,187,748
1224,25-11-2023,CUST7061,Male,68,Clothing,9,287,2583
1225,25-11-2023,CUST8772,Male,44,Beauty,9,347,3123
1226,25-11-2023,CUST0182,Male,36,Electronics,7,209,1463
1227,25-11-2023,CUST5968,Male,66,Clothing,12,62,744
1228,25-11-2023,CUST6660,Male,18,Electronics,4,84,336
1229,25-11-2023,CUST3370,Male,41,Electronics,15,135,2025
1230,25-11-2023,CUST5487,Female,58,Electronics,6,163,978
1231,25-11-2023,CUST7314,Female,54,Groceries,18,219,3942
1232,25-11-2023,CUST4425,Female,26,Electronics,2,112,224
1233,25-11-2023,CUST1536,Female,41,Clothing,19,344,6536
1234,25-11-2023,CUST4254,Male,36,Groceries,19,458,8702
1235,25-11-2023,CUST3646,Male,29,Sports,7,425,2975
1236,25-11-2023,CUST7345,Male,24,Sports,14,468,6552
1237,25-11-2023,CUST9857,Female,42,Sports,18,377,6786
1238,25-11-2023,CUST3366,Male,30,Clothing,2,339,678
1239,25-11-2023,CUST2712,Female,19,Clothing,7,173,1211
1240,25-11-2023,CUST6526,Male,34,Groceries,19,318,6042
1241,25-11-2023,CUST4712,Male,69,Groceries,19,39,741
1242,25-11-2023,CUST3229,Male,53,Groceries,19,249,4731
1243,25-11-2023,CUST7874,Female,35,Beauty,19,316,6004
1244,25-11-2023,CUST7462,Female,20,Groceries,8,184,1472
1245,25-11-2023,CUST9818,Male,68,Electronics,19,243,4617
1246,25-11-2023,CUST2731,Female,48,Beauty,1,204,204
1247,25-11-2023,CUST4219,Female,24,Electronics,19,286,5434
1248,25-11-2023,CUST7842,Female,55,Books,16,321,5136
1249,25-11-2023,CUST9255,Male,37,Beauty,12,229,2748
1250,25-11-2023,CUST6948,Male,23,Sports,7,145,1015
1251,25-11-2023,CUST3826,Male,51,Groceries,14,371,5194
1252,25-11-2023,CUST6910,Male,54,Sports,4,65,260
1253,25-11-2023,CUST0065,Male,49,Books,15,299,4485
1254,25-11-2023,CUST9279,Female,68,Electronics,17,341,5797
1255,25-11-2023,CUST0482,Male,64,Groceries,20,403,8060
1256,25-11-2023,CUST7710,Male,63,Electronics,13,370,4810
1257,25-11-2023,CUST8029,Female,51,Sports,2,469,938
1258,25-11-2023,CUST8275,Male,53,Books,10,331,3310
1259,25-11-2023,CUST8251,Female,53,Clothing,14,392,5488
1260,25-11-2023,CUST1567,Male,29,Clothing,18,326,5868
1261,25-11-2023,CUST5611,Male,59,Electronics,3,261,783
1262,25-11-2023,CUST6462,Male,34,Books,17,17,289
1263,25-11-2023,CUST2993,Female,24,Beauty,16,421,6736
1264,25-11-2023,CUST2977,Female,26,Sports,20,338,6760
1265,25-11-2023,CUST1644,Male,19,Books,13,326,4238
1266,25-11-2023,CUST6742,Female,69,Electronics,13,321,4173
1267,25-11-2023,CUST7991,Male,46,Electronics,4,374,1496
1268,25-11-2023,CUST1760,Female,43,Sports,2,431,862
1269,25-11-2023,CUST2496,Female,67,Beauty,19,311,5909
1270,25-11-2023,CUST6938,Female,59,Sports,9,86,774
1271,25-11-2023,CUST8939,Female,36,Books,15,39,585
1272,25-11-2023,CUST0503,Male,34,Groceries,6,55,330
1273,25-11-2023,CUST0079,Male,64,Sports,2,325,650
1274,25-11-2023,CUST9279,Male,30,Sports,4,122,488
1275,25-11-2023,CUST9556,Female,66,Beauty,14,24,336
1276,25-11-2023,CUST9730,Male,31,Groceries,18,10,180
1277,25-11-2023,CUST6137,Male,55,Beauty,19,234,4446
1278,25-11-2023,CUST5579,Female,40,Sports,20,182,3640
1279,25-11-2023,CUST8068,Female,59,Electronics,2,208,416
1280,25-11-2023,CUST6695,Female,37,Electronics,19,391,7429
1281,25-11-2023,CUST3655,Male,27,Beauty,10,443,4430
1282,25-11-2023,CUST7282,Male,67,Electronics,9,175,1575
1283,25-11-2023,CUST5009,Female,58,Books,7,252,1764
1284,25-11-2023,CUST5806,Female,42,Books,16,315,5040
1285,25-11-2023,CUST4283,Female,18,Electronics,20,117,2340
1286,25-11-2023,CUST9285,Female,44,Electronics,1,136,136
1287,25-11-2023,CUST4435,Male,56,Books,15,310,4650
1288,25-11-2023,CUST4050,Male,19,Clothing,3,38,114
1289,25-11-2023,CUST8985,Male,32,Clothing,12,29,348
1290,25-11-2023,CUST6536,Male,18,Books,11,19,209
1291,25-11-2023,CUST1509,Male,37,Groceries,2,187,374
1292,25-11-2023,CUST0792,Female,33,Sports,12,455,5460
1293,25-11-2023,CUST4771,Female,53,Groceries,11,433,4763
1294,25-11-2023,CUST2708,Male,58,Clothing,19,128,2432
1295,25-11-2023,CUST6250,Female,24,Groceries,20,57,1140
1296,25-11-2023,CUST6964,Female,43,Clothing,12,269,3228
1297,25-11-2023,CUST9527,Male,52,Clothing,15,201,3015
1298,25-11-2023,CUST5791,Female,31,Groceries,1,123,123
1299,25-11-2023,CUST7150,Male,55,Groceries,6,297,1782
1300,25-11-2023,CUST5966,Male,19,Groceries,6,76,456
1301,25-11-2023,CUST3682,Female,40,Electronics,18,334,6012
1302,25-11-2023,CUST8980,Male,34,Books,3,385,1155
1303,25-11-2023,CUST3743,Male,55,Sports,17,368,6256
1304,25-11-2023,CUST3207,Male,33,Clothing,9,369,3321
1305,25-11-2023,CUST4939,Male,24,Sports,19,493,9367
1306,25-11-2023,CUST9255,Female,29,Sports,4,280,1120
1307,25-11-2023,CUST3202,Male,36,Sports,15,197,2955
1308,25-11-2023,CUST0886,Male,27,Books,4,102,408
1309,25-11-2023,CUST2318,Female,18,Beauty,15,261,3915
1310,25-11-2023,CUST2799,Female,27,Clothing,4,293,1172
1311,25-11-2023,CUST9793,Female,61,Sports,5,230,1150
1312,25-11-2023,CUST0801,Male,58,Groceries,17,156,2652
1313,25-11-2023,CUST4788,Female,51,Books,1,220,220
1314,25-11-2023,CUST6747,Female,35,Groceries,19,20,380
1315,25-11-2023,CUST9378,Male,59,Clothing,9,31,279
1316,25-11-2023,CUST0274,Male,60,Groceries,4,272,1088
1317,25-11-2023,CUST6481,Female,56,Beauty,6,469,2814
1318,25-11-2023,CUST6827,Male,31,Books,18,299,5382
1319,25-11-2023,CUST1042,Male,42,Sports,2,417,834
1320,25-11-2023,CUST4322,Female,48,Groceries,1,412,412
1321,25-11-2023,CUST8449,Female,68,Beauty,5,332,1660
1322,25-11-2023,CUST5551,Female,65,Groceries,4,415,1660
1323,25-11-2023,CUST4978,Male,27,Books,6,62,372
1324,25-11-2023,CUST7416,Female,21,Beauty,17,453,7701
1325,25-11-2023,CUST6005,Female,53,Electronics,10,128,1280
1326,25-11-2023,CUST3003,Female,56,Clothing,12,191,2292
1327,25-11-2023,CUST9540,Female,27,Beauty,16,466,7456
1328,25-11-2023,CUST7359,Male,48,Sports,11,247,2717
1329,25-11-2023,CUST6642,Male,40,Beauty,4,143,572
1330,25-11-2023,CUST3471,Male,29,Sports,13,315,4095
1331,25-11-2023,CUST7271,Male,64,Books,8,222,1776
1332,25-11-2023,CUST1510,Male,53,Beauty,3,175,525
1333,25-11-2023,CUST2204,Male,65,Sports,10,250,2500
1334,25-11-2023,CUST1408,Male,46,Books,14,92,1288
1335,25-11-2023,CUST4331,Male,24,Sports,10,278,2780
1336,25-11-2023,CUST7671,Female,26,Groceries,10,66,660
1337,25-11-2023,CUST0846,Female,37,Clothing,17,367,6239
1338,25-11-2023,CUST6435,Male,68,Beauty,11,372,4092
1339,25-11-2023,CUST5479,Female,51,Electronics,13,415,5395
1340,25-11-2023,CUST9778,Male,51,Beauty,15,152,2280
1341,25-11-2023,CUST7090,Male,20,Groceries,3,362,1086
1342,25-11-2023,CUST3570,Female,22,Electronics,8,369,2952
1343,25-11-2023,CUST1862,Male,61,Electronics,4,326,1304
1344,25-11-2023,CUST7659,Female,45,Clothing,12,393,4716
1345,25-11-2023,CUST2084,Male,33,Books,14,213,2982
1346,25-11-2023,CUST6844,Male,48,Sports,10,12,120
1347,25-11-2023,CUST1644,Male,57,Sports,7,221,1547
1348,25-11-2023,CUST1874,Male,21,Beauty,11,20,220
1349,25-11-2023,CUST3596,Male,22,Sports,13,219,2847
1350,25-11-2023,CUST8291,Male,23,Clothing,12,433,5196
1351,25-11-2023,CUST3458,Male,50,Clothing,14,165,2310
1352,25-11-2023,CUST9393,Female,46,Beauty,16,210,3360
1353,25-11-2023,CUST8415,Male,51,Beauty,14,50,700
1354,25-11-2023,CUST7359,Female,66,Electronics,3,330,990
1355,25-11-2023,CUST5114,Male,62,Books,17,368,6256
1356,25-11-2023,CUST7310,Female,38,Books,9,91,819
1357,25-11-2023,CUST7599,Female,60,Sports,4,254,1016
1358,25-11-2023,CUST9198,Male,68,Groceries,13,251,3263
1359,25-11-2023,CUST1529,Female,43,Books,8,382,3056
1360,25-11-2023,CUST6118,Male,39,Beauty,5,147,735
1361,25-11-2023,CUST5916,Female,38,Groceries,9,348,3132
1362,25-11-2023,CUST1708,Female,24,Beauty,9,368,3312
1363,25-11-2023,CUST8686,Male,45,Sports,9,266,2394
1364,25-11-2023,CUST4787,Male,53,Groceries,20,185,3700
1365,25-11-2023,CUST3126,Female,54,Sports,10,317,3170
1366,25-11-2023,CUST7136,Female,34,Beauty,2,263,526
1367,25-11-2023,CUST0874,Male,40,Electronics,9,178,1602
1368,25-11-2023,CUST5363,Female,45,Books,1,26,26
1369,25-11-2023,CUST2606,Female,48,Electronics,4,307,1228
1370,25-11-2023,CUST6750,Female,23,Sports,17,270,4590
1371,25-11-2023,CUST4465,Female,19,Clothing,2,281,562
1372,25-11-2023,CUST5372,Male,23,Electronics,7,57,399
1373,25-11-2023,CUST7106,Female,63,Electronics,13,187,2431
1374,25-11-2023,CUST0719,Female,46,Groceries,16,348,5568
1375,25-11-2023,CUST8043,Male,31,Groceries,14,397,5558
1376,25-11-2023,CUST5470,Male,47,Sports,2,373,746
1377,25-11-2023,CUST5740,Female,70,Books,12,500,6000
1378,25-11-2023,CUST2135,Male,29,Sports,8,115,920
1379,25-11-2023,CUST5378,Female,36,Books,12,13,156
1380,25-11-2023,CUST7189,Female,19,Books,20,289,5780
1381,25-11-2023,CUST9470,Male,38,Electronics,1,160,160
1382,25-11-2023,CUST4843,Male,45,Books,7,482,3374
1383,25-11-2023,CUST3744,Male,25,Sports,19,218,4142
1384,25-11-2023,CUST1874,Female,63,Sports,11,266,2926
1385,25-11-2023,CUST2960,Female,58,Sports,19,310,5890
1386,25-11-2023,CUST9976,Female,58,Beauty,10,103,1030
1387,25-11-2023,CUST0697,Female,62,Books,12,306,3672
1388,25-11-2023,CUST9681,Male,55,Groceries,12,419,5028
1389,25-11-2023,CUST4890,Male,33,Clothing,18,48,864
1390,25-11-2023,CUST7569,Female,69,Groceries,2,78,156
1391,25-11-2023,CUST6777,Female,66,Groceries,12,303,3636
1392,25-11-2023,CUST5582,Female,38,Beauty,4,87,348
1393,25-11-2023,CUST1438,Female,28,Groceries,13,463,6019
1394,25-11-2023,CUST8379,Male,23,Books,3,90,270
1395,25-11-2023,CUST4916,Male,63,Beauty,12,298,3576
1396,25-11-2023,CUST2051,Male,37,Books,19,387,7353
1397,25-11-2023,CUST3358,Female,29,Clothing,8,107,856
1398,25-11-2023,CUST6009,Male,33,Sports,17,337,5729
1399,25-11-2023,CUST3644,Male,45,Electronics,19,25,475
1400,25-11-2023,CUST3274,Male,38,Electronics,10,331,3310
1401,25-11-2023,CUST1441,Male,51,Books,20,433,8660
1402,25-11-2023,CUST9756,Male,53,Electronics,16,176,2816
1403,25-11-2023,CUST1901,Female,62,Beauty,7,108,756
1404,25-11-2023,CUST8226,Male,59,Sports,13,63,819
1405,25-11-2023,CUST0290,Female,56,Beauty,3,418,1254
1406,25-11-2023,CUST3048,Male,39,Electronics,1,13,13
1407,25-11-2023,CUST7977,Male,24,Clothing,15,342,5130
1408,25-11-2023,CUST1962,Female,49,Sports,2,338,676
1409,25-11-2023,CUST7356,Male,40,Clothing,14,102,1428
1410,25-11-2023,CUST3059,Female,55,Beauty,17,424,7208
1411,25-11-2023,CUST9715,Male,66,Books,9,35,315
1412,25-11-2023,CUST2823,Female,34,Beauty,15,416,6240
1413,25-11-2023,CUST6237,Female,54,Books,16,212,3392
1414,25-11-2023,CUST9874,Female,51,Groceries,16,111,1776
1415,25-11-2023,CUST7416,Male,69,Clothing,13,308,4004
1416,25-11-2023,CUST9811,Male,25,Beauty,7,80,560
1417,25-11-2023,CUST5663,Male,34,Groceries,4,116,464
1418,25-11-2023,CUST2558,Female,42,Books,11,320,3520
1419,25-11-2023,CUST7077,Male,23,Beauty,4,80,320
1420,25-11-2023,CUST3144,Female,50,Clothing,7,259,1813
1421,25-11-2023,CUST4873,Female,50,Sports,6,31,186
1422,25-11-2023,CUST2658,Female,24,Clothing,10,40,400
1423,25-11-2023,CUST2136,Male,44,Beauty,1,282,282
1424,25-11-2023,CUST1359,Female,29,Sports,6,189,1134
1425,25-11-2023,CUST1681,Female,23,Sports,14,213,2982
1426,25-11-2023,CUST2365,Female,66,Groceries,3,269,807
1427,25-11-2023,CUST0753,Female,42,Electronics,2,17,34
1428,25-11-2023,CUST3784,Male,65,Electronics,6,374,2244
1429,25-11-2023,CUST1200,Female,40,Sports,9,179,1611
1430,25-11-2023,CUST7691,Female,49,Books,5,459,2295
1431,25-11-2023,CUST3417,Female,39,Books,14,107,1498
1432,25-11-2023,CUST2860,Male,30,Electronics,13,374,4862
1433,25-11-2023,CUST5863,Female,31,Clothing,19,430,8170
1434,25-11-2023,CUST8031,Female,32,Books,7,392,2744
1435,25-11-2023,CUST7993,Male,25,Sports,15,184,2760
1436,25-11-2023,CUST5373,Male,41,Sports,16,168,2688
1437,25-11-2023,CUST3622,Male,39,Clothing,6,485,2910
1438,25-11-2023,CUST2933,Female,60,Sports,9,15,135
1439,25-11-2023,CUST9547,Male,69,Electronics,4,35,140
1440,25-11-2023,CUST7581,Male,29,Beauty,9,55,495
1441,25-11-2023,CUST3694,Male,57,Clothing,16,261,4176
1442,25-11-2023,CUST2437,Female,58,Groceries,6,396,2376
1443,25-11-2023,CUST9859,Female,31,Sports,9,345,3105
1444,25-11-2023,CUST4764,Female,31,Beauty,10,403,4030
1445,25-11-2023,CUST2672,Male,36,Beauty,8,224,1792
1446,25-11-2023,CUST6124,Male,43,Books,10,160,1600
1447,25-11-2023,CUST4182,Female,58,Clothing,18,33,594
1448,25-11-2023,CUST8551,Female,24,Clothing,13,379,4927
1449,25-11-2023,CUST9844,Female,24,Electronics,16,251,4016
1450,25-11-2023,CUST0350,Female,39,Sports,4,14,56
1451,25-11-2023,CUST2305,Female,25,Electronics,3,382,1146
1452,25-11-2023,CUST4491,Female,30,Books,15,258,3870
1453,25-11-2023,CUST7925,Male,38,Sports,19,69,1311
1454,25-11-2023,CUST5867,Female,36,Groceries,19,390,7410
1455,25-11-2023,CUST8832,Female,19,Sports,3,175,525
1456,25-11-2023,CUST5483,Female,50,Sports,1,129,129
1457,25-11-2023,CUST6119,Male,38,Groceries,19,48,912
1458,25-11-2023,CUST7107,Female,65,Clothing,6,315,1890
1459,25-11-2023,CUST3850,Female,23,Groceries,4,87,348
1460,25-11-2023,CUST2171,Female,40,Electronics,2,431,862
1461,25-11-2023,CUST7276,Female,34,Electronics,4,192,768
1462,25-11-2023,CUST5760,Female,53,Sports,3,55,165
1463,25-11-2023,CUST7081,Female,38,Electronics,1,111,111
1464,25-11-2023,CUST2630,Male,36,Books,4,54,216
1465,25-11-2023,CUST2904,Female,50,Sports,17,159,2703
1466,25-11-2023,CUST2056,Male,40,Sports,10,218,2180
1467,25-11-2023,CUST3614,Female,28,Groceries,18,353,6354
1468,25-11-2023,CUST7376,Male,26,Sports,20,245,4900
1469,25-11-2023,CUST2454,Male,23,Beauty,5,108,540
1470,25-11-2023,CUST6276,Male,18,Electronics,9,339,3051
1471,25-11-2023,CUST8637,Male,57,Clothing,1,313,313
1472,25-11-2023,CUST0056,Male,30,Electronics,19,355,6745
1473,25-11-2023,CUST2283,Male,24,Sports,8,168,1344
1474,25-11-2023,CUST2015,Male,48,Clothing,20,398,7960
1475,25-11-2023,CUST8476,Male,67,Beauty,12,376,4512
1476,25-11-2023,CUST6663,Male,46,Beauty,18,476,8568
1477,25-11-2023,CUST0291,Male,49,Sports,16,204,3264
1478,25-11-2023,CUST9678,Female,55,Books,19,29,551
1479,25-11-2023,CUST8876,Male,54,Books,12,137,1644
1480,25-11-2023,CUST4202,Male,53,Clothing,3,197,591
1481,25-11-2023,CUST1294,Male,22,Groceries,13,276,3588
1482,25-11-2023,CUST8972,Female,65,Electronics,1,491,491
1483,25-11-2023,CUST2910,Male,21,Books,7,374,2618
1484,25-11-2023,CUST2999,Female,18,Clothing,17,461,7837
1485,25-11-2023,CUST1177,Male,54,Electronics,7,375,2625
1486,25-11-2023,CUST7564,Male,47,Books,1,108,108
1487,25-11-2023,CUST6475,Female,20,Sports,12,374,4488
1488,25-11-2023,CUST4331,Male,41,Electronics,5,243,1215
1489,25-11-2023,CUST4716,Male,23,Clothing,15,160,2400
1490,25-11-2023,CUST6839,Male,31,Groceries,4,87,348
1491,25-11-2023,CUST1908,Male,59,Books,9,202,1818
1492,25-11-2023,CUST9199,Male,26,Electronics,16,371,5936
1493,25-11-2023,CUST4133,Female,32,Groceries,4,67,268
1494,25-11-2023,CUST0146,Male,23,Sports,8,53,424
1495,25-11-2023,CUST8721,Female,21,Clothing,12,204,2448
1496,25-11-2023,CUST1490,Male,26,Beauty,1,74,74
1497,25-11-2023,CUST2436,Male,24,Electronics,13,429,5577
1498,25-11-2023,CUST4894,Female,41,Groceries,17,383,6511
1499,25-11-2023,CUST2610,Female,70,Sports,3,18,54
1500,25-11-2023,CUST2948,Male,51,Groceries,5,352,1760
1501,25-11-2023,CUST3063,Female,67,Clothing,16,37,592
1502,25-11-2023,CUST5400,Female,51,Sports,13,237,3081
1503,25-11-2023,CUST5700,Female,58,Electronics,20,248,4960
1504,25-11-2023,CUST3866,Male,45,Sports,20,278,5560
1505,25-11-2023,CUST0298,Male,56,Clothing,19,360,6840
1506,25-11-2023,CUST7476,Male,68,Electronics,6,280,1680
1507,25-11-2023,CUST6882,Female,45,Sports,13,276,3588
1508,25-11-2023,CUST8014,Male,45,Sports,4,413,1652
1509,25-11-2023,CUST3256,Male,38,Books,18,379,6822
1510,25-11-2023,CUST0304,Male,25,Clothing,7,442,3094
1511,25-11-2023,CUST2871,Male,48,Electronics,2,435,870
1512,25-11-2023,CUST0126,Male,47,Groceries,8,286,2288
1513,25-11-2023,CUST3578,Male,51,Electronics,20,44,880
1514,25-11-2023,CUST8456,Male,68,Groceries,5,215,1075
1515,25-11-2023,CUST1948,Female,50,Sports,3,102,306
1516,25-11-2023,CUST8895,Male,28,Books,5,404,2020
1517,25-11-2023,CUST4706,Female,44,Electronics,7,327,2289
1518,25-11-2023,CUST6569,Male,64,Groceries,5,260,1300
1519,25-11-2023,CUST6332,Female,31,Beauty,7,324,2268
1520,25-11-2023,CUST8963,Female,66,Groceries,15,311,4665
1521,25-11-2023,CUST4658,Male,52,Clothing,11,279,3069
1522,25-11-2023,CUST2846,Male,59,Groceries,15,351,5265
1523,25-11-2023,CUST6321,Male,62,Books,11,470,5170
1524,25-11-2023,CUST8125,Female,58,Books,2,77,154
1525,25-11-2023,CUST1875,Female,38,Electronics,6,157,942
1526,25-11-2023,CUST9607,Male,36,Books,12,72,864
1527,25-11-2023,CUST8497,Male,40,Clothing,7,356,2492
1528,25-11-2023,CUST1625,Female,38,Books,2,136,272
1529,25-11-2023,CUST2580,Male,46,Clothing,11,402,4422
1530,25-11-2023,CUST9825,Male,37,Books,16,458,7328
1531,25-11-2023,CUST9379,Female,70,Sports,5,68,340
1532,25-11-2023,CUST8273,Female,39,Sports,16,25,400
1533,25-11-2023,CUST1799,Male,69,Books,4,495,1980
1534,25-11-2023,CUST7592,Male,49,Electronics,8,315,2520
1535,25-11-2023,CUST6432,Female,18,Clothing,14,100,1400
1536,25-11-2023,CUST2399,Male,43,Groceries,8,140,1120
1537,25-11-2023,CUST4299,Male,57,Beauty,16,382,6112
1538,25-11-2023,CUST0464,Male,40,Electronics,17,383,6511
1539,25-11-2023,CUST3623,Male,35,Clothing,8,78,624
1540,25-11-2023,CUST1377,Female,69,Clothing,20,62,1240
1541,25-11-2023,CUST4303,Male,42,Electronics,13,374,4862
1542,25-11-2023,CUST8691,Male,34,Beauty,14,369,5166
1543,25-11-2023,CUST6256,Male,23,Electronics,16,268,4288
1544,25-11-2023,CUST3574,Female,26,Groceries,15,189,2835
1545,25-11-2023,CUST7915,Female,41,Sports,11,17,187
1546,25-11-2023,CUST4285,Male,24,Clothing,2,415,830
1547,25-11-2023,CUST6377,Male,18,Clothing,18,24,432
1548,25-11-2023,CUST1351,Female,27,Books,1,357,357
1549,25-11-2023,CUST0608,Female,41,Clothing,8,63,504
1550,25-11-2023,CUST7274,Male,28,Beauty,12,217,2604
1551,25-11-2023,CUST1454,Male,37,Groceries,5,358,1790
1552,25-11-2023,CUST4620,Male,64,Sports,1,191,191
1553,25-11-2023,CUST7401,Female,37,Books,17,206,3502
1554,25-11-2023,CUST5673,Female,59,Books,5,442,2210
1555,25-11-2023,CUST3430,Female,19,Groceries,15,205,3075
1556,25-11-2023,CUST6768,Female,69,Groceries,15,96,1440
1557,25-11-2023,CUST9708,Male,68,Sports,17,429,7293
1558,25-11-2023,CUST3482,Male,51,Books,6,484,2904
1559,25-11-2023,CUST8535,Female,26,Electronics,7,408,2856
1560,25-11-2023,CUST7402,Female,58,Beauty,3,217,651
1561,25-11-2023,CUST5122,Male,50,Beauty,4,324,1296
1562,25-11-2023,CUST9124,Female,66,Beauty,9,39,351
1563,25-11-2023,CUST7256,Female,55,Groceries,7,228,1596
1564,25-11-2023,CUST5791,Male,38,Electronics,12,444,5328
1565,25-11-2023,CUST4819,Male,36,Beauty,13,84,1092
1566,25-11-2023,CUST9083,Male,37,Electronics,10,65,650
1567,25-11-2023,CUST1163,Male,35,Beauty,10,102,1020
1568,25-11-2023,CUST7056,Male,52,Groceries,17,145,2465
1569,25-11-2023,CUST1309,Female,28,Clothing,14,134,1876
1570,25-11-2023,CUST1228,Female,53,Clothing,12,42,504
1571,25-11-2023,CUST1392,Male,56,Groceries,5,441,2205
1572,25-11-2023,CUST6917,Female,43,Books,7,359,2513
1573,25-11-2023,CUST6110,Female,43,Sports,8,278,2224
1574,25-11-2023,CUST9092,Male,66,Clothing,13,165,2145
1575,25-11-2023,CUST7367,Female,39,Sports,15,164,2460
1576,25-11-2023,CUST6592,Female,18,Sports,9,352,3168
1577,25-11-2023,CUST1426,Male,30,Groceries,5,40,200
1578,25-11-2023,CUST6400,Female,62,Clothing,18,142,2556
1579,25-11-2023,CUST8363,Female,56,Books,20,233,4660
1580,25-11-2023,CUST6319,Female,40,Sports,20,185,3700
1581,25-11-2023,CUST7665,Female,63,Electronics,9,290,2610
1582,25-11-2023,CUST7661,Female,31,Books,11,100,1100
1583,25-11-2023,CUST7141,Male,70,Books,1,463,463
1584,25-11-2023,CUST4197,Male,18,Groceries,19,493,9367
1585,25-11-2023,CUST6205,Female,46,Clothing,19,384,7296
1586,25-11-2023,CUST9204,Male,41,Electronics,15,239,3585
1587,25-11-2023,CUST0142,Female,59,Clothing,13,395,5135
1588,25-11-2023,CUST3018,Female,31,Books,8,480,3840
1589,25-11-2023,CUST5078,Male,51,Books,6,454,2724
1590,25-11-2023,CUST5338,Female,21,Beauty,18,425,7650
1591,25-11-2023,CUST5488,Male,47,Beauty,12,334,4008
1592,25-11-2023,CUST0938,Male,31,Clothing,8,439,3512
1593,25-11-2023,CUST7285,Male,60,Groceries,17,376,6392
1594,25-11-2023,CUST3185,Female,29,Beauty,9,358,3222
1595,25-11-2023,CUST0699,Female,37,Beauty,7,93,651
1596,25-11-2023,CUST7941,Female,22,Clothing,9,241,2169
1597,25-11-2023,CUST6547,Female,62,Beauty,11,450,4950
1598,25-11-2023,CUST8462,Female,42,Electronics,1,254,254
1599,25-11-2023,CUST6194,Male,60,Books,7,288,2016
1600,25-11-2023,CUST3563,Female,44,Clothing,20,249,4980
1601,25-11-2023,CUST8396,Male,20,Groceries,14,115,1610
1602,25-11-2023,CUST5282,Male,24,Clothing,1,472,472
1603,25-11-2023,CUST5819,Female,63,Beauty,19,212,4028
1604,25-11-2023,CUST1544,Female,70,Electronics,15,11,165
1605,25-11-2023,CUST7513,Female,58,Beauty,4,32,128
1606,25-11-2023,CUST4312,Female,50,Beauty,15,327,4905
1607,25-11-2023,CUST0295,Male,53,Books,1,221,221
1608,25-11-2023,CUST4237,Male,64,Electronics,12,474,5688
1609,25-11-2023,CUST1695,Female,59,Books,20,251,5020
1610,25-11-2023,CUST2037,Female,65,Beauty,8,322,2576
1611,25-11-2023,CUST7457,Male,19,Groceries,15,334,5010
1612,25-11-2023,CUST8266,Male,36,Electronics,15,256,3840
1613,25-11-2023,CUST3045,Female,47,Electronics,19,343,6517
1614,25-11-2023,CUST2734,Female,41,Sports,18,396,7128
1615,25-11-2023,CUST3671,Male,60,Sports,9,206,1854
1616,25-11-2023,CUST4952,Male,47,Clothing,7,303,2121
1617,25-11-2023,CUST6711,Male,46,Groceries,9,465,4185
1618,25-11-2023,CUST7845,Male,59,Clothing,20,441,8820
1619,25-11-2023,CUST0258,Female,30,Clothing,11,190,2090
1620,25-11-2023,CUST5923,Female,29,Beauty,19,150,2850
1621,25-11-2023,CUST3617,Male,69,Groceries,12,122,1464
1622,25-11-2023,CUST7154,Male,57,Books,3,245,735
1623,25-11-2023,CUST1255,Male,39,Books,18,91,1638
1624,25-11-2023,CUST1387,Male,65,Clothing,19,292,5548
1625,25-11-2023,CUST2820,Male,19,Books,12,192,2304
1626,25-11-2023,CUST6235,Female,32,Beauty,15,161,2415
1627,25-11-2023,CUST0751,Female,58,Groceries,18,257,4626
1628,25-11-2023,CUST6913,Male,27,Clothing,16,22,352
1629,25-11-2023,CUST5757,Male,47,Clothing,9,196,1764
1630,25-11-2023,CUST7793,Female,18,Books,18,377,6786
1631,25-11-2023,CUST9224,Female,65,Books,14,12,168
1632,25-11-2023,CUST0352,Female,50,Books,2,392,784
1633,25-11-2023,CUST5014,Male,53,Clothing,14,485,6790
1634,25-11-2023,CUST6572,Male,44,Electronics,3,288,864
1635,25-11-2023,CUST5108,Male,42,Groceries,6,62,372
1636,25-11-2023,CUST6896,Female,63,Beauty,20,136,2720
1637,25-11-2023,CUST8331,Male,59,Beauty,1,439,439
1638,25-11-2023,CUST9332,Female,35,Groceries,9,429,3861
1639,25-11-2023,CUST5018,Male,19,Electronics,16,154,2464
1640,25-11-2023,CUST9645,Male,35,Books,10,295,2950
1641,25-11-2023,CUST9803,Male,25,Clothing,16,127,2032
1642,25-11-2023,CUST9294,Female,23,Electronics,10,412,4120
1643,25-11-2023,CUST1554,Male,67,Clothing,17,326,5542
1644,25-11-2023,CUST3987,Male,66,Electronics,18,73,1314
1645,25-11-2023,CUST0737,Female,49,Groceries,18,235,4230
1646,25-11-2023,CUST9749,Female,47,Clothing,11,169,1859
1647,25-11-2023,CUST4230,Female,34,Electronics,9,53,477
1648,25-11-2023,CUST5976,Female,33,Groceries,5,386,1930
1649,25-11-2023,CUST7022,Female,52,Beauty,6,31,186
1650,25-11-2023,CUST8493,Male,24,Books,20,190,3800
1651,25-11-2023,CUST6862,Male,46,Groceries,6,198,1188
1652,25-11-2023,CUST1496,Female,52,Groceries,7,36,252
1653,25-11-2023,CUST4124,Female,54,Electronics,19,80,1520
1654,25-11-2023,CUST7478,Male,51,Electronics,10,110,1100
1655,25-11-2023,CUST4039,Female,51,Books,13,143,1859
1656,25-11-2023,CUST5839,Male,30,Electronics,13,215,2795
1657,25-11-2023,CUST7553,Female,25,Books,19,212,4028
1658,25-11-2023,CUST5492,Female,41,Sports,8,189,1512
1659,25-11-2023,CUST9010,Male,25,Groceries,13,454,5902
1660,25-11-2023,CUST0424,Female,53,Clothing,7,301,2107
1661,25-11-2023,CUST7679,Male,53,Beauty,14,133,1862
1662,25-11-2023,CUST2003,Female,64,Clothing,6,487,2922
1663,25-11-2023,CUST7884,Female,32,Beauty,10,317,3170
1664,25-11-2023,CUST5265,Male,43,Clothing,5,91,455
1665,25-11-2023,CUST5932,Female,29,Clothing,18,294,5292
1666,25-11-2023,CUST6445,Female,29,Groceries,2,137,274
1667,25-11-2023,CUST4569,Male,57,Electronics,14,464,6496
1668,25-11-2023,CUST4859,Female,59,Electronics,9,389,3501
1669,25-11-2023,CUST4274,Female,67,Groceries,1,434,434
1670,25-11-2023,CUST8352,Female,36,Clothing,16,157,2512
1671,25-11-2023,CUST0027,Female,28,Groceries,8,53,424
1672,25-11-2023,CUST9196,Male,63,Groceries,7,84,588
1673,25-11-2023,CUST6680,Female,65,Sports,9,180,1620
1674,25-11-2023,CUST9392,Male,53,Sports,4,190,760
1675,25-11-2023,CUST6236,Male,66,Books,8,410,3280
1676,25-11-2023,CUST1979,Female,22,Groceries,5,460,2300
1677,25-11-2023,CUST1643,Female,42,Beauty,12,20,240
1678,25-11-2023,CUST9675,Female,30,Books,8,244,1952
1679,25-11-2023,CUST5205,Male,61,Sports,8,122,976
1680,25-11-2023,CUST0689,Male,36,Sports,7,99,693
1681,25-11-2023,CUST9812,Male,56,Groceries,11,308,3388
1682,25-11-2023,CUST0349,Female,54,Beauty,1,12,12
1683,25-11-2023,CUST8872,Male,19,Books,20,255,5100
1684,25-11-2023,CUST0318,Female,38,Electronics,1,338,338
1685,25-11-2023,CUST8506,Male,43,Sports,11,101,1111
1686,25-11-2023,CUST0758,Male,47,Electronics,5,136,680
1687,25-11-2023,CUST6273,Female,48,Books,20,137,2740
1688,25-11-2023,CUST4613,Male,52,Books,16,22,352
1689,25-11-2023,CUST9271,Female,20,Electronics,17,161,2737
1690,25-11-2023,CUST8492,Female,63,Clothing,15,171,2565
1691,25-11-2023,CUST6579,Female,55,Sports,2,140,280
1692,25-11-2023,CUST4350,Female,36,Beauty,6,457,2742
1693,25-11-2023,CUST1449,Male,50,Beauty,7,483,3381
1694,25-11-2023,CUST6885,Female,55,Clothing,11,428,4708
1695,25-11-2023,CUST2676,Female,21,Sports,11,54,594
1696,25-11-2023,CUST8847,Male,41,Sports,17,159,2703
1697,25-11-2023,CUST4825,Male,31,Sports,5,288,1440
1698,25-11-2023,CUST6113,Female,33,Electronics,3,153,459
1699,25-11-2023,CUST5541,Female,26,Beauty,9,140,1260
1700,25-11-2023,CUST8817,Female,48,Groceries,8,328,2624
1701,25-11-2023,CUST3119,Female,61,Groceries,3,56,168
1702,25-11-2023,CUST0742,Male,27,Sports,14,457,6398
1703,25-11-2023,CUST4685,Female,42,Groceries,2,27,54
1704,25-11-2023,CUST4397,Male,53,Clothing,20,169,3380
1705,25-11-2023,CUST4382,Male,48,Electronics,14,500,7000
1706,25-11-2023,CUST5544,Female,27,Sports,19,291,5529
1707,25-11-2023,CUST2864,Female,28,Books,14,322,4508
1708,25-11-2023,CUST0229,Female,49,Sports,5,226,1130
1709,25-11-2023,CUST0542,Male,49,Groceries,18,33,594
1710,25-11-2023,CUST1977,Male,21,Clothing,9,423,3807
1711,25-11-2023,CUST1122,Female,67,Clothing,7,279,1953
1712,25-11-2023,CUST3472,Male,36,Sports,7,350,2450
1713,25-11-2023,CUST2680,Male,47,Groceries,1,366,366
1714,25-11-2023,CUST0503,Female,43,Books,9,78,702
1715,25-11-2023,CUST0433,Female,23,Groceries,12,402,4824
1716,25-11-2023,CUST6487,Female,61,Electronics,19,22,418
1717,25-11-2023,CUST8909,Male,70,Electronics,9,473,4257
1718,25-11-2023,CUST9993,Female,57,Books,14,83,1162
1719,25-11-2023,CUST3860,Female,52,Beauty,11,316,3476
1720,25-11-2023,CUST3930,Female,70,Sports,7,466,3262
1721,25-11-2023,CUST3135,Male,42,Sports,1,226,226
1722,25-11-2023,CUST0736,Female,60,Clothing,12,209,2508
1723,25-11-2023,CUST0936,Female,59,Beauty,16,79,1264
1724,25-11-2023,CUST3087,Male,32,Clothing,17,112,1904
1725,25-11-2023,CUST5271,Female,26,Electronics,10,257,2570
1726,25-11-2023,CUST2451,Female,66,Beauty,2,118,236
1727,25-11-2023,CUST9420,Male,50,Books,15,47,705
1728,25-11-2023,CUST5551,Female,29,Clothing,5,226,1130
1729,25-11-2023,CUST5501,Female,62,Electronics,19,17,323
1730,25-11-2023,CUST6944,Female,18,Books,2,258,516
1731,25-11-2023,CUST7038,Female,43,Sports,1,268,268
1732,25-11-2023,CUST7823,Male,20,Groceries,11,306,3366
1733,25-11-2023,CUST1793,Male,67,Beauty,19,162,3078
1734,25-11-2023,CUST0640,Male,51,Books,2,94,188
1735,25-11-2023,CUST9098,Female,67,Electronics,16,477,7632
1736,25-11-2023,CUST4160,Male,20,Sports,1,493,493
1737,25-11-2023,CUST2153,Male,38,Beauty,16,48,768
1738,25-11-2023,CUST2314,Male,24,Groceries,2,106,212
1739,25-11-2023,CUST4245,Female,31,Clothing,3,433,1299
1740,25-11-2023,CUST9976,Female,22,Books,12,401,4812
1741,25-11-2023,CUST1768,Female,67,Clothing,15,314,4710
1742,25-11-2023,CUST9703,Male,31,Clothing,17,341,5797
1743,25-11-2023,CUST8658,Female,65,Sports,7,86,602
1744,25-11-2023,CUST8472,Female,66,Electronics,13,48,624
1745,25-11-2023,CUST3962,Male,49,Sports,20,296,5920
1746,25-11-2023,CUST5885,Female,48,Books,19,209,3971
1747,25-11-2023,CUST7021,Female,57,Books,19,270,5130
1748,25-11-2023,CUST9833,Male,44,Books,14,472,6608
1749,25-11-2023,CUST5706,Male,33,Books,3,482,1446
1750,25-11-2023,CUST4932,Female,31,Sports,18,458,8244
1751,25-11-2023,CUST7382,Male,26,Books,15,159,2385
1752,25-11-2023,CUST4399,Male,24,Groceries,2,454,908
1753,25-11-2023,CUST6706,Female,34,Clothing,7,460,3220
1754,25-11-2023,CUST8966,Male,38,Sports,9,325,2925
1755,25-11-2023,CUST5579,Male,38,Books,1,137,137
1756,25-11-2023,CUST9825,Male,52,Beauty,14,220,3080
1757,25-11-2023,CUST1096,Male,38,Beauty,19,74,1406
1758,25-11-2023,CUST9588,Female,67,Electronics,19,358,6802
1759,25-11-2023,CUST6102,Male,64,Books,11,334,3674
1760,25-11-2023,CUST8030,Female,50,Clothing,11,50,550
1761,25-11-2023,CUST4454,Female,42,Electronics,13,48,624
1762,25-11-2023,CUST8650,Male,53,Electronics,18,325,5850
1763,25-11-2023,CUST8176,Male,21,Sports,18,10,180
1764,25-11-2023,CUST0051,Female,64,Electronics,8,83,664
1765,25-11-2023,CUST0449,Male,22,Beauty,20,80,1600
1766,25-11-2023,CUST3554,Male,46,Sports,7,447,3129
1767,25-11-2023,CUST9541,Male,34,Sports,3,486,1458
1768,25-11-2023,CUST4472,Male,42,Books,5,345,1725
1769,25-11-2023,CUST0345,Female,22,Clothing,9,205,1845
1770,25-11-2023,CUST7496,Female,57,Electronics,19,158,3002
1771,25-11-2023,CUST3946,Female,38,Electronics,1,163,163
1772,25-11-2023,CUST4254,Male,64,Electronics,13,108,1404
1773,25-11-2023,CUST7797,Female,38,Beauty,17,138,2346
1774,25-11-2023,CUST3702,Female,56,Books,13,154,2002
1775,25-11-2023,CUST5892,Male,59,Beauty,8,65,520
1776,25-11-2023,CUST0279,Male,47,Sports,3,66,198
1777,25-11-2023,CUST6570,Male,21,Books,11,143,1573
1778,25-11-2023,CUST4664,Female,70,Clothing,10,274,2740
1779,25-11-2023,CUST2061,Male,55,Electronics,15,174,2610
1780,25-11-2023,CUST5001,Female,46,Groceries,17,170,2890
1781,25-11-2023,CUST3750,Female,57,Books,1,139,139
1782,25-11-2023,CUST5195,Female,62,Clothing,16,400,6400
1783,25-11-2023,CUST9252,Female,51,Clothing,10,364,3640
1784,25-11-2023,CUST0527,Male,29,Beauty,18,417,7506
1785,25-11-2023,CUST4017,Female,53,Sports,6,12,72
1786,25-11-2023,CUST4070,Female,66,Groceries,14,249,3486
1787,25-11-2023,CUST5803,Male,49,Books,8,97,776
1788,25-11-2023,CUST7255,Male,22,Electronics,7,55,385
1789,25-11-2023,CUST0699,Female,55,Clothing,6,168,1008
1790,25-11-2023,CUST9923,Male,59,Groceries,8,257,2056
1791,25-11-2023,CUST0941,Female,34,Beauty,13,48,624
1792,25-11-2023,CUST6015,Female,54,Books,18,284,5112
1793,25-11-2023,CUST1823,Male,29,Groceries,17,475,8075
1794,25-11-2023,CUST2390,Male,58,Groceries,8,221,1768
1795,25-11-2023,CUST6252,Female,69,Beauty,9,159,1431
1796,25-11-2023,CUST3424,Male,58,Electronics,18,331,5958
1797,25-11-2023,CUST0174,Male,54,Beauty,4,276,1104
1798,25-11-2023,CUST7996,Female,58,Groceries,12,77,924
1799,25-11-2023,CUST8982,Male,28,Groceries,9,254,2286
1800,25-11-2023,CUST6784,Male,65,Groceries,5,74,370
1801,25-11-2023,CUST1685,Female,21,Beauty,7,398,2786
1802,25-11-2023,CUST1546,Female,20,Beauty,16,79,1264
1803,25-11-2023,CUST8112,Male,49,Books,7,235,1645
1804,25-11-2023,CUST8409,Female,63,Sports,14,414,5796
1805,25-11-2023,CUST1729,Male,49,Beauty,19,223,4237
1806,25-11-2023,CUST7666,Male,50,Beauty,3,378,1134
1807,25-11-2023,CUST5741,Male,43,Electronics,3,242,726
1808,25-11-2023,CUST4410,Male,42,Books,20,199,3980
1809,25-11-2023,CUST1356,Female,64,Sports,11,463,5093
1810,25-11-2023,CUST4399,Male,38,Clothing,6,356,2136
1811,25-11-2023,CUST1625,Female,31,Sports,6,261,1566
1812,25-11-2023,CUST6147,Female,64,Electronics,4,342,1368
1813,25-11-2023,CUST9249,Male,18,Sports,1,362,362
1814,25-11-2023,CUST0290,Male,26,Books,1,113,113
1815,25-11-2023,CUST5775,Male,24,Groceries,19,317,6023
1816,25-11-2023,CUST6762,Female,51,Sports,9,193,1737
1817,25-11-2023,CUST1273,Female,68,Sports,3,351,1053
1818,25-11-2023,CUST4138,Female,63,Electronics,15,311,4665
1819,25-11-2023,CUST0086,Male,30,Books,14,65,910
1820,25-11-2023,CUST5668,Male,24,Beauty,15,327,4905
1821,25-11-2023,CUST3798,Female,23,Beauty,6,106,636
1822,25-11-2023,CUST6077,Male,29,Electronics,7,34,238
1823,25-11-2023,CUST6316,Male,65,Sports,9,157,1413
1824,25-11-2023,CUST4507,Female,51,Clothing,2,384,768
1825,25-11-2023,CUST9000,Male,57,Sports,10,439,4390
1826,25-11-2023,CUST9996,Male,37,Electronics,5,394,1970
1827,25-11-2023,CUST1569,Male,45,Books,3,232,696
1828,25-11-2023,CUST8387,Male,44,Sports,10,393,3930
1829,25-11-2023,CUST4994,Female,62,Books,19,73,1387
1830,25-11-2023,CUST5832,Male,44,Electronics,20,486,9720
1831,25-11-2023,CUST7308,Female,62,Sports,18,65,1170
1832,25-11-2023,CUST7001,Female,65,Groceries,14,439,6146
1833,25-11-2023,CUST3780,Male,45,Clothing,10,88,880
1834,25-11-2023,CUST9835,Female,36,Groceries,3,281,843
1835,25-11-2023,CUST8962,Female,63,Clothing,18,160,2880
1836,25-11-2023,CUST2466,Female,27,Electronics,4,433,1732
1837,25-11-2023,CUST7541,Male,70,Groceries,10,26,260
1838,25-11-2023,CUST9705,Male,65,Sports,11,18,198
1839,25-11-2023,CUST7785,Female,66,Groceries,20,466,9320
1840,25-11-2023,CUST3528,Female,52,Electronics,12,324,3888
1841,25-11-2023,CUST8377,Female,65,Books,19,154,2926
1842,25-11-2023,CUST1639,Female,37,Electronics,15,223,3345
1843,25-11-2023,CUST6199,Female,26,Beauty,5,219,1095
1844,25-11-2023,CUST5684,Female,53,Books,16,291,4656
1845,25-11-2023,CUST8807,Male,40,Groceries,18,81,1458
1846,25-11-2023,CUST8514,Male,51,Electronics,2,65,130
1847,25-11-2023,CUST6014,Female,62,Clothing,1,57,57
1848,25-11-2023,CUST1666,Male,31,Groceries,20,212,4240
1849,25-11-2023,CUST3911,Male,43,Books,16,255,4080
1850,25-11-2023,CUST1556,Female,20,Groceries,8,148,1184
1851,25-11-2023,CUST0805,Female,33,Books,5,229,1145
1852,25-11-2023,CUST9212,Female,53,Beauty,13,223,2899
1853,25-11-2023,CUST7637,Female,52,Electronics,2,280,560
1854,25-11-2023,CUST6254,Female,56,Sports,11,171,1881
1855,25-11-2023,CUST0109,Male,56,Electronics,16,286,4576
1856,25-11-2023,CUST3627,Female,31,Groceries,1,264,264
1857,25-11-2023,CUST6225,Female,50,Groceries,20,114,2280
1858,25-11-2023,CUST0217,Female,35,Groceries,12,41,492
1859,25-11-2023,CUST8860,Female,50,Clothing,17,425,7225
1860,25-11-2023,CUST2279,Female,65,Books,12,301,3612
1861,25-11-2023,CUST6033,Female,57,Beauty,4,246,984
1862,25-11-2023,CUST3012,Male,45,Beauty,15,167,2505
1863,25-11-2023,CUST3119,Female,51,Groceries,4,83,332
1864,25-11-2023,CUST9320,Male,67,Books,3,372,1116
1865,25-11-2023,CUST3853,Female,58,Groceries,11,88,968
1866,25-11-2023,CUST4204,Female,23,Electronics,9,229,2061
1867,25-11-2023,CUST0720,Female,53,Electronics,12,37,444
1868,25-11-2023,CUST4648,Female,20,Books,18,481,8658
1869,25-11-2023,CUST3020,Female,28,Sports,13,286,3718
1870,25-11-2023,CUST2650,Female,38,Groceries,12,408,4896
1871,25-11-2023,CUST7726,Female,48,Beauty,14,387,5418
1872,25-11-2023,CUST6933,Male,70,Electronics,15,321,4815
1873,25-11-2023,CUST6309,Male,26,Groceries,3,274,822
1874,25-11-2023,CUST5462,Male,46,Beauty,16,120,1920
1875,25-11-2023,CUST4206,Female,40,Clothing,11,433,4763
1876,25-11-2023,CUST8542,Male,20,Books,1,65,65
1877,25-11-2023,CUST3245,Female,44,Clothing,19,414,7866
1878,25-11-2023,CUST7766,Male,60,Sports,6,424,2544
1879,25-11-2023,CUST6149,Female,18,Beauty,17,81,1377
1880,25-11-2023,CUST5599,Female,48,Electronics,13,311,4043
1881,25-11-2023,CUST7277,Male,51,Books,2,426,852
1882,25-11-2023,CUST3842,Female,52,Sports,12,425,5100
1883,25-11-2023,CUST0488,Female,33,Beauty,17,449,7633
1884,25-11-2023,CUST0010,Male,48,Beauty,7,34,238
1885,25-11-2023,CUST2502,Female,26,Beauty,13,430,5590
1886,25-11-2023,CUST9671,Female,28,Groceries,13,497,6461
1887,25-11-2023,CUST7940,Female,41,Books,7,445,3115
1888,25-11-2023,CUST2589,Female,20,Sports,5,18,90
1889,25-11-2023,CUST4776,Female,20,Electronics,7,367,2569
1890,25-11-2023,CUST8326,Female,34,Books,4,124,496
1891,25-11-2023,CUST5020,Female,42,Books,14,65,910
1892,25-11-2023,CUST7099,Female,23,Clothing,17,370,6290
1893,25-11-2023,CUST5991,Female,58,Electronics,1,75,75
1894,25-11-2023,CUST3512,Female,36,Electronics,8,76,608
1895,25-11-2023,CUST8604,Male,60,Groceries,6,484,2904
1896,25-11-2023,CUST2463,Female,36,Groceries,6,310,1860
1897,25-11-2023,CUST4558,Female,62,Beauty,11,78,858
1898,25-11-2023,CUST8651,Female,62,Electronics,1,125,125
1899,25-11-2023,CUST8867,Female,32,Beauty,13,212,2756
1900,25-11-2023,CUST7141,Female,65,Sports,19,145,2755
1901,25-11-2023,CUST3101,Female,41,Books,18,372,6696
1902,25-11-2023,CUST6941,Female,58,Books,4,307,1228
1903,25-11-2023,CUST1501,Female,50,Groceries,3,278,834
1904,25-11-2023,CUST5738,Female,53,Clothing,14,37,518
1905,25-11-2023,CUST2440,Female,32,Beauty,11,260,2860
1906,25-11-2023,CUST4166,Male,43,Sports,14,46,644
1907,25-11-2023,CUST1865,Male,19,Groceries,5,162,810
1908,25-11-2023,CUST5296,Female,48,Sports,18,459,8262
1909,25-11-2023,CUST5161,Female,57,Sports,14,456,6384
1910,25-11-2023,CUST2964,Male,50,Sports,9,106,954
1911,25-11-2023,CUST5108,Male,42,Groceries,20,135,2700
1912,25-11-2023,CUST9808,Female,47,Beauty,6,480,2880
1913,25-11-2023,CUST9776,Female,60,Groceries,15,148,2220
1914,25-11-2023,CUST8622,Female,19,Sports,4,404,1616
1915,25-11-2023,CUST6861,Female,58,Groceries,20,27,540
1916,25-11-2023,CUST1361,Female,56,Clothing,5,287,1435
1917,25-11-2023,CUST0854,Male,25,Clothing,5,142,710
1918,25-11-2023,CUST4229,Male,57,Groceries,15,50,750
1919,25-11-2023,CUST7063,Female,52,Clothing,16,97,1552
1920,25-11-2023,CUST8492,Female,32,Clothing,18,185,3330
1921,25-11-2023,CUST5781,Male,29,Electronics,10,283,2830
1922,25-11-2023,CUST7724,Female,18,Beauty,7,462,3234
1923,25-11-2023,CUST7634,Female,24,Electronics,19,19,361
1924,25-11-2023,CUST3851,Female,52,Beauty,5,418,2090
1925,25-11-2023,CUST5087,Male,64,Electronics,11,224,2464
1926,25-11-2023,CUST1102,Male,65,Beauty,3,467,1401
1927,25-11-2023,CUST6606,Female,67,Clothing,6,271,1626
1928,25-11-2023,CUST8837,Female,53,Electronics,4,367,1468
1929,25-11-2023,CUST2534,Female,31,Groceries,4,266,1064
1930,25-11-2023,CUST1337,Male,33,Books,5,431,2155
1931,25-11-2023,CUST5475,Female,32,Electronics,4,92,368
1932,25-11-2023,CUST4915,Male,18,Beauty,6,266,1596
1933,25-11-2023,CUST8752,Male,38,Beauty,7,51,357
1934,25-11-2023,CUST6966,Male,31,Electronics,10,92,920
1935,25-11-2023,CUST0165,Female,47,Books,3,470,1410
1936,25-11-2023,CUST8873,Female,39,Electronics,2,69,138
1937,25-11-2023,CUST3154,Male,32,Electronics,12,305,3660
1938,25-11-2023,CUST3009,Male,40,Sports,15,257,3855
1939,25-11-2023,CUST7303,Male,24,Beauty,3,445,1335
1940,25-11-2023,CUST8532,Male,21,Clothing,6,40,240
1941,25-11-2023,CUST3797,Female,27,Sports,10,172,1720
1942,25-11-2023,CUST4952,Male,62,Books,9,342,3078
1943,25-11-2023,CUST9016,Female,62,Groceries,1,18,18
1944,25-11-2023,CUST4088,Male,37,Sports,19,338,6422
1945,25-11-2023,CUST9747,Male,25,Books,11,228,2508
1946,25-11-2023,CUST5725,Male,22,Books,3,333,999
1947,25-11-2023,CUST9131,Female,32,Clothing,1,159,159
1948,25-11-2023,CUST5227,Female,50,Clothing,4,74,296
1949,25-11-2023,CUST9438,Female,55,Books,12,410,4920
1950,25-11-2023,CUST3949,Male,42,Beauty,17,154,2618
1951,25-11-2023,CUST6845,Female,59,Beauty,13,373,4849
1952,25-11-2023,CUST5343,Male,57,Books,6,443,2658
1953,25-11-2023,CUST8232,Male,52,Books,14,93,1302
1954,25-11-2023,CUST8704,Male,49,Electronics,18,490,8820
1955,25-11-2023,CUST9875,Female,55,Clothing,18,140,2520
1956,25-11-2023,CUST1790,Male,66,Sports,3,118,354
1957,25-11-2023,CUST9709,Female,44,Groceries,6,269,1614
1958,25-11-2023,CUST0039,Male,50,Beauty,14,441,6174
1959,25-11-2023,CUST5398,Female,69,Sports,7,60,420
1960,25-11-2023,CUST2151,Male,47,Beauty,6,352,2112
1961,25-11-2023,CUST8676,Male,42,Beauty,17,33,561
1962,25-11-2023,CUST5981,Female,50,Clothing,20,111,2220
1963,25-11-2023,CUST5401,Male,32,Electronics,15,127,1905
1964,25-11-2023,CUST4196,Male,41,Clothing,3,149,447
1965,25-11-2023,CUST3059,Female,45,Books,13,213,2769
1966,25-11-2023,CUST0778,Female,27,Books,5,237,1185
1967,25-11-2023,CUST6896,Female,27,Books,2,373,746
1968,25-11-2023,CUST0097,Female,35,Books,9,297,2673
1969,25-11-2023,CUST4599,Male,60,Beauty,12,164,1968
1970,25-11-2023,CUST2716,Female,47,Clothing,14,68,952
1971,25-11-2023,CUST7141,Female,54,Groceries,17,335,5695
1972,25-11-2023,CUST1087,Female,25,Clothing,16,234,3744
1973,25-11-2023,CUST1285,Female,25,Sports,6,291,1746
1974,25-11-2023,CUST3643,Male,44,Electronics,10,10,100
1975,25-11-2023,CUST5643,Male,69,Clothing,6,462,2772
1976,25-11-2023,CUST9485,Male,60,Clothing,8,150,1200
1977,25-11-2023,CUST6411,Female,48,Books,16,189,3024
1978,25-11-2023,CUST3742,Female,25,Electronics,20,261,5220
1979,25-11-2023,CUST9462,Female,43,Clothing,17,16,272
1980,25-11-2023,CUST7890,Male,57,Electronics,13,452,5876
1981,25-11-2023,CUST8396,Female,65,Groceries,8,428,3424
1982,25-11-2023,CUST0320,Male,55,Books,10,60,600
1983,25-11-2023,CUST4613,Male,28,Books,12,48,576
1984,25-11-2023,CUST0172,Male,19,Groceries,5,425,2125
1985,25-11-2023,CUST9594,Male,33,Groceries,6,231,1386
1986,25-11-2023,CUST7311,Male,29,Books,6,303,1818
1987,25-11-2023,CUST6116,Male,33,Sports,11,465,5115
1988,25-11-2023,CUST7663,Female,34,Sports,20,230,4600
1989,25-11-2023,CUST9107,Female,20,Sports,18,201,3618
1990,25-11-2023,CUST8700,Female,66,Clothing,7,466,3262
1991,25-11-2023,CUST5376,Female,44,Groceries,3,480,1440
1992,25-11-2023,CUST0417,Female,51,Electronics,3,311,933
1993,25-11-2023,CUST2943,Male,39,Beauty,10,324,3240
1994,25-11-2023,CUST2156,Female,23,Sports,10,54,540
1995,25-11-2023,CUST7478,Male,52,Sports,8,55,440
1996,25-11-2023,CUST0624,Female,62,Groceries,17,398,6766
1997,25-11-2023,CUST2927,Male,20,Electronics,10,298,2980
1998,25-11-2023,CUST2777,Female,21,Beauty,19,36,684
1999,25-11-2023,CUST1530,Male,33,Electronics,4,52,208
2000,25-11-2023,CUST4556,Male,48,Groceries,10,448,4480
2001,25-11-2023,CUST5952,Male,18,Sports,3,313,939
2002,25-11-2023,CUST5159,Female,65,Sports,3,361,1083
2003,25-11-2023,CUST5479,Female,40,Books,3,254,762
2004,25-11-2023,CUST8525,Female,56,Sports,2,444,888
2005,25-11-2023,CUST9185,Female,24,Sports,2,332,664
2006,25-11-2023,CUST1738,Female,23,Sports,15,462,6930
2007,25-11-2023,CUST1649,Male,35,Beauty,7,287,2009
2008,25-11-2023,CUST8925,Female,39,Electronics,2,283,566
2009,25-11-2023,CUST0645,Female,25,Electronics,15,239,3585
2010,25-11-2023,CUST0827,Male,32,Sports,9,221,1989
2011,25-11-2023,CUST2110,Male,26,Beauty,9,58,522
2012,25-11-2023,CUST4324,Male,37,Books,17,449,7633
2013,25-11-2023,CUST6851,Female,43,Electronics,6,149,894
2014,25-11-2023,CUST7572,Female,58,Clothing,12,331,3972
2015,25-11-2023,CUST6170,Female,32,Groceries,16,22,352
2016,25-11-2023,CUST7455,Male,26,Groceries,2,153,306
2017,25-11-2023,CUST6747,Male,51,Electronics,17,479,8143
2018,25-11-2023,CUST8704,Male,31,Electronics,9,188,1692
2019,25-11-2023,CUST9484,Female,48,Books,4,439,1756
2020,25-11-2023,CUST0927,Male,61,Books,9,105,945
2021,25-11-2023,CUST1716,Male,69,Electronics,10,139,1390
2022,25-11-2023,CUST4653,Female,54,Clothing,2,441,882
2023,25-11-2023,CUST2017,Male,42,Electronics,13,321,4173
2024,25-11-2023,CUST9158,Female,63,Books,2,181,362
2025,25-11-2023,CUST4680,Female,35,Sports,10,78,780
2026,25-11-2023,CUST0130,Female,65,Sports,7,153,1071
2027,25-11-2023,CUST3207,Male,30,Beauty,8,217,1736
2028,25-11-2023,CUST2436,Female,69,Beauty,3,299,897
2029,25-11-2023,CUST5567,Male,66,Books,15,317,4755
2030,25-11-2023,CUST7805,Male,29,Electronics,6,457,2742
2031,25-11-2023,CUST1295,Male,37,Electronics,10,68,680
2032,25-11-2023,CUST8150,Male,20,Groceries,3,129,387
2033,25-11-2023,CUST1243,Male,35,Groceries,5,197,985
2034,25-11-2023,CUST5959,Female,34,Groceries,11,76,836
2035,25-11-2023,CUST2209,Female,60,Electronics,9,255,2295
2036,25-11-2023,CUST4806,Male,28,Sports,7,329,2303
2037,25-11-2023,CUST1551,Male,65,Clothing,10,446,4460
2038,25-11-2023,CUST5629,Male,66,Sports,7,317,2219
2039,25-11-2023,CUST0747,Female,65,Clothing,18,486,8748
2040,25-11-2023,CUST8326,Male,54,Beauty,7,197,1379
2041,25-11-2023,CUST4112,Male,18,Books,2,181,362
2042,25-11-2023,CUST7619,Male,68,Beauty,2,282,564
2043,25-11-2023,CUST3666,Female,70,Groceries,14,333,4662
2044,25-11-2023,CUST9414,Male,25,Groceries,3,307,921
2045,25-11-2023,CUST2043,Male,65,Beauty,8,271,2168
2046,25-11-2023,CUST0849,Female,37,Groceries,7,304,2128
2047,25-11-2023,CUST9068,Male,28,Clothing,20,20,400
2048,25-11-2023,CUST3701,Female,28,Clothing,17,225,3825
2049,25-11-2023,CUST5222,Female,32,Groceries,6,392,2352
2050,25-11-2023,CUST7463,Male,35,Sports,5,328,1640
2051,25-11-2023,CUST6583,Male,60,Sports,15,456,6840
2052,25-11-2023,CUST9938,Female,18,Groceries,16,494,7904
2053,25-11-2023,CUST5395,Female,62,Groceries,16,161,2576
2054,25-11-2023,CUST3607,Female,19,Books,19,495,9405
2055,25-11-2023,CUST2500,Female,47,Clothing,7,270,1890
2056,25-11-2023,CUST9799,Male,63,Groceries,18,35,630
2057,25-11-2023,CUST7202,Female,53,Books,5,26,130
2058,25-11-2023,CUST0741,Male,37,Electronics,13,86,1118
2059,25-11-2023,CUST3989,Male,20,Books,9,403,3627
2060,25-11-2023,CUST6980,Male,68,Books,11,322,3542
2061,25-11-2023,CUST9134,Female,68,Beauty,20,262,5240
2062,25-11-2023,CUST5154,Female,18,Books,13,364,4732
2063,25-11-2023,CUST1751,Male,46,Sports,2,56,112
2064,25-11-2023,CUST8184,Female,38,Electronics,19,419,7961
2065,25-11-2023,CUST2882,Male,32,Books,8,207,1656
2066,25-11-2023,CUST2084,Male,23,Beauty,9,368,3312
2067,25-11-2023,CUST1163,Male,69,Books,14,97,1358
2068,25-11-2023,CUST1363,Female,42,Books,20,285,5700
2069,25-11-2023,CUST6339,Male,55,Clothing,5,353,1765
2070,25-11-2023,CUST8761,Female,67,Sports,8,379,3032
2071,25-11-2023,CUST0111,Female,62,Books,11,162,1782
2072,25-11-2023,CUST6217,Male,56,Groceries,9,128,1152
2073,25-11-2023,CUST6479,Female,65,Books,17,54,918
2074,25-11-2023,CUST6696,Male,47,Beauty,15,238,3570
2075,25-11-2023,CUST2970,Male,19,Sports,16,473,7568
2076,25-11-2023,CUST2291,Female,45,Sports,4,492,1968
2077,25-11-2023,CUST4557,Female,32,Clothing,2,213,426
2078,25-11-2023,CUST0370,Male,52,Books,13,416,5408
2079,25-11-2023,CUST3304,Female,29,Clothing,15,68,1020
2080,25-11-2023,CUST4944,Male,65,Beauty,16,165,2640
2081,25-11-2023,CUST1514,Male,46,Electronics,18,278,5004
2082,25-11-2023,CUST2877,Male,27,Books,12,438,5256
2083,25-11-2023,CUST5620,Female,45,Sports,3,240,720
2084,25-11-2023,CUST5316,Male,61,Books,16,366,5856
2085,25-11-2023,CUST6133,Female,23,Beauty,14,126,1764
2086,25-11-2023,CUST3289,Male,54,Clothing,5,93,465
2087,25-11-2023,CUST5354,Female,44,Books,1,35,35
2088,25-11-2023,CUST9156,Male,43,Sports,5,153,765
2089,25-11-2023,CUST9957,Female,31,Groceries,14,425,5950
2090,25-11-2023,CUST3131,Female,58,Books,4,326,1304
2091,25-11-2023,CUST7392,Male,69,Groceries,7,483,3381
2092,25-11-2023,CUST1796,Female,21,Sports,17,366,6222
2093,25-11-2023,CUST0227,Male,21,Clothing,6,176,1056
2094,25-11-2023,CUST2272,Female,34,Clothing,11,323,3553
2095,25-11-2023,CUST0031,Male,70,Sports,10,448,4480
2096,25-11-2023,CUST7564,Male,41,Groceries,18,96,1728
2097,25-11-2023,CUST5545,Female,47,Beauty,5,234,1170
2098,25-11-2023,CUST6382,Male,35,Beauty,10,55,550
2099,25-11-2023,CUST3563,Female,35,Beauty,1,288,288
2100,25-11-2023,CUST4278,Male,67,Sports,12,17,204
2101,25-11-2023,CUST0261,Male,32,Beauty,15,231,3465
2102,25-11-2023,CUST6726,Female,31,Electronics,16,289,4624
2103,25-11-2023,CUST3398,Female,48,Books,9,226,2034
2104,25-11-2023,CUST0306,Male,23,Books,2,428,856
2105,25-11-2023,CUST2288,Female,26,Beauty,15,498,7470
2106,25-11-2023,CUST4695,Female,20,Beauty,17,312,5304
2107,25-11-2023,CUST3475,Female,36,Electronics,12,147,1764
2108,25-11-2023,CUST9003,Female,23,Electronics,17,238,4046
2109,25-11-2023,CUST7133,Male,32,Electronics,2,410,820
2110,25-11-2023,CUST1126,Male,49,Electronics,8,310,2480
2111,25-11-2023,CUST0496,Female,26,Clothing,6,307,1842
2112,25-11-2023,CUST9774,Male,41,Beauty,12,312,3744
2113,25-11-2023,CUST1362,Female,35,Clothing,4,169,676
2114,25-11-2023,CUST3185,Female,30,Beauty,20,317,6340
2115,25-11-2023,CUST0673,Male,52,Electronics,6,380,2280
2116,25-11-2023,CUST0845,Female,64,Electronics,3,429,1287
2117,25-11-2023,CUST9049,Male,27,Sports,6,24,144
2118,25-11-2023,CUST9772,Female,22,Beauty,3,248,744
2119,25-11-2023,CUST0472,Male,33,Beauty,16,152,2432
2120,25-11-2023,CUST5814,Female,65,Books,2,419,838
2121,25-11-2023,CUST7403,Male,41,Sports,15,289,4335
2122,25-11-2023,CUST6995,Female,54,Books,10,44,440
2123,25-11-2023,CUST2080,Female,46,Beauty,12,15,180
2124,25-11-2023,CUST4115,Male,37,Clothing,14,54,756
2125,25-11-2023,CUST9644,Male,68,Electronics,13,16,208
2126,25-11-2023,CUST9708,Male,68,Beauty,12,413,4956
2127,25-11-2023,CUST4788,Male,25,Clothing,20,41,820
2128,25-11-2023,CUST0175,Female,27,Books,8,347,2776
2129,25-11-2023,CUST5236,Male,52,Books,1,480,480
2130,25-11-2023,CUST9080,Male,59,Electronics,2,433,866
2131,25-11-2023,CUST3501,Male,55,Beauty,13,226,2938
2132,25-11-2023,CUST3901,Female,44,Clothing,19,94,1786
2133,25-11-2023,CUST5006,Female,18,Clothing,18,242,4356
2134,25-11-2023,CUST7940,Male,33,Electronics,11,370,4070
2135,25-11-2023,CUST2726,Male,41,Electronics,8,281,2248
2136,25-11-2023,CUST8316,Male,37,Beauty,8,334,2672
2137,25-11-2023,CUST6210,Male,41,Sports,6,331,1986
2138,25-11-2023,CUST3674,Male,62,Beauty,5,308,1540
2139,25-11-2023,CUST8396,Female,57,Sports,1,303,303
2140,25-11-2023,CUST9062,Female,35,Beauty,5,264,1320
2141,25-11-2023,CUST1178,Female,41,Sports,8,155,1240
2142,25-11-2023,CUST9265,Female,34,Beauty,13,270,3510
2143,25-11-2023,CUST6126,Female,64,Electronics,12,396,4752
2144,25-11-2023,CUST6310,Male,33,Beauty,14,309,4326
2145,25-11-2023,CUST6858,Male,60,Electronics,20,123,2460
2146,25-11-2023,CUST0388,Female,35,Sports,10,311,3110
2147,25-11-2023,CUST2374,Female,64,Beauty,5,90,450
2148,25-11-2023,CUST5070,Female,38,Clothing,11,385,4235
2149,25-11-2023,CUST5926,Male,27,Clothing,6,146,876
2150,25-11-2023,CUST7694,Female,18,Clothing,1,349,349
2151,25-11-2023,CUST5602,Male,55,Sports,15,165,2475
2152,25-11-2023,CUST5733,Male,55,Sports,10,237,2370
2153,25-11-2023,CUST3800,Female,44,Clothing,14,352,4928
2154,25-11-2023,CUST5322,Male,23,Electronics,19,157,2983
2155,25-11-2023,CUST4812,Female,25,Books,1,442,442
2156,25-11-2023,CUST9748,Male,40,Electronics,19,276,5244
2157,25-11-2023,CUST5123,Female,22,Sports,18,481,8658
2158,25-11-2023,CUST4206,Male,27,Electronics,3,101,303
2159,25-11-2023,CUST1076,Male,42,Sports,11,340,3740
2160,25-11-2023,CUST9375,Female,46,Groceries,16,57,912
2161,25-11-2023,CUST4305,Male,27,Groceries,15,30,450
2162,25-11-2023,CUST5711,Female,67,Beauty,14,276,3864
2163,25-11-2023,CUST0931,Female,58,Electronics,6,360,2160
2164,25-11-2023,CUST2088,Male,36,Groceries,5,327,1635
2165,25-11-2023,CUST8347,Female,30,Groceries,7,314,2198
2166,25-11-2023,CUST7765,Male,26,Electronics,7,315,2205
2167,25-11-2023,CUST8665,Female,43,Electronics,9,328,2952
2168,25-11-2023,CUST2277,Female,33,Sports,9,17,153
2169,25-11-2023,CUST3212,Female,53,Electronics,7,210,1470
2170,25-11-2023,CUST4595,Male,29,Sports,14,263,3682
2171,25-11-2023,CUST7006,Female,43,Beauty,19,147,2793
2172,25-11-2023,CUST7063,Female,55,Clothing,8,346,2768
2173,25-11-2023,CUST1470,Male,27,Sports,10,452,4520
2174,25-11-2023,CUST9244,Male,46,Groceries,7,206,1442
2175,25-11-2023,CUST5803,Male,49,Sports,5,405,2025
2176,25-11-2023,CUST4022,Male,66,Electronics,12,117,1404
2177,25-11-2023,CUST6263,Female,27,Electronics,12,312,3744
2178,25-11-2023,CUST6239,Male,31,Clothing,4,208,832
2179,25-11-2023,CUST1733,Female,50,Electronics,2,85,170
2180,25-11-2023,CUST6794,Female,24,Clothing,7,37,259
2181,25-11-2023,CUST5316,Female,37,Beauty,17,186,3162
2182,25-11-2023,CUST5830,Female,68,Sports,15,446,6690
2183,25-11-2023,CUST8761,Female,47,Beauty,12,46,552
2184,25-11-2023,CUST3256,Female,23,Groceries,15,159,2385
2185,25-11-2023,CUST8471,Female,46,Beauty,16,11,176
2186,25-11-2023,CUST1688,Male,34,Sports,1,372,372
2187,25-11-2023,CUST5564,Female,37,Electronics,20,169,3380
2188,25-11-2023,CUST8138,Male,58,Electronics,11,20,220
2189,25-11-2023,CUST8973,Male,27,Clothing,10,226,2260
2190,25-11-2023,CUST3099,Female,42,Beauty,19,189,3591
2191,25-11-2023,CUST6676,Male,39,Books,5,455,2275
2192,25-11-2023,CUST8414,Female,38,Books,9,52,468
2193,25-11-2023,CUST9464,Male,28,Books,1,198,198
2194,25-11-2023,CUST9003,Female,29,Sports,11,341,3751
2195,25-11-2023,CUST7460,Male,51,Books,8,490,3920
2196,25-11-2023,CUST2915,Male,68,Sports,14,91,1274
2197,25-11-2023,CUST5374,Male,32,Books,2,353,706
2198,25-11-2023,CUST2069,Male,51,Groceries,12,167,2004
2199,25-11-2023,CUST8626,Male,51,Books,17,157,2669
2200,25-11-2023,CUST3259,Female,39,Beauty,20,380,7600
2201,25-11-2023,CUST5529,Female,35,Books,16,188,3008
2202,25-11-2023,CUST1273,Female,67,Clothing,9,111,999
2203,25-11-2023,CUST7545,Male,44,Sports,14,271,3794
2204,25-11-2023,CUST0401,Male,45,Beauty,16,93,1488
2205,25-11-2023,CUST3433,Male,70,Sports,1,470,470
2206,25-11-2023,CUST4730,Female,46,Clothing,7,33,231
2207,25-11-2023,CUST0221,Male,50,Beauty,18,356,6408
2208,25-11-2023,CUST0969,Male,33,Beauty,17,447,7599
2209,25-11-2023,CUST2310,Male,47,Clothing,18,472,8496
2210,25-11-2023,CUST3842,Male,49,Books,16,486,7776
2211,25-11-2023,CUST6817,Male,32,Groceries,5,163,815
2212,25-11-2023,CUST2702,Male,56,Beauty,3,476,1428
2213,25-11-2023,CUST2138,Female,70,Electronics,2,229,458
2214,25-11-2023,CUST4165,Female,68,Electronics,9,448,4032
2215,25-11-2023,CUST4571,Female,44,Sports,15,273,4095
2216,25-11-2023,CUST6762,Male,48,Beauty,11,253,2783
2217,25-11-2023,CUST5901,Female,64,Groceries,12,252,3024
2218,25-11-2023,CUST8287,Male,57,Sports,18,164,2952
2219,25-11-2023,CUST6403,Female,43,Electronics,9,21,189
2220,25-11-2023,CUST7341,Female,29,Groceries,3,421,1263
2221,25-11-2023,CUST0863,Male,22,Electronics,17,175,2975
2222,25-11-2023,CUST4014,Female,41,Beauty,7,169,1183
2223,25-11-2023,CUST2688,Male,43,Clothing,3,104,312
2224,25-11-2023,CUST1020,Male,27,Sports,18,418,7524
2225,25-11-2023,CUST2587,Male,21,Clothing,6,39,234
2226,25-11-2023,CUST7610,Female,37,Books,4,27,108
2227,25-11-2023,CUST1872,Female,41,Electronics,20,402,8040
2228,25-11-2023,CUST8839,Female,51,Clothing,2,100,200
2229,25-11-2023,CUST0270,Female,45,Beauty,4,412,1648
2230,25-11-2023,CUST2738,Female,22,Electronics,7,369,2583
2231,25-11-2023,CUST6600,Female,49,Groceries,3,484,1452
2232,25-11-2023,CUST7599,Male,59,Beauty,12,152,1824
2233,25-11-2023,CUST5178,Female,69,Books,14,314,4396
2234,25-11-2023,CUST5393,Female,70,Electronics,1,242,242
2235,25-11-2023,CUST1138,Female,52,Electronics,17,123,2091
2236,25-11-2023,CUST1076,Male,24,Clothing,2,484,968
2237,25-11-2023,CUST2051,Male,69,Sports,14,475,6650
2238,25-11-2023,CUST3155,Female,52,Beauty,14,475,6650
2239,25-11-2023,CUST2104,Female,65,Sports,3,213,639
2240,25-11-2023,CUST1071,Male,45,Clothing,10,279,2790
2241,25-11-2023,CUST0873,Female,18,Beauty,16,182,2912
2242,25-11-2023,CUST4735,Female,26,Electronics,10,340,3400
2243,25-11-2023,CUST6393,Male,19,Groceries,11,258,2838
2244,25-11-2023,CUST2495,Male,37,Books,9,207,1863
2245,25-11-2023,CUST7047,Male,66,Sports,16,344,5504
2246,25-11-2023,CUST3780,Male,28,Groceries,7,421,2947
2247,25-11-2023,CUST3642,Male,58,Books,19,474,9006
2248,25-11-2023,CUST7779,Male,64,Clothing,16,98,1568
2249,25-11-2023,CUST0068,Female,33,Clothing,15,476,7140
2250,25-11-2023,CUST3286,Female,41,Electronics,5,39,195
2251,25-11-2023,CUST6352,Male,46,Electronics,7,418,2926
2252,25-11-2023,CUST7317,Female,51,Electronics,12,446,5352
2253,25-11-2023,CUST1474,Female,55,Groceries,13,383,4979
2254,25-11-2023,CUST3584,Female,31,Electronics,20,88,1760
2255,25-11-2023,CUST7691,Female,34,Electronics,20,366,7320
2256,25-11-2023,CUST1026,Male,42,Clothing,5,86,430
2257,25-11-2023,CUST8030,Female,35,Electronics,19,284,5396
2258,25-11-2023,CUST0711,Female,46,Electronics,15,454,6810
2259,25-11-2023,CUST9467,Female,63,Electronics,9,63,567
2260,25-11-2023,CUST8057,Female,19,Clothing,7,408,2856
2261,25-11-2023,CUST1901,Female,58,Groceries,18,223,4014
2262,25-11-2023,CUST4994,Female,70,Groceries,17,408,6936
2263,25-11-2023,CUST6672,Male,20,Sports,8,437,3496
2264,25-11-2023,CUST4539,Male,59,Electronics,9,103,927
2265,25-11-2023,CUST0981,Male,64,Books,17,427,7259
2266,25-11-2023,CUST7494,Female,51,Groceries,15,219,3285
2267,25-11-2023,CUST0625,Female,58,Electronics,15,69,1035
2268,25-11-2023,CUST0908,Male,69,Groceries,15,194,2910
2269,25-11-2023,CUST6162,Male,27,Electronics,11,237,2607
2270,25-11-2023,CUST2739,Male,51,Electronics,2,239,478
2271,25-11-2023,CUST7960,Female,68,Books,18,290,5220
2272,25-11-2023,CUST4204,Female,51,Electronics,13,472,6136
2273,25-11-2023,CUST1969,Male,31,Beauty,9,33,297
2274,25-11-2023,CUST2433,Male,60,Clothing,12,231,2772
2275,25-11-2023,CUST6291,Female,50,Sports,2,419,838
2276,25-11-2023,CUST7559,Male,32,Electronics,3,406,1218
2277,25-11-2023,CUST1116,Male,32,Electronics,9,192,1728
2278,25-11-2023,CUST9654,Male,26,Beauty,2,92,184
2279,25-11-2023,CUST9885,Male,34,Electronics,17,306,5202
2280,25-11-2023,CUST6072,Male,25,Electronics,14,187,2618
2281,25-11-2023,CUST7751,Male,55,Books,10,444,4440
2282,25-11-2023,CUST6842,Male,25,Beauty,11,317,3487
2283,25-11-2023,CUST9957,Female,35,Electronics,4,292,1168
2284,25-11-2023,CUST5592,Male,27,Sports,16,375,6000
2285,25-11-2023,CUST1837,Male,29,Sports,15,93,1395
2286,25-11-2023,CUST9718,Male,54,Sports,14,410,5740
2287,25-11-2023,CUST1431,Male,58,Groceries,9,408,3672
2288,25-11-2023,CUST3252,Female,59,Clothing,9,41,369
2289,25-11-2023,CUST1056,Male,66,Sports,5,293,1465
2290,25-11-2023,CUST1120,Female,21,Groceries,4,106,424
2291,25-11-2023,CUST4817,Male,39,Sports,17,412,7004
2292,25-11-2023,CUST8969,Male,25,Books,14,197,2758
2293,25-11-2023,CUST1574,Female,21,Clothing,2,163,326
2294,25-11-2023,CUST5084,Female,41,Books,9,379,3411
2295,25-11-2023,CUST1573,Female,35,Books,1,160,160
2296,25-11-2023,CUST6718,Male,21,Books,19,341,6479
2297,25-11-2023,CUST9157,Male,69,Sports,4,296,1184
2298,25-11-2023,CUST3467,Female,47,Books,9,398,3582
2299,25-11-2023,CUST2576,Male,35,Beauty,3,355,1065
2300,25-11-2023,CUST4878,Male,47,Groceries,1,488,488
2301,25-11-2023,CUST9912,Male,23,Books,13,494,6422
2302,25-11-2023,CUST2655,Male,52,Electronics,20,155,3100
2303,25-11-2023,CUST4089,Female,39,Groceries,16,472,7552
2304,25-11-2023,CUST9426,Female,50,Beauty,7,237,1659
2305,25-11-2023,CUST3555,Female,59,Clothing,19,231,4389
2306,25-11-2023,CUST1089,Male,68,Beauty,19,489,9291
2307,25-11-2023,CUST4959,Female,29,Groceries,5,442,2210
2308,25-11-2023,CUST7824,Male,30,Electronics,17,468,7956
2309,25-11-2023,CUST7529,Male,69,Groceries,8,409,3272
2310,25-11-2023,CUST3112,Female,67,Groceries,7,287,2009
2311,25-11-2023,CUST0320,Male,44,Books,14,412,5768
2312,25-11-2023,CUST5343,Female,58,Electronics,1,327,327
2313,25-11-2023,CUST5719,Female,42,Sports,12,119,1428
2314,25-11-2023,CUST2238,Female,39,Groceries,5,377,1885
2315,25-11-2023,CUST3931,Female,64,Beauty,20,72,1440
2316,25-11-2023,CUST7756,Female,58,Groceries,3,453,1359
2317,25-11-2023,CUST3331,Female,63,Electronics,14,431,6034
2318,25-11-2023,CUST8389,Female,68,Books,1,33,33
2319,25-11-2023,CUST9082,Female,30,Groceries,1,352,352
2320,25-11-2023,CUST7229,Male,62,Sports,9,406,3654
2321,25-11-2023,CUST8854,Female,35,Groceries,10,65,650
2322,25-11-2023,CUST0827,Male,39,Electronics,10,178,1780
2323,25-11-2023,CUST0909,Male,56,Sports,5,400,2000
2324,25-11-2023,CUST9303,Female,37,Beauty,1,17,17
2325,25-11-2023,CUST6932,Male,65,Groceries,18,202,3636
2326,25-11-2023,CUST3436,Female,64,Beauty,17,129,2193
2327,25-11-2023,CUST2429,Female,46,Electronics,7,135,945
2328,25-11-2023,CUST2490,Male,39,Sports,14,268,3752
2329,25-11-2023,CUST5503,Male,65,Books,7,218,1526
2330,25-11-2023,CUST6807,Male,32,Sports,3,99,297
2331,25-11-2023,CUST9134,Male,45,Clothing,5,204,1020
2332,25-11-2023,CUST4923,Female,22,Electronics,19,355,6745
2333,25-11-2023,CUST3681,Female,27,Groceries,16,57,912
2334,25-11-2023,CUST0318,Male,58,Books,18,232,4176
2335,25-11-2023,CUST4361,Male,70,Groceries,10,175,1750
2336,25-11-2023,CUST7166,Male,39,Electronics,5,167,835
2337,25-11-2023,CUST2493,Male,22,Beauty,15,498,7470
2338,25-11-2023,CUST3011,Male,46,Beauty,4,16,64
2339,25-11-2023,CUST5014,Female,27,Sports,8,201,1608
2340,25-11-2023,CUST8146,Female,62,Electronics,18,198,3564
2341,25-11-2023,CUST6438,Male,35,Electronics,5,498,2490
2342,25-11-2023,CUST4952,Female,27,Groceries,18,216,3888
2343,25-11-2023,CUST2238,Female,44,Electronics,4,143,572
2344,25-11-2023,CUST1241,Male,67,Electronics,4,226,904
2345,25-11-2023,CUST0226,Male,20,Beauty,6,464,2784
2346,25-11-2023,CUST1576,Female,47,Beauty,7,143,1001
2347,25-11-2023,CUST4913,Male,58,Sports,3,458,1374
2348,25-11-2023,CUST3025,Female,68,Groceries,11,61,671
2349,25-11-2023,CUST3839,Female,66,Books,5,149,745
2350,25-11-2023,CUST3573,Male,21,Groceries,4,392,1568
2351,25-11-2023,CUST1036,Female,66,Books,18,387,6966
2352,25-11-2023,CUST9880,Male,42,Sports,9,435,3915
2353,25-11-2023,CUST0708,Male,66,Sports,11,191,2101
2354,25-11-2023,CUST1668,Male,63,Clothing,13,339,4407
2355,25-11-2023,CUST0686,Male,42,Books,1,210,210
2356,25-11-2023,CUST2466,Male,37,Electronics,9,429,3861
2357,25-11-2023,CUST1084,Female,70,Clothing,10,192,1920
2358,25-11-2023,CUST4971,Male,32,Electronics,7,278,1946
2359,25-11-2023,CUST1179,Male,65,Groceries,2,232,464
2360,25-11-2023,CUST8625,Male,19,Clothing,5,193,965
2361,25-11-2023,CUST4876,Male,53,Electronics,15,310,4650
2362,25-11-2023,CUST1258,Female,54,Electronics,9,155,1395
2363,25-11-2023,CUST3846,Female,58,Books,5,362,1810
2364,25-11-2023,CUST3975,Male,23,Sports,12,254,3048
2365,25-11-2023,CUST0493,Female,18,Sports,9,89,801
2366,25-11-2023,CUST8133,Male,50,Groceries,9,133,1197
2367,25-11-2023,CUST5296,Female,67,Clothing,7,132,924
2368,25-11-2023,CUST9102,Female,65,Beauty,4,236,944
2369,25-11-2023,CUST8449,Male,68,Beauty,3,230,690
2370,25-11-2023,CUST8850,Female,47,Sports,8,204,1632
2371,25-11-2023,CUST0516,Female,64,Clothing,3,199,597
2372,25-11-2023,CUST9338,Male,58,Groceries,15,130,1950
2373,25-11-2023,CUST9570,Female,63,Sports,18,284,5112
2374,25-11-2023,CUST7319,Male,54,Books,12,20,240
2375,25-11-2023,CUST9429,Male,48,Sports,11,222,2442
2376,25-11-2023,CUST2895,Female,29,Electronics,17,77,1309
2377,25-11-2023,CUST4860,Male,67,Clothing,10,139,1390
2378,25-11-2023,CUST6667,Male,55,Groceries,12,229,2748
2379,25-11-2023,CUST5611,Male,39,Clothing,13,368,4784
2380,25-11-2023,CUST4307,Male,31,Electronics,4,487,1948
2381,25-11-2023,CUST5598,Male,22,Beauty,8,243,1944
2382,25-11-2023,CUST0635,Male,68,Books,14,139,1946
2383,25-11-2023,CUST4995,Male,37,Groceries,3,400,1200
2384,25-11-2023,CUST0583,Male,18,Beauty,2,441,882
2385,25-11-2023,CUST2999,Male,32,Electronics,7,122,854
2386,25-11-2023,CUST2773,Male,34,Electronics,17,343,5831
2387,25-11-2023,CUST0703,Male,36,Electronics,6,283,1698
2388,25-11-2023,CUST2888,Male,69,Books,3,484,1452
2389,25-11-2023,CUST5261,Female,38,Beauty,15,228,3420
2390,25-11-2023,CUST6228,Female,61,Groceries,9,121,1089
2391,25-11-2023,CUST6310,Female,25,Beauty,4,217,868
2392,25-11-2023,CUST6970,Male,28,Books,15,346,5190
2393,25-11-2023,CUST2682,Male,44,Books,14,487,6818
2394,25-11-2023,CUST5935,Female,56,Groceries,15,493,7395
2395,25-11-2023,CUST6025,Male,70,Beauty,6,59,354
2396,25-11-2023,CUST0428,Female,40,Sports,14,265,3710
2397,25-11-2023,CUST5578,Male,56,Clothing,7,178,1246
2398,25-11-2023,CUST7659,Male,46,Sports,12,250,3000
2399,25-11-2023,CUST0910,Female,37,Sports,20,324,6480
2400,25-11-2023,CUST2457,Male,38,Electronics,16,263,4208
2401,25-11-2023,CUST4020,Female,68,Groceries,1,303,303
2402,25-11-2023,CUST1128,Female,22,Sports,8,423,3384
2403,25-11-2023,CUST3442,Female,59,Clothing,1,16,16
2404,25-11-2023,CUST5715,Male,64,Electronics,12,309,3708
2405,25-11-2023,CUST1345,Male,48,Groceries,12,335,4020
2406,25-11-2023,CUST2724,Male,44,Groceries,13,23,299
2407,25-11-2023,CUST2967,Female,46,Groceries,5,428,2140
2408,25-11-2023,CUST8294,Female,34,Beauty,19,17,323
2409,25-11-2023,CUST6050,Male,24,Books,7,315,2205
2410,25-11-2023,CUST7598,Male,45,Clothing,13,239,3107
2411,25-11-2023,CUST4983,Female,59,Books,16,371,5936
2412,25-11-2023,CUST0355,Male,65,Sports,2,473,946
2413,25-11-2023,CUST4464,Male,21,Groceries,14,96,1344
2414,25-11-2023,CUST2809,Female,21,Books,19,196,3724
2415,25-11-2023,CUST2553,Female,49,Clothing,5,70,350
2416,25-11-2023,CUST5017,Male,42,Clothing,17,399,6783
2417,25-11-2023,CUST6978,Female,48,Clothing,11,135,1485
2418,25-11-2023,CUST9011,Male,44,Clothing,17,12,204
2419,25-11-2023,CUST4489,Female,53,Groceries,13,124,1612
2420,25-11-2023,CUST8999,Female,56,Groceries,13,279,3627
2421,25-11-2023,CUST7709,Female,23,Beauty,11,18,198
2422,25-11-2023,CUST3807,Female,52,Electronics,19,489,9291
2423,25-11-2023,CUST5755,Male,58,Books,4,341,1364
2424,25-11-2023,CUST7606,Male,35,Books,16,368,5888
2425,25-11-2023,CUST9684,Male,23,Electronics,18,280,5040
2426,25-11-2023,CUST6298,Male,44,Sports,10,182,1820
2427,25-11-2023,CUST6622,Male,51,Sports,17,146,2482
2428,25-11-2023,CUST2363,Female,66,Groceries,10,425,4250
2429,25-11-2023,CUST4829,Female,45,Sports,18,430,7740
2430,25-11-2023,CUST9050,Female,42,Electronics,4,117,468
2431,25-11-2023,CUST1563,Female,37,Beauty,9,370,3330
2432,25-11-2023,CUST1238,Male,20,Electronics,3,55,165
2433,25-11-2023,CUST9000,Male,44,Groceries,4,135,540
2434,25-11-2023,CUST0176,Female,69,Sports,13,163,2119
2435,25-11-2023,CUST8491,Female,43,Beauty,16,145,2320
2436,25-11-2023,CUST4766,Female,65,Electronics,1,329,329
2437,25-11-2023,CUST8071,Female,46,Sports,9,307,2763
2438,25-11-2023,CUST3834,Female,22,Books,18,224,4032
2439,25-11-2023,CUST8365,Female,51,Electronics,20,394,7880
2440,25-11-2023,CUST4592,Female,40,Beauty,10,458,4580
2441,25-11-2023,CUST8644,Male,62,Clothing,11,26,286
2442,25-11-2023,CUST1548,Male,26,Groceries,15,184,2760
2443,25-11-2023,CUST6921,Male,47,Beauty,7,125,875
2444,25-11-2023,CUST4380,Female,31,Books,19,152,2888
2445,25-11-2023,CUST2305,Female,60,Sports,18,443,7974
2446,25-11-2023,CUST3469,Male,37,Sports,15,368,5520
2447,25-11-2023,CUST9777,Male,47,Sports,8,36,288
2448,25-11-2023,CUST6305,Female,38,Sports,14,370,5180
2449,25-11-2023,CUST8670,Male,22,Beauty,2,30,60
2450,25-11-2023,CUST4919,Male,45,Groceries,19,66,1254
2451,25-11-2023,CUST7325,Male,37,Sports,16,253,4048
2452,25-11-2023,CUST2289,Female,50,Clothing,16,235,3760
2453,25-11-2023,CUST6058,Male,35,Groceries,5,188,940
2454,25-11-2023,CUST2044,Male,39,Electronics,12,281,3372
2455,25-11-2023,CUST3910,Female,59,Beauty,11,204,2244
2456,25-11-2023,CUST9479,Male,21,Sports,6,200,1200
2457,25-11-2023,CUST9294,Female,47,Books,5,373,1865
2458,25-11-2023,CUST0940,Female,62,Books,3,14,42
2459,25-11-2023,CUST1017,Male,34,Beauty,3,126,378
2460,25-11-2023,CUST7608,Female,43,Beauty,11,187,2057
2461,25-11-2023,CUST8130,Female,31,Groceries,11,467,5137
2462,25-11-2023,CUST4254,Female,41,Electronics,9,376,3384
2463,25-11-2023,CUST8221,Female,55,Sports,15,26,390
2464,25-11-2023,CUST4488,Female,55,Books,10,174,1740
2465,25-11-2023,CUST3285,Female,69,Electronics,5,457,2285
2466,25-11-2023,CUST0409,Female,58,Electronics,18,150,2700
2467,25-11-2023,CUST8739,Female,70,Books,13,260,3380
2468,25-11-2023,CUST9482,Male,56,Books,13,382,4966
2469,25-11-2023,CUST2772,Female,19,Sports,19,362,6878
2470,25-11-2023,CUST8617,Male,22,Sports,15,143,2145
2471,25-11-2023,CUST5281,Male,53,Groceries,16,189,3024
2472,25-11-2023,CUST2732,Female,20,Beauty,17,46,782
2473,25-11-2023,CUST9725,Female,53,Clothing,17,79,1343
2474,25-11-2023,CUST3543,Female,69,Clothing,18,253,4554
2475,25-11-2023,CUST0727,Male,57,Clothing,4,51,204
2476,25-11-2023,CUST5630,Male,44,Books,15,318,4770
2477,25-11-2023,CUST1882,Female,50,Sports,4,435,1740
2478,25-11-2023,CUST0531,Male,18,Sports,20,255,5100
2479,25-11-2023,CUST6407,Female,65,Groceries,20,217,4340
2480,25-11-2023,CUST9516,Male,42,Books,6,352,2112
2481,25-11-2023,CUST0151,Female,47,Groceries,1,416,416
2482,25-11-2023,CUST8707,Male,25,Beauty,18,41,738
2483,25-11-2023,CUST3015,Male,53,Sports,3,383,1149
2484,25-11-2023,CUST2616,Female,58,Sports,1,483,483
2485,25-11-2023,CUST5455,Female,57,Clothing,19,67,1273
2486,25-11-2023,CUST4141,Male,46,Electronics,17,67,1139
2487,25-11-2023,CUST1671,Female,54,Clothing,14,271,3794
2488,25-11-2023,CUST6626,Male,22,Electronics,15,382,5730
2489,25-11-2023,CUST0594,Male,53,Sports,20,261,5220
2490,25-11-2023,CUST0309,Male,39,Beauty,11,400,4400
2491,25-11-2023,CUST9756,Male,55,Groceries,8,427,3416
2492,25-11-2023,CUST8114,Female,21,Electronics,10,57,570
2493,25-11-2023,CUST5803,Male,54,Clothing,8,309,2472
2494,25-11-2023,CUST6410,Male,56,Electronics,16,438,7008
2495,25-11-2023,CUST9411,Male,33,Beauty,18,258,4644
2496,25-11-2023,CUST7753,Male,42,Books,18,182,3276
2497,25-11-2023,CUST5012,Male,28,Books,14,47,658
2498,25-11-2023,CUST5130,Male,47,Groceries,4,199,796
2499,25-11-2023,CUST7227,Male,42,Clothing,14,159,2226
2500,25-11-2023,CUST8577,Female,38,Sports,2,392,784
2501,25-11-2023,CUST6913,Female,51,Beauty,5,305,1525
2502,25-11-2023,CUST1235,Female,19,Groceries,10,201,2010
2503,25-11-2023,CUST4127,Male,49,Clothing,16,482,7712
2504,25-11-2023,CUST6034,Female,28,Sports,6,269,1614
2505,25-11-2023,CUST1302,Male,67,Clothing,7,181,1267
2506,25-11-2023,CUST0529,Male,61,Groceries,5,41,205
2507,25-11-2023,CUST7962,Female,65,Sports,11,495,5445
2508,25-11-2023,CUST5962,Male,32,Sports,15,197,2955
2509,25-11-2023,CUST5161,Male,38,Sports,17,342,5814
2510,25-11-2023,CUST3945,Male,44,Books,15,284,4260
2511,25-11-2023,CUST3805,Male,53,Clothing,14,269,3766
2512,25-11-2023,CUST5889,Male,40,Beauty,18,77,1386
2513,25-11-2023,CUST8457,Female,51,Electronics,11,88,968
2514,25-11-2023,CUST2500,Female,29,Sports,15,65,975
2515,25-11-2023,CUST0320,Female,20,Sports,17,413,7021
2516,25-11-2023,CUST2877,Female,45,Clothing,11,222,2442
2517,25-11-2023,CUST5856,Male,64,Clothing,15,287,4305
2518,25-11-2023,CUST4597,Male,22,Beauty,2,73,146
2519,25-11-2023,CUST5866,Female,30,Clothing,2,118,236
2520,25-11-2023,CUST5358,Female,55,Clothing,11,21,231
2521,25-11-2023,CUST8096,Male,39,Electronics,1,197,197
2522,25-11-2023,CUST8222,Male,53,Sports,6,91,546
2523,25-11-2023,CUST2408,Female,38,Clothing,2,189,378
2524,25-11-2023,CUST9236,Female,33,Electronics,14,156,2184
2525,25-11-2023,CUST1020,Female,38,Groceries,14,35,490
2526,25-11-2023,CUST0484,Female,65,Clothing,6,120,720
2527,25-11-2023,CUST5864,Female,37,Beauty,18,75,1350
2528,25-11-2023,CUST3748,Female,56,Groceries,9,478,4302
2529,25-11-2023,CUST2002,Female,38,Electronics,1,69,69
2530,25-11-2023,CUST0547,Male,50,Beauty,10,414,4140
2531,25-11-2023,CUST5836,Male,40,Sports,12,468,5616
2532,25-11-2023,CUST6265,Male,55,Clothing,6,493,2958
2533,25-11-2023,CUST0254,Male,33,Beauty,14,477,6678
2534,25-11-2023,CUST6112,Male,19,Beauty,19,127,2413
2535,25-11-2023,CUST0593,Male,59,Beauty,11,134,1474
2536,25-11-2023,CUST2534,Female,59,Clothing,17,318,5406
2537,25-11-2023,CUST6558,Female,35,Groceries,3,391,1173
2538,25-11-2023,CUST8334,Male,27,Groceries,14,401,5614
2539,25-11-2023,CUST9925,Male,44,Groceries,5,294,1470
2540,25-11-2023,CUST4176,Female,52,Beauty,14,438,6132
2541,25-11-2023,CUST1827,Male,31,Books,11,15,165
2542,25-11-2023,CUST5285,Female,26,Books,11,310,3410
2543,25-11-2023,CUST6147,Male,66,Groceries,18,84,1512
2544,25-11-2023,CUST1262,Male,58,Beauty,11,128,1408
2545,25-11-2023,CUST2011,Female,37,Electronics,12,187,2244
2546,25-11-2023,CUST7706,Female,50,Books,15,378,5670
2547,25-11-2023,CUST9688,Female,52,Beauty,14,259,3626
2548,25-11-2023,CUST6612,Female,22,Electronics,14,259,3626
2549,25-11-2023,CUST5867,Female,63,Books,19,181,3439
2550,25-11-2023,CUST0754,Female,19,Books,3,91,273
2551,25-11-2023,CUST8786,Female,49,Sports,16,265,4240
2552,25-11-2023,CUST4427,Male,40,Beauty,1,129,129
2553,25-11-2023,CUST5800,Male,38,Beauty,2,433,866
2554,25-11-2023,CUST9792,Male,38,Books,10,203,2030
2555,25-11-2023,CUST3484,Female,53,Books,19,344,6536
2556,25-11-2023,CUST6630,Female,54,Sports,17,63,1071
2557,25-11-2023,CUST0785,Male,46,Books,16,315,5040
2558,25-11-2023,CUST4147,Female,68,Beauty,8,285,2280
2559,25-11-2023,CUST0680,Female,38,Groceries,9,260,2340
2560,25-11-2023,CUST3311,Male,32,Sports,3,490,1470
2561,25-11-2023,CUST5634,Female,61,Books,10,175,1750
2562,25-11-2023,CUST2470,Female,37,Beauty,17,29,493
2563,25-11-2023,CUST6881,Male,34,Electronics,13,363,4719
2564,25-11-2023,CUST3774,Female,20,Clothing,10,20,200
2565,25-11-2023,CUST2626,Male,40,Clothing,7,448,3136
2566,25-11-2023,CUST4012,Female,47,Electronics,2,373,746
2567,25-11-2023,CUST3677,Female,68,Sports,12,467,5604
2568,25-11-2023,CUST9867,Female,54,Beauty,18,395,7110
2569,25-11-2023,CUST5653,Male,68,Books,12,105,1260
2570,25-11-2023,CUST6306,Female,59,Groceries,12,216,2592
2571,25-11-2023,CUST0631,Female,38,Books,16,278,4448
2572,25-11-2023,CUST8818,Female,25,Sports,16,333,5328
2573,25-11-2023,CUST3052,Male,69,Groceries,13,437,5681
2574,25-11-2023,CUST5505,Female,34,Groceries,19,355,6745
2575,25-11-2023,CUST3889,Male,69,Sports,3,135,405
2576,25-11-2023,CUST2732,Male,60,Sports,14,44,616
2577,25-11-2023,CUST1586,Female,66,Sports,20,267,5340
2578,25-11-2023,CUST6757,Male,68,Electronics,12,402,4824
2579,25-11-2023,CUST3868,Female,38,Clothing,4,356,1424
2580,25-11-2023,CUST4361,Female,67,Beauty,11,203,2233
2581,25-11-2023,CUST4415,Female,31,Sports,1,146,146
2582,25-11-2023,CUST8357,Female,62,Clothing,11,337,3707
2583,25-11-2023,CUST8663,Male,46,Electronics,19,156,2964
2584,25-11-2023,CUST5155,Female,52,Clothing,2,193,386
2585,25-11-2023,CUST3586,Female,61,Electronics,16,325,5200
2586,25-11-2023,CUST0658,Female,57,Books,5,409,2045
2587,25-11-2023,CUST1748,Male,44,Books,12,144,1728
2588,25-11-2023,CUST3521,Male,18,Sports,15,437,6555
2589,25-11-2023,CUST0510,Male,52,Sports,19,164,3116
2590,25-11-2023,CUST9494,Female,56,Beauty,5,399,1995
2591,25-11-2023,CUST7649,Female,35,Groceries,7,270,1890
2592,25-11-2023,CUST8259,Male,37,Beauty,16,469,7504
2593,25-11-2023,CUST7598,Female,54,Beauty,9,228,2052
2594,25-11-2023,CUST2676,Female,60,Clothing,11,217,2387
2595,25-11-2023,CUST9418,Female,67,Sports,8,418,3344
2596,25-11-2023,CUST3261,Female,38,Clothing,20,105,2100
2597,25-11-2023,CUST8731,Male,33,Clothing,1,297,297
2598,25-11-2023,CUST5771,Female,36,Groceries,17,114,1938
2599,25-11-2023,CUST4755,Female,57,Clothing,14,340,4760
2600,25-11-2023,CUST8423,Female,34,Clothing,6,329,1974
2601,25-11-2023,CUST8440,Female,62,Clothing,3,145,435
2602,25-11-2023,CUST6838,Male,63,Electronics,9,271,2439
2603,25-11-2023,CUST8661,Female,37,Electronics,1,81,81
2604,25-11-2023,CUST4788,Female,44,Beauty,1,450,450
2605,25-11-2023,CUST0808,Female,68,Beauty,5,80,400
2606,25-11-2023,CUST6340,Female,69,Electronics,9,359,3231
2607,25-11-2023,CUST3064,Female,59,Electronics,20,67,1340
2608,25-11-2023,CUST0165,Male,19,Books,6,56,336
2609,25-11-2023,CUST5610,Male,18,Sports,4,115,460
2610,25-11-2023,CUST5676,Male,51,Books,11,291,3201
2611,25-11-2023,CUST3057,Female,50,Sports,15,376,5640
2612,25-11-2023,CUST0249,Female,31,Books,13,461,5993
2613,25-11-2023,CUST0169,Male,56,Clothing,11,122,1342
2614,25-11-2023,CUST0356,Female,25,Clothing,16,443,7088
2615,25-11-2023,CUST7129,Female,63,Clothing,18,485,8730
2616,25-11-2023,CUST6023,Female,19,Beauty,14,266,3724
2617,25-11-2023,CUST9536,Male,54,Sports,13,316,4108
2618,25-11-2023,CUST8551,Female,55,Beauty,12,287,3444
2619,25-11-2023,CUST8524,Male,39,Books,11,54,594
2620,25-11-2023,CUST2506,Male,69,Books,12,353,4236
2621,25-11-2023,CUST8141,Male,64,Sports,20,441,8820
2622,25-11-2023,CUST8230,Female,49,Groceries,7,36,252
2623,25-11-2023,CUST4912,Female,47,Sports,4,418,1672
2624,25-11-2023,CUST5675,Female,69,Electronics,19,448,8512
2625,25-11-2023,CUST2522,Male,65,Sports,16,54,864
2626,25-11-2023,CUST3173,Male,58,Groceries,14,72,1008
2627,25-11-2023,CUST2351,Male,21,Groceries,5,106,530
2628,25-11-2023,CUST4111,Female,45,Sports,9,405,3645
2629,25-11-2023,CUST0935,Female,42,Clothing,9,126,1134
2630,25-11-2023,CUST8242,Male,59,Groceries,9,428,3852
2631,25-11-2023,CUST3782,Male,59,Groceries,20,281,5620
2632,25-11-2023,CUST8814,Female,26,Sports,14,61,854
2633,25-11-2023,CUST2624,Male,49,Sports,1,24,24
2634,25-11-2023,CUST2511,Male,59,Sports,14,250,3500
2635,25-11-2023,CUST1949,Male,60,Electronics,7,403,2821
2636,25-11-2023,CUST7683,Male,21,Clothing,19,469,8911
2637,25-11-2023,CUST5607,Female,44,Electronics,1,151,151
2638,25-11-2023,CUST0253,Female,63,Groceries,3,294,882
2639,25-11-2023,CUST2224,Female,58,Groceries,18,156,2808
2640,25-11-2023,CUST9452,Female,45,Beauty,12,204,2448
2641,25-11-2023,CUST5101,Female,19,Sports,4,195,780
2642,25-11-2023,CUST3467,Male,43,Books,12,307,3684
2643,25-11-2023,CUST9491,Male,52,Sports,14,249,3486
2644,25-11-2023,CUST3071,Male,23,Groceries,7,423,2961
2645,25-11-2023,CUST6585,Female,63,Clothing,20,229,4580
2646,25-11-2023,CUST9097,Female,25,Sports,3,266,798
2647,25-11-2023,CUST3484,Male,31,Clothing,17,123,2091
2648,25-11-2023,CUST7489,Male,65,Beauty,17,50,850
2649,25-11-2023,CUST1034,Male,65,Clothing,3,202,606
2650,25-11-2023,CUST3784,Male,27,Groceries,7,88,616
2651,25-11-2023,CUST8799,Male,59,Groceries,8,321,2568
2652,25-11-2023,CUST5501,Female,21,Groceries,17,380,6460
2653,25-11-2023,CUST9779,Female,33,Clothing,2,118,236
2654,25-11-2023,CUST1200,Female,55,Sports,3,241,723
2655,25-11-2023,CUST2569,Male,70,Groceries,6,337,2022
2656,25-11-2023,CUST5113,Male,59,Sports,10,108,1080
2657,25-11-2023,CUST0328,Male,38,Electronics,11,218,2398
2658,25-11-2023,CUST8764,Male,35,Groceries,14,142,1988
2659,25-11-2023,CUST7131,Male,32,Clothing,6,191,1146
2660,25-11-2023,CUST1744,Male,23,Electronics,3,405,1215
2661,25-11-2023,CUST1778,Male,62,Sports,11,495,5445
2662,25-11-2023,CUST5112,Male,43,Books,1,124,124
2663,25-11-2023,CUST5078,Male,28,Beauty,4,257,1028
2664,25-11-2023,CUST2128,Male,43,Electronics,14,122,1708
2665,25-11-2023,CUST4820,Male,67,Electronics,13,448,5824
2666,25-11-2023,CUST6720,Female,44,Electronics,12,30,360
2667,25-11-2023,CUST4395,Female,35,Electronics,10,398,3980
2668,25-11-2023,CUST6622,Female,18,Beauty,9,308,2772
2669,25-11-2023,CUST5358,Male,60,Electronics,7,170,1190
2670,25-11-2023,CUST6250,Female,26,Beauty,15,240,3600
2671,25-11-2023,CUST6196,Female,59,Groceries,15,241,3615
2672,25-11-2023,CUST3093,Female,69,Sports,7,375,2625
2673,25-11-2023,CUST7326,Male,69,Beauty,20,367,7340
2674,25-11-2023,CUST6132,Female,26,Beauty,8,466,3728
2675,25-11-2023,CUST5615,Male,59,Sports,10,27,270
2676,25-11-2023,CUST0176,Male,39,Sports,11,287,3157
2677,25-11-2023,CUST7674,Female,52,Electronics,6,294,1764
2678,25-11-2023,CUST7234,Male,29,Sports,13,207,2691
2679,25-11-2023,CUST7916,Male,56,Clothing,14,498,6972
2680,25-11-2023,CUST3252,Female,50,Electronics,18,50,900
2681,25-11-2023,CUST1482,Male,48,Clothing,18,257,4626
2682,25-11-2023,CUST8890,Female,56,Beauty,11,234,2574
2683,25-11-2023,CUST3260,Female,25,Groceries,11,160,1760
2684,25-11-2023,CUST9069,Male,66,Groceries,11,350,3850
2685,25-11-2023,CUST5643,Male,28,Electronics,13,304,3952
2686,25-11-2023,CUST3681,Male,58,Books,5,253,1265
2687,25-11-2023,CUST6608,Female,23,Clothing,12,211,2532
2688,25-11-2023,CUST9968,Male,62,Groceries,8,22,176
2689,25-11-2023,CUST3937,Female,49,Sports,7,226,1582
2690,25-11-2023,CUST4369,Female,46,Beauty,13,173,2249
2691,25-11-2023,CUST1170,Female,67,Books,7,155,1085
2692,25-11-2023,CUST6762,Female,43,Clothing,19,156,2964
2693,25-11-2023,CUST4620,Male,20,Electronics,17,32,544
2694,25-11-2023,CUST0297,Female,25,Electronics,19,384,7296
2695,25-11-2023,CUST2319,Female,69,Sports,12,256,3072
2696,25-11-2023,CUST4667,Male,30,Books,9,467,4203
2697,25-11-2023,CUST9460,Female,61,Books,17,376,6392
2698,25-11-2023,CUST3398,Male,52,Groceries,5,86,430
2699,25-11-2023,CUST0951,Male,52,Books,15,440,6600
2700,25-11-2023,CUST2610,Female,29,Sports,16,68,1088
2701,25-11-2023,CUST7052,Female,61,Beauty,2,498,996
2702,25-11-2023,CUST8986,Male,50,Clothing,8,406,3248
2703,25-11-2023,CUST7962,Female,34,Electronics,15,175,2625
2704,25-11-2023,CUST2604,Female,57,Groceries,13,345,4485
2705,25-11-2023,CUST9969,Male,60,Clothing,16,216,3456
2706,25-11-2023,CUST4129,Female,54,Groceries,17,472,8024
2707,25-11-2023,CUST1238,Male,59,Beauty,7,83,581
2708,25-11-2023,CUST2049,Male,24,Beauty,16,367,5872
2709,25-11-2023,CUST9211,Female,60,Groceries,4,322,1288
2710,25-11-2023,CUST7702,Male,53,Sports,7,299,2093
2711,25-11-2023,CUST8858,Female,58,Books,11,98,1078
2712,25-11-2023,CUST9207,Male,41,Beauty,18,78,1404
2713,25-11-2023,CUST5425,Male,45,Books,5,383,1915
2714,25-11-2023,CUST2761,Male,50,Groceries,10,455,4550
2715,25-11-2023,CUST8795,Female,60,Sports,6,469,2814
2716,25-11-2023,CUST5883,Female,31,Electronics,3,60,180
2717,25-11-2023,CUST2501,Male,26,Clothing,11,334,3674
2718,25-11-2023,CUST8003,Male,28,Beauty,7,436,3052
2719,25-11-2023,CUST2035,Male,60,Groceries,8,275,2200
2720,25-11-2023,CUST9268,Female,64,Beauty,7,486,3402
2721,25-11-2023,CUST6665,Male,58,Books,13,183,2379
2722,25-11-2023,CUST8997,Female,67,Beauty,18,361,6498
2723,25-11-2023,CUST1748,Male,22,Beauty,9,328,2952
2724,25-11-2023,CUST2705,Male,53,Sports,5,412,2060
2725,25-11-2023,CUST2759,Female,30,Sports,18,363,6534
2726,25-11-2023,CUST3463,Male,41,Books,9,181,1629
2727,25-11-2023,CUST4060,Female,32,Electronics,3,138,414
2728,25-11-2023,CUST7637,Female,54,Books,12,152,1824
2729,25-11-2023,CUST5949,Female,32,Sports,13,439,5707
2730,25-11-2023,CUST5350,Female,35,Sports,2,299,598
2731,25-11-2023,CUST5257,Female,66,Clothing,19,128,2432
2732,25-11-2023,CUST7703,Male,47,Sports,20,287,5740
2733,25-11-2023,CUST6036,Male,58,Groceries,16,140,2240
2734,25-11-2023,CUST9479,Male,42,Books,10,177,1770
2735,25-11-2023,CUST5706,Female,39,Groceries,1,232,232
2736,25-11-2023,CUST9077,Female,33,Books,19,107,2033
2737,25-11-2023,CUST6970,Female,64,Sports,8,421,3368
2738,25-11-2023,CUST5734,Male,20,Clothing,8,143,1144
2739,25-11-2023,CUST9867,Male,70,Books,3,441,1323
2740,25-11-2023,CUST6683,Female,53,Electronics,12,33,396
2741,25-11-2023,CUST9352,Female,70,Electronics,3,267,801
2742,25-11-2023,CUST2043,Male,55,Clothing,20,338,6760
2743,25-11-2023,CUST8311,Male,62,Books,10,398,3980
2744,25-11-2023,CUST0279,Male,51,Sports,18,465,8370
2745,25-11-2023,CUST6936,Male,70,Books,2,449,898
2746,25-11-2023,CUST7691,Male,21,Groceries,2,222,444
2747,25-11-2023,CUST3136,Female,23,Clothing,14,203,2842
2748,25-11-2023,CUST6787,Male,40,Beauty,2,301,602
2749,25-11-2023,CUST0501,Female,63,Sports,2,203,406
2750,25-11-2023,CUST0393,Female,19,Sports,17,72,1224
2751,25-11-2023,CUST5190,Male,35,Beauty,10,24,240
2752,25-11-2023,CUST7509,Female,66,Sports,3,174,522
2753,25-11-2023,CUST9223,Male,63,Electronics,9,49,441
2754,25-11-2023,CUST2105,Female,49,Electronics,2,139,278
2755,25-11-2023,CUST9485,Male,57,Clothing,7,70,490
2756,25-11-2023,CUST2636,Male,47,Books,18,177,3186
2757,25-11-2023,CUST2164,Male,27,Beauty,18,174,3132
2758,25-11-2023,CUST5639,Female,62,Groceries,6,57,342
2759,25-11-2023,CUST3504,Male,37,Electronics,20,58,1160
2760,25-11-2023,CUST9062,Female,31,Groceries,17,223,3791
2761,25-11-2023,CUST3023,Male,65,Beauty,2,425,850
2762,25-11-2023,CUST9811,Female,45,Clothing,15,25,375
2763,25-11-2023,CUST6038,Male,18,Electronics,5,105,525
2764,25-11-2023,CUST1376,Male,49,Sports,1,403,403
2765,25-11-2023,CUST4965,Male,65,Groceries,16,172,2752
2766,25-11-2023,CUST0382,Female,38,Sports,20,332,6640
2767,25-11-2023,CUST5660,Female,30,Groceries,18,298,5364
2768,25-11-2023,CUST0131,Female,63,Books,9,449,4041
2769,25-11-2023,CUST7027,Female,61,Electronics,2,372,744
2770,25-11-2023,CUST6581,Female,51,Books,17,350,5950
2771,25-11-2023,CUST0096,Male,28,Groceries,6,250,1500
2772,25-11-2023,CUST1110,Male,44,Sports,14,77,1078
2773,25-11-2023,CUST5554,Female,49,Books,4,441,1764
2774,25-11-2023,CUST2142,Female,36,Beauty,15,75,1125
2775,25-11-2023,CUST5851,Female,68,Electronics,13,256,3328
2776,25-11-2023,CUST9393,Male,42,Sports,8,76,608
2777,25-11-2023,CUST9775,Female,22,Electronics,11,425,4675
2778,25-11-2023,CUST2919,Female,20,Electronics,4,473,1892
2779,25-11-2023,CUST9918,Female,57,Electronics,9,211,1899
2780,25-11-2023,CUST1941,Female,70,Clothing,15,259,3885
2781,25-11-2023,CUST2875,Female,45,Clothing,10,404,4040
2782,25-11-2023,CUST4075,Male,54,Clothing,16,233,3728
2783,25-11-2023,CUST6181,Male,29,Books,14,230,3220
2784,25-11-2023,CUST7363,Male,62,Sports,16,17,272
2785,25-11-2023,CUST5537,Male,34,Electronics,16,194,3104
2786,25-11-2023,CUST1068,Male,21,Beauty,3,441,1323
2787,25-11-2023,CUST0815,Male,37,Groceries,6,136,816
2788,25-11-2023,CUST7672,Female,55,Groceries,5,202,1010
2789,25-11-2023,CUST7520,Male,39,Groceries,10,17,170
2790,25-11-2023,CUST4765,Female,62,Groceries,9,284,2556
2791,25-11-2023,CUST4563,Female,60,Beauty,2,154,308
2792,25-11-2023,CUST1809,Male,40,Electronics,7,229,1603
2793,25-11-2023,CUST1584,Female,21,Clothing,12,202,2424
2794,25-11-2023,CUST4810,Female,18,Beauty,8,431,3448
2795,25-11-2023,CUST0090,Female,61,Groceries,15,70,1050
2796,25-11-2023,CUST2515,Male,64,Groceries,14,403,5642
2797,25-11-2023,CUST0382,Male,46,Sports,11,304,3344
2798,25-11-2023,CUST5114,Female,25,Books,13,393,5109
2799,25-11-2023,CUST3342,Male,23,Beauty,20,463,9260
2800,25-11-2023,CUST6348,Female,45,Beauty,3,149,447
2801,25-11-2023,CUST1054,Male,61,Sports,12,70,840
2802,25-11-2023,CUST3252,Male,29,Beauty,17,46,782
2803,25-11-2023,CUST3616,Female,70,Electronics,4,124,496
2804,25-11-2023,CUST6555,Male,50,Sports,5,220,1100
2805,25-11-2023,CUST3057,Female,18,Beauty,18,140,2520
2806,25-11-2023,CUST8487,Male,29,Groceries,13,367,4771
2807,25-11-2023,CUST9873,Male,38,Clothing,15,203,3045
2808,25-11-2023,CUST7212,Female,48,Clothing,20,11,220
2809,25-11-2023,CUST7136,Male,52,Sports,1,20,20
2810,25-11-2023,CUST5102,Male,60,Sports,7,295,2065
2811,25-11-2023,CUST5404,Male,21,Groceries,20,259,5180
2812,25-11-2023,CUST1825,Female,50,Books,14,186,2604
2813,25-11-2023,CUST5280,Male,28,Groceries,2,21,42
2814,25-11-2023,CUST1075,Male,29,Beauty,1,98,98
2815,25-11-2023,CUST1832,Female,46,Books,16,110,1760
2816,25-11-2023,CUST4847,Male,65,Sports,9,74,666
2817,25-11-2023,CUST2907,Female,62,Groceries,16,137,2192
2818,25-11-2023,CUST3894,Female,49,Books,18,400,7200
2819,25-11-2023,CUST6471,Female,48,Beauty,16,430,6880
2820,25-11-2023,CUST4677,Female,44,Clothing,2,437,874
2821,25-11-2023,CUST2553,Female,64,Sports,4,445,1780
2822,25-11-2023,CUST9397,Male,61,Beauty,7,409,2863
2823,25-11-2023,CUST8120,Female,57,Clothing,19,124,2356
2824,25-11-2023,CUST0685,Male,45,Books,14,437,6118
2825,25-11-2023,CUST6493,Female,38,Clothing,8,191,1528
2826,25-11-2023,CUST2298,Male,50,Sports,16,405,6480
2827,25-11-2023,CUST7600,Male,20,Books,2,430,860
2828,25-11-2023,CUST4668,Female,60,Electronics,18,219,3942
2829,25-11-2023,CUST8379,Female,61,Electronics,16,470,7520
2830,25-11-2023,CUST9086,Male,28,Groceries,5,216,1080
2831,25-11-2023,CUST6571,Female,70,Beauty,19,156,2964
2832,25-11-2023,CUST7458,Male,64,Groceries,3,438,1314
2833,25-11-2023,CUST3917,Male,52,Beauty,8,75,600
2834,25-11-2023,CUST7543,Male,57,Beauty,15,172,2580
2835,25-11-2023,CUST0811,Female,23,Beauty,10,80,800
2836,25-11-2023,CUST4332,Female,67,Sports,13,471,6123
2837,25-11-2023,CUST3163,Male,59,Electronics,11,260,2860
2838,25-11-2023,CUST8859,Female,69,Groceries,11,205,2255
2839,25-11-2023,CUST3607,Female,38,Groceries,1,169,169
2840,25-11-2023,CUST8597,Female,60,Clothing,19,58,1102
2841,25-11-2023,CUST8285,Female,21,Clothing,18,461,8298
2842,25-11-2023,CUST7937,Female,35,Clothing,8,52,416
2843,25-11-2023,CUST8585,Female,40,Sports,5,214,1070
2844,25-11-2023,CUST9286,Female,49,Sports,11,400,4400
2845,25-11-2023,CUST3819,Female,56,Clothing,9,11,99
2846,25-11-2023,CUST1361,Female,38,Sports,17,180,3060
2847,25-11-2023,CUST1136,Male,28,Beauty,16,210,3360
2848,25-11-2023,CUST0723,Female,54,Clothing,13,16,208
2849,25-11-2023,CUST2244,Male,42,Clothing,15,80,1200
2850,25-11-2023,CUST4163,Female,50,Clothing,15,196,2940
2851,25-11-2023,CUST3776,Male,51,Sports,20,296,5920
2852,25-11-2023,CUST1613,Female,48,Books,20,201,4020
2853,25-11-2023,CUST3842,Male,25,Groceries,8,240,1920
2854,25-11-2023,CUST6395,Male,50,Books,7,18,126
2855,25-11-2023,CUST1180,Male,67,Groceries,20,20,400
2856,25-11-2023,CUST2112,Male,42,Electronics,10,73,730
2857,25-11-2023,CUST6945,Male,60,Electronics,6,284,1704
2858,25-11-2023,CUST9885,Female,25,Groceries,18,97,1746
2859,25-11-2023,CUST8963,Female,67,Clothing,11,349,3839
2860,25-11-2023,CUST5321,Male,41,Groceries,3,333,999
2861,25-11-2023,CUST0612,Female,33,Clothing,3,172,516
2862,25-11-2023,CUST6923,Female,21,Electronics,2,128,256
2863,25-11-2023,CUST5818,Female,41,Clothing,10,289,2890
2864,25-11-2023,CUST9537,Female,44,Sports,12,30,360
2865,25-11-2023,CUST0447,Male,65,Electronics,19,474,9006
2866,25-11-2023,CUST4456,Male,50,Electronics,15,248,3720
2867,25-11-2023,CUST8783,Male,68,Books,4,186,744
2868,25-11-2023,CUST3704,Female,28,Sports,6,54,324
2869,25-11-2023,CUST9700,Male,32,Books,10,364,3640
2870,25-11-2023,CUST6339,Male,25,Groceries,6,20,120
2871,25-11-2023,CUST4769,Female,33,Books,3,472,1416
2872,25-11-2023,CUST0092,Female,24,Electronics,6,77,462
2873,25-11-2023,CUST8974,Female,55,Clothing,11,70,770
2874,25-11-2023,CUST2668,Female,59,Beauty,14,214,2996
2875,25-11-2023,CUST6538,Female,34,Sports,2,239,478
2876,25-11-2023,CUST5497,Male,59,Beauty,4,404,1616
2877,25-11-2023,CUST0753,Female,23,Sports,20,483,9660
2878,25-11-2023,CUST1293,Female,58,Clothing,2,55,110
2879,25-11-2023,CUST7101,Male,29,Clothing,15,383,5745
2880,25-11-2023,CUST6300,Male,63,Groceries,12,188,2256
2881,25-11-2023,CUST1062,Male,24,Electronics,8,467,3736
2882,25-11-2023,CUST5311,Female,19,Electronics,12,177,2124
2883,25-11-2023,CUST0323,Female,55,Groceries,10,468,4680
2884,25-11-2023,CUST6542,Female,37,Beauty,19,270,5130
2885,25-11-2023,CUST1589,Female,38,Beauty,17,45,765
2886,25-11-2023,CUST8066,Female,45,Clothing,1,35,35
2887,25-11-2023,CUST0017,Male,56,Groceries,15,321,4815
2888,25-11-2023,CUST5277,Female,59,Clothing,20,341,6820
2889,25-11-2023,CUST4296,Male,36,Electronics,19,95,1805
2890,25-11-2023,CUST1911,Male,66,Groceries,16,449,7184
2891,25-11-2023,CUST8907,Female,24,Electronics,12,400,4800
2892,25-11-2023,CUST6766,Female,27,Clothing,17,458,7786
2893,25-11-2023,CUST9849,Female,62,Books,17,478,8126
2894,25-11-2023,CUST1727,Male,22,Groceries,18,186,3348
2895,25-11-2023,CUST2839,Female,31,Clothing,3,19,57
2896,25-11-2023,CUST6415,Female,52,Beauty,9,450,4050
2897,25-11-2023,CUST5735,Female,47,Sports,3,356,1068
2898,25-11-2023,CUST6688,Male,66,Electronics,15,96,1440
2899,25-11-2023,CUST6607,Female,63,Clothing,2,455,910
2900,25-11-2023,CUST2492,Male,28,Clothing,2,49,98
2901,25-11-2023,CUST1989,Male,28,Sports,7,222,1554
2902,25-11-2023,CUST1400,Male,41,Books,11,90,990
2903,25-11-2023,CUST3383,Female,70,Sports,5,437,2185
2904,25-11-2023,CUST0045,Male,60,Groceries,11,327,3597
2905,25-11-2023,CUST9837,Female,30,Groceries,11,333,3663
2906,25-11-2023,CUST0721,Female,22,Electronics,1,226,226
2907,25-11-2023,CUST3577,Male,61,Sports,17,284,4828
2908,25-11-2023,CUST4003,Female,37,Clothing,19,315,5985
2909,25-11-2023,CUST7650,Male,54,Books,13,481,6253
2910,25-11-2023,CUST7425,Male,31,Clothing,7,401,2807
2911,25-11-2023,CUST3116,Male,70,Beauty,16,121,1936
2912,25-11-2023,CUST7699,Female,48,Books,19,378,7182
2913,25-11-2023,CUST4693,Female,31,Sports,4,439,1756
2914,25-11-2023,CUST9723,Female,34,Books,19,420,7980
2915,25-11-2023,CUST6517,Female,65,Groceries,13,255,3315
2916,25-11-2023,CUST1460,Female,64,Beauty,17,434,7378
2917,25-11-2023,CUST5327,Male,59,Beauty,8,464,3712
2918,25-11-2023,CUST1475,Male,68,Beauty,3,110,330
2919,25-11-2023,CUST2563,Female,59,Groceries,10,74,740
2920,25-11-2023,CUST6610,Male,61,Electronics,8,157,1256
2921,25-11-2023,CUST8811,Female,62,Groceries,11,163,1793
2922,25-11-2023,CUST9378,Female,37,Sports,5,487,2435
2923,25-11-2023,CUST0988,Female,57,Groceries,13,99,1287
2924,25-11-2023,CUST2739,Female,24,Books,7,336,2352
2925,25-11-2023,CUST1239,Male,28,Sports,11,226,2486
2926,25-11-2023,CUST5583,Male,45,Books,16,281,4496
2927,25-11-2023,CUST0367,Female,61,Sports,13,205,2665
2928,25-11-2023,CUST8688,Male,22,Sports,17,39,663
2929,25-11-2023,CUST5625,Female,50,Clothing,1,90,90
2930,25-11-2023,CUST4708,Male,34,Clothing,19,120,2280
2931,25-11-2023,CUST7356,Male,67,Electronics,6,268,1608
2932,25-11-2023,CUST3026,Male,43,Clothing,17,321,5457
2933,25-11-2023,CUST0256,Female,32,Sports,1,247,247
2934,25-11-2023,CUST5134,Female,46,Beauty,12,482,5784
2935,25-11-2023,CUST9871,Male,28,Beauty,13,57,741
2936,25-11-2023,CUST7195,Male,33,Beauty,4,500,2000
2937,25-11-2023,CUST9876,Male,38,Electronics,6,417,2502
2938,25-11-2023,CUST8365,Male,65,Books,14,437,6118
2939,25-11-2023,CUST6582,Male,47,Clothing,7,160,1120
2940,25-11-2023,CUST5778,Female,39,Books,2,327,654
2941,25-11-2023,CUST0131,Male,69,Electronics,10,398,3980
2942,25-11-2023,CUST2717,Female,61,Groceries,5,391,1955
2943,25-11-2023,CUST3541,Male,54,Books,9,252,2268
2944,25-11-2023,CUST2081,Male,55,Clothing,16,23,368
2945,25-11-2023,CUST0761,Male,69,Clothing,2,253,506
2946,25-11-2023,CUST2129,Female,30,Clothing,19,380,7220
2947,25-11-2023,CUST1414,Female,45,Groceries,2,448,896
2948,25-11-2023,CUST9418,Female,56,Sports,2,351,702
2949,25-11-2023,CUST4376,Female,56,Electronics,1,185,185
2950,25-11-2023,CUST2816,Male,70,Clothing,17,242,4114
2951,25-11-2023,CUST2557,Male,62,Electronics,17,410,6970
2952,25-11-2023,CUST3315,Male,21,Clothing,10,264,2640
2953,25-11-2023,CUST3088,Male,35,Groceries,8,445,3560
2954,25-11-2023,CUST5254,Female,27,Sports,16,192,3072
2955,25-11-2023,CUST7986,Female,21,Groceries,1,474,474
2956,25-11-2023,CUST2993,Male,40,Groceries,14,364,5096
2957,25-11-2023,CUST4994,Female,56,Sports,19,369,7011
2958,25-11-2023,CUST0869,Female,46,Books,12,311,3732
2959,25-11-2023,CUST5997,Male,33,Beauty,9,395,3555
2960,25-11-2023,CUST1425,Male,34,Books,8,401,3208
2961,25-11-2023,CUST9578,Female,34,Groceries,18,255,4590
2962,25-11-2023,CUST7093,Male,55,Clothing,18,167,3006
2963,25-11-2023,CUST6621,Female,61,Beauty,13,450,5850
2964,25-11-2023,CUST3117,Female,62,Electronics,4,387,1548
2965,25-11-2023,CUST9924,Male,34,Groceries,6,365,2190
2966,25-11-2023,CUST8005,Male,45,Clothing,2,438,876
2967,25-11-2023,CUST1388,Female,23,Electronics,18,199,3582
2968,25-11-2023,CUST7614,Female,58,Groceries,19,131,2489
2969,25-11-2023,CUST4575,Male,55,Sports,2,151,302
2970,25-11-2023,CUST8326,Male,26,Books,16,277,4432
2971,25-11-2023,CUST7483,Female,37,Beauty,1,382,382
2972,25-11-2023,CUST8416,Male,19,Beauty,10,262,2620
2973,25-11-2023,CUST4345,Male,57,Electronics,15,161,2415
2974,25-11-2023,CUST2413,Female,48,Sports,20,412,8240
2975,25-11-2023,CUST8312,Female,19,Clothing,18,353,6354
2976,25-11-2023,CUST6863,Female,60,Groceries,4,199,796
2977,25-11-2023,CUST7813,Male,38,Books,3,267,801
2978,25-11-2023,CUST9445,Male,35,Beauty,5,88,440
2979,25-11-2023,CUST9249,Male,36,Sports,10,464,4640
2980,25-11-2023,CUST1243,Male,49,Electronics,6,123,738
2981,25-11-2023,CUST5936,Male,56,Sports,2,94,188
2982,25-11-2023,CUST8680,Male,42,Groceries,7,124,868
2983,25-11-2023,CUST8185,Female,68,Electronics,13,227,2951
2984,25-11-2023,CUST4730,Male,18,Books,13,470,6110
2985,25-11-2023,CUST1799,Female,32,Clothing,18,200,3600
2986,25-11-2023,CUST0266,Male,44,Electronics,10,13,130
2987,25-11-2023,CUST8341,Female,50,Groceries,19,169,3211
2988,25-11-2023,CUST6977,Female,18,Groceries,4,396,1584
2989,25-11-2023,CUST2792,Male,50,Electronics,16,229,3664
2990,25-11-2023,CUST6506,Male,62,Books,7,278,1946
2991,25-11-2023,CUST2566,Male,32,Electronics,11,348,3828
2992,25-11-2023,CUST0211,Female,64,Sports,4,423,1692
2993,25-11-2023,CUST9186,Male,32,Electronics,6,281,1686
2994,25-11-2023,CUST1917,Male,66,Sports,8,100,800
2995,25-11-2023,CUST0272,Male,28,Sports,3,42,126
2996,25-11-2023,CUST7710,Male,69,Clothing,19,235,4465
2997,25-11-2023,CUST6265,Male,23,Electronics,6,185,1110
2998,25-11-2023,CUST8522,Male,58,Clothing,17,87,1479
2999,25-11-2023,CUST6485,Female,41,Clothing,3,235,705
3000,25-11-2023,CUST0969,Female,59,Sports,7,205,1435
3001,25-11-2023,CUST0393,Male,34,Groceries,14,91,1274
3002,25-11-2023,CUST2694,Male,24,Books,18,132,2376
3003,25-11-2023,CUST1003,Female,41,Sports,4,102,408
3004,25-11-2023,CUST9282,Male,67,Sports,14,213,2982
3005,25-11-2023,CUST0047,Male,62,Clothing,18,95,1710
3006,25-11-2023,CUST2222,Female,42,Groceries,13,321,4173
3007,25-11-2023,CUST9673,Female,46,Clothing,13,174,2262
3008,25-11-2023,CUST7763,Female,20,Groceries,13,271,3523
3009,25-11-2023,CUST8684,Male,20,Sports,14,350,4900
3010,25-11-2023,CUST6414,Male,56,Clothing,1,225,225
3011,25-11-2023,CUST9270,Male,66,Groceries,2,149,298
3012,25-11-2023,CUST0652,Male,24,Clothing,4,285,1140
3013,25-11-2023,CUST6053,Female,32,Electronics,12,288,3456
3014,25-11-2023,CUST7807,Female,24,Sports,4,247,988
3015,25-11-2023,CUST2437,Female,70,Sports,13,444,5772
3016,25-11-2023,CUST9377,Female,30,Clothing,2,318,636
3017,25-11-2023,CUST8994,Male,30,Sports,2,211,422
3018,25-11-2023,CUST4863,Male,37,Clothing,11,47,517
3019,25-11-2023,CUST3143,Female,19,Beauty,16,327,5232
3020,25-11-2023,CUST5033,Female,41,Sports,17,424,7208
3021,25-11-2023,CUST8835,Female,70,Groceries,8,234,1872
3022,25-11-2023,CUST3023,Male,54,Sports,15,175,2625
3023,25-11-2023,CUST0053,Female,20,Electronics,1,182,182
3024,25-11-2023,CUST1018,Female,21,Clothing,7,129,903
3025,25-11-2023,CUST0278,Female,23,Sports,20,306,6120
3026,25-11-2023,CUST5549,Female,44,Groceries,19,430,8170
3027,25-11-2023,CUST4213,Male,25,Books,14,139,1946
3028,25-11-2023,CUST5150,Male,23,Groceries,4,358,1432
3029,25-11-2023,CUST7579,Female,42,Clothing,7,348,2436
3030,25-11-2023,CUST4123,Female,70,Beauty,8,457,3656
3031,25-11-2023,CUST4521,Female,55,Groceries,3,433,1299
3032,25-11-2023,CUST0571,Male,39,Books,10,65,650
3033,25-11-2023,CUST9003,Male,68,Books,16,117,1872
3034,25-11-2023,CUST6735,Male,25,Groceries,4,455,1820
3035,25-11-2023,CUST9347,Female,26,Books,3,132,396
3036,25-11-2023,CUST6433,Female,48,Sports,5,389,1945
3037,25-11-2023,CUST8937,Male,68,Groceries,13,84,1092
3038,25-11-2023,CUST8286,Female,18,Groceries,4,168,672
3039,25-11-2023,CUST7997,Female,70,Books,17,66,1122
3040,25-11-2023,CUST9024,Male,29,Clothing,14,202,2828
3041,25-11-2023,CUST8139,Male,42,Beauty,3,400,1200
3042,25-11-2023,CUST9946,Female,63,Sports,19,123,2337
3043,25-11-2023,CUST6591,Female,65,Sports,6,171,1026
3044,25-11-2023,CUST3734,Male,21,Clothing,20,424,8480
3045,25-11-2023,CUST2664,Male,35,Groceries,12,453,5436
3046,25-11-2023,CUST5996,Female,37,Clothing,8,29,232
3047,25-11-2023,CUST3064,Male,21,Books,7,460,3220
3048,25-11-2023,CUST0721,Male,62,Groceries,9,94,846
3049,25-11-2023,CUST8209,Female,29,Electronics,7,163,1141
3050,25-11-2023,CUST2772,Male,20,Sports,2,91,182
3051,25-11-2023,CUST9675,Female,20,Electronics,6,358,2148
3052,25-11-2023,CUST3582,Male,65,Beauty,7,134,938
3053,25-11-2023,CUST3095,Male,44,Clothing,8,484,3872
3054,25-11-2023,CUST9065,Male,63,Electronics,12,437,5244
3055,25-11-2023,CUST1794,Male,70,Electronics,10,411,4110
3056,25-11-2023,CUST3178,Female,30,Electronics,12,451,5412
3057,25-11-2023,CUST2281,Female,58,Sports,11,127,1397
3058,25-11-2023,CUST7018,Female,41,Books,3,271,813
3059,25-11-2023,CUST9598,Male,18,Sports,11,172,1892
3060,25-11-2023,CUST9538,Male,66,Clothing,18,148,2664
3061,25-11-2023,CUST1761,Male,54,Sports,11,359,3949
3062,25-11-2023,CUST5089,Male,54,Clothing,6,347,2082
3063,25-11-2023,CUST5063,Male,62,Electronics,1,260,260
3064,25-11-2023,CUST1432,Female,30,Books,3,183,549
3065,25-11-2023,CUST4030,Female,25,Books,6,69,414
3066,25-11-2023,CUST7839,Female,50,Clothing,1,426,426
3067,25-11-2023,CUST9730,Female,49,Electronics,10,273,2730
3068,25-11-2023,CUST2574,Male,26,Clothing,17,102,1734
3069,25-11-2023,CUST2286,Female,22,Clothing,12,104,1248
3070,25-11-2023,CUST4881,Female,67,Beauty,8,114,912
3071,25-11-2023,CUST3766,Male,48,Books,8,44,352
3072,25-11-2023,CUST1998,Male,39,Beauty,12,355,4260
3073,25-11-2023,CUST4529,Male,54,Clothing,9,116,1044
3074,25-11-2023,CUST1923,Female,24,Books,4,140,560
3075,25-11-2023,CUST6654,Female,18,Sports,2,57,114
3076,25-11-2023,CUST4525,Female,19,Electronics,18,387,6966
3077,25-11-2023,CUST8637,Female,29,Beauty,11,435,4785
3078,25-11-2023,CUST5149,Female,20,Clothing,19,368,6992
3079,25-11-2023,CUST4745,Male,23,Clothing,14,353,4942
3080,25-11-2023,CUST9096,Male,61,Groceries,7,338,2366
3081,25-11-2023,CUST0611,Female,53,Clothing,8,496,3968
3082,25-11-2023,CUST1428,Male,27,Groceries,16,159,2544
3083,25-11-2023,CUST8016,Female,34,Sports,4,329,1316
3084,25-11-2023,CUST1750,Female,68,Clothing,3,12,36
3085,25-11-2023,CUST2772,Male,41,Groceries,15,249,3735
3086,25-11-2023,CUST4615,Male,28,Groceries,17,324,5508
3087,25-11-2023,CUST9898,Male,57,Electronics,2,338,676
3088,25-11-2023,CUST9083,Male,19,Books,7,498,3486
3089,25-11-2023,CUST4786,Female,57,Clothing,6,187,1122
3090,25-11-2023,CUST4879,Male,43,Groceries,8,173,1384
3091,25-11-2023,CUST5095,Male,27,Electronics,19,386,7334
3092,25-11-2023,CUST2637,Female,53,Books,20,108,2160
3093,25-11-2023,CUST1143,Female,51,Beauty,16,239,3824
3094,25-11-2023,CUST8290,Male,24,Books,16,101,1616
3095,25-11-2023,CUST9923,Male,25,Clothing,8,385,3080
3096,25-11-2023,CUST8171,Female,59,Clothing,13,172,2236
3097,25-11-2023,CUST0983,Male,62,Groceries,12,258,3096
3098,25-11-2023,CUST9623,Male,19,Groceries,13,491,6383
3099,25-11-2023,CUST5431,Female,55,Books,9,74,666
3100,25-11-2023,CUST1352,Female,27,Books,2,117,234
3101,25-11-2023,CUST9902,Female,34,Clothing,17,465,7905
3102,25-11-2023,CUST5666,Female,28,Books,13,193,2509
3103,25-11-2023,CUST2153,Female,20,Books,16,163,2608
3104,25-11-2023,CUST5985,Male,64,Electronics,20,472,9440
3105,25-11-2023,CUST1508,Male,66,Clothing,12,260,3120
3106,25-11-2023,CUST0378,Female,24,Sports,18,478,8604
3107,25-11-2023,CUST6579,Female,26,Groceries,9,134,1206
3108,25-11-2023,CUST8264,Female,27,Electronics,2,37,74
3109,25-11-2023,CUST1679,Female,27,Groceries,20,259,5180
3110,25-11-2023,CUST0423,Male,34,Beauty,8,55,440
3111,25-11-2023,CUST9636,Female,19,Beauty,20,132,2640
3112,25-11-2023,CUST8408,Male,28,Clothing,7,475,3325
3113,25-11-2023,CUST8057,Male,54,Books,12,480,5760
3114,25-11-2023,CUST9011,Male,68,Books,3,147,441
3115,25-11-2023,CUST7541,Male,19,Sports,8,429,3432
3116,25-11-2023,CUST7918,Male,22,Beauty,17,358,6086
3117,25-11-2023,CUST7904,Male,47,Beauty,5,396,1980
3118,25-11-2023,CUST2083,Female,21,Sports,7,47,329
3119,25-11-2023,CUST2358,Female,49,Clothing,7,16,112
3120,25-11-2023,CUST3824,Female,68,Beauty,19,369,7011
3121,25-11-2023,CUST5561,Male,32,Clothing,2,149,298
3122,25-11-2023,CUST7928,Female,32,Beauty,13,393,5109
3123,25-11-2023,CUST2672,Male,26,Groceries,12,449,5388
3124,25-11-2023,CUST6512,Female,32,Groceries,8,182,1456
3125,25-11-2023,CUST3314,Male,50,Clothing,13,453,5889
3126,25-11-2023,CUST5298,Male,19,Beauty,8,373,2984
3127,25-11-2023,CUST6135,Male,55,Clothing,17,368,6256
3128,25-11-2023,CUST6150,Male,52,Beauty,4,52,208
3129,25-11-2023,CUST4007,Female,27,Sports,17,46,782
3130,25-11-2023,CUST1266,Male,34,Groceries,7,157,1099
3131,25-11-2023,CUST4098,Male,50,Clothing,11,209,2299
3132,25-11-2023,CUST0783,Male,47,Books,13,229,2977
3133,25-11-2023,CUST5133,Male,54,Beauty,2,324,648
3134,25-11-2023,CUST4328,Female,66,Groceries,3,129,387
3135,25-11-2023,CUST6667,Female,22,Sports,4,376,1504
3136,25-11-2023,CUST6032,Male,45,Clothing,17,189,3213
3137,25-11-2023,CUST5477,Female,56,Books,11,478,5258
3138,25-11-2023,CUST0343,Female,56,Sports,19,456,8664
3139,25-11-2023,CUST3502,Female,29,Groceries,19,469,8911
3140,25-11-2023,CUST9544,Male,39,Groceries,18,180,3240
3141,25-11-2023,CUST1446,Male,28,Sports,3,491,1473
3142,25-11-2023,CUST1957,Male,50,Books,10,334,3340
3143,25-11-2023,CUST3319,Male,63,Electronics,15,469,7035
3144,25-11-2023,CUST2451,Male,19,Clothing,14,500,7000
3145,25-11-2023,CUST0075,Female,22,Beauty,2,280,560
3146,25-11-2023,CUST7430,Female,40,Sports,13,29,377
3147,25-11-2023,CUST4496,Female,41,Clothing,18,20,360
3148,25-11-2023,CUST6756,Female,18,Groceries,1,223,223
3149,25-11-2023,CUST9161,Male,39,Books,17,347,5899
3150,25-11-2023,CUST1137,Male,62,Electronics,13,298,3874
3151,25-11-2023,CUST5232,Male,23,Groceries,14,74,1036
3152,25-11-2023,CUST5468,Male,66,Groceries,17,209,3553
3153,25-11-2023,CUST9745,Female,23,Groceries,4,116,464
3154,25-11-2023,CUST2944,Male,66,Electronics,10,305,3050
3155,25-11-2023,CUST3921,Female,61,Sports,8,229,1832
3156,25-11-2023,CUST2019,Male,51,Clothing,8,404,3232
3157,25-11-2023,CUST1751,Female,20,Electronics,4,195,780
3158,25-11-2023,CUST0737,Male,23,Sports,18,387,6966
3159,25-11-2023,CUST7607,Female,36,Books,19,299,5681
3160,25-11-2023,CUST6880,Female,63,Electronics,13,485,6305
3161,25-11-2023,CUST1769,Female,30,Clothing,3,41,123
3162,25-11-2023,CUST1182,Male,51,Beauty,11,243,2673
3163,25-11-2023,CUST0452,Female,63,Sports,8,314,2512
3164,25-11-2023,CUST7777,Female,46,Electronics,2,313,626
3165,25-11-2023,CUST8394,Male,62,Groceries,12,185,2220
3166,25-11-2023,CUST0603,Male,40,Electronics,10,425,4250
3167,25-11-2023,CUST1644,Female,66,Electronics,9,479,4311
3168,25-11-2023,CUST2332,Male,49,Beauty,7,278,1946
3169,25-11-2023,CUST3735,Female,36,Sports,9,239,2151
3170,25-11-2023,CUST5490,Female,43,Books,18,184,3312
3171,25-11-2023,CUST8825,Female,49,Books,14,392,5488
3172,25-11-2023,CUST1778,Female,41,Clothing,15,114,1710
3173,25-11-2023,CUST6711,Male,29,Electronics,13,301,3913
3174,25-11-2023,CUST1465,Female,24,Clothing,14,206,2884
3175,25-11-2023,CUST1765,Male,65,Groceries,7,454,3178
3176,25-11-2023,CUST8116,Male,63,Beauty,20,228,4560
3177,25-11-2023,CUST8149,Female,43,Groceries,4,452,1808
3178,25-11-2023,CUST5353,Female,32,Sports,9,387,3483
3179,25-11-2023,CUST5479,Female,52,Groceries,7,94,658
3180,25-11-2023,CUST2595,Female,44,Books,20,212,4240
3181,25-11-2023,CUST9299,Male,30,Sports,13,475,6175
3182,25-11-2023,CUST1895,Female,46,Beauty,12,82,984
3183,25-11-2023,CUST7990,Male,44,Books,10,136,1360
3184,25-11-2023,CUST2616,Female,57,Clothing,18,364,6552
3185,25-11-2023,CUST5792,Male,60,Electronics,5,254,1270
3186,25-11-2023,CUST4439,Male,21,Electronics,13,140,1820
3187,25-11-2023,CUST6093,Male,45,Beauty,12,258,3096
3188,25-11-2023,CUST5212,Female,67,Groceries,16,100,1600
3189,25-11-2023,CUST5983,Female,70,Clothing,17,375,6375
3190,25-11-2023,CUST6264,Female,67,Groceries,15,484,7260
3191,25-11-2023,CUST3997,Male,40,Groceries,5,389,1945
3192,25-11-2023,CUST0402,Male,60,Clothing,18,458,8244
3193,25-11-2023,CUST5984,Female,63,Sports,1,61,61
3194,25-11-2023,CUST5273,Male,34,Beauty,11,26,286
3195,25-11-2023,CUST4169,Male,22,Beauty,10,170,1700
3196,25-11-2023,CUST2382,Female,45,Electronics,5,65,325
3197,25-11-2023,CUST6456,Male,18,Sports,11,487,5357
3198,25-11-2023,CUST8957,Female,66,Books,4,415,1660
3199,25-11-2023,CUST9295,Female,64,Electronics,9,42,378
3200,25-11-2023,CUST1469,Male,68,Books,1,155,155
3201,25-11-2023,CUST8097,Male,48,Sports,6,256,1536
3202,25-11-2023,CUST3405,Female,48,Beauty,4,423,1692
3203,25-11-2023,CUST2781,Male,48,Sports,8,141,1128
3204,25-11-2023,CUST3764,Female,57,Sports,10,467,4670
3205,25-11-2023,CUST5939,Male,19,Sports,17,27,459
3206,25-11-2023,CUST6929,Male,54,Clothing,17,422,7174
3207,25-11-2023,CUST8412,Female,33,Books,17,226,3842
3208,25-11-2023,CUST9059,Male,63,Sports,16,125,2000
3209,25-11-2023,CUST1243,Male,19,Books,9,50,450
3210,25-11-2023,CUST5831,Male,37,Electronics,20,261,5220
3211,25-11-2023,CUST8225,Female,69,Clothing,8,20,160
3212,25-11-2023,CUST8994,Female,23,Beauty,9,482,4338
3213,25-11-2023,CUST0519,Male,49,Beauty,17,187,3179
3214,25-11-2023,CUST2477,Male,20,Electronics,20,136,2720
3215,25-11-2023,CUST5385,Female,63,Groceries,14,441,6174
3216,25-11-2023,CUST1705,Female,32,Clothing,10,71,710
3217,25-11-2023,CUST1315,Female,59,Sports,3,114,342
3218,25-11-2023,CUST1407,Female,43,Clothing,2,405,810
3219,25-11-2023,CUST3724,Male,28,Clothing,10,53,530
3220,25-11-2023,CUST4141,Female,58,Sports,9,86,774
3221,25-11-2023,CUST6090,Female,68,Groceries,20,257,5140
3222,25-11-2023,CUST6020,Male,31,Electronics,2,131,262
3223,25-11-2023,CUST0979,Male,52,Sports,5,173,865
3224,25-11-2023,CUST3022,Female,66,Beauty,6,263,1578
3225,25-11-2023,CUST9172,Female,21,Clothing,16,121,1936
3226,25-11-2023,CUST8655,Male,20,Groceries,6,278,1668
3227,25-11-2023,CUST4186,Female,39,Electronics,8,356,2848
3228,25-11-2023,CUST6900,Male,42,Books,8,37,296
3229,25-11-2023,CUST1290,Female,57,Books,18,183,3294
3230,25-11-2023,CUST2080,Male,68,Clothing,12,177,2124
3231,25-11-2023,CUST3464,Female,63,Beauty,1,189,189
3232,25-11-2023,CUST5332,Female,28,Beauty,4,389,1556
3233,25-11-2023,CUST6259,Female,48,Books,17,375,6375
3234,25-11-2023,CUST9535,Male,44,Clothing,1,339,339
3235,25-11-2023,CUST7329,Male,39,Beauty,12,452,5424
3236,25-11-2023,CUST5891,Male,18,Beauty,12,306,3672
3237,25-11-2023,CUST1485,Male,35,Electronics,13,490,6370
3238,25-11-2023,CUST9355,Female,42,Clothing,13,89,1157
3239,25-11-2023,CUST3383,Female,61,Clothing,8,148,1184
3240,25-11-2023,CUST7023,Male,61,Electronics,1,121,121
3241,25-11-2023,CUST3120,Male,55,Beauty,11,54,594
3242,25-11-2023,CUST4796,Female,52,Books,14,302,4228
3243,25-11-2023,CUST2094,Male,52,Beauty,16,94,1504
3244,25-11-2023,CUST6538,Female,50,Beauty,14,467,6538
3245,25-11-2023,CUST3232,Female,46,Books,20,408,8160
3246,25-11-2023,CUST1157,Male,32,Clothing,7,135,945
3247,25-11-2023,CUST6120,Male,19,Books,14,462,6468
3248,25-11-2023,CUST8955,Male,57,Books,1,219,219
3249,25-11-2023,CUST4275,Female,28,Groceries,13,88,1144
3250,25-11-2023,CUST0517,Male,63,Sports,11,383,4213
3251,25-11-2023,CUST5697,Male,69,Sports,7,293,2051
3252,25-11-2023,CUST9561,Male,63,Sports,6,128,768
3253,25-11-2023,CUST0139,Female,53,Electronics,12,256,3072
3254,25-11-2023,CUST9259,Male,31,Beauty,5,491,2455
3255,25-11-2023,CUST8836,Female,60,Books,1,455,455
3256,25-11-2023,CUST3100,Female,30,Clothing,3,29,87
3257,25-11-2023,CUST4911,Male,57,Clothing,4,454,1816
3258,25-11-2023,CUST3405,Male,48,Beauty,20,63,1260
3259,25-11-2023,CUST2588,Male,19,Electronics,2,39,78
3260,25-11-2023,CUST4595,Female,18,Books,10,163,1630
3261,25-11-2023,CUST6984,Female,45,Clothing,20,480,9600
3262,25-11-2023,CUST4308,Male,60,Clothing,13,465,6045
3263,25-11-2023,CUST2531,Male,22,Sports,7,166,1162
3264,25-11-2023,CUST7056,Female,44,Sports,15,336,5040
3265,25-11-2023,CUST9849,Female,21,Books,13,483,6279
3266,25-11-2023,CUST1208,Male,60,Clothing,13,372,4836
3267,25-11-2023,CUST5258,Male,35,Sports,1,100,100
3268,25-11-2023,CUST3559,Female,42,Books,19,19,361
3269,25-11-2023,CUST1857,Female,22,Groceries,3,486,1458
3270,25-11-2023,CUST9107,Male,29,Groceries,15,317,4755
3271,25-11-2023,CUST1208,Male,44,Clothing,10,226,2260
3272,25-11-2023,CUST4977,Male,57,Clothing,17,375,6375
3273,25-11-2023,CUST8915,Female,40,Books,3,233,699
3274,25-11-2023,CUST1911,Female,22,Books,16,357,5712
3275,25-11-2023,CUST1740,Female,39,Electronics,20,55,1100
3276,25-11-2023,CUST6517,Male,68,Electronics,7,172,1204
3277,25-11-2023,CUST7375,Male,69,Groceries,20,200,4000
3278,25-11-2023,CUST2036,Female,48,Electronics,5,289,1445
3279,25-11-2023,CUST1216,Male,57,Books,3,217,651
3280,25-11-2023,CUST2120,Female,30,Sports,18,30,540
3281,25-11-2023,CUST9149,Female,35,Groceries,16,176,2816
3282,25-11-2023,CUST7578,Female,68,Books,10,432,4320
3283,25-11-2023,CUST2368,Male,53,Clothing,7,359,2513
3284,25-11-2023,CUST9056,Female,41,Sports,5,83,415
3285,25-11-2023,CUST6082,Male,43,Electronics,6,197,1182
3286,25-11-2023,CUST9985,Female,28,Beauty,7,441,3087
3287,25-11-2023,CUST4322,Female,67,Clothing,18,377,6786
3288,25-11-2023,CUST3615,Male,68,Clothing,10,412,4120
3289,25-11-2023,CUST8116,Male,42,Books,7,102,714
3290,25-11-2023,CUST7304,Male,63,Sports,14,450,6300
3291,25-11-2023,CUST4471,Female,28,Electronics,18,251,4518
3292,25-11-2023,CUST2346,Female,20,Electronics,20,266,5320
3293,25-11-2023,CUST9821,Male,40,Clothing,4,487,1948
3294,25-11-2023,CUST0016,Female,29,Clothing,5,346,1730
3295,25-11-2023,CUST6796,Female,18,Beauty,11,316,3476
3296,25-11-2023,CUST5995,Male,46,Electronics,6,159,954
3297,25-11-2023,CUST5522,Male,44,Groceries,8,289,2312
3298,25-11-2023,CUST1605,Female,54,Sports,4,354,1416
3299,25-11-2023,CUST2936,Female,63,Clothing,5,145,725
3300,25-11-2023,CUST3558,Male,40,Sports,3,216,648
3301,25-11-2023,CUST1166,Male,47,Beauty,1,414,414
3302,25-11-2023,CUST2369,Male,48,Beauty,3,90,270
3303,25-11-2023,CUST7991,Male,61,Books,4,10,40
3304,25-11-2023,CUST1268,Female,40,Groceries,14,16,224
3305,25-11-2023,CUST8498,Male,29,Clothing,6,210,1260
3306,25-11-2023,CUST7898,Female,54,Electronics,17,27,459
3307,25-11-2023,CUST7622,Female,40,Sports,2,487,974
3308,25-11-2023,CUST0247,Female,37,Groceries,6,179,1074
3309,25-11-2023,CUST5339,Male,50,Groceries,9,24,216
3310,25-11-2023,CUST9801,Male,55,Groceries,9,177,1593
3311,25-11-2023,CUST9339,Female,46,Electronics,11,274,3014
3312,25-11-2023,CUST7741,Female,24,Groceries,2,256,512
3313,25-11-2023,CUST7135,Female,50,Electronics,1,415,415
3314,25-11-2023,CUST6191,Female,38,Electronics,1,36,36
3315,25-11-2023,CUST2618,Male,50,Beauty,7,395,2765
3316,25-11-2023,CUST2420,Female,36,Groceries,1,455,455
3317,25-11-2023,CUST5888,Female,64,Books,16,301,4816
3318,25-11-2023,CUST2140,Female,53,Books,10,413,4130
3319,25-11-2023,CUST8418,Female,20,Clothing,8,203,1624
3320,25-11-2023,CUST7446,Female,56,Groceries,5,253,1265
3321,25-11-2023,CUST2110,Female,52,Books,9,82,738
3322,25-11-2023,CUST5869,Male,70,Electronics,19,436,8284
3323,25-11-2023,CUST8845,Male,28,Beauty,17,329,5593
3324,25-11-2023,CUST5431,Male,38,Electronics,7,345,2415
3325,25-11-2023,CUST5190,Male,57,Beauty,5,478,2390
3326,25-11-2023,CUST1983,Female,26,Clothing,12,26,312
3327,25-11-2023,CUST9878,Male,45,Clothing,4,434,1736
3328,25-11-2023,CUST6005,Male,24,Clothing,19,473,8987
3329,25-11-2023,CUST7266,Male,41,Beauty,10,85,850
3330,25-11-2023,CUST2825,Female,23,Beauty,9,84,756
3331,25-11-2023,CUST9958,Female,57,Books,8,456,3648
3332,25-11-2023,CUST8477,Female,54,Groceries,5,347,1735
3333,25-11-2023,CUST2252,Male,33,Groceries,1,378,378
3334,25-11-2023,CUST0706,Female,48,Electronics,12,414,4968
3335,25-11-2023,CUST7877,Male,37,Books,6,492,2952
3336,25-11-2023,CUST3433,Female,24,Beauty,8,127,1016
3337,25-11-2023,CUST9407,Male,27,Electronics,9,108,972
3338,25-11-2023,CUST2340,Female,29,Books,20,313,6260
3339,25-11-2023,CUST7541,Male,53,Beauty,20,411,8220
3340,25-11-2023,CUST5326,Female,68,Groceries,17,320,5440
3341,25-11-2023,CUST8529,Male,33,Sports,10,472,4720
3342,25-11-2023,CUST6175,Male,31,Clothing,19,18,342
3343,25-11-2023,CUST7374,Female,42,Beauty,10,162,1620
3344,25-11-2023,CUST3559,Female,30,Books,16,297,4752
3345,25-11-2023,CUST6892,Male,46,Electronics,2,30,60
3346,25-11-2023,CUST8434,Male,37,Beauty,4,55,220
3347,25-11-2023,CUST3392,Female,42,Beauty,6,181,1086
3348,25-11-2023,CUST7951,Male,30,Electronics,11,152,1672
3349,25-11-2023,CUST8298,Male,37,Electronics,16,353,5648
3350,25-11-2023,CUST9266,Male,58,Beauty,20,222,4440
3351,25-11-2023,CUST5239,Female,23,Clothing,18,225,4050
3352,25-11-2023,CUST3414,Female,54,Beauty,5,265,1325
3353,25-11-2023,CUST8754,Female,25,Beauty,8,486,3888
3354,25-11-2023,CUST1301,Male,24,Books,5,155,775
3355,25-11-2023,CUST4124,Female,39,Beauty,19,172,3268
3356,25-11-2023,CUST5690,Male,50,Beauty,4,12,48
3357,25-11-2023,CUST0211,Male,22,Electronics,2,422,844
3358,25-11-2023,CUST4435,Female,37,Groceries,7,149,1043
3359,25-11-2023,CUST2958,Male,36,Clothing,7,229,1603
3360,25-11-2023,CUST2841,Male,46,Beauty,3,105,315
3361,25-11-2023,CUST8285,Male,68,Sports,10,432,4320
3362,25-11-2023,CUST1315,Male,18,Beauty,11,197,2167
3363,25-11-2023,CUST2127,Female,36,Electronics,5,242,1210
3364,25-11-2023,CUST0511,Female,38,Clothing,9,418,3762
3365,25-11-2023,CUST7631,Female,47,Sports,2,312,624
3366,25-11-2023,CUST0579,Female,66,Clothing,9,200,1800
3367,25-11-2023,CUST9067,Male,61,Beauty,16,335,5360
3368,25-11-2023,CUST9194,Male,27,Electronics,8,480,3840
3369,25-11-2023,CUST0874,Female,38,Groceries,13,154,2002
3370,25-11-2023,CUST7166,Male,40,Groceries,17,101,1717
3371,25-11-2023,CUST1357,Male,40,Beauty,14,290,4060
3372,25-11-2023,CUST9721,Female,67,Electronics,18,414,7452
3373,25-11-2023,CUST4081,Female,52,Electronics,2,55,110
3374,25-11-2023,CUST8655,Female,70,Beauty,6,24,144
3375,25-11-2023,CUST6139,Male,31,Beauty,2,246,492
3376,25-11-2023,CUST8290,Female,70,Books,17,132,2244
3377,25-11-2023,CUST4277,Male,37,Beauty,1,81,81
3378,25-11-2023,CUST8449,Female,54,Beauty,11,331,3641
3379,25-11-2023,CUST5384,Male,25,Clothing,9,378,3402
3380,25-11-2023,CUST4976,Female,48,Sports,16,12,192
3381,25-11-2023,CUST1984,Male,32,Clothing,9,126,1134
3382,25-11-2023,CUST1894,Female,23,Sports,11,279,3069
3383,25-11-2023,CUST4318,Female,39,Groceries,20,86,1720
3384,25-11-2023,CUST3980,Female,64,Sports,13,289,3757
3385,25-11-2023,CUST4179,Female,65,Books,13,50,650
3386,25-11-2023,CUST1985,Female,40,Beauty,2,410,820
3387,25-11-2023,CUST1892,Female,63,Sports,4,202,808
3388,25-11-2023,CUST9414,Male,50,Electronics,6,466,2796
3389,25-11-2023,CUST6105,Female,35,Books,3,281,843
3390,25-11-2023,CUST8201,Female,40,Electronics,15,229,3435
3391,25-11-2023,CUST2882,Female,70,Clothing,12,234,2808
3392,25-11-2023,CUST9365,Male,20,Sports,18,421,7578
3393,25-11-2023,CUST4345,Female,33,Sports,18,61,1098
3394,25-11-2023,CUST3586,Female,65,Books,9,308,2772
3395,25-11-2023,CUST9909,Female,52,Beauty,5,436,2180
3396,25-11-2023,CUST8714,Female,44,Sports,12,213,2556
3397,25-11-2023,CUST0898,Male,68,Beauty,4,452,1808
3398,25-11-2023,CUST1505,Male,53,Groceries,20,117,2340
3399,25-11-2023,CUST8140,Male,40,Books,2,63,126
3400,25-11-2023,CUST4833,Male,24,Groceries,11,79,869
3401,25-11-2023,CUST5474,Female,23,Clothing,5,202,1010
3402,25-11-2023,CUST1082,Female,68,Clothing,1,256,256
3403,25-11-2023,CUST0307,Male,51,Sports,17,54,918
3404,25-11-2023,CUST9524,Female,23,Beauty,3,240,720
3405,25-11-2023,CUST1158,Female,32,Books,4,420,1680
3406,25-11-2023,CUST1815,Male,48,Sports,10,188,1880
3407,25-11-2023,CUST9928,Male,24,Clothing,14,461,6454
3408,25-11-2023,CUST6424,Male,18,Electronics,12,485,5820
3409,25-11-2023,CUST8903,Female,20,Clothing,11,422,4642
3410,25-11-2023,CUST1972,Female,67,Groceries,3,257,771
3411,25-11-2023,CUST9959,Female,68,Sports,17,429,7293
3412,25-11-2023,CUST6821,Male,59,Groceries,2,475,950
3413,25-11-2023,CUST8935,Female,48,Groceries,14,244,3416
3414,25-11-2023,CUST7285,Male,65,Books,15,329,4935
3415,25-11-2023,CUST9776,Male,40,Electronics,10,199,1990
3416,25-11-2023,CUST6880,Female,30,Clothing,12,211,2532
3417,25-11-2023,CUST2264,Female,28,Beauty,16,206,3296
3418,25-11-2023,CUST8765,Female,39,Electronics,18,369,6642
3419,25-11-2023,CUST3958,Female,68,Sports,1,259,259
3420,25-11-2023,CUST7990,Female,45,Groceries,18,213,3834
3421,25-11-2023,CUST0637,Male,50,Electronics,11,39,429
3422,25-11-2023,CUST4537,Male,65,Clothing,15,90,1350
3423,25-11-2023,CUST0737,Female,29,Clothing,1,126,126
3424,25-11-2023,CUST0113,Male,38,Clothing,9,478,4302
3425,25-11-2023,CUST9868,Male,57,Books,17,268,4556
3426,25-11-2023,CUST6826,Female,30,Sports,6,243,1458
3427,25-11-2023,CUST3112,Male,34,Beauty,19,34,646
3428,25-11-2023,CUST8117,Female,58,Sports,8,82,656
3429,25-11-2023,CUST7074,Male,69,Books,11,403,4433
3430,25-11-2023,CUST5900,Female,33,Electronics,9,240,2160
3431,25-11-2023,CUST2340,Female,31,Clothing,20,347,6940
3432,25-11-2023,CUST9870,Female,25,Beauty,3,130,390
3433,25-11-2023,CUST2587,Male,29,Groceries,13,40,520
3434,25-11-2023,CUST7113,Male,39,Groceries,19,427,8113
3435,25-11-2023,CUST2551,Female,52,Clothing,9,480,4320
3436,25-11-2023,CUST9750,Female,54,Beauty,6,397,2382
3437,25-11-2023,CUST3560,Female,60,Beauty,5,50,250
3438,25-11-2023,CUST2551,Male,49,Electronics,4,301,1204
3439,25-11-2023,CUST0114,Male,57,Clothing,8,307,2456
3440,25-11-2023,CUST5142,Male,30,Sports,19,59,1121
3441,25-11-2023,CUST9282,Female,41,Electronics,7,291,2037
3442,25-11-2023,CUST9730,Female,51,Electronics,5,108,540
3443,25-11-2023,CUST6166,Male,52,Sports,4,320,1280
3444,25-11-2023,CUST9438,Male,66,Sports,12,326,3912
3445,25-11-2023,CUST8865,Female,41,Books,4,191,764
3446,25-11-2023,CUST4128,Female,62,Books,8,487,3896
3447,25-11-2023,CUST6462,Male,48,Clothing,4,428,1712
3448,25-11-2023,CUST3156,Female,23,Electronics,17,347,5899
3449,25-11-2023,CUST7250,Male,21,Sports,12,393,4716
3450,25-11-2023,CUST5402,Male,69,Clothing,8,321,2568
3451,25-11-2023,CUST4338,Female,63,Sports,3,185,555
3452,25-11-2023,CUST6851,Female,49,Clothing,18,31,558
3453,25-11-2023,CUST4534,Male,46,Sports,3,33,99
3454,25-11-2023,CUST3631,Male,30,Electronics,8,83,664
3455,25-11-2023,CUST4325,Female,56,Beauty,8,111,888
3456,25-11-2023,CUST8096,Male,33,Electronics,18,385,6930
3457,25-11-2023,CUST9872,Female,49,Clothing,13,209,2717
3458,25-11-2023,CUST4330,Female,57,Electronics,14,449,6286
3459,25-11-2023,CUST5928,Male,38,Beauty,19,93,1767
3460,25-11-2023,CUST4897,Male,39,Books,5,129,645
3461,25-11-2023,CUST1510,Male,56,Clothing,14,108,1512
3462,25-11-2023,CUST3779,Male,24,Beauty,16,63,1008
3463,25-11-2023,CUST9084,Female,67,Beauty,16,476,7616
3464,25-11-2023,CUST1273,Female,30,Electronics,6,299,1794
3465,25-11-2023,CUST9866,Male,24,Beauty,3,60,180
3466,25-11-2023,CUST0220,Female,36,Beauty,4,305,1220
3467,25-11-2023,CUST4466,Female,31,Electronics,6,430,2580
3468,25-11-2023,CUST5264,Male,63,Clothing,13,29,377
3469,25-11-2023,CUST7853,Female,28,Groceries,6,297,1782
3470,25-11-2023,CUST3812,Female,29,Beauty,1,96,96
3471,25-11-2023,CUST7362,Male,27,Groceries,8,389,3112
3472,25-11-2023,CUST5341,Male,70,Clothing,13,471,6123
3473,25-11-2023,CUST5500,Male,67,Electronics,12,334,4008
3474,25-11-2023,CUST2287,Male,42,Clothing,13,149,1937
3475,25-11-2023,CUST7712,Male,18,Books,7,337,2359
3476,25-11-2023,CUST9197,Female,44,Electronics,6,293,1758
3477,25-11-2023,CUST3978,Female,37,Sports,18,56,1008
3478,25-11-2023,CUST7736,Male,36,Clothing,18,227,4086
3479,25-11-2023,CUST9186,Female,46,Clothing,6,317,1902
3480,25-11-2023,CUST1371,Female,37,Beauty,10,119,1190
3481,25-11-2023,CUST8729,Male,54,Sports,2,62,124
3482,25-11-2023,CUST4706,Female,54,Electronics,12,166,1992
3483,25-11-2023,CUST7647,Female,44,Books,10,492,4920
3484,25-11-2023,CUST9715,Male,38,Clothing,14,87,1218
3485,25-11-2023,CUST9139,Male,46,Electronics,11,103,1133
3486,25-11-2023,CUST7024,Female,19,Beauty,4,57,228
3487,25-11-2023,CUST9811,Female,64,Beauty,17,321,5457
3488,25-11-2023,CUST1449,Male,43,Beauty,15,226,3390
3489,25-11-2023,CUST3020,Male,62,Electronics,5,374,1870
3490,25-11-2023,CUST2431,Female,45,Clothing,11,196,2156
3491,25-11-2023,CUST0641,Female,25,Sports,19,427,8113
3492,25-11-2023,CUST7061,Male,33,Clothing,8,41,328
3493,25-11-2023,CUST2045,Female,57,Books,1,415,415
3494,25-11-2023,CUST4889,Female,28,Groceries,3,432,1296
3495,25-11-2023,CUST4920,Male,20,Clothing,10,488,4880
3496,25-11-2023,CUST9133,Female,33,Electronics,1,381,381
3497,25-11-2023,CUST5949,Female,37,Electronics,9,245,2205
3498,25-11-2023,CUST9362,Female,45,Electronics,6,74,444
3499,25-11-2023,CUST4680,Female,27,Groceries,7,452,3164
3500,25-11-2023,CUST0419,Female,65,Beauty,11,172,1892
3501,25-11-2023,CUST9231,Male,40,Groceries,18,269,4842
3502,25-11-2023,CUST4403,Male,64,Groceries,15,459,6885
3503,25-11-2023,CUST8347,Male,52,Beauty,2,263,526
3504,25-11-2023,CUST9154,Male,45,Sports,6,59,354
3505,25-11-2023,CUST9255,Female,59,Sports,13,314,4082
3506,25-11-2023,CUST6952,Female,47,Books,17,450,7650
3507,25-11-2023,CUST9804,Male,41,Books,2,466,932
3508,25-11-2023,CUST9752,Male,39,Books,1,50,50
3509,25-11-2023,CUST1859,Female,50,Books,15,42,630
3510,25-11-2023,CUST2921,Male,54,Sports,4,326,1304
3511,25-11-2023,CUST6543,Male,58,Beauty,7,220,1540
3512,25-11-2023,CUST9690,Female,62,Books,19,343,6517
3513,25-11-2023,CUST0554,Female,34,Clothing,4,469,1876
3514,25-11-2023,CUST4257,Male,29,Books,9,116,1044
3515,25-11-2023,CUST4687,Male,43,Clothing,20,59,1180
3516,25-11-2023,CUST9833,Female,64,Groceries,12,105,1260
3517,25-11-2023,CUST6799,Female,52,Groceries,9,246,2214
3518,25-11-2023,CUST9587,Male,45,Electronics,11,10,110
3519,25-11-2023,CUST8320,Male,56,Sports,18,186,3348
3520,25-11-2023,CUST3479,Female,41,Electronics,7,123,861
3521,25-11-2023,CUST7570,Female,62,Sports,6,437,2622
3522,25-11-2023,CUST1117,Male,43,Electronics,20,436,8720
3523,25-11-2023,CUST2178,Male,29,Groceries,4,278,1112
3524,25-11-2023,CUST6542,Male,43,Electronics,4,272,1088
3525,25-11-2023,CUST5832,Male,70,Electronics,20,302,6040
3526,25-11-2023,CUST0770,Female,37,Books,13,124,1612
3527,25-11-2023,CUST2566,Male,31,Beauty,4,218,872
3528,25-11-2023,CUST4131,Female,40,Groceries,10,261,2610
3529,25-11-2023,CUST0068,Male,31,Clothing,5,276,1380
3530,25-11-2023,CUST6748,Female,21,Groceries,12,391,4692
3531,25-11-2023,CUST9395,Female,20,Books,4,248,992
3532,25-11-2023,CUST6797,Male,64,Books,15,474,7110
3533,25-11-2023,CUST4473,Male,35,Groceries,2,180,360
3534,25-11-2023,CUST7247,Male,60,Books,15,460,6900
3535,25-11-2023,CUST3578,Female,20,Electronics,2,374,748
3536,25-11-2023,CUST3879,Male,24,Groceries,4,421,1684
3537,25-11-2023,CUST5627,Female,57,Clothing,12,187,2244
3538,25-11-2023,CUST0893,Female,33,Books,12,184,2208
3539,25-11-2023,CUST6057,Female,38,Groceries,15,59,885
3540,25-11-2023,CUST4005,Male,20,Groceries,15,353,5295
3541,25-11-2023,CUST7448,Male,41,Groceries,13,129,1677
3542,25-11-2023,CUST6468,Female,22,Groceries,20,256,5120
3543,25-11-2023,CUST5669,Female,54,Electronics,3,450,1350
3544,25-11-2023,CUST2304,Male,52,Groceries,8,46,368
3545,25-11-2023,CUST6919,Male,30,Books,11,285,3135
3546,25-11-2023,CUST2506,Male,20,Electronics,16,364,5824
3547,25-11-2023,CUST3831,Female,66,Beauty,9,120,1080
3548,25-11-2023,CUST1251,Male,22,Groceries,6,194,1164
3549,25-11-2023,CUST2654,Male,44,Books,17,337,5729
3550,25-11-2023,CUST6289,Male,48,Books,16,323,5168
3551,25-11-2023,CUST9612,Male,46,Groceries,1,202,202
3552,25-11-2023,CUST5915,Male,32,Groceries,9,327,2943
3553,25-11-2023,CUST4934,Male,69,Groceries,9,494,4446
3554,25-11-2023,CUST2529,Male,69,Clothing,18,16,288
3555,25-11-2023,CUST4605,Male,33,Beauty,11,355,3905
3556,25-11-2023,CUST2995,Female,38,Groceries,17,26,442
3557,25-11-2023,CUST4643,Female,65,Electronics,7,271,1897
3558,25-11-2023,CUST6105,Female,47,Clothing,18,35,630
3559,25-11-2023,CUST1801,Male,59,Electronics,16,24,384
3560,25-11-2023,CUST1938,Male,37,Electronics,8,455,3640
3561,25-11-2023,CUST3771,Female,53,Books,17,453,7701
3562,25-11-2023,CUST8924,Male,62,Groceries,10,342,3420
3563,25-11-2023,CUST1438,Female,23,Electronics,20,197,3940
3564,25-11-2023,CUST1076,Female,47,Groceries,12,417,5004
3565,25-11-2023,CUST7120,Female,26,Beauty,14,62,868
3566,25-11-2023,CUST6293,Male,53,Electronics,5,23,115
3567,25-11-2023,CUST8677,Female,30,Electronics,17,382,6494
3568,25-11-2023,CUST5302,Male,56,Electronics,11,46,506
3569,25-11-2023,CUST4016,Male,35,Beauty,18,145,2610
3570,25-11-2023,CUST5299,Female,46,Sports,1,296,296
3571,25-11-2023,CUST7889,Female,59,Electronics,8,280,2240
3572,25-11-2023,CUST0837,Female,39,Electronics,19,165,3135
3573,25-11-2023,CUST2245,Female,67,Clothing,3,232,696
3574,25-11-2023,CUST8174,Female,26,Clothing,20,292,5840
3575,25-11-2023,CUST7747,Female,27,Groceries,6,120,720
3576,25-11-2023,CUST9988,Male,57,Beauty,1,250,250
3577,25-11-2023,CUST9588,Female,60,Clothing,8,136,1088
3578,25-11-2023,CUST4795,Male,52,Sports,4,149,596
3579,25-11-2023,CUST4481,Female,29,Beauty,9,220,1980
3580,25-11-2023,CUST0029,Female,55,Groceries,3,463,1389
3581,25-11-2023,CUST1623,Male,21,Sports,4,248,992
3582,25-11-2023,CUST1598,Female,64,Books,10,439,4390
3583,25-11-2023,CUST6200,Female,66,Clothing,7,244,1708
3584,25-11-2023,CUST1609,Male,67,Clothing,5,71,355
3585,25-11-2023,CUST1930,Male,29,Beauty,9,191,1719
3586,25-11-2023,CUST3863,Female,51,Groceries,5,19,95
3587,25-11-2023,CUST2133,Female,29,Beauty,3,70,210
3588,25-11-2023,CUST8412,Female,33,Beauty,1,402,402
3589,25-11-2023,CUST1799,Female,22,Beauty,7,25,175
3590,25-11-2023,CUST3471,Female,61,Books,18,180,3240
3591,25-11-2023,CUST4853,Female,63,Sports,9,387,3483
3592,25-11-2023,CUST0014,Female,19,Electronics,16,33,528
3593,25-11-2023,CUST4957,Male,32,Sports,7,83,581
3594,25-11-2023,CUST1275,Male,19,Beauty,17,153,2601
3595,25-11-2023,CUST1150,Female,52,Clothing,20,87,1740
3596,25-11-2023,CUST3581,Male,50,Sports,2,92,184
3597,25-11-2023,CUST9282,Male,70,Sports,14,135,1890
3598,25-11-2023,CUST9809,Male,28,Groceries,4,118,472
3599,25-11-2023,CUST1996,Male,34,Groceries,15,247,3705
3600,25-11-2023,CUST2637,Male,62,Beauty,11,320,3520
3601,25-11-2023,CUST2099,Female,19,Sports,20,76,1520
3602,25-11-2023,CUST3506,Male,41,Books,10,54,540
3603,25-11-2023,CUST4828,Male,36,Clothing,16,312,4992
3604,25-11-2023,CUST8926,Male,35,Beauty,17,339,5763
3605,25-11-2023,CUST6436,Female,27,Groceries,6,28,168
3606,25-11-2023,CUST9261,Male,44,Sports,8,431,3448
3607,25-11-2023,CUST5912,Female,26,Books,1,493,493
3608,25-11-2023,CUST3217,Female,35,Clothing,13,22,286
3609,25-11-2023,CUST7657,Male,55,Sports,14,196,2744
3610,25-11-2023,CUST1100,Male,42,Clothing,1,239,239
3611,25-11-2023,CUST0823,Male,56,Groceries,2,375,750
3612,25-11-2023,CUST2866,Female,67,Groceries,17,118,2006
3613,25-11-2023,CUST9119,Male,42,Clothing,14,302,4228
3614,25-11-2023,CUST3454,Female,55,Electronics,10,131,1310
3615,25-11-2023,CUST6710,Male,45,Sports,6,427,2562
3616,25-11-2023,CUST2898,Female,51,Electronics,13,110,1430
3617,25-11-2023,CUST6255,Male,35,Electronics,6,356,2136
3618,25-11-2023,CUST0515,Female,55,Clothing,2,402,804
3619,25-11-2023,CUST4076,Male,45,Groceries,10,165,1650
3620,25-11-2023,CUST9806,Male,51,Electronics,14,46,644
3621,25-11-2023,CUST3700,Male,56,Sports,15,169,2535
3622,25-11-2023,CUST0282,Male,28,Groceries,12,139,1668
3623,25-11-2023,CUST4914,Male,52,Clothing,11,90,990
3624,25-11-2023,CUST4508,Female,63,Clothing,20,53,1060
3625,25-11-2023,CUST1002,Female,57,Clothing,8,179,1432
3626,25-11-2023,CUST7580,Male,52,Groceries,12,293,3516
3627,25-11-2023,CUST3413,Male,56,Groceries,2,360,720
3628,25-11-2023,CUST5601,Female,37,Beauty,9,412,3708
3629,25-11-2023,CUST9887,Male,40,Electronics,9,117,1053
3630,25-11-2023,CUST1520,Male,70,Clothing,20,401,8020
3631,25-11-2023,CUST1716,Male,31,Books,2,21,42
3632,25-11-2023,CUST1865,Male,45,Electronics,8,334,2672
3633,25-11-2023,CUST8086,Female,57,Books,8,272,2176
3634,25-11-2023,CUST5268,Female,47,Sports,17,84,1428
3635,25-11-2023,CUST2326,Female,37,Sports,7,211,1477
3636,25-11-2023,CUST5025,Female,28,Groceries,3,370,1110
3637,25-11-2023,CUST5880,Male,54,Beauty,10,247,2470
3638,25-11-2023,CUST7851,Female,66,Beauty,1,420,420
3639,25-11-2023,CUST7101,Female,18,Electronics,9,154,1386
3640,25-11-2023,CUST1905,Female,63,Clothing,8,209,1672
3641,25-11-2023,CUST3851,Female,66,Clothing,18,67,1206
3642,25-11-2023,CUST8175,Female,52,Books,7,169,1183
3643,25-11-2023,CUST9219,Female,18,Sports,9,73,657
3644,25-11-2023,CUST3560,Female,44,Beauty,1,166,166
3645,25-11-2023,CUST3828,Male,20,Beauty,10,24,240
3646,25-11-2023,CUST4228,Female,50,Books,10,160,1600
3647,25-11-2023,CUST5468,Male,49,Books,13,128,1664
3648,25-11-2023,CUST2893,Male,32,Clothing,16,258,4128
3649,25-11-2023,CUST9793,Female,63,Sports,11,368,4048
3650,25-11-2023,CUST9057,Female,32,Groceries,10,382,3820
3651,25-11-2023,CUST9246,Female,41,Beauty,9,450,4050
3652,25-11-2023,CUST3844,Male,40,Clothing,17,396,6732
3653,25-11-2023,CUST2139,Male,59,Books,3,400,1200
3654,25-11-2023,CUST5013,Male,64,Beauty,12,171,2052
3655,25-11-2023,CUST5585,Female,26,Electronics,15,423,6345
3656,25-11-2023,CUST9662,Male,35,Groceries,2,20,40
3657,25-11-2023,CUST6367,Male,33,Clothing,10,418,4180
3658,25-11-2023,CUST6268,Male,60,Clothing,15,99,1485
3659,25-11-2023,CUST1750,Male,43,Books,20,386,7720
3660,25-11-2023,CUST8141,Female,66,Sports,9,423,3807
3661,25-11-2023,CUST0953,Male,30,Groceries,5,221,1105
3662,25-11-2023,CUST6647,Female,70,Groceries,8,233,1864
3663,25-11-2023,CUST5148,Male,60,Beauty,6,302,1812
3664,25-11-2023,CUST6505,Female,58,Electronics,12,127,1524
3665,25-11-2023,CUST9148,Male,30,Books,20,228,4560
3666,25-11-2023,CUST8134,Male,19,Groceries,13,161,2093
3667,25-11-2023,CUST4504,Female,45,Sports,7,499,3493
3668,25-11-2023,CUST6330,Male,41,Books,19,385,7315
3669,25-11-2023,CUST6068,Female,46,Clothing,19,439,8341
3670,25-11-2023,CUST1154,Female,54,Sports,14,115,1610
3671,25-11-2023,CUST5433,Male,39,Books,15,490,7350
3672,25-11-2023,CUST9111,Female,25,Electronics,8,318,2544
3673,25-11-2023,CUST9696,Male,38,Sports,3,68,204
3674,25-11-2023,CUST6953,Female,51,Books,13,47,611
3675,25-11-2023,CUST5699,Female,39,Electronics,14,272,3808
3676,25-11-2023,CUST7196,Male,24,Clothing,5,192,960
3677,25-11-2023,CUST5977,Female,19,Sports,11,175,1925
3678,25-11-2023,CUST7618,Male,39,Electronics,14,319,4466
3679,25-11-2023,CUST2834,Male,32,Groceries,6,204,1224
3680,25-11-2023,CUST2677,Male,53,Electronics,17,204,3468
3681,25-11-2023,CUST1275,Female,41,Beauty,13,467,6071
3682,25-11-2023,CUST3862,Male,70,Beauty,1,333,333
3683,25-11-2023,CUST2983,Female,65,Clothing,4,65,260
3684,25-11-2023,CUST0391,Male,31,Electronics,8,273,2184
3685,25-11-2023,CUST6336,Male,23,Books,11,133,1463
3686,25-11-2023,CUST7874,Male,45,Sports,13,396,5148
3687,25-11-2023,CUST1954,Male,66,Electronics,18,295,5310
3688,25-11-2023,CUST4598,Female,62,Sports,9,353,3177
3689,25-11-2023,CUST9145,Male,57,Beauty,7,407,2849
3690,25-11-2023,CUST0472,Male,66,Clothing,5,374,1870
3691,25-11-2023,CUST8069,Male,51,Beauty,2,345,690
3692,25-11-2023,CUST2419,Female,53,Clothing,7,411,2877
3693,25-11-2023,CUST3353,Female,41,Groceries,2,322,644
3694,25-11-2023,CUST7255,Female,45,Books,12,212,2544
3695,25-11-2023,CUST4915,Female,67,Groceries,5,465,2325
3696,25-11-2023,CUST7321,Female,34,Clothing,4,487,1948
3697,25-11-2023,CUST8524,Male,63,Groceries,20,149,2980
3698,25-11-2023,CUST0757,Male,55,Electronics,14,324,4536
3699,25-11-2023,CUST0361,Female,35,Clothing,8,494,3952
3700,25-11-2023,CUST7686,Female,60,Groceries,5,19,95
3701,25-11-2023,CUST5737,Female,60,Beauty,15,237,3555
3702,25-11-2023,CUST3630,Male,68,Electronics,6,38,228
3703,25-11-2023,CUST5544,Female,60,Books,15,428,6420
3704,25-11-2023,CUST0960,Male,56,Clothing,19,494,9386
3705,25-11-2023,CUST1870,Female,43,Groceries,15,423,6345
3706,25-11-2023,CUST8851,Female,23,Electronics,3,184,552
3707,25-11-2023,CUST3272,Female,67,Beauty,11,495,5445
3708,25-11-2023,CUST1034,Female,63,Electronics,8,37,296
3709,25-11-2023,CUST9853,Male,18,Groceries,3,229,687
3710,25-11-2023,CUST4762,Male,25,Beauty,1,424,424
3711,25-11-2023,CUST8117,Female,39,Electronics,14,29,406
3712,25-11-2023,CUST9819,Female,50,Electronics,14,285,3990
3713,25-11-2023,CUST8040,Female,60,Clothing,4,315,1260
3714,25-11-2023,CUST7072,Female,29,Books,18,472,8496
3715,25-11-2023,CUST2208,Male,21,Clothing,7,387,2709
3716,25-11-2023,CUST9505,Male,40,Beauty,10,423,4230
3717,25-11-2023,CUST1410,Female,70,Beauty,18,282,5076
3718,25-11-2023,CUST0300,Female,20,Books,6,405,2430
3719,25-11-2023,CUST1261,Male,54,Electronics,5,468,2340
3720,25-11-2023,CUST4167,Female,45,Beauty,7,226,1582
3721,25-11-2023,CUST0453,Male,20,Groceries,14,106,1484
3722,25-11-2023,CUST8518,Female,50,Books,4,324,1296
3723,25-11-2023,CUST4475,Male,66,Books,17,343,5831
3724,25-11-2023,CUST3552,Female,32,Clothing,3,262,786
3725,25-11-2023,CUST1983,Male,62,Groceries,11,194,2134
3726,25-11-2023,CUST8471,Male,57,Beauty,17,335,5695
3727,25-11-2023,CUST3950,Female,26,Beauty,9,265,2385
3728,25-11-2023,CUST5721,Female,51,Sports,1,444,444
3729,25-11-2023,CUST5951,Female,51,Groceries,16,429,6864
3730,25-11-2023,CUST1543,Male,50,Clothing,5,37,185
3731,25-11-2023,CUST0666,Male,59,Sports,7,434,3038
3732,25-11-2023,CUST5575,Female,51,Clothing,13,293,3809
3733,25-11-2023,CUST7854,Male,65,Books,14,136,1904
3734,25-11-2023,CUST5157,Male,57,Clothing,14,350,4900
3735,25-11-2023,CUST9698,Female,40,Electronics,1,171,171
3736,25-11-2023,CUST0690,Male,28,Sports,16,357,5712
3737,25-11-2023,CUST6569,Female,48,Clothing,4,360,1440
3738,25-11-2023,CUST0548,Male,70,Beauty,13,347,4511
3739,25-11-2023,CUST8396,Female,62,Clothing,14,83,1162
3740,25-11-2023,CUST4899,Female,26,Electronics,6,319,1914
3741,25-11-2023,CUST0619,Female,24,Electronics,13,243,3159
3742,25-11-2023,CUST5531,Male,33,Clothing,2,333,666
3743,25-11-2023,CUST8927,Female,58,Books,11,226,2486
3744,25-11-2023,CUST0126,Female,47,Sports,6,377,2262
3745,25-11-2023,CUST6961,Female,24,Groceries,7,475,3325
3746,25-11-2023,CUST2252,Female,19,Clothing,10,35,350
3747,25-11-2023,CUST9605,Male,48,Beauty,7,170,1190
3748,25-11-2023,CUST2120,Male,53,Groceries,9,227,2043
3749,25-11-2023,CUST9809,Female,54,Books,10,291,2910
3750,25-11-2023,CUST5436,Male,45,Books,3,254,762
3751,25-11-2023,CUST2756,Female,35,Groceries,6,305,1830
3752,25-11-2023,CUST3169,Female,23,Beauty,14,261,3654
3753,25-11-2023,CUST9843,Male,65,Clothing,18,196,3528
3754,25-11-2023,CUST9201,Male,43,Electronics,2,259,518
3755,25-11-2023,CUST1327,Male,46,Beauty,16,63,1008
3756,25-11-2023,CUST2336,Male,68,Books,18,412,7416
3757,25-11-2023,CUST9248,Male,52,Books,6,499,2994
3758,25-11-2023,CUST8648,Male,58,Beauty,20,222,4440
3759,25-11-2023,CUST2523,Male,63,Books,20,120,2400
3760,25-11-2023,CUST0753,Male,47,Sports,15,379,5685
3761,25-11-2023,CUST9407,Male,32,Beauty,2,226,452
3762,25-11-2023,CUST0691,Male,58,Beauty,14,288,4032
3763,25-11-2023,CUST5232,Male,38,Books,17,420,7140
3764,25-11-2023,CUST2831,Female,48,Sports,6,74,444
3765,25-11-2023,CUST4777,Female,47,Sports,4,184,736
3766,25-11-2023,CUST5142,Male,52,Electronics,10,183,1830
3767,25-11-2023,CUST5220,Female,27,Groceries,15,207,3105
3768,25-11-2023,CUST7985,Female,62,Sports,18,301,5418
3769,25-11-2023,CUST2161,Female,53,Groceries,6,179,1074
3770,25-11-2023,CUST8512,Female,53,Beauty,14,403,5642
3771,25-11-2023,CUST6886,Female,24,Beauty,3,382,1146
3772,25-11-2023,CUST9500,Female,36,Clothing,8,154,1232
3773,25-11-2023,CUST2320,Male,61,Beauty,8,411,3288
3774,25-11-2023,CUST4288,Female,33,Sports,17,90,1530
3775,25-11-2023,CUST6488,Female,24,Sports,11,74,814
3776,25-11-2023,CUST9494,Male,21,Clothing,8,377,3016
3777,25-11-2023,CUST6679,Male,38,Clothing,5,86,430
3778,25-11-2023,CUST0761,Female,45,Groceries,14,372,5208
3779,25-11-2023,CUST9447,Male,61,Groceries,20,183,3660
3780,25-11-2023,CUST4015,Female,69,Clothing,14,278,3892
3781,25-11-2023,CUST2827,Female,53,Electronics,10,226,2260
3782,25-11-2023,CUST4992,Female,43,Groceries,9,434,3906
3783,25-11-2023,CUST7090,Male,55,Groceries,1,85,85
3784,25-11-2023,CUST6003,Female,34,Books,19,218,4142
3785,25-11-2023,CUST6362,Male,31,Electronics,16,32,512
3786,25-11-2023,CUST8867,Male,29,Electronics,3,33,99
3787,25-11-2023,CUST6072,Female,30,Books,8,296,2368
3788,25-11-2023,CUST0943,Male,69,Electronics,1,143,143
3789,25-11-2023,CUST9367,Male,40,Groceries,15,45,675
3790,25-11-2023,CUST6607,Male,33,Groceries,12,388,4656
3791,25-11-2023,CUST2766,Female,63,Electronics,1,129,129
3792,25-11-2023,CUST1307,Female,55,Books,18,471,8478
3793,25-11-2023,CUST8692,Male,59,Sports,13,116,1508
3794,25-11-2023,CUST8165,Male,34,Sports,4,146,584
3795,25-11-2023,CUST0481,Female,26,Groceries,17,463,7871
3796,25-11-2023,CUST9487,Male,20,Books,12,76,912
3797,25-11-2023,CUST7928,Female,28,Beauty,16,272,4352
3798,25-11-2023,CUST3985,Female,21,Electronics,9,205,1845
3799,25-11-2023,CUST7110,Male,56,Groceries,12,338,4056
3800,25-11-2023,CUST8605,Female,55,Sports,2,385,770
3801,25-11-2023,CUST5008,Female,59,Clothing,1,349,349
3802,25-11-2023,CUST1759,Male,36,Groceries,5,167,835
3803,25-11-2023,CUST4264,Male,69,Electronics,4,26,104
3804,25-11-2023,CUST8053,Male,58,Beauty,19,475,9025
3805,25-11-2023,CUST1876,Female,50,Books,7,393,2751
3806,25-11-2023,CUST2770,Female,28,Electronics,5,373,1865
3807,25-11-2023,CUST7469,Female,30,Books,11,300,3300
3808,25-11-2023,CUST6404,Male,27,Groceries,18,142,2556
3809,25-11-2023,CUST8376,Male,37,Sports,5,383,1915
3810,25-11-2023,CUST4711,Female,65,Clothing,1,257,257
3811,25-11-2023,CUST5992,Female,51,Beauty,2,367,734
3812,25-11-2023,CUST7204,Female,49,Beauty,10,352,3520
3813,25-11-2023,CUST4812,Female,48,Sports,17,300,5100
3814,25-11-2023,CUST0175,Male,43,Clothing,20,124,2480
3815,25-11-2023,CUST0435,Male,51,Groceries,16,423,6768
3816,25-11-2023,CUST5858,Female,64,Beauty,19,237,4503
3817,25-11-2023,CUST2935,Male,18,Beauty,20,334,6680
3818,25-11-2023,CUST6343,Male,41,Books,10,120,1200
3819,25-11-2023,CUST6240,Female,66,Sports,17,478,8126
3820,25-11-2023,CUST0452,Male,19,Beauty,1,340,340
3821,25-11-2023,CUST3235,Male,58,Clothing,9,254,2286
3822,25-11-2023,CUST3002,Female,60,Beauty,14,124,1736
3823,25-11-2023,CUST7084,Male,21,Groceries,5,159,795
3824,25-11-2023,CUST7784,Male,18,Groceries,10,266,2660
3825,25-11-2023,CUST1098,Male,56,Books,12,346,4152
3826,25-11-2023,CUST3398,Male,20,Books,18,109,1962
3827,25-11-2023,CUST2849,Male,44,Electronics,3,355,1065
3828,25-11-2023,CUST5031,Female,19,Books,20,237,4740
3829,25-11-2023,CUST5146,Female,48,Groceries,4,251,1004
3830,25-11-2023,CUST6975,Female,62,Books,18,67,1206
3831,25-11-2023,CUST2591,Female,19,Clothing,9,379,3411
3832,25-11-2023,CUST2116,Female,57,Groceries,4,352,1408
3833,25-11-2023,CUST2855,Male,39,Beauty,18,143,2574
3834,25-11-2023,CUST9040,Female,43,Sports,10,389,3890
3835,25-11-2023,CUST9695,Female,46,Clothing,11,301,3311
3836,25-11-2023,CUST1859,Male,28,Sports,19,20,380
3837,25-11-2023,CUST7320,Female,57,Clothing,13,31,403
3838,25-11-2023,CUST1599,Male,22,Clothing,5,21,105
3839,25-11-2023,CUST3308,Male,38,Groceries,9,29,261
3840,25-11-2023,CUST3714,Male,54,Electronics,12,83,996
3841,25-11-2023,CUST4090,Female,42,Electronics,12,158,1896
3842,25-11-2023,CUST7285,Male,32,Groceries,3,307,921
3843,25-11-2023,CUST0877,Male,45,Books,13,254,3302
3844,25-11-2023,CUST1795,Female,46,Sports,19,108,2052
3845,25-11-2023,CUST2439,Female,32,Electronics,15,24,360
3846,25-11-2023,CUST7575,Male,59,Groceries,12,409,4908
3847,25-11-2023,CUST8522,Male,65,Books,8,104,832
3848,25-11-2023,CUST1888,Male,66,Clothing,4,356,1424
3849,25-11-2023,CUST7243,Male,47,Electronics,15,93,1395
3850,25-11-2023,CUST6210,Male,29,Groceries,2,270,540
3851,25-11-2023,CUST5522,Female,36,Clothing,14,314,4396
3852,25-11-2023,CUST9568,Female,48,Books,7,168,1176
3853,25-11-2023,CUST4844,Female,47,Groceries,13,313,4069
3854,25-11-2023,CUST4425,Female,58,Groceries,7,324,2268
3855,25-11-2023,CUST0796,Male,22,Books,8,39,312
3856,25-11-2023,CUST0808,Male,70,Sports,19,26,494
3857,25-11-2023,CUST5488,Male,19,Groceries,6,78,468
3858,25-11-2023,CUST7865,Male,43,Sports,14,454,6356
3859,25-11-2023,CUST5577,Female,35,Sports,3,283,849
3860,25-11-2023,CUST3858,Male,61,Sports,20,35,700
3861,25-11-2023,CUST9846,Female,67,Beauty,3,208,624
3862,25-11-2023,CUST8027,Female,66,Beauty,9,369,3321
3863,25-11-2023,CUST8454,Male,58,Books,12,414,4968
3864,25-11-2023,CUST3625,Female,67,Electronics,6,314,1884
3865,25-11-2023,CUST6614,Male,27,Books,16,287,4592
3866,25-11-2023,CUST5792,Female,64,Clothing,13,476,6188
3867,25-11-2023,CUST2134,Male,55,Clothing,7,495,3465
3868,25-11-2023,CUST5213,Female,43,Beauty,11,476,5236
3869,25-11-2023,CUST2272,Male,51,Books,8,249,1992
3870,25-11-2023,CUST6350,Male,48,Clothing,19,230,4370
3871,25-11-2023,CUST2582,Male,47,Groceries,10,36,360
3872,25-11-2023,CUST7813,Female,40,Clothing,4,491,1964
3873,25-11-2023,CUST8088,Male,49,Electronics,1,206,206
3874,25-11-2023,CUST8832,Male,19,Sports,14,250,3500
3875,25-11-2023,CUST4496,Male,30,Books,20,405,8100
3876,25-11-2023,CUST0958,Male,28,Electronics,12,318,3816
3877,25-11-2023,CUST4362,Female,54,Clothing,14,466,6524
3878,25-11-2023,CUST4750,Male,47,Electronics,19,369,7011
3879,25-11-2023,CUST6692,Male,59,Beauty,11,287,3157
3880,25-11-2023,CUST9258,Female,46,Groceries,16,403,6448
3881,25-11-2023,CUST5047,Male,39,Clothing,8,320,2560
3882,25-11-2023,CUST8757,Male,47,Sports,4,46,184
3883,25-11-2023,CUST6317,Female,68,Groceries,2,66,132
3884,25-11-2023,CUST9318,Male,31,Sports,20,63,1260
3885,25-11-2023,CUST9168,Female,23,Clothing,3,294,882
3886,25-11-2023,CUST8200,Female,53,Electronics,12,152,1824
3887,25-11-2023,CUST3225,Female,58,Books,2,446,892
3888,25-11-2023,CUST5147,Male,64,Groceries,14,293,4102
3889,25-11-2023,CUST5907,Male,58,Beauty,13,83,1079
3890,25-11-2023,CUST1667,Male,44,Electronics,14,57,798
3891,25-11-2023,CUST6014,Female,51,Books,6,44,264
3892,25-11-2023,CUST8541,Female,44,Clothing,6,35,210
3893,25-11-2023,CUST9948,Female,31,Groceries,1,324,324
3894,25-11-2023,CUST6329,Male,44,Sports,3,498,1494
3895,25-11-2023,CUST4390,Female,36,Clothing,7,234,1638
3896,25-11-2023,CUST3130,Female,31,Sports,11,492,5412
3897,25-11-2023,CUST7078,Female,18,Beauty,20,458,9160
3898,25-11-2023,CUST8089,Female,37,Books,14,355,4970
3899,25-11-2023,CUST2173,Female,57,Beauty,17,197,3349
3900,25-11-2023,CUST5041,Male,59,Groceries,9,142,1278
3901,25-11-2023,CUST5140,Female,44,Beauty,3,361,1083
3902,25-11-2023,CUST9251,Male,22,Sports,2,57,114
3903,25-11-2023,CUST7189,Female,56,Books,1,202,202
3904,25-11-2023,CUST6576,Female,67,Groceries,20,78,1560
3905,25-11-2023,CUST4884,Female,19,Beauty,19,381,7239
3906,25-11-2023,CUST4115,Female,52,Beauty,12,411,4932
3907,25-11-2023,CUST8806,Female,39,Electronics,6,85,510
3908,25-11-2023,CUST5458,Male,60,Books,1,311,311
3909,25-11-2023,CUST4211,Female,24,Groceries,15,124,1860
3910,25-11-2023,CUST0647,Female,45,Clothing,15,178,2670
3911,25-11-2023,CUST2483,Female,55,Sports,16,500,8000
3912,25-11-2023,CUST4215,Male,35,Electronics,11,400,4400
3913,25-11-2023,CUST8706,Female,65,Beauty,16,331,5296
3914,25-11-2023,CUST8032,Male,56,Electronics,7,110,770
3915,25-11-2023,CUST3072,Female,39,Electronics,6,11,66
3916,25-11-2023,CUST7153,Male,59,Electronics,18,268,4824
3917,25-11-2023,CUST5673,Male,38,Electronics,7,14,98
3918,25-11-2023,CUST8344,Male,50,Sports,2,383,766
3919,25-11-2023,CUST7310,Female,29,Beauty,11,68,748
3920,25-11-2023,CUST7714,Female,52,Books,6,199,1194
3921,25-11-2023,CUST8395,Female,34,Sports,16,430,6880
3922,25-11-2023,CUST4564,Female,40,Clothing,1,145,145
3923,25-11-2023,CUST7572,Male,52,Electronics,2,344,688
3924,25-11-2023,CUST6909,Male,51,Beauty,18,155,2790
3925,25-11-2023,CUST8403,Male,66,Beauty,8,446,3568
3926,25-11-2023,CUST9587,Female,64,Sports,15,316,4740
3927,25-11-2023,CUST6549,Male,56,Books,16,465,7440
3928,25-11-2023,CUST6247,Male,35,Beauty,12,253,3036
3929,25-11-2023,CUST8985,Male,59,Books,1,291,291
3930,25-11-2023,CUST3958,Male,34,Books,10,348,3480
3931,25-11-2023,CUST9777,Male,24,Books,14,129,1806
3932,25-11-2023,CUST6240,Female,46,Sports,3,471,1413
3933,25-11-2023,CUST5720,Female,25,Electronics,17,229,3893
3934,25-11-2023,CUST5356,Female,23,Electronics,6,335,2010
3935,25-11-2023,CUST0108,Male,67,Clothing,8,438,3504
3936,25-11-2023,CUST0678,Female,46,Electronics,5,444,2220
3937,25-11-2023,CUST5505,Female,39,Beauty,7,113,791
3938,25-11-2023,CUST4395,Male,39,Clothing,20,130,2600
3939,25-11-2023,CUST3054,Female,43,Sports,3,364,1092
3940,25-11-2023,CUST7152,Male,60,Sports,19,293,5567
3941,25-11-2023,CUST2780,Male,63,Electronics,8,45,360
3942,25-11-2023,CUST3130,Male,20,Electronics,3,243,729
3943,25-11-2023,CUST1044,Female,67,Groceries,8,89,712
3944,25-11-2023,CUST3643,Male,26,Beauty,7,291,2037
3945,25-11-2023,CUST4603,Male,37,Electronics,2,256,512
3946,25-11-2023,CUST1103,Female,36,Electronics,16,317,5072
3947,25-11-2023,CUST0441,Female,22,Clothing,4,295,1180
3948,25-11-2023,CUST3561,Female,53,Clothing,1,256,256
3949,25-11-2023,CUST4155,Female,21,Beauty,7,323,2261
3950,25-11-2023,CUST9137,Male,37,Electronics,19,112,2128
3951,25-11-2023,CUST8316,Male,31,Groceries,16,280,4480
3952,25-11-2023,CUST9626,Male,52,Clothing,19,223,4237
3953,25-11-2023,CUST8269,Male,69,Groceries,14,346,4844
3954,25-11-2023,CUST4130,Female,39,Groceries,7,215,1505
3955,25-11-2023,CUST3104,Male,54,Beauty,7,359,2513
3956,25-11-2023,CUST4888,Female,38,Groceries,20,488,9760
3957,25-11-2023,CUST9394,Female,45,Electronics,2,318,636
3958,25-11-2023,CUST4621,Male,34,Books,8,246,1968
3959,25-11-2023,CUST9307,Male,70,Beauty,8,482,3856
3960,25-11-2023,CUST1190,Male,22,Groceries,8,486,3888
3961,25-11-2023,CUST2426,Female,45,Books,8,232,1856
3962,25-11-2023,CUST6053,Female,25,Groceries,9,145,1305
3963,25-11-2023,CUST6161,Male,65,Electronics,4,145,580
3964,25-11-2023,CUST1804,Male,30,Electronics,10,230,2300
3965,25-11-2023,CUST6867,Male,52,Clothing,11,293,3223
3966,25-11-2023,CUST6178,Female,67,Clothing,10,43,430
3967,25-11-2023,CUST4673,Female,52,Sports,7,500,3500
3968,25-11-2023,CUST9946,Female,20,Clothing,18,74,1332
3969,25-11-2023,CUST7930,Male,39,Groceries,15,472,7080
3970,25-11-2023,CUST4202,Female,60,Beauty,18,476,8568
3971,25-11-2023,CUST0628,Male,32,Clothing,6,194,1164
3972,25-11-2023,CUST2396,Male,46,Groceries,10,217,2170
3973,25-11-2023,CUST5410,Female,61,Groceries,3,23,69
3974,25-11-2023,CUST8909,Female,47,Clothing,16,245,3920
3975,25-11-2023,CUST7223,Male,45,Beauty,17,62,1054
3976,25-11-2023,CUST6067,Male,46,Sports,6,376,2256
3977,25-11-2023,CUST5539,Female,46,Beauty,2,46,92
3978,25-11-2023,CUST5202,Female,42,Groceries,10,472,4720
3979,25-11-2023,CUST9356,Female,61,Books,8,497,3976
3980,25-11-2023,CUST2420,Male,67,Books,10,127,1270
3981,25-11-2023,CUST5577,Female,49,Electronics,20,97,1940
3982,25-11-2023,CUST2871,Female,53,Groceries,19,227,4313
3983,25-11-2023,CUST9737,Male,52,Beauty,9,18,162
3984,25-11-2023,CUST2455,Male,30,Electronics,20,334,6680
3985,25-11-2023,CUST6482,Male,48,Books,19,346,6574
3986,25-11-2023,CUST3290,Female,55,Clothing,10,379,3790
3987,25-11-2023,CUST7598,Female,53,Electronics,12,363,4356
3988,25-11-2023,CUST3617,Female,39,Beauty,2,252,504
3989,25-11-2023,CUST0010,Female,59,Electronics,16,289,4624
3990,25-11-2023,CUST7407,Female,25,Clothing,2,304,608
3991,25-11-2023,CUST8912,Female,35,Clothing,4,136,544
3992,25-11-2023,CUST6533,Female,62,Groceries,15,301,4515
3993,25-11-2023,CUST3069,Female,62,Books,5,326,1630
3994,25-11-2023,CUST9757,Female,68,Beauty,2,255,510
3995,25-11-2023,CUST1091,Female,39,Books,3,345,1035
3996,25-11-2023,CUST9556,Male,46,Sports,16,65,1040
3997,25-11-2023,CUST9958,Female,42,Clothing,4,392,1568
3998,25-11-2023,CUST5873,Female,63,Clothing,15,171,2565
3999,25-11-2023,CUST1997,Female,49,Sports,12,443,5316
4000,25-11-2023,CUST5242,Female,49,Electronics,14,397,5558
4001,25-11-2023,CUST2688,Male,40,Clothing,2,264,528
4002,25-11-2023,CUST1595,Female,62,Clothing,3,195,585
4003,25-11-2023,CUST2625,Female,47,Sports,4,435,1740
4004,25-11-2023,CUST4956,Male,46,Groceries,4,287,1148
4005,25-11-2023,CUST4503,Female,45,Books,3,202,606
4006,25-11-2023,CUST2382,Female,47,Books,20,91,1820
4007,25-11-2023,CUST7762,Male,70,Clothing,13,124,1612
4008,25-11-2023,CUST2725,Female,60,Books,13,385,5005
4009,25-11-2023,CUST3181,Male,45,Electronics,11,194,2134
4010,25-11-2023,CUST4060,Male,64,Clothing,8,24,192
4011,25-11-2023,CUST0406,Female,55,Beauty,7,66,462
4012,25-11-2023,CUST7097,Female,40,Clothing,4,94,376
4013,25-11-2023,CUST5378,Male,47,Sports,15,399,5985
4014,25-11-2023,CUST9374,Male,24,Sports,15,343,5145
4015,25-11-2023,CUST9596,Male,35,Groceries,19,411,7809
4016,25-11-2023,CUST8458,Female,20,Clothing,11,260,2860
4017,25-11-2023,CUST8850,Female,60,Beauty,4,75,300
4018,25-11-2023,CUST0156,Female,25,Clothing,19,456,8664
4019,25-11-2023,CUST1518,Male,21,Groceries,6,444,2664
4020,25-11-2023,CUST9881,Female,42,Beauty,1,113,113
4021,25-11-2023,CUST0029,Male,39,Books,2,53,106
4022,25-11-2023,CUST9489,Female,56,Books,19,429,8151
4023,25-11-2023,CUST7796,Female,51,Clothing,13,261,3393
4024,25-11-2023,CUST0658,Female,69,Books,2,81,162
4025,25-11-2023,CUST8680,Male,31,Electronics,19,19,361
4026,25-11-2023,CUST4195,Female,19,Sports,1,318,318
4027,25-11-2023,CUST9244,Male,47,Electronics,19,384,7296
4028,25-11-2023,CUST4472,Male,39,Books,8,161,1288
4029,25-11-2023,CUST0397,Female,47,Groceries,14,124,1736
4030,25-11-2023,CUST9777,Male,67,Books,10,333,3330
4031,25-11-2023,CUST6692,Female,45,Groceries,15,144,2160
4032,25-11-2023,CUST0445,Male,49,Books,4,175,700
4033,25-11-2023,CUST7899,Male,46,Groceries,6,466,2796
4034,25-11-2023,CUST5763,Female,41,Beauty,9,214,1926
4035,25-11-2023,CUST6137,Male,64,Beauty,5,125,625
4036,25-11-2023,CUST8381,Female,29,Books,13,441,5733
4037,25-11-2023,CUST8176,Female,33,Clothing,19,412,7828
4038,25-11-2023,CUST9140,Male,48,Beauty,20,413,8260
4039,25-11-2023,CUST2333,Female,48,Books,4,379,1516
4040,25-11-2023,CUST3912,Female,44,Groceries,14,267,3738
4041,25-11-2023,CUST6108,Female,64,Groceries,16,421,6736
4042,25-11-2023,CUST9385,Male,63,Books,3,103,309
4043,25-11-2023,CUST9150,Female,56,Electronics,20,426,8520
4044,25-11-2023,CUST2027,Female,48,Sports,3,328,984
4045,25-11-2023,CUST3422,Male,49,Clothing,3,258,774
4046,25-11-2023,CUST2603,Female,51,Electronics,17,446,7582
4047,25-11-2023,CUST1616,Female,19,Clothing,7,138,966
4048,25-11-2023,CUST6849,Female,56,Groceries,19,247,4693
4049,25-11-2023,CUST3055,Male,53,Clothing,5,466,2330
4050,25-11-2023,CUST3918,Female,38,Beauty,12,153,1836
4051,25-11-2023,CUST4016,Female,56,Books,2,237,474
4052,25-11-2023,CUST9402,Female,60,Sports,19,401,7619
4053,25-11-2023,CUST6436,Female,38,Beauty,14,386,5404
4054,25-11-2023,CUST1187,Female,23,Groceries,5,269,1345
4055,25-11-2023,CUST5009,Male,59,Sports,15,148,2220
4056,25-11-2023,CUST4306,Female,21,Electronics,4,35,140
4057,25-11-2023,CUST8689,Female,58,Electronics,13,47,611
4058,25-11-2023,CUST6547,Male,41,Clothing,8,265,2120
4059,25-11-2023,CUST3729,Male,44,Books,20,183,3660
4060,25-11-2023,CUST7217,Male,65,Clothing,16,369,5904
4061,25-11-2023,CUST4295,Male,58,Clothing,9,396,3564
4062,25-11-2023,CUST1054,Male,29,Books,13,241,3133
4063,25-11-2023,CUST9074,Female,55,Beauty,2,162,324
4064,25-11-2023,CUST1901,Male,33,Beauty,3,212,636
4065,25-11-2023,CUST0379,Female,36,Sports,5,295,1475
4066,25-11-2023,CUST0653,Female,41,Beauty,7,328,2296
4067,25-11-2023,CUST8873,Female,31,Groceries,4,23,92
4068,25-11-2023,CUST4556,Male,40,Electronics,17,342,5814
4069,25-11-2023,CUST8073,Female,65,Sports,1,277,277
4070,25-11-2023,CUST6655,Female,48,Clothing,6,277,1662
4071,25-11-2023,CUST4708,Female,66,Clothing,18,420,7560
4072,25-11-2023,CUST5195,Male,57,Clothing,18,135,2430
4073,25-11-2023,CUST8725,Female,30,Groceries,17,185,3145
4074,25-11-2023,CUST5756,Male,50,Books,11,246,2706
4075,25-11-2023,CUST0221,Female,41,Books,9,492,4428
4076,25-11-2023,CUST5272,Female,32,Electronics,16,215,3440
4077,25-11-2023,CUST6738,Female,56,Electronics,11,441,4851
4078,25-11-2023,CUST8557,Male,48,Electronics,3,406,1218
4079,25-11-2023,CUST1535,Male,39,Beauty,8,58,464
4080,25-11-2023,CUST0185,Male,47,Groceries,5,413,2065
4081,25-11-2023,CUST4948,Male,36,Clothing,16,285,4560
4082,25-11-2023,CUST7571,Male,64,Beauty,5,270,1350
4083,25-11-2023,CUST7648,Male,50,Books,6,322,1932
4084,25-11-2023,CUST7643,Female,26,Groceries,4,444,1776
4085,25-11-2023,CUST8160,Male,21,Sports,15,304,4560
4086,25-11-2023,CUST0793,Female,40,Electronics,3,139,417
4087,25-11-2023,CUST7997,Female,43,Beauty,3,245,735
4088,25-11-2023,CUST6545,Female,32,Sports,15,114,1710
4089,25-11-2023,CUST0415,Female,21,Sports,3,94,282
4090,25-11-2023,CUST2981,Female,22,Groceries,20,455,9100
4091,25-11-2023,CUST1080,Female,31,Clothing,10,238,2380
4092,25-11-2023,CUST8682,Female,58,Beauty,8,80,640
4093,25-11-2023,CUST4492,Male,39,Beauty,11,383,4213
4094,25-11-2023,CUST3910,Male,47,Books,2,368,736
4095,25-11-2023,CUST3846,Male,32,Groceries,17,177,3009
4096,25-11-2023,CUST2877,Male,53,Clothing,6,311,1866
4097,25-11-2023,CUST3221,Male,59,Beauty,10,262,2620
4098,25-11-2023,CUST9694,Male,37,Books,13,124,1612
4099,25-11-2023,CUST8264,Female,32,Groceries,15,191,2865
4100,25-11-2023,CUST6864,Female,50,Sports,6,479,2874
4101,25-11-2023,CUST1104,Female,20,Books,3,328,984
4102,25-11-2023,CUST0392,Female,68,Clothing,18,100,1800
4103,25-11-2023,CUST0632,Female,27,Books,13,443,5759
4104,25-11-2023,CUST4323,Female,55,Beauty,13,219,2847
4105,25-11-2023,CUST5434,Female,44,Electronics,13,250,3250
4106,25-11-2023,CUST2620,Male,18,Beauty,16,222,3552
4107,25-11-2023,CUST0025,Male,27,Beauty,7,180,1260
4108,25-11-2023,CUST5412,Female,55,Sports,16,113,1808
4109,25-11-2023,CUST5177,Female,34,Sports,16,232,3712
4110,25-11-2023,CUST5591,Male,59,Books,2,155,310
4111,25-11-2023,CUST5114,Male,22,Books,9,283,2547
4112,25-11-2023,CUST6618,Female,55,Electronics,6,439,2634
4113,25-11-2023,CUST8493,Female,24,Groceries,3,401,1203
4114,25-11-2023,CUST6599,Male,34,Sports,1,150,150
4115,25-11-2023,CUST1022,Female,63,Electronics,14,336,4704
4116,25-11-2023,CUST3138,Female,47,Sports,11,148,1628
4117,25-11-2023,CUST8230,Male,27,Sports,3,70,210
4118,25-11-2023,CUST2196,Male,35,Beauty,2,110,220
4119,25-11-2023,CUST0567,Female,36,Beauty,9,439,3951
4120,25-11-2023,CUST2840,Female,54,Clothing,2,482,964
4121,25-11-2023,CUST6933,Male,46,Beauty,18,492,8856
4122,25-11-2023,CUST5432,Female,43,Electronics,20,317,6340
4123,25-11-2023,CUST4835,Female,37,Beauty,3,19,57
4124,25-11-2023,CUST9525,Male,25,Books,7,146,1022
4125,25-11-2023,CUST3142,Male,68,Groceries,2,394,788
4126,25-11-2023,CUST5733,Male,51,Books,5,161,805
4127,25-11-2023,CUST7855,Female,57,Groceries,18,280,5040
4128,25-11-2023,CUST8405,Female,60,Electronics,17,50,850
4129,25-11-2023,CUST8830,Male,19,Clothing,4,67,268
4130,25-11-2023,CUST6588,Female,33,Groceries,7,377,2639
4131,25-11-2023,CUST8731,Female,23,Groceries,8,71,568
4132,25-11-2023,CUST5643,Female,67,Sports,8,357,2856
4133,25-11-2023,CUST3014,Male,58,Electronics,9,56,504
4134,25-11-2023,CUST0663,Female,31,Groceries,14,256,3584
4135,25-11-2023,CUST1506,Male,46,Electronics,10,136,1360
4136,25-11-2023,CUST4911,Female,45,Groceries,19,318,6042
4137,25-11-2023,CUST7434,Male,30,Beauty,4,496,1984
4138,25-11-2023,CUST0276,Male,32,Sports,12,22,264
4139,25-11-2023,CUST7353,Female,22,Groceries,19,293,5567
4140,25-11-2023,CUST3811,Male,63,Electronics,8,429,3432
4141,25-11-2023,CUST3261,Male,62,Groceries,1,296,296
4142,25-11-2023,CUST6042,Male,32,Clothing,7,418,2926
4143,25-11-2023,CUST5801,Female,41,Groceries,13,466,6058
4144,25-11-2023,CUST7026,Female,45,Sports,8,456,3648
4145,25-11-2023,CUST6977,Female,40,Electronics,19,452,8588
4146,25-11-2023,CUST6836,Female,50,Groceries,6,153,918
4147,25-11-2023,CUST3427,Male,56,Books,8,356,2848
4148,25-11-2023,CUST4171,Female,49,Books,19,128,2432
4149,25-11-2023,CUST8157,Female,66,Sports,1,108,108
4150,25-11-2023,CUST6526,Female,61,Sports,20,476,9520
4151,25-11-2023,CUST6258,Female,54,Clothing,7,367,2569
4152,25-11-2023,CUST3141,Female,35,Beauty,8,407,3256
4153,25-11-2023,CUST3642,Male,59,Books,12,483,5796
4154,25-11-2023,CUST1237,Female,24,Clothing,11,63,693
4155,25-11-2023,CUST2692,Male,35,Electronics,5,457,2285
4156,25-11-2023,CUST7762,Female,39,Beauty,17,489,8313
4157,25-11-2023,CUST4527,Female,48,Sports,10,11,110
4158,25-11-2023,CUST2119,Male,56,Books,12,499,5988
4159,25-11-2023,CUST8193,Female,52,Beauty,1,230,230
4160,25-11-2023,CUST6394,Female,37,Clothing,12,250,3000
4161,25-11-2023,CUST9939,Male,62,Groceries,10,441,4410
4162,25-11-2023,CUST2109,Female,68,Sports,12,314,3768
4163,25-11-2023,CUST6162,Female,69,Electronics,1,154,154
4164,25-11-2023,CUST9872,Male,65,Sports,6,46,276
4165,25-11-2023,CUST7327,Male,59,Clothing,7,303,2121
4166,25-11-2023,CUST8221,Female,65,Electronics,4,385,1540
4167,25-11-2023,CUST5357,Male,39,Clothing,9,26,234
4168,25-11-2023,CUST2284,Male,47,Clothing,3,434,1302
4169,25-11-2023,CUST6281,Male,53,Groceries,7,471,3297
4170,25-11-2023,CUST7646,Male,57,Beauty,7,68,476
4171,25-11-2023,CUST2982,Female,41,Sports,5,498,2490
4172,25-11-2023,CUST7379,Male,50,Sports,10,231,2310
4173,25-11-2023,CUST9191,Female,43,Beauty,14,120,1680
4174,25-11-2023,CUST3796,Female,31,Groceries,3,76,228
4175,25-11-2023,CUST6214,Male,69,Electronics,10,249,2490
4176,25-11-2023,CUST3415,Female,32,Beauty,12,248,2976
4177,25-11-2023,CUST8980,Male,54,Clothing,15,439,6585
4178,25-11-2023,CUST3180,Female,70,Electronics,10,441,4410
4179,25-11-2023,CUST8305,Male,65,Books,13,469,6097
4180,25-11-2023,CUST5620,Female,33,Sports,18,419,7542
4181,25-11-2023,CUST3542,Female,61,Electronics,15,53,795
4182,25-11-2023,CUST4476,Female,64,Books,12,294,3528
4183,25-11-2023,CUST9745,Female,69,Electronics,18,236,4248
4184,25-11-2023,CUST9344,Female,57,Sports,5,250,1250
4185,25-11-2023,CUST2012,Male,53,Electronics,4,177,708
4186,25-11-2023,CUST7580,Female,60,Electronics,4,411,1644
4187,25-11-2023,CUST4645,Female,20,Groceries,8,478,3824
4188,25-11-2023,CUST8991,Male,21,Sports,6,299,1794
4189,25-11-2023,CUST0879,Female,29,Sports,7,475,3325
4190,25-11-2023,CUST5551,Female,46,Beauty,15,437,6555
4191,25-11-2023,CUST9687,Male,33,Sports,10,233,2330
4192,25-11-2023,CUST0991,Female,56,Beauty,8,271,2168
4193,25-11-2023,CUST9466,Female,49,Beauty,19,433,8227
4194,25-11-2023,CUST0157,Male,62,Groceries,5,45,225
4195,25-11-2023,CUST3523,Male,19,Beauty,12,27,324
4196,25-11-2023,CUST0670,Female,54,Groceries,15,433,6495
4197,25-11-2023,CUST5017,Female,43,Beauty,10,344,3440
4198,25-11-2023,CUST1142,Male,51,Clothing,6,376,2256
4199,25-11-2023,CUST7655,Male,58,Clothing,3,210,630
4200,25-11-2023,CUST7180,Female,55,Groceries,10,312,3120
4201,25-11-2023,CUST2591,Male,53,Electronics,9,402,3618
4202,25-11-2023,CUST6544,Male,25,Electronics,13,328,4264
4203,25-11-2023,CUST2145,Male,33,Sports,9,200,1800
4204,25-11-2023,CUST3294,Male,58,Groceries,5,403,2015
4205,25-11-2023,CUST2454,Female,28,Groceries,1,326,326
4206,25-11-2023,CUST3073,Male,46,Clothing,16,63,1008
4207,25-11-2023,CUST4878,Male,20,Beauty,6,156,936
4208,25-11-2023,CUST6922,Male,20,Books,16,48,768
4209,25-11-2023,CUST5366,Female,29,Clothing,11,482,5302
4210,25-11-2023,CUST7177,Female,36,Clothing,12,78,936
4211,25-11-2023,CUST3455,Male,42,Groceries,18,101,1818
4212,25-11-2023,CUST0164,Female,42,Groceries,13,157,2041
4213,25-11-2023,CUST2624,Male,68,Clothing,13,155,2015
4214,25-11-2023,CUST8164,Male,49,Sports,11,297,3267
4215,25-11-2023,CUST8735,Male,42,Electronics,8,50,400
4216,25-11-2023,CUST5062,Female,46,Groceries,4,334,1336
4217,25-11-2023,CUST3519,Male,43,Clothing,5,273,1365
4218,25-11-2023,CUST8950,Female,69,Electronics,8,82,656
4219,25-11-2023,CUST0621,Male,41,Electronics,10,471,4710
4220,25-11-2023,CUST1671,Male,20,Books,12,134,1608
4221,25-11-2023,CUST4135,Female,50,Sports,13,227,2951
4222,25-11-2023,CUST0803,Female,21,Beauty,10,489,4890
4223,25-11-2023,CUST0109,Female,28,Books,14,184,2576
4224,25-11-2023,CUST3058,Female,58,Sports,9,321,2889
4225,25-11-2023,CUST6615,Male,27,Groceries,2,305,610
4226,25-11-2023,CUST9163,Male,62,Electronics,13,142,1846
4227,25-11-2023,CUST1136,Male,65,Books,10,488,4880
4228,25-11-2023,CUST6695,Female,52,Sports,18,408,7344
4229,25-11-2023,CUST6893,Female,46,Groceries,14,96,1344
4230,25-11-2023,CUST1879,Male,63,Electronics,7,12,84
4231,25-11-2023,CUST2228,Male,19,Sports,14,264,3696
4232,25-11-2023,CUST9672,Female,43,Beauty,17,222,3774
4233,25-11-2023,CUST4621,Male,34,Clothing,15,83,1245
4234,25-11-2023,CUST2321,Female,33,Groceries,11,95,1045
4235,25-11-2023,CUST4611,Male,33,Books,9,249,2241
4236,25-11-2023,CUST1409,Female,55,Electronics,3,260,780
4237,25-11-2023,CUST1668,Female,24,Beauty,7,221,1547
4238,25-11-2023,CUST1837,Male,58,Clothing,4,147,588
4239,25-11-2023,CUST6957,Male,44,Beauty,11,16,176
4240,25-11-2023,CUST3304,Female,51,Beauty,17,132,2244
4241,25-11-2023,CUST7146,Male,24,Beauty,11,322,3542
4242,25-11-2023,CUST6565,Female,37,Groceries,15,403,6045
4243,25-11-2023,CUST3049,Female,66,Groceries,12,163,1956
4244,25-11-2023,CUST1569,Female,40,Electronics,20,446,8920
4245,25-11-2023,CUST4253,Male,70,Electronics,6,14,84
4246,25-11-2023,CUST6205,Female,63,Beauty,10,170,1700
4247,25-11-2023,CUST9158,Female,53,Books,5,278,1390
4248,25-11-2023,CUST8457,Female,50,Groceries,13,264,3432
4249,25-11-2023,CUST7017,Male,67,Sports,10,459,4590
4250,25-11-2023,CUST6497,Male,51,Electronics,13,433,5629
4251,25-11-2023,CUST8589,Female,58,Books,9,421,3789
4252,25-11-2023,CUST2100,Male,63,Books,18,306,5508
4253,25-11-2023,CUST0647,Female,50,Books,12,402,4824
4254,25-11-2023,CUST2938,Male,30,Groceries,16,157,2512
4255,25-11-2023,CUST1141,Male,38,Clothing,8,250,2000
4256,25-11-2023,CUST8648,Male,24,Clothing,19,116,2204
4257,25-11-2023,CUST8157,Female,70,Groceries,18,459,8262
4258,25-11-2023,CUST5490,Male,43,Electronics,2,158,316
4259,25-11-2023,CUST7282,Female,35,Clothing,9,176,1584
4260,25-11-2023,CUST4455,Female,25,Books,13,193,2509
4261,25-11-2023,CUST0014,Male,41,Sports,2,84,168
4262,25-11-2023,CUST8913,Female,35,Books,14,18,252
4263,25-11-2023,CUST0485,Female,18,Groceries,4,40,160
4264,25-11-2023,CUST3374,Female,62,Electronics,13,439,5707
4265,25-11-2023,CUST2204,Female,68,Electronics,16,255,4080
4266,25-11-2023,CUST1612,Male,53,Sports,8,231,1848
4267,25-11-2023,CUST4029,Male,44,Clothing,14,403,5642
4268,25-11-2023,CUST6653,Male,60,Clothing,10,421,4210
4269,25-11-2023,CUST6055,Female,18,Clothing,7,121,847
4270,25-11-2023,CUST5270,Female,51,Books,2,465,930
4271,25-11-2023,CUST8066,Female,48,Sports,10,427,4270
4272,25-11-2023,CUST3842,Male,66,Sports,2,150,300
4273,25-11-2023,CUST1495,Male,66,Groceries,20,254,5080
4274,25-11-2023,CUST8638,Female,44,Beauty,17,113,1921
4275,25-11-2023,CUST8432,Male,28,Electronics,20,96,1920
4276,25-11-2023,CUST7667,Male,30,Books,5,116,580
4277,25-11-2023,CUST4953,Female,69,Groceries,12,361,4332
4278,25-11-2023,CUST1378,Female,54,Beauty,12,447,5364
4279,25-11-2023,CUST5218,Female,29,Books,15,287,4305
4280,25-11-2023,CUST1224,Male,40,Sports,14,434,6076
4281,25-11-2023,CUST9369,Female,55,Clothing,2,77,154
4282,25-11-2023,CUST9259,Male,58,Groceries,9,373,3357
4283,25-11-2023,CUST8515,Male,49,Books,13,61,793
4284,25-11-2023,CUST9999,Female,46,Electronics,3,491,1473
4285,25-11-2023,CUST8520,Female,49,Sports,2,385,770
4286,25-11-2023,CUST9639,Female,58,Sports,15,196,2940
4287,25-11-2023,CUST0191,Female,55,Sports,19,343,6517
4288,25-11-2023,CUST5326,Male,28,Books,4,447,1788
4289,25-11-2023,CUST7726,Male,30,Electronics,17,344,5848
4290,25-11-2023,CUST6134,Male,66,Beauty,5,24,120
4291,25-11-2023,CUST7807,Female,24,Electronics,18,190,3420
4292,25-11-2023,CUST7583,Male,37,Books,20,112,2240
4293,25-11-2023,CUST9261,Male,44,Clothing,19,269,5111
4294,25-11-2023,CUST8470,Female,24,Groceries,10,92,920
4295,25-11-2023,CUST6172,Female,18,Books,11,160,1760
4296,25-11-2023,CUST0548,Male,22,Groceries,9,303,2727
4297,25-11-2023,CUST8871,Female,61,Groceries,8,111,888
4298,25-11-2023,CUST2184,Female,37,Beauty,17,471,8007
4299,25-11-2023,CUST8272,Male,34,Clothing,5,178,890
4300,25-11-2023,CUST9194,Female,19,Groceries,14,277,3878
4301,25-11-2023,CUST1561,Male,53,Clothing,11,304,3344
4302,25-11-2023,CUST5436,Male,48,Electronics,6,323,1938
4303,25-11-2023,CUST0040,Male,29,Groceries,12,149,1788
4304,25-11-2023,CUST0435,Female,46,Clothing,15,387,5805
4305,25-11-2023,CUST8381,Male,45,Clothing,3,169,507
4306,25-11-2023,CUST7255,Female,36,Sports,17,117,1989
4307,25-11-2023,CUST9250,Female,61,Electronics,20,437,8740
4308,25-11-2023,CUST7585,Male,32,Electronics,17,208,3536
4309,25-11-2023,CUST5872,Female,62,Clothing,17,119,2023
4310,25-11-2023,CUST5127,Male,36,Books,3,113,339
4311,25-11-2023,CUST8235,Male,40,Sports,5,394,1970
4312,25-11-2023,CUST6171,Female,64,Beauty,7,96,672
4313,25-11-2023,CUST4096,Male,69,Groceries,20,148,2960
4314,25-11-2023,CUST6035,Male,63,Sports,15,286,4290
4315,25-11-2023,CUST2656,Male,57,Groceries,1,24,24
4316,25-11-2023,CUST7727,Female,23,Books,4,172,688
4317,25-11-2023,CUST2190,Female,51,Electronics,10,228,2280
4318,25-11-2023,CUST6702,Female,65,Books,20,188,3760
4319,25-11-2023,CUST4819,Female,41,Groceries,10,339,3390
4320,25-11-2023,CUST2018,Female,66,Sports,16,268,4288
4321,25-11-2023,CUST9768,Male,70,Books,17,383,6511
4322,25-11-2023,CUST7927,Female,64,Groceries,1,160,160
4323,25-11-2023,CUST4869,Female,30,Sports,10,87,870
4324,25-11-2023,CUST1492,Male,25,Groceries,13,68,884
4325,25-11-2023,CUST6632,Male,54,Clothing,6,112,672
4326,25-11-2023,CUST9289,Female,59,Groceries,15,341,5115
4327,25-11-2023,CUST3864,Female,51,Electronics,6,479,2874
4328,25-11-2023,CUST8544,Male,20,Electronics,6,154,924
4329,25-11-2023,CUST6893,Male,33,Beauty,13,128,1664
4330,25-11-2023,CUST4072,Male,32,Sports,3,479,1437
4331,25-11-2023,CUST6063,Male,56,Sports,14,83,1162
4332,25-11-2023,CUST4983,Male,28,Clothing,7,240,1680
4333,25-11-2023,CUST8331,Male,65,Groceries,1,158,158
4334,25-11-2023,CUST5690,Male,51,Clothing,2,95,190
4335,25-11-2023,CUST8480,Male,23,Books,2,446,892
4336,25-11-2023,CUST9399,Female,61,Beauty,14,251,3514
4337,25-11-2023,CUST2698,Male,19,Groceries,16,245,3920
4338,25-11-2023,CUST7378,Female,30,Beauty,18,478,8604
4339,25-11-2023,CUST8001,Female,32,Beauty,8,302,2416
4340,25-11-2023,CUST8456,Female,44,Books,13,366,4758
4341,25-11-2023,CUST5145,Male,30,Groceries,18,148,2664
4342,25-11-2023,CUST2229,Male,18,Clothing,4,13,52
4343,25-11-2023,CUST2930,Male,55,Electronics,12,495,5940
4344,25-11-2023,CUST6800,Female,30,Books,15,212,3180
4345,25-11-2023,CUST4390,Male,62,Clothing,9,241,2169
4346,25-11-2023,CUST5208,Female,53,Groceries,20,143,2860
4347,25-11-2023,CUST1544,Male,57,Beauty,14,114,1596
4348,25-11-2023,CUST0792,Male,39,Clothing,10,113,1130
4349,25-11-2023,CUST4613,Female,20,Beauty,7,277,1939
4350,25-11-2023,CUST4657,Female,24,Clothing,5,348,1740
4351,25-11-2023,CUST6127,Male,52,Books,12,64,768
4352,25-11-2023,CUST6288,Female,40,Beauty,16,415,6640
4353,25-11-2023,CUST9928,Male,39,Beauty,7,158,1106
4354,25-11-2023,CUST0465,Male,33,Sports,20,453,9060
4355,25-11-2023,CUST9267,Male,45,Beauty,11,498,5478
4356,25-11-2023,CUST1605,Female,52,Electronics,19,60,1140
4357,25-11-2023,CUST6291,Male,66,Beauty,8,362,2896
4358,25-11-2023,CUST7981,Female,69,Groceries,14,288,4032
4359,25-11-2023,CUST3400,Female,57,Sports,4,84,336
4360,25-11-2023,CUST7571,Male,46,Groceries,10,349,3490
4361,25-11-2023,CUST9436,Female,18,Clothing,18,163,2934
4362,25-11-2023,CUST3827,Female,66,Electronics,15,125,1875
4363,25-11-2023,CUST3299,Male,29,Clothing,14,64,896
4364,25-11-2023,CUST7756,Male,22,Sports,8,48,384
4365,25-11-2023,CUST4546,Female,48,Books,14,384,5376
4366,25-11-2023,CUST6583,Male,33,Beauty,9,366,3294
4367,25-11-2023,CUST4341,Male,49,Sports,6,336,2016
4368,25-11-2023,CUST9028,Male,61,Electronics,10,220,2200
4369,25-11-2023,CUST5577,Male,47,Electronics,15,371,5565
4370,25-11-2023,CUST8930,Male,39,Beauty,15,86,1290
4371,25-11-2023,CUST4157,Male,23,Clothing,3,281,843
4372,25-11-2023,CUST1232,Female,41,Electronics,4,142,568
4373,25-11-2023,CUST5701,Female,68,Electronics,9,169,1521
4374,25-11-2023,CUST7569,Male,57,Electronics,3,242,726
4375,25-11-2023,CUST4089,Female,65,Electronics,13,431,5603
4376,25-11-2023,CUST9405,Male,64,Electronics,15,193,2895
4377,25-11-2023,CUST5403,Female,19,Groceries,17,478,8126
4378,25-11-2023,CUST6602,Male,32,Books,13,297,3861
4379,25-11-2023,CUST9784,Female,19,Books,13,60,780
4380,25-11-2023,CUST4670,Male,66,Beauty,10,394,3940
4381,25-11-2023,CUST5898,Male,70,Sports,14,290,4060
4382,25-11-2023,CUST7835,Male,54,Clothing,17,276,4692
4383,25-11-2023,CUST3852,Female,33,Groceries,16,82,1312
4384,25-11-2023,CUST7812,Male,49,Books,8,23,184
4385,25-11-2023,CUST3120,Male,66,Sports,14,172,2408
4386,25-11-2023,CUST8035,Female,56,Beauty,10,396,3960
4387,25-11-2023,CUST6459,Female,70,Sports,20,468,9360
4388,25-11-2023,CUST1519,Female,42,Clothing,4,495,1980
4389,25-11-2023,CUST4947,Male,36,Electronics,3,87,261
4390,25-11-2023,CUST6124,Female,34,Groceries,8,148,1184
4391,25-11-2023,CUST7363,Female,49,Clothing,17,441,7497
4392,25-11-2023,CUST8273,Male,21,Clothing,6,464,2784
4393,25-11-2023,CUST9150,Male,43,Beauty,4,324,1296
4394,25-11-2023,CUST4225,Female,24,Groceries,7,428,2996
4395,25-11-2023,CUST1068,Male,61,Clothing,12,215,2580
4396,25-11-2023,CUST4773,Female,69,Electronics,13,336,4368
4397,25-11-2023,CUST7968,Male,69,Electronics,1,456,456
4398,25-11-2023,CUST9431,Male,36,Beauty,7,311,2177
4399,25-11-2023,CUST2354,Male,51,Beauty,8,83,664
4400,25-11-2023,CUST8315,Female,34,Electronics,16,487,7792
4401,25-11-2023,CUST5541,Female,56,Electronics,10,319,3190
4402,25-11-2023,CUST4712,Female,53,Beauty,17,100,1700
4403,25-11-2023,CUST4219,Male,51,Sports,13,265,3445
4404,25-11-2023,CUST0397,Female,52,Sports,7,113,791
4405,25-11-2023,CUST4916,Female,27,Electronics,6,90,540
4406,25-11-2023,CUST4446,Female,66,Groceries,1,131,131
4407,25-11-2023,CUST0347,Male,21,Beauty,14,491,6874
4408,25-11-2023,CUST9158,Female,60,Books,5,108,540
4409,25-11-2023,CUST6787,Male,46,Groceries,12,220,2640
4410,25-11-2023,CUST1344,Male,61,Clothing,9,99,891
4411,25-11-2023,CUST7229,Male,60,Groceries,7,40,280
4412,25-11-2023,CUST4308,Female,62,Sports,19,148,2812
4413,25-11-2023,CUST4628,Male,55,Books,7,83,581
4414,25-11-2023,CUST8544,Male,55,Sports,5,236,1180
4415,25-11-2023,CUST8072,Female,65,Books,19,61,1159
4416,25-11-2023,CUST3750,Female,28,Books,10,338,3380
4417,25-11-2023,CUST4693,Male,35,Sports,5,361,1805
4418,25-11-2023,CUST4298,Male,65,Books,20,393,7860
4419,25-11-2023,CUST6385,Female,61,Books,10,215,2150
4420,25-11-2023,CUST0780,Female,45,Clothing,12,201,2412
4421,25-11-2023,CUST0629,Female,52,Books,15,37,555
4422,25-11-2023,CUST8443,Female,18,Books,20,73,1460
4423,25-11-2023,CUST3390,Male,68,Beauty,11,148,1628
4424,25-11-2023,CUST6766,Male,37,Clothing,18,33,594
4425,25-11-2023,CUST3307,Female,30,Books,8,97,776
4426,25-11-2023,CUST3237,Male,42,Electronics,3,273,819
4427,25-11-2023,CUST9165,Female,60,Beauty,7,112,784
4428,25-11-2023,CUST5971,Female,64,Beauty,6,286,1716
4429,25-11-2023,CUST9650,Female,26,Sports,12,210,2520
4430,25-11-2023,CUST5917,Male,43,Beauty,12,140,1680
4431,25-11-2023,CUST9470,Female,18,Beauty,7,55,385
4432,25-11-2023,CUST1197,Male,62,Beauty,7,451,3157
4433,25-11-2023,CUST7368,Male,37,Electronics,14,324,4536
4434,25-11-2023,CUST5345,Male,35,Clothing,12,257,3084
4435,25-11-2023,CUST4657,Male,52,Sports,20,345,6900
4436,25-11-2023,CUST8468,Male,55,Groceries,14,33,462
4437,25-11-2023,CUST5829,Male,32,Groceries,12,24,288
4438,25-11-2023,CUST4073,Male,50,Beauty,18,305,5490
4439,25-11-2023,CUST2117,Male,27,Beauty,10,352,3520
4440,25-11-2023,CUST0174,Male,28,Sports,6,369,2214
4441,25-11-2023,CUST7697,Male,33,Clothing,14,370,5180
4442,25-11-2023,CUST2483,Male,45,Clothing,2,477,954
4443,25-11-2023,CUST4179,Male,40,Books,17,213,3621
4444,25-11-2023,CUST7399,Female,18,Clothing,6,104,624
4445,25-11-2023,CUST0036,Male,41,Groceries,4,494,1976
4446,25-11-2023,CUST1829,Male,35,Clothing,19,384,7296
4447,25-11-2023,CUST8942,Female,46,Electronics,15,51,765
4448,25-11-2023,CUST4157,Male,25,Electronics,13,218,2834
4449,25-11-2023,CUST8084,Male,52,Sports,10,15,150
4450,25-11-2023,CUST3690,Male,23,Groceries,16,398,6368
4451,25-11-2023,CUST3962,Male,45,Groceries,3,123,369
4452,25-11-2023,CUST7235,Male,30,Clothing,6,227,1362
4453,25-11-2023,CUST1250,Male,52,Sports,5,126,630
4454,25-11-2023,CUST1395,Female,64,Books,1,297,297
4455,25-11-2023,CUST1875,Male,57,Groceries,14,154,2156
4456,25-11-2023,CUST6661,Male,40,Electronics,10,410,4100
4457,25-11-2023,CUST8046,Male,20,Sports,20,291,5820
4458,25-11-2023,CUST1820,Male,69,Groceries,10,447,4470
4459,25-11-2023,CUST9243,Female,43,Sports,11,327,3597
4460,25-11-2023,CUST6567,Female,45,Groceries,18,392,7056
4461,25-11-2023,CUST6992,Male,48,Electronics,4,99,396
4462,25-11-2023,CUST5730,Male,36,Books,16,254,4064
4463,25-11-2023,CUST0448,Female,26,Beauty,2,392,784
4464,25-11-2023,CUST7718,Male,51,Books,14,447,6258
4465,25-11-2023,CUST9120,Male,46,Clothing,9,70,630
4466,25-11-2023,CUST3911,Male,27,Electronics,2,213,426
4467,25-11-2023,CUST4314,Male,62,Beauty,6,140,840
4468,25-11-2023,CUST7281,Female,69,Electronics,7,212,1484
4469,25-11-2023,CUST3689,Male,65,Clothing,18,151,2718
4470,25-11-2023,CUST4143,Female,18,Groceries,8,428,3424
4471,25-11-2023,CUST9415,Female,29,Groceries,17,372,6324
4472,25-11-2023,CUST3226,Male,54,Books,3,409,1227
4473,25-11-2023,CUST8037,Male,26,Sports,1,419,419
4474,25-11-2023,CUST4377,Male,25,Beauty,1,461,461
4475,25-11-2023,CUST4373,Male,18,Beauty,13,332,4316
4476,25-11-2023,CUST5490,Female,66,Groceries,5,402,2010
4477,25-11-2023,CUST9654,Male,24,Beauty,18,374,6732
4478,25-11-2023,CUST0104,Male,33,Beauty,8,237,1896
4479,25-11-2023,CUST8674,Female,43,Beauty,11,396,4356
4480,25-11-2023,CUST6673,Female,53,Sports,11,403,4433
4481,25-11-2023,CUST1081,Male,70,Books,12,18,216
4482,25-11-2023,CUST3948,Male,62,Electronics,10,402,4020
4483,25-11-2023,CUST9160,Female,70,Clothing,7,385,2695
4484,25-11-2023,CUST8388,Female,65,Clothing,10,361,3610
4485,25-11-2023,CUST7392,Female,34,Beauty,17,318,5406
4486,25-11-2023,CUST2668,Male,39,Books,6,384,2304
4487,25-11-2023,CUST3874,Male,49,Books,14,409,5726
4488,25-11-2023,CUST7576,Female,50,Groceries,18,146,2628
4489,25-11-2023,CUST6191,Female,45,Books,10,421,4210
4490,25-11-2023,CUST2683,Male,28,Beauty,16,479,7664
4491,25-11-2023,CUST4092,Male,37,Groceries,13,198,2574
4492,25-11-2023,CUST6782,Female,64,Sports,2,383,766
4493,25-11-2023,CUST3723,Female,28,Sports,5,397,1985
4494,25-11-2023,CUST1460,Female,26,Electronics,1,463,463
4495,25-11-2023,CUST9816,Male,61,Clothing,16,321,5136
4496,25-11-2023,CUST5577,Male,25,Sports,16,105,1680
4497,25-11-2023,CUST8976,Male,61,Groceries,3,137,411
4498,25-11-2023,CUST3472,Female,46,Electronics,2,401,802
4499,25-11-2023,CUST5442,Male,44,Clothing,20,369,7380
4500,25-11-2023,CUST8588,Male,57,Clothing,20,310,6200
4501,25-11-2023,CUST4777,Male,54,Groceries,8,315,2520
4502,25-11-2023,CUST1230,Male,33,Sports,8,288,2304
4503,25-11-2023,CUST5092,Male,59,Books,11,327,3597
4504,25-11-2023,CUST9609,Male,20,Electronics,19,335,6365
4505,25-11-2023,CUST4369,Female,61,Clothing,20,491,9820
4506,25-11-2023,CUST3718,Female,34,Electronics,5,422,2110
4507,25-11-2023,CUST1088,Female,60,Books,16,40,640
4508,25-11-2023,CUST0268,Male,66,Sports,20,328,6560
4509,25-11-2023,CUST9365,Male,47,Sports,20,244,4880
4510,25-11-2023,CUST1297,Female,60,Groceries,16,90,1440
4511,25-11-2023,CUST9869,Male,34,Electronics,18,34,612
4512,25-11-2023,CUST7265,Male,53,Beauty,16,257,4112
4513,25-11-2023,CUST6286,Female,67,Electronics,8,31,248
4514,25-11-2023,CUST1207,Male,29,Groceries,5,351,1755
4515,25-11-2023,CUST3707,Male,68,Beauty,2,293,586
4516,25-11-2023,CUST3991,Female,61,Electronics,15,358,5370
4517,25-11-2023,CUST2553,Female,29,Groceries,13,387,5031
4518,25-11-2023,CUST6673,Male,18,Beauty,10,166,1660
4519,25-11-2023,CUST0801,Male,32,Sports,4,344,1376
4520,25-11-2023,CUST7317,Female,43,Sports,1,35,35
4521,25-11-2023,CUST4520,Male,64,Books,5,195,975
4522,25-11-2023,CUST3323,Male,63,Beauty,17,312,5304
4523,25-11-2023,CUST9679,Female,52,Beauty,16,234,3744
4524,25-11-2023,CUST4889,Female,24,Electronics,13,48,624
4525,25-11-2023,CUST4475,Male,29,Groceries,4,183,732
4526,25-11-2023,CUST6225,Male,48,Clothing,4,256,1024
4527,25-11-2023,CUST2184,Female,34,Groceries,6,215,1290
4528,25-11-2023,CUST2310,Male,43,Sports,6,16,96
4529,25-11-2023,CUST2624,Female,24,Electronics,14,197,2758
4530,25-11-2023,CUST2435,Female,46,Electronics,5,277,1385
4531,25-11-2023,CUST5525,Female,62,Beauty,3,99,297
4532,25-11-2023,CUST6032,Female,63,Groceries,9,58,522
4533,25-11-2023,CUST4921,Male,29,Beauty,17,403,6851
4534,25-11-2023,CUST2105,Female,20,Electronics,11,406,4466
4535,25-11-2023,CUST7510,Male,26,Groceries,5,168,840
4536,25-11-2023,CUST6057,Male,21,Sports,2,129,258
4537,25-11-2023,CUST5473,Male,45,Sports,1,500,500
4538,25-11-2023,CUST8736,Male,19,Groceries,18,48,864
4539,25-11-2023,CUST7325,Female,23,Clothing,20,296,5920
4540,25-11-2023,CUST7931,Female,32,Electronics,15,45,675
4541,25-11-2023,CUST2079,Female,61,Clothing,18,179,3222
4542,25-11-2023,CUST8053,Male,22,Clothing,6,456,2736
4543,25-11-2023,CUST0830,Female,46,Clothing,2,236,472
4544,25-11-2023,CUST5462,Female,19,Clothing,12,244,2928
4545,25-11-2023,CUST4581,Male,66,Clothing,5,189,945
4546,25-11-2023,CUST5164,Female,19,Electronics,5,383,1915
4547,25-11-2023,CUST4654,Female,50,Books,5,57,285
4548,25-11-2023,CUST8131,Male,69,Books,8,232,1856
4549,25-11-2023,CUST3078,Male,48,Sports,18,496,8928
4550,25-11-2023,CUST2630,Male,42,Groceries,15,496,7440
4551,25-11-2023,CUST6877,Female,68,Books,5,29,145
4552,25-11-2023,CUST6526,Male,46,Beauty,12,430,5160
4553,25-11-2023,CUST0361,Female,23,Books,3,110,330
4554,25-11-2023,CUST8712,Female,42,Clothing,11,185,2035
4555,25-11-2023,CUST5458,Male,34,Books,14,269,3766
4556,25-11-2023,CUST1344,Male,56,Groceries,11,369,4059
4557,25-11-2023,CUST6960,Male,40,Groceries,2,34,68
4558,25-11-2023,CUST4940,Female,47,Electronics,3,436,1308
4559,25-11-2023,CUST7538,Female,20,Books,10,53,530
4560,25-11-2023,CUST3349,Male,27,Beauty,17,447,7599
4561,25-11-2023,CUST7206,Male,66,Books,10,14,140
4562,25-11-2023,CUST9794,Female,22,Electronics,15,341,5115
4563,25-11-2023,CUST3644,Male,18,Electronics,13,24,312
4564,25-11-2023,CUST6509,Female,58,Sports,5,72,360
4565,25-11-2023,CUST7632,Male,67,Electronics,12,415,4980
4566,25-11-2023,CUST8240,Female,67,Beauty,16,263,4208
4567,25-11-2023,CUST0136,Male,64,Sports,8,229,1832
4568,25-11-2023,CUST9605,Female,59,Beauty,11,62,682
4569,25-11-2023,CUST5314,Male,29,Groceries,11,465,5115
4570,25-11-2023,CUST3775,Male,29,Beauty,8,453,3624
4571,25-11-2023,CUST8843,Female,50,Groceries,6,221,1326
4572,25-11-2023,CUST8062,Male,64,Clothing,3,354,1062
4573,25-11-2023,CUST8395,Female,58,Groceries,15,294,4410
4574,25-11-2023,CUST8930,Female,46,Books,17,440,7480
4575,25-11-2023,CUST2119,Female,46,Sports,6,150,900
4576,25-11-2023,CUST2398,Male,21,Sports,11,205,2255
4577,25-11-2023,CUST9798,Female,48,Clothing,7,258,1806
4578,25-11-2023,CUST3379,Male,64,Beauty,8,91,728
4579,25-11-2023,CUST4374,Male,23,Groceries,18,107,1926
4580,25-11-2023,CUST7292,Male,31,Sports,12,178,2136
4581,25-11-2023,CUST8530,Male,56,Books,11,419,4609
4582,25-11-2023,CUST8916,Female,57,Beauty,3,263,789
4583,25-11-2023,CUST7433,Female,61,Sports,6,82,492
4584,25-11-2023,CUST2669,Male,50,Books,6,181,1086
4585,25-11-2023,CUST9700,Male,34,Groceries,2,431,862
4586,25-11-2023,CUST1105,Male,38,Electronics,3,364,1092
4587,25-11-2023,CUST6198,Female,63,Books,8,257,2056
4588,25-11-2023,CUST4157,Female,70,Sports,17,70,1190
4589,25-11-2023,CUST6745,Male,66,Electronics,13,349,4537
4590,25-11-2023,CUST9006,Female,30,Sports,18,275,4950
4591,25-11-2023,CUST8496,Male,61,Sports,18,297,5346
4592,25-11-2023,CUST7077,Male,33,Books,13,385,5005
4593,25-11-2023,CUST4109,Female,22,Electronics,3,184,552
4594,25-11-2023,CUST4357,Male,32,Sports,7,219,1533
4595,25-11-2023,CUST5249,Female,41,Sports,18,401,7218
4596,25-11-2023,CUST2576,Male,58,Electronics,16,413,6608
4597,25-11-2023,CUST2207,Male,51,Clothing,14,19,266
4598,25-11-2023,CUST7625,Female,40,Sports,2,431,862
4599,25-11-2023,CUST0774,Male,56,Groceries,17,236,4012
4600,25-11-2023,CUST3069,Female,42,Books,19,44,836
4601,25-11-2023,CUST1092,Male,51,Books,3,186,558
4602,25-11-2023,CUST7832,Male,51,Electronics,10,242,2420
4603,25-11-2023,CUST7980,Male,30,Groceries,12,41,492
4604,25-11-2023,CUST5465,Female,55,Books,15,177,2655
4605,25-11-2023,CUST7923,Female,37,Books,8,486,3888
4606,25-11-2023,CUST9576,Male,69,Electronics,6,171,1026
4607,25-11-2023,CUST4988,Female,67,Electronics,16,47,752
4608,25-11-2023,CUST3745,Male,24,Beauty,4,388,1552
4609,25-11-2023,CUST5656,Male,66,Beauty,3,318,954
4610,25-11-2023,CUST1850,Female,52,Groceries,1,290,290
4611,25-11-2023,CUST9145,Male,53,Books,3,412,1236
4612,25-11-2023,CUST5583,Male,29,Books,14,329,4606
4613,25-11-2023,CUST5252,Male,68,Beauty,8,189,1512
4614,25-11-2023,CUST4923,Female,53,Beauty,14,98,1372
4615,25-11-2023,CUST4729,Female,49,Beauty,17,71,1207
4616,25-11-2023,CUST9794,Male,66,Beauty,11,80,880
4617,25-11-2023,CUST5421,Female,25,Beauty,1,289,289
4618,25-11-2023,CUST9632,Female,32,Groceries,16,183,2928
4619,25-11-2023,CUST0965,Male,41,Beauty,16,283,4528
4620,25-11-2023,CUST4330,Male,33,Beauty,6,354,2124
4621,25-11-2023,CUST6905,Male,65,Sports,11,463,5093
4622,25-11-2023,CUST1727,Male,27,Sports,12,478,5736
4623,25-11-2023,CUST0533,Female,69,Sports,2,217,434
4624,25-11-2023,CUST7450,Female,44,Books,18,26,468
4625,25-11-2023,CUST9812,Male,67,Beauty,8,401,3208
4626,25-11-2023,CUST3683,Female,58,Electronics,6,449,2694
4627,25-11-2023,CUST4803,Male,32,Groceries,15,217,3255
4628,25-11-2023,CUST8253,Male,62,Groceries,12,193,2316
4629,25-11-2023,CUST5739,Male,28,Beauty,8,95,760
4630,25-11-2023,CUST8370,Female,30,Sports,13,22,286
4631,25-11-2023,CUST4654,Male,22,Electronics,13,478,6214
4632,25-11-2023,CUST0911,Male,37,Groceries,12,420,5040
4633,25-11-2023,CUST0781,Female,65,Books,9,119,1071
4634,25-11-2023,CUST6302,Male,70,Groceries,14,161,2254
4635,25-11-2023,CUST7389,Female,32,Beauty,7,300,2100
4636,25-11-2023,CUST6937,Female,24,Groceries,13,287,3731
4637,25-11-2023,CUST7874,Female,40,Electronics,20,472,9440
4638,25-11-2023,CUST2970,Male,36,Clothing,4,31,124
4639,25-11-2023,CUST2912,Male,18,Electronics,15,450,6750
4640,25-11-2023,CUST9373,Female,48,Clothing,16,130,2080
4641,25-11-2023,CUST8289,Male,24,Groceries,18,355,6390
4642,25-11-2023,CUST4539,Male,31,Electronics,7,184,1288
4643,25-11-2023,CUST0362,Male,34,Sports,13,130,1690
4644,25-11-2023,CUST0461,Female,66,Clothing,13,69,897
4645,25-11-2023,CUST5542,Male,62,Electronics,12,335,4020
4646,25-11-2023,CUST7513,Female,50,Books,11,265,2915
4647,25-11-2023,CUST1298,Female,51,Groceries,4,347,1388
4648,25-11-2023,CUST8661,Male,53,Books,9,389,3501
4649,25-11-2023,CUST3380,Female,56,Electronics,6,309,1854
4650,25-11-2023,CUST7119,Male,28,Groceries,15,417,6255
4651,25-11-2023,CUST0709,Male,29,Sports,16,302,4832
4652,25-11-2023,CUST5267,Female,60,Clothing,17,218,3706
4653,25-11-2023,CUST4335,Male,33,Books,16,460,7360
4654,25-11-2023,CUST2041,Female,38,Books,14,289,4046
4655,25-11-2023,CUST1391,Male,55,Electronics,20,384,7680
4656,25-11-2023,CUST5627,Female,36,Beauty,8,333,2664
4657,25-11-2023,CUST3661,Male,51,Clothing,4,67,268
4658,25-11-2023,CUST9914,Female,64,Electronics,17,314,5338
4659,25-11-2023,CUST1139,Female,20,Clothing,2,422,844
4660,25-11-2023,CUST6734,Female,62,Books,12,201,2412
4661,25-11-2023,CUST9929,Male,23,Books,16,29,464
4662,25-11-2023,CUST4423,Female,24,Electronics,13,231,3003
4663,25-11-2023,CUST5852,Male,51,Sports,9,60,540
4664,25-11-2023,CUST6482,Male,20,Electronics,16,104,1664
4665,25-11-2023,CUST3051,Male,54,Electronics,18,219,3942
4666,25-11-2023,CUST2713,Male,67,Sports,9,230,2070
4667,25-11-2023,CUST2788,Female,35,Clothing,20,74,1480
4668,25-11-2023,CUST8659,Female,55,Clothing,5,50,250
4669,25-11-2023,CUST8218,Male,47,Beauty,20,242,4840
4670,25-11-2023,CUST1609,Female,68,Books,16,380,6080
4671,25-11-2023,CUST4345,Male,31,Books,4,274,1096
4672,25-11-2023,CUST7328,Female,64,Clothing,17,97,1649
4673,25-11-2023,CUST7887,Female,22,Electronics,12,390,4680
4674,25-11-2023,CUST1691,Male,40,Sports,4,379,1516
4675,25-11-2023,CUST8340,Male,61,Sports,14,148,2072
4676,25-11-2023,CUST3949,Female,42,Books,19,191,3629
4677,25-11-2023,CUST4174,Female,69,Electronics,5,171,855
4678,25-11-2023,CUST5278,Female,50,Groceries,17,203,3451
4679,25-11-2023,CUST5139,Female,20,Sports,10,456,4560
4680,25-11-2023,CUST3005,Female,41,Electronics,1,67,67
4681,25-11-2023,CUST9687,Male,31,Sports,8,171,1368
4682,25-11-2023,CUST2757,Female,52,Beauty,2,35,70
4683,25-11-2023,CUST6526,Male,27,Electronics,4,456,1824
4684,25-11-2023,CUST7629,Male,55,Clothing,2,16,32
4685,25-11-2023,CUST1110,Female,53,Electronics,20,232,4640
4686,25-11-2023,CUST2953,Male,48,Clothing,17,36,612
4687,25-11-2023,CUST4001,Male,31,Sports,4,214,856
4688,25-11-2023,CUST0328,Female,33,Clothing,14,82,1148
4689,25-11-2023,CUST8586,Female,62,Books,9,317,2853
4690,25-11-2023,CUST0770,Female,33,Groceries,8,166,1328
4691,25-11-2023,CUST2744,Female,56,Groceries,10,298,2980
4692,25-11-2023,CUST4428,Female,27,Groceries,7,366,2562
4693,25-11-2023,CUST2022,Female,43,Books,15,354,5310
4694,25-11-2023,CUST2488,Male,23,Sports,16,312,4992
4695,25-11-2023,CUST8743,Female,68,Sports,19,259,4921
4696,25-11-2023,CUST7695,Female,26,Sports,5,122,610
4697,25-11-2023,CUST7873,Male,49,Electronics,7,486,3402
4698,25-11-2023,CUST6177,Male,69,Beauty,9,216,1944
4699,25-11-2023,CUST1811,Male,32,Clothing,15,214,3210
4700,25-11-2023,CUST1239,Female,60,Electronics,3,448,1344
4701,25-11-2023,CUST5011,Male,64,Sports,10,293,2930
4702,25-11-2023,CUST2894,Male,42,Sports,13,73,949
4703,25-11-2023,CUST4708,Male,59,Sports,19,172,3268
4704,25-11-2023,CUST1817,Male,59,Sports,18,111,1998
4705,25-11-2023,CUST4176,Male,23,Electronics,5,208,1040
4706,25-11-2023,CUST0874,Male,67,Groceries,3,266,798
4707,25-11-2023,CUST8453,Male,52,Beauty,4,482,1928
4708,25-11-2023,CUST8286,Female,22,Electronics,1,466,466
4709,25-11-2023,CUST4025,Male,65,Clothing,13,410,5330
4710,25-11-2023,CUST4022,Female,21,Electronics,8,419,3352
4711,25-11-2023,CUST3838,Male,62,Books,9,109,981
4712,25-11-2023,CUST0827,Female,38,Clothing,14,203,2842
4713,25-11-2023,CUST4284,Female,19,Sports,19,185,3515
4714,25-11-2023,CUST8350,Female,55,Clothing,17,276,4692
4715,25-11-2023,CUST7752,Female,51,Electronics,8,53,424
4716,25-11-2023,CUST2665,Female,49,Groceries,11,318,3498
4717,25-11-2023,CUST1351,Female,66,Groceries,7,264,1848
4718,25-11-2023,CUST5895,Female,60,Electronics,8,45,360
4719,25-11-2023,CUST5540,Male,46,Groceries,15,228,3420
4720,25-11-2023,CUST1642,Male,43,Books,12,139,1668
4721,25-11-2023,CUST8143,Male,20,Clothing,11,395,4345
4722,25-11-2023,CUST1794,Male,45,Sports,19,235,4465
4723,25-11-2023,CUST2665,Male,33,Beauty,18,434,7812
4724,25-11-2023,CUST9979,Female,55,Sports,5,168,840
4725,25-11-2023,CUST8764,Male,22,Electronics,9,479,4311
4726,25-11-2023,CUST0301,Female,64,Electronics,17,316,5372
4727,25-11-2023,CUST0667,Female,28,Clothing,3,339,1017
4728,25-11-2023,CUST6015,Female,23,Clothing,17,313,5321
4729,25-11-2023,CUST9294,Male,41,Books,19,473,8987
4730,25-11-2023,CUST2941,Male,33,Electronics,1,137,137
4731,25-11-2023,CUST1648,Male,40,Beauty,2,242,484
4732,25-11-2023,CUST4419,Female,60,Clothing,15,436,6540
4733,25-11-2023,CUST5475,Female,48,Books,17,267,4539
4734,25-11-2023,CUST2704,Male,70,Groceries,5,264,1320
4735,25-11-2023,CUST2652,Female,21,Beauty,16,91,1456
4736,25-11-2023,CUST0055,Female,62,Beauty,2,430,860
4737,25-11-2023,CUST5957,Male,34,Sports,18,319,5742
4738,25-11-2023,CUST2572,Male,39,Sports,17,213,3621
4739,25-11-2023,CUST9114,Female,53,Electronics,18,249,4482
4740,25-11-2023,CUST3925,Female,27,Books,18,239,4302
4741,25-11-2023,CUST9003,Female,36,Beauty,4,367,1468
4742,25-11-2023,CUST3573,Male,54,Groceries,17,449,7633
4743,25-11-2023,CUST3392,Male,41,Books,13,137,1781
4744,25-11-2023,CUST9715,Male,43,Electronics,6,29,174
4745,25-11-2023,CUST6001,Male,44,Groceries,16,55,880
4746,25-11-2023,CUST2086,Male,45,Sports,8,50,400
4747,25-11-2023,CUST3212,Male,42,Books,1,461,461
4748,25-11-2023,CUST5043,Male,50,Clothing,18,201,3618
4749,25-11-2023,CUST0692,Male,33,Sports,7,476,3332
4750,25-11-2023,CUST1942,Female,27,Beauty,18,208,3744
4751,25-11-2023,CUST0958,Male,50,Groceries,20,126,2520
4752,25-11-2023,CUST7481,Female,49,Books,20,54,1080
4753,25-11-2023,CUST4165,Female,25,Beauty,19,397,7543
4754,25-11-2023,CUST6816,Male,25,Clothing,19,20,380
4755,25-11-2023,CUST9335,Male,68,Clothing,4,353,1412
4756,25-11-2023,CUST4021,Male,66,Groceries,4,452,1808
4757,25-11-2023,CUST3033,Female,70,Electronics,15,17,255
4758,25-11-2023,CUST0050,Female,55,Groceries,2,363,726
4759,25-11-2023,CUST0796,Female,27,Clothing,2,473,946
4760,25-11-2023,CUST7845,Female,19,Clothing,10,202,2020
4761,25-11-2023,CUST0546,Male,48,Books,3,308,924
4762,25-11-2023,CUST8925,Female,47,Electronics,9,35,315
4763,25-11-2023,CUST9851,Female,66,Beauty,10,475,4750
4764,25-11-2023,CUST9306,Male,62,Clothing,18,265,4770
4765,25-11-2023,CUST8635,Female,41,Electronics,20,82,1640
4766,25-11-2023,CUST0691,Female,23,Sports,7,382,2674
4767,25-11-2023,CUST2053,Male,62,Groceries,5,112,560
4768,25-11-2023,CUST0300,Male,57,Electronics,11,286,3146
4769,25-11-2023,CUST1716,Male,63,Sports,9,492,4428
4770,25-11-2023,CUST7696,Female,22,Electronics,10,340,3400
4771,25-11-2023,CUST2516,Female,22,Sports,17,18,306
4772,25-11-2023,CUST5492,Male,57,Groceries,19,397,7543
4773,25-11-2023,CUST4556,Female,18,Clothing,17,193,3281
4774,25-11-2023,CUST9754,Male,65,Clothing,20,292,5840
4775,25-11-2023,CUST8910,Female,46,Clothing,20,21,420
4776,25-11-2023,CUST1880,Female,35,Groceries,17,365,6205
4777,25-11-2023,CUST4582,Male,37,Sports,5,372,1860
4778,25-11-2023,CUST8803,Female,52,Electronics,20,337,6740
4779,25-11-2023,CUST9500,Male,41,Electronics,19,141,2679
4780,25-11-2023,CUST2519,Male,33,Sports,1,480,480
4781,25-11-2023,CUST5244,Female,26,Beauty,18,403,7254
4782,25-11-2023,CUST5032,Female,41,Groceries,7,449,3143
4783,25-11-2023,CUST2858,Male,20,Beauty,12,284,3408
4784,25-11-2023,CUST7693,Male,32,Sports,19,88,1672
4785,25-11-2023,CUST0151,Female,61,Sports,2,266,532
4786,25-11-2023,CUST5069,Male,20,Sports,11,449,4939
4787,25-11-2023,CUST7921,Female,37,Clothing,16,305,4880
4788,25-11-2023,CUST1188,Male,30,Beauty,20,207,4140
4789,25-11-2023,CUST5436,Female,62,Groceries,18,404,7272
4790,25-11-2023,CUST0544,Female,45,Beauty,17,204,3468
4791,25-11-2023,CUST0274,Female,23,Beauty,17,476,8092
4792,25-11-2023,CUST4129,Male,41,Electronics,16,416,6656
4793,25-11-2023,CUST0969,Female,65,Sports,12,96,1152
4794,25-11-2023,CUST9114,Female,34,Sports,3,136,408
4795,25-11-2023,CUST9102,Female,56,Electronics,4,411,1644
4796,25-11-2023,CUST9468,Female,46,Electronics,10,475,4750
4797,25-11-2023,CUST4864,Male,42,Beauty,20,50,1000
4798,25-11-2023,CUST1573,Female,64,Electronics,15,457,6855
4799,25-11-2023,CUST1204,Male,26,Groceries,9,456,4104
4800,25-11-2023,CUST8766,Female,34,Electronics,11,98,1078
4801,25-11-2023,CUST6049,Male,60,Electronics,20,477,9540
4802,25-11-2023,CUST0402,Female,68,Electronics,19,328,6232
4803,25-11-2023,CUST8105,Male,68,Books,19,14,266
4804,25-11-2023,CUST3284,Male,67,Sports,8,258,2064
4805,25-11-2023,CUST5379,Male,38,Clothing,13,405,5265
4806,25-11-2023,CUST0419,Female,57,Clothing,18,478,8604
4807,25-11-2023,CUST8615,Male,51,Beauty,13,14,182
4808,25-11-2023,CUST9178,Female,62,Beauty,14,40,560
4809,25-11-2023,CUST9209,Male,59,Clothing,13,16,208
4810,25-11-2023,CUST0366,Male,44,Books,5,211,1055
4811,25-11-2023,CUST1100,Female,60,Beauty,6,419,2514
4812,25-11-2023,CUST3367,Female,64,Clothing,17,201,3417
4813,25-11-2023,CUST2958,Male,69,Sports,10,86,860
4814,25-11-2023,CUST0019,Male,36,Sports,20,85,1700
4815,25-11-2023,CUST7933,Male,69,Clothing,10,123,1230
4816,25-11-2023,CUST1151,Female,56,Electronics,11,22,242
4817,25-11-2023,CUST0698,Female,58,Sports,2,484,968
4818,25-11-2023,CUST9269,Female,42,Books,15,41,615
4819,25-11-2023,CUST0691,Female,31,Groceries,20,110,2200
4820,25-11-2023,CUST2967,Male,20,Electronics,4,426,1704
4821,25-11-2023,CUST3362,Female,52,Groceries,6,255,1530
4822,25-11-2023,CUST8397,Female,40,Electronics,16,438,7008
4823,25-11-2023,CUST2659,Male,61,Sports,17,162,2754
4824,25-11-2023,CUST1418,Male,68,Clothing,10,170,1700
4825,25-11-2023,CUST3096,Female,28,Clothing,11,140,1540
4826,25-11-2023,CUST1691,Female,59,Beauty,18,236,4248
4827,25-11-2023,CUST8746,Male,36,Beauty,13,32,416
4828,25-11-2023,CUST8583,Male,24,Books,10,31,310
4829,25-11-2023,CUST8718,Male,40,Books,11,437,4807
4830,25-11-2023,CUST5751,Female,42,Clothing,12,296,3552
4831,25-11-2023,CUST3545,Female,51,Electronics,3,240,720
4832,25-11-2023,CUST7635,Male,54,Electronics,11,204,2244
4833,25-11-2023,CUST5334,Female,18,Electronics,4,339,1356
4834,25-11-2023,CUST0683,Male,32,Clothing,14,496,6944
4835,25-11-2023,CUST3209,Female,28,Electronics,4,59,236
4836,25-11-2023,CUST5210,Male,48,Groceries,10,459,4590
4837,25-11-2023,CUST7587,Male,24,Books,5,24,120
4838,25-11-2023,CUST5844,Male,69,Clothing,12,136,1632
4839,25-11-2023,CUST3465,Male,24,Sports,20,448,8960
4840,25-11-2023,CUST2591,Male,59,Groceries,12,30,360
4841,25-11-2023,CUST9302,Male,55,Beauty,7,230,1610
4842,25-11-2023,CUST2707,Female,22,Beauty,7,221,1547
4843,25-11-2023,CUST9359,Female,50,Groceries,19,12,228
4844,25-11-2023,CUST3538,Female,59,Electronics,6,65,390
4845,25-11-2023,CUST7523,Male,63,Electronics,14,294,4116
4846,25-11-2023,CUST7650,Female,52,Groceries,8,246,1968
4847,25-11-2023,CUST1028,Female,56,Books,19,488,9272
4848,25-11-2023,CUST0759,Female,64,Groceries,4,132,528
4849,25-11-2023,CUST7482,Female,18,Groceries,9,392,3528
4850,25-11-2023,CUST8375,Female,28,Books,18,484,8712
4851,25-11-2023,CUST7882,Male,23,Clothing,3,212,636
4852,25-11-2023,CUST6815,Male,55,Clothing,13,261,3393
4853,25-11-2023,CUST3582,Male,24,Sports,6,332,1992
4854,25-11-2023,CUST5280,Female,43,Beauty,17,191,3247
4855,25-11-2023,CUST9117,Male,40,Beauty,15,69,1035
4856,25-11-2023,CUST4058,Female,59,Electronics,10,370,3700
4857,25-11-2023,CUST6988,Female,53,Books,5,242,1210
4858,25-11-2023,CUST5697,Female,50,Books,7,396,2772
4859,25-11-2023,CUST6614,Female,58,Clothing,13,124,1612
4860,25-11-2023,CUST3583,Female,43,Groceries,14,161,2254
4861,25-11-2023,CUST4159,Female,24,Beauty,15,370,5550
4862,25-11-2023,CUST9755,Female,37,Books,19,123,2337
4863,25-11-2023,CUST4500,Female,21,Clothing,13,62,806
4864,25-11-2023,CUST2527,Male,65,Sports,9,75,675
4865,25-11-2023,CUST6221,Male,56,Electronics,4,197,788
4866,25-11-2023,CUST2569,Female,19,Books,13,277,3601
4867,25-11-2023,CUST9170,Female,36,Clothing,7,295,2065
4868,25-11-2023,CUST6327,Female,43,Books,3,109,327
4869,25-11-2023,CUST3154,Male,55,Groceries,6,252,1512
4870,25-11-2023,CUST4454,Female,69,Clothing,11,125,1375
4871,25-11-2023,CUST6425,Female,26,Electronics,18,490,8820
4872,25-11-2023,CUST4511,Female,57,Electronics,3,342,1026
4873,25-11-2023,CUST1779,Male,26,Books,16,48,768
4874,25-11-2023,CUST7312,Male,38,Groceries,8,319,2552
4875,25-11-2023,CUST6792,Male,65,Beauty,13,140,1820
4876,25-11-2023,CUST7838,Male,48,Sports,14,78,1092
4877,25-11-2023,CUST9392,Female,36,Books,16,463,7408
4878,25-11-2023,CUST5311,Male,18,Clothing,6,349,2094
4879,25-11-2023,CUST0821,Female,19,Electronics,19,397,7543
4880,25-11-2023,CUST9708,Male,62,Sports,14,56,784
4881,25-11-2023,CUST3968,Female,52,Electronics,7,335,2345
4882,25-11-2023,CUST8084,Female,66,Clothing,12,63,756
4883,25-11-2023,CUST7854,Female,32,Groceries,5,455,2275
4884,25-11-2023,CUST7743,Male,49,Sports,13,500,6500
4885,25-11-2023,CUST5348,Male,51,Books,10,65,650
4886,25-11-2023,CUST6230,Female,58,Electronics,3,415,1245
4887,25-11-2023,CUST8321,Female,61,Groceries,9,286,2574
4888,25-11-2023,CUST5635,Female,56,Sports,1,484,484
4889,25-11-2023,CUST6035,Male,18,Beauty,1,475,475
4890,25-11-2023,CUST5819,Male,56,Beauty,16,222,3552
4891,25-11-2023,CUST3709,Female,69,Groceries,15,373,5595
4892,25-11-2023,CUST4881,Female,45,Electronics,10,140,1400
4893,25-11-2023,CUST6986,Female,39,Books,5,297,1485
4894,25-11-2023,CUST5758,Male,50,Electronics,13,103,1339
4895,25-11-2023,CUST2410,Male,58,Books,10,499,4990
4896,25-11-2023,CUST1636,Male,27,Beauty,3,224,672
4897,25-11-2023,CUST7977,Female,22,Sports,1,405,405
4898,25-11-2023,CUST1799,Male,25,Electronics,18,417,7506
4899,25-11-2023,CUST5784,Male,49,Sports,19,166,3154
4900,25-11-2023,CUST8119,Male,57,Books,16,316,5056
4901,25-11-2023,CUST0258,Female,43,Sports,20,400,8000
4902,25-11-2023,CUST5569,Female,28,Groceries,18,75,1350
4903,25-11-2023,CUST6341,Male,64,Sports,10,64,640
4904,25-11-2023,CUST4937,Male,48,Books,5,377,1885
4905,25-11-2023,CUST3161,Female,28,Sports,2,467,934
4906,25-11-2023,CUST3863,Male,57,Electronics,16,152,2432
4907,25-11-2023,CUST4210,Female,70,Books,19,246,4674
4908,25-11-2023,CUST9048,Female,53,Books,13,223,2899
4909,25-11-2023,CUST3104,Male,46,Beauty,7,381,2667
4910,25-11-2023,CUST4999,Male,37,Books,16,55,880
4911,25-11-2023,CUST6427,Male,37,Books,1,356,356
4912,25-11-2023,CUST0752,Female,20,Electronics,18,436,7848
4913,25-11-2023,CUST2418,Male,51,Sports,17,27,459
4914,25-11-2023,CUST4211,Female,63,Beauty,10,292,2920
4915,25-11-2023,CUST1746,Female,34,Groceries,14,318,4452
4916,25-11-2023,CUST6708,Female,49,Sports,10,102,1020
4917,25-11-2023,CUST8632,Female,66,Beauty,6,24,144
4918,25-11-2023,CUST5001,Male,54,Clothing,15,123,1845
4919,25-11-2023,CUST9818,Female,45,Clothing,15,474,7110
4920,25-11-2023,CUST4269,Female,24,Sports,14,31,434
4921,25-11-2023,CUST2222,Male,23,Groceries,10,42,420
4922,25-11-2023,CUST2807,Female,41,Sports,19,52,988
4923,25-11-2023,CUST0598,Female,57,Clothing,13,222,2886
4924,25-11-2023,CUST1238,Female,18,Books,8,378,3024
4925,25-11-2023,CUST3886,Female,35,Books,13,462,6006
4926,25-11-2023,CUST7836,Male,57,Beauty,10,304,3040
4927,25-11-2023,CUST1775,Female,69,Groceries,7,441,3087
4928,25-11-2023,CUST3836,Male,35,Electronics,12,18,216
4929,25-11-2023,CUST1779,Male,18,Sports,18,81,1458
4930,25-11-2023,CUST4809,Male,41,Groceries,8,441,3528
4931,25-11-2023,CUST2350,Male,40,Books,7,69,483
4932,25-11-2023,CUST4608,Female,69,Sports,4,416,1664
4933,25-11-2023,CUST4522,Female,65,Sports,9,244,2196
4934,25-11-2023,CUST0335,Male,69,Books,9,27,243
4935,25-11-2023,CUST2492,Male,44,Electronics,16,150,2400
4936,25-11-2023,CUST2866,Female,28,Sports,5,183,915
4937,25-11-2023,CUST9393,Female,49,Clothing,19,461,8759
4938,25-11-2023,CUST8511,Male,38,Books,19,409,7771
4939,25-11-2023,CUST5381,Female,23,Books,16,415,6640
4940,25-11-2023,CUST3797,Male,48,Groceries,15,358,5370
4941,25-11-2023,CUST1527,Male,44,Groceries,9,158,1422
4942,25-11-2023,CUST1091,Female,29,Sports,11,213,2343
4943,25-11-2023,CUST9713,Female,24,Books,7,88,616
4944,25-11-2023,CUST1656,Female,33,Beauty,1,246,246
4945,25-11-2023,CUST1363,Female,56,Books,1,362,362
4946,25-11-2023,CUST4741,Male,49,Electronics,19,289,5491
4947,25-11-2023,CUST1172,Female,49,Beauty,9,473,4257
4948,25-11-2023,CUST7085,Female,50,Sports,20,68,1360
4949,25-11-2023,CUST3587,Male,31,Clothing,4,332,1328
4950,25-11-2023,CUST5915,Female,55,Electronics,4,364,1456
4951,25-11-2023,CUST9023,Male,50,Beauty,1,338,338
4952,25-11-2023,CUST3477,Male,23,Groceries,8,74,592
4953,25-11-2023,CUST6242,Female,55,Books,15,287,4305
4954,25-11-2023,CUST4194,Female,41,Groceries,5,46,230
4955,25-11-2023,CUST4396,Female,67,Groceries,3,308,924
4956,25-11-2023,CUST3700,Male,44,Books,7,246,1722
4957,25-11-2023,CUST0404,Female,61,Clothing,9,112,1008
4958,25-11-2023,CUST1281,Male,56,Electronics,18,257,4626
4959,25-11-2023,CUST9200,Female,25,Clothing,6,470,2820
4960,25-11-2023,CUST4036,Male,24,Clothing,17,310,5270
4961,25-11-2023,CUST4543,Male,31,Sports,6,434,2604
4962,25-11-2023,CUST4103,Female,29,Electronics,3,436,1308
4963,25-11-2023,CUST8547,Male,65,Groceries,4,414,1656
4964,25-11-2023,CUST0494,Male,53,Books,15,268,4020
4965,25-11-2023,CUST6040,Male,30,Books,19,411,7809
4966,25-11-2023,CUST0184,Male,36,Beauty,14,453,6342
4967,25-11-2023,CUST0411,Male,69,Groceries,5,85,425
4968,25-11-2023,CUST1034,Male,49,Sports,17,308,5236
4969,25-11-2023,CUST5296,Female,25,Beauty,18,70,1260
4970,25-11-2023,CUST9949,Male,38,Beauty,12,62,744
4971,25-11-2023,CUST8288,Female,67,Groceries,9,167,1503
4972,25-11-2023,CUST7924,Female,20,Electronics,16,267,4272
4973,25-11-2023,CUST4451,Female,64,Books,17,314,5338
4974,25-11-2023,CUST3730,Male,67,Groceries,20,27,540
4975,25-11-2023,CUST2843,Female,50,Books,2,41,82
4976,25-11-2023,CUST8815,Male,57,Books,14,13,182
4977,25-11-2023,CUST0697,Female,59,Electronics,15,440,6600
4978,25-11-2023,CUST4022,Female,24,Clothing,12,429,5148
4979,25-11-2023,CUST8382,Female,68,Sports,18,294,5292
4980,25-11-2023,CUST6169,Male,51,Groceries,8,457,3656
4981,25-11-2023,CUST4794,Male,42,Sports,20,229,4580
4982,25-11-2023,CUST7376,Female,38,Clothing,14,253,3542
4983,25-11-2023,CUST0829,Female,25,Groceries,19,84,1596
4984,25-11-2023,CUST5692,Female,24,Electronics,9,291,2619
4985,25-11-2023,CUST8155,Male,39,Books,19,453,8607
4986,25-11-2023,CUST5217,Female,60,Books,20,133,2660
4987,25-11-2023,CUST8706,Female,23,Electronics,13,337,4381
4988,25-11-2023,CUST6119,Male,51,Beauty,4,340,1360
4989,25-11-2023,CUST5112,Female,41,Beauty,20,468,9360
4990,25-11-2023,CUST7076,Female,24,Electronics,7,193,1351
4991,25-11-2023,CUST7923,Male,20,Sports,11,167,1837
4992,25-11-2023,CUST5163,Female,45,Groceries,17,207,3519
4993,25-11-2023,CUST2956,Male,25,Beauty,5,95,475
4994,25-11-2023,CUST5739,Female,64,Clothing,2,101,202
4995,25-11-2023,CUST6737,Male,34,Clothing,4,254,1016
4996,25-11-2023,CUST1601,Male,64,Electronics,14,310,4340
4997,25-11-2023,CUST4177,Male,53,Groceries,6,132,792
4998,25-11-2023,CUST4723,Female,35,Beauty,13,318,4134
4999,25-11-2023,CUST0828,Male,41,Books,10,386,3860
5000,25-11-2023,CUST2300,Female,61,Books,16,459,7344
