TransactionID,Date,CustomerID,Gender,Age,Product Category,Quantity,Price per Unit,Total Amount,Quarter,Year,Age Group,Revenue Band
TX040001,2023-11-24,CUST0020,Male,67,Sports,11,104.0,1144.0,4,2023,Retired,High
TX040002,2023-11-24,CUST9056,Female,23,Books,5,163.0,815.0,4,2023,Teenager,High
TX040003,2023-11-24,CUST9975,Female,51,Beauty,5,393.0,1965.0,4,2023,Middle Aged,High
TX040004,2023-11-24,CUST5740,Female,53,Clothing,2,431.0,862.0,4,2023,Middle Aged,High
TX040005,2023-11-24,CUST9080,Female,39,Books,10,149.0,1490.0,4,2023,Youth,High
TX040006,2023-11-24,CUST0590,Male,50,Books,6,343.0,2058.0,4,2023,Middle Aged,High
TX040007,2023-11-24,CUST1822,Female,58,Groceries,6,153.0,918.0,4,2023,Middle Aged,High
TX040008,2023-11-24,CUST5163,Male,27,Electronics,6,65.0,390.0,4,2023,Youth,Medium
TX040009,2023-11-24,CUST2388,Male,34,Electronics,19,248.0,4712.0,4,2023,Youth,High
TX040010,2023-11-24,CUST2156,Female,18,Clothing,16,469.0,7504.0,4,2023,,High
TX040011,2023-11-24,CUST2381,Male,44,Sports,18,459.0,8262.0,4,2023,Middle Aged,High
TX040012,2023-11-24,CUST8210,Female,52,Groceries,16,39.0,624.0,4,2023,Middle Aged,High
TX040013,2023-11-24,CUST8718,Male,23,Beauty,5,403.0,2015.0,4,2023,Teenager,High
TX040014,2023-11-24,CUST6881,Female,20,Sports,19,289.0,5491.0,4,2023,Teenager,High
TX040015,2023-11-24,CUST3301,Female,26,Clothing,3,269.0,807.0,4,2023,Youth,High
TX040016,2023-11-24,CUST3860,Female,18,Books,17,285.0,4845.0,4,2023,,High
TX040017,2023-11-24,CUST9852,Male,33,Clothing,6,124.0,744.0,4,2023,Youth,High
TX040018,2023-11-24,CUST9693,Male,23,Sports,11,156.0,1716.0,4,2023,Teenager,High
TX040019,2023-11-24,CUST0999,Male,48,Sports,19,154.0,2926.0,4,2023,Middle Aged,High
TX040020,2023-11-24,CUST5224,Male,24,Sports,14,182.0,2548.0,4,2023,Teenager,High
TX040021,2023-11-24,CUST0248,Female,56,Books,20,309.0,6180.0,4,2023,Middle Aged,High
TX040022,2023-11-24,CUST7273,Male,19,Beauty,11,340.0,3740.0,4,2023,Teenager,High
TX040023,2023-11-24,CUST9635,Male,36,Groceries,4,54.0,216.0,4,2023,Youth,Medium
TX040024,2023-11-24,CUST4047,Female,56,Sports,15,453.0,6795.0,4,2023,Middle Aged,High
TX040025,2023-11-24,CUST2702,Female,35,Clothing,12,11.0,132.0,4,2023,Youth,Medium
TX040026,2023-11-24,CUST5299,Male,32,Electronics,13,118.0,1534.0,4,2023,Youth,High
TX040027,2023-11-24,CUST7909,Male,18,Clothing,11,325.0,3575.0,4,2023,,High
TX040028,2023-11-24,CUST3808,Male,42,Books,8,378.0,3024.0,4,2023,Middle Aged,High
TX040029,2023-11-24,CUST9690,Male,67,Beauty,4,402.0,1608.0,4,2023,Retired,High
TX040030,2023-11-24,CUST6171,Female,29,Clothing,15,186.0,2790.0,4,2023,Youth,High
TX040031,2023-11-24,CUST3910,Female,69,Sports,3,383.0,1149.0,4,2023,Retired,High
TX040032,2023-11-24,CUST0422,Male,44,Groceries,7,328.0,2296.0,4,2023,Middle Aged,High
TX040033,2023-11-24,CUST8807,Female,43,Electronics,5,377.0,1885.0,4,2023,Middle Aged,High
TX040034,2023-11-24,CUST0060,Male,51,Sports,16,468.0,7488.0,4,2023,Middle Aged,High
TX040035,2023-11-24,CUST1967,Female,45,Beauty,9,117.0,1053.0,4,2023,Middle Aged,High
TX040036,2023-11-24,CUST3583,Male,69,Clothing,16,441.0,7056.0,4,2023,Retired,High
TX040037,2023-11-24,CUST6921,Female,37,Sports,1,410.0,410.0,4,2023,Youth,Medium
TX040038,2023-11-24,CUST2051,Male,29,Clothing,2,497.0,994.0,4,2023,Youth,High
TX040039,2023-11-24,CUST6763,Female,55,Books,20,301.0,6020.0,4,2023,Middle Aged,High
TX040040,2023-11-24,CUST4267,Female,61,Books,8,310.0,2480.0,4,2023,Retired,High
TX040041,2023-11-24,CUST6266,Female,20,Beauty,2,275.0,550.0,4,2023,Teenager,High
TX040042,2023-11-24,CUST5777,Male,27,Electronics,17,78.0,1326.0,4,2023,Youth,High
TX040043,2023-11-24,CUST5857,Male,42,Beauty,10,135.0,1350.0,4,2023,Middle Aged,High
TX040044,2023-11-24,CUST6680,Female,41,Electronics,19,88.0,1672.0,4,2023,Middle Aged,High
TX040045,2023-11-24,CUST1252,Male,51,Groceries,16,316.0,5056.0,4,2023,Middle Aged,High
TX040046,2023-11-24,CUST8791,Female,48,Books,1,391.0,391.0,4,2023,Middle Aged,Medium
TX040047,2023-11-24,CUST1623,Female,22,Sports,18,80.0,1440.0,4,2023,Teenager,High
TX040048,2023-11-24,CUST5208,Female,25,Books,17,310.0,5270.0,4,2023,Teenager,High
TX040049,2023-11-24,CUST4413,Male,29,Electronics,5,185.0,925.0,4,2023,Youth,High
TX040050,2023-11-24,CUST2942,Male,68,Beauty,12,407.0,4884.0,4,2023,Retired,High
TX040051,2023-11-24,CUST6200,Female,24,Beauty,7,152.0,1064.0,4,2023,Teenager,High
TX040052,2023-11-24,CUST9070,Male,56,Beauty,9,372.0,3348.0,4,2023,Middle Aged,High
TX040053,2023-11-24,CUST4102,Male,64,Clothing,16,466.0,7456.0,4,2023,Retired,High
TX040054,2023-11-24,CUST1533,Female,64,Beauty,6,143.0,858.0,4,2023,Retired,High
TX040055,2023-11-24,CUST2556,Male,57,Sports,14,476.0,6664.0,4,2023,Middle Aged,High
TX040056,2023-11-24,CUST6655,Female,30,Electronics,10,16.0,160.0,4,2023,Youth,Medium
TX040057,2023-11-24,CUST2155,Male,61,Electronics,15,423.0,6345.0,4,2023,Retired,High
TX040058,2023-11-24,CUST9397,Female,31,Clothing,16,140.0,2240.0,4,2023,Youth,High
TX040059,2023-11-24,CUST0116,Female,24,Sports,2,412.0,824.0,4,2023,Teenager,High
TX040060,2023-11-24,CUST8222,Male,21,Beauty,10,117.0,1170.0,4,2023,Teenager,High
TX040061,2023-11-24,CUST8877,Female,33,Electronics,6,102.0,612.0,4,2023,Youth,High
TX040062,2023-11-24,CUST3326,Female,37,Groceries,11,354.0,3894.0,4,2023,Youth,High
TX040063,2023-11-24,CUST6951,Female,39,Sports,18,89.0,1602.0,4,2023,Youth,High
TX040064,2023-11-24,CUST2583,Female,31,Beauty,6,280.0,1680.0,4,2023,Youth,High
TX040065,2023-11-24,CUST7329,Male,64,Sports,5,36.0,180.0,4,2023,Retired,Medium
TX040066,2023-11-24,CUST7662,Female,44,Clothing,13,49.0,637.0,4,2023,Middle Aged,High
TX040067,2023-11-24,CUST3606,Male,54,Sports,11,382.0,4202.0,4,2023,Middle Aged,High
TX040068,2023-11-24,CUST6839,Male,62,Beauty,17,425.0,7225.0,4,2023,Retired,High
TX040069,2023-11-24,CUST8068,Female,52,Clothing,10,459.0,4590.0,4,2023,Middle Aged,High
TX040070,2023-11-24,CUST6322,Female,70,Beauty,15,414.0,6210.0,4,2023,Retired,High
TX040071,2023-11-24,CUST1004,Female,63,Beauty,4,112.0,448.0,4,2023,Retired,Medium
TX040072,2023-11-24,CUST8551,Female,58,Books,11,269.0,2959.0,4,2023,Middle Aged,High
TX040073,2023-11-24,CUST2261,Male,39,Beauty,16,131.0,2096.0,4,2023,Youth,High
TX040074,2023-11-24,CUST0727,Male,62,Electronics,9,29.0,261.0,4,2023,Retired,Medium
TX040075,2023-11-24,CUST8958,Male,49,Books,8,279.0,2232.0,4,2023,Middle Aged,High
TX040076,2023-11-24,CUST0729,Female,55,Clothing,1,457.0,457.0,4,2023,Middle Aged,Medium
TX040077,2023-11-24,CUST5385,Male,59,Clothing,18,442.0,7956.0,4,2023,Middle Aged,High
TX040078,2023-11-24,CUST6644,Male,40,Clothing,20,469.0,9380.0,4,2023,Youth,High
TX040079,2023-11-24,CUST7638,Male,61,Sports,19,27.0,513.0,4,2023,Retired,High
TX040080,2023-11-24,CUST5203,Female,26,Beauty,10,260.0,2600.0,4,2023,Youth,High
TX040081,2023-11-24,CUST5361,Male,60,Sports,19,155.0,2945.0,4,2023,Middle Aged,High
TX040082,2023-11-24,CUST0506,Female,47,Books,12,185.0,2220.0,4,2023,Middle Aged,High
TX040083,2023-11-24,CUST1807,Female,25,Groceries,8,362.0,2896.0,4,2023,Teenager,High
TX040084,2023-11-24,CUST2658,Female,51,Books,15,292.0,4380.0,4,2023,Middle Aged,High
TX040085,2023-11-24,CUST6949,Male,31,Groceries,16,302.0,4832.0,4,2023,Youth,High
TX040086,2023-11-24,CUST0341,Female,44,Clothing,7,490.0,3430.0,4,2023,Middle Aged,High
TX040087,2023-11-24,CUST7110,Female,62,Electronics,14,340.0,4760.0,4,2023,Retired,High
TX040088,2023-11-24,CUST7716,Male,60,Groceries,16,13.0,208.0,4,2023,Middle Aged,Medium
TX040089,2023-11-24,CUST8813,Female,69,Beauty,2,318.0,636.0,4,2023,Retired,High
TX040090,2023-11-24,CUST6392,Female,39,Groceries,9,40.0,360.0,4,2023,Youth,Medium
TX040091,2023-11-24,CUST9334,Female,43,Sports,8,283.0,2264.0,4,2023,Middle Aged,High
TX040092,2023-11-24,CUST5893,Male,31,Beauty,1,234.0,234.0,4,2023,Youth,Medium
TX040093,2023-11-24,CUST3913,Male,37,Groceries,5,289.0,1445.0,4,2023,Youth,High
TX040094,2023-11-24,CUST9354,Female,29,Books,6,22.0,132.0,4,2023,Youth,Medium
TX040095,2023-11-24,CUST1168,Male,18,Books,19,249.0,4731.0,4,2023,,High
TX040096,2023-11-24,CUST5830,Male,45,Electronics,5,388.0,1940.0,4,2023,Middle Aged,High
TX040097,2023-11-24,CUST7630,Male,24,Sports,7,203.0,1421.0,4,2023,Teenager,High
TX040098,2023-11-24,CUST5568,Male,58,Beauty,8,178.0,1424.0,4,2023,Middle Aged,High
TX040099,2023-11-24,CUST8085,Female,52,Clothing,11,94.0,1034.0,4,2023,Middle Aged,High
TX040100,2023-11-24,CUST4851,Male,39,Books,20,180.0,3600.0,4,2023,Youth,High
TX040101,2023-11-24,CUST3263,Male,52,Electronics,7,476.0,3332.0,4,2023,Middle Aged,High
TX040102,2023-11-24,CUST0669,Male,33,Clothing,9,249.0,2241.0,4,2023,Youth,High
TX040103,2023-11-24,CUST0346,Male,18,Groceries,20,230.0,4600.0,4,2023,,High
TX040104,2023-11-24,CUST1239,Male,58,Electronics,18,55.0,990.0,4,2023,Middle Aged,High
TX040105,2023-11-24,CUST0756,Male,52,Clothing,11,229.0,2519.0,4,2023,Middle Aged,High
TX040106,2023-11-24,CUST3046,Female,19,Clothing,8,422.0,3376.0,4,2023,Teenager,High
TX040107,2023-11-24,CUST2627,Male,35,Clothing,7,407.0,2849.0,4,2023,Youth,High
TX040108,2023-11-24,CUST1390,Female,66,Beauty,14,438.0,6132.0,4,2023,Retired,High
TX040109,2023-11-24,CUST2896,Female,30,Electronics,8,495.0,3960.0,4,2023,Youth,High
TX040110,2023-11-24,CUST6864,Male,64,Clothing,13,223.0,2899.0,4,2023,Retired,High
TX040111,2023-11-24,CUST3241,Male,37,Groceries,20,292.0,5840.0,4,2023,Youth,High
TX040112,2023-11-24,CUST0819,Male,59,Groceries,19,310.0,5890.0,4,2023,Middle Aged,High
TX040113,2023-11-24,CUST4617,Female,49,Books,5,403.0,2015.0,4,2023,Middle Aged,High
TX040114,2023-11-24,CUST5235,Female,40,Electronics,15,263.0,3945.0,4,2023,Youth,High
TX040115,2023-11-24,CUST2383,Female,65,Clothing,8,138.0,1104.0,4,2023,Retired,High
TX040116,2023-11-24,CUST2814,Male,61,Books,6,137.0,822.0,4,2023,Retired,High
TX040117,2023-11-24,CUST8467,Female,60,Clothing,12,444.0,5328.0,4,2023,Middle Aged,High
TX040118,2023-11-24,CUST8743,Male,56,Beauty,8,129.0,1032.0,4,2023,Middle Aged,High
TX040119,2023-11-24,CUST6846,Female,62,Groceries,12,391.0,4692.0,4,2023,Retired,High
TX040120,2023-11-24,CUST4274,Female,69,Clothing,13,160.0,2080.0,4,2023,Retired,High
TX040121,2023-11-24,CUST5757,Female,59,Beauty,1,447.0,447.0,4,2023,Middle Aged,Medium
TX040122,2023-11-24,CUST6630,Female,22,Sports,5,281.0,1405.0,4,2023,Teenager,High
TX040123,2023-11-24,CUST5290,Male,44,Groceries,2,475.0,950.0,4,2023,Middle Aged,High
TX040124,2023-11-24,CUST0073,Female,30,Electronics,19,349.0,6631.0,4,2023,Youth,High
TX040125,2023-11-24,CUST3113,Female,64,Beauty,4,469.0,1876.0,4,2023,Retired,High
TX040126,2023-11-24,CUST8340,Female,22,Beauty,14,191.0,2674.0,4,2023,Teenager,High
TX040127,2023-11-24,CUST2884,Female,65,Sports,18,60.0,1080.0,4,2023,Retired,High
TX040128,2023-11-24,CUST8747,Male,55,Sports,15,83.0,1245.0,4,2023,Middle Aged,High
TX040129,2023-11-24,CUST0193,Male,58,Books,7,308.0,2156.0,4,2023,Middle Aged,High
TX040130,2023-11-24,CUST2594,Female,24,Books,13,464.0,6032.0,4,2023,Teenager,High
TX040131,2023-11-24,CUST8556,Male,21,Clothing,14,339.0,4746.0,4,2023,Teenager,High
TX040132,2023-11-24,CUST9486,Female,34,Electronics,5,231.0,1155.0,4,2023,Youth,High
TX040133,2023-11-24,CUST8546,Female,30,Sports,13,114.0,1482.0,4,2023,Youth,High
TX040134,2023-11-24,CUST8045,Male,32,Clothing,12,293.0,3516.0,4,2023,Youth,High
TX040135,2023-11-24,CUST7832,Male,63,Electronics,20,94.0,1880.0,4,2023,Retired,High
TX040136,2023-11-24,CUST9003,Female,59,Clothing,12,169.0,2028.0,4,2023,Middle Aged,High
TX040137,2023-11-24,CUST6396,Male,57,Beauty,8,218.0,1744.0,4,2023,Middle Aged,High
TX040138,2023-11-24,CUST7358,Male,38,Beauty,3,485.0,1455.0,4,2023,Youth,High
TX040139,2023-11-24,CUST5993,Male,42,Books,14,450.0,6300.0,4,2023,Middle Aged,High
TX040140,2023-11-24,CUST3337,Male,20,Books,4,360.0,1440.0,4,2023,Teenager,High
TX040141,2023-11-24,CUST7649,Male,29,Electronics,13,202.0,2626.0,4,2023,Youth,High
TX040142,2023-11-24,CUST9566,Male,18,Electronics,6,472.0,2832.0,4,2023,,High
TX040143,2023-11-24,CUST9321,Female,65,Books,16,367.0,5872.0,4,2023,Retired,High
TX040144,2023-11-24,CUST7911,Male,50,Beauty,15,483.0,7245.0,4,2023,Middle Aged,High
TX040145,2023-11-24,CUST0919,Female,53,Clothing,14,230.0,3220.0,4,2023,Middle Aged,High
TX040146,2023-11-24,CUST7795,Male,48,Groceries,1,285.0,285.0,4,2023,Middle Aged,Medium
TX040147,2023-11-24,CUST6313,Male,21,Beauty,13,352.0,4576.0,4,2023,Teenager,High
TX040148,2023-11-24,CUST8145,Female,70,Books,9,340.0,3060.0,4,2023,Retired,High
TX040149,2023-11-24,CUST8511,Female,64,Groceries,10,422.0,4220.0,4,2023,Retired,High
TX040150,2023-11-24,CUST6949,Male,44,Clothing,11,261.0,2871.0,4,2023,Middle Aged,High
TX040151,2023-11-24,CUST1074,Male,48,Sports,8,358.0,2864.0,4,2023,Middle Aged,High
TX040152,2023-11-24,CUST3337,Male,65,Beauty,10,276.0,2760.0,4,2023,Retired,High
TX040153,2023-11-24,CUST8349,Female,63,Books,19,258.0,4902.0,4,2023,Retired,High
TX040154,2023-11-24,CUST9839,Male,28,Electronics,11,184.0,2024.0,4,2023,Youth,High
TX040155,2023-11-24,CUST6891,Female,44,Books,2,373.0,746.0,4,2023,Middle Aged,High
TX040156,2023-11-24,CUST2564,Female,60,Electronics,4,15.0,60.0,4,2023,Middle Aged,Low
TX040157,2023-11-24,CUST7992,Female,33,Sports,19,447.0,8493.0,4,2023,Youth,High
TX040158,2023-11-24,CUST2026,Female,36,Sports,8,377.0,3016.0,4,2023,Youth,High
TX040159,2023-11-24,CUST8409,Female,32,Groceries,15,468.0,7020.0,4,2023,Youth,High
TX040160,2023-11-24,CUST6995,Female,63,Books,11,313.0,3443.0,4,2023,Retired,High
TX040161,2023-11-24,CUST5899,Female,68,Beauty,11,181.0,1991.0,4,2023,Retired,High
TX040162,2023-11-24,CUST0741,Female,54,Books,8,205.0,1640.0,4,2023,Middle Aged,High
TX040163,2023-11-24,CUST6477,Female,63,Sports,9,338.0,3042.0,4,2023,Retired,High
TX040164,2023-11-24,CUST9832,Female,46,Books,17,358.0,6086.0,4,2023,Middle Aged,High
TX040165,2023-11-24,CUST4357,Female,52,Clothing,5,394.0,1970.0,4,2023,Middle Aged,High
TX040166,2023-11-24,CUST5787,Female,66,Electronics,1,200.0,200.0,4,2023,Retired,Medium
TX040167,2023-11-24,CUST9743,Male,63,Sports,12,98.0,1176.0,4,2023,Retired,High
TX040168,2023-11-24,CUST5162,Male,60,Books,4,462.0,1848.0,4,2023,Middle Aged,High
TX040169,2023-11-24,CUST0209,Male,29,Electronics,3,46.0,138.0,4,2023,Youth,Medium
TX040170,2023-11-24,CUST5096,Male,23,Groceries,11,59.0,649.0,4,2023,Teenager,High
TX040171,2023-11-24,CUST7561,Male,61,Clothing,5,139.0,695.0,4,2023,Retired,High
TX040172,2023-11-24,CUST8056,Female,35,Groceries,19,405.0,7695.0,4,2023,Youth,High
TX040173,2023-11-24,CUST8073,Male,56,Beauty,8,236.0,1888.0,4,2023,Middle Aged,High
TX040174,2023-11-24,CUST7225,Male,39,Groceries,3,213.0,639.0,4,2023,Youth,High
TX040175,2023-11-24,CUST8064,Male,67,Groceries,8,399.0,3192.0,4,2023,Retired,High
TX040176,2023-11-24,CUST9325,Female,40,Clothing,13,292.0,3796.0,4,2023,Youth,High
TX040177,2023-11-24,CUST8044,Female,69,Electronics,15,204.0,3060.0,4,2023,Retired,High
TX040178,2023-11-24,CUST3374,Male,56,Beauty,2,377.0,754.0,4,2023,Middle Aged,High
TX040179,2023-11-24,CUST3909,Female,34,Groceries,4,426.0,1704.0,4,2023,Youth,High
TX040180,2023-11-24,CUST5689,Female,57,Electronics,8,294.0,2352.0,4,2023,Middle Aged,High
TX040181,2023-11-24,CUST1846,Female,46,Groceries,10,358.0,3580.0,4,2023,Middle Aged,High
TX040182,2023-11-24,CUST8479,Female,46,Books,9,44.0,396.0,4,2023,Middle Aged,Medium
TX040183,2023-11-24,CUST5209,Male,22,Electronics,7,430.0,3010.0,4,2023,Teenager,High
TX040184,2023-11-24,CUST2900,Male,24,Beauty,15,489.0,7335.0,4,2023,Teenager,High
TX040185,2023-11-24,CUST5024,Male,50,Groceries,20,423.0,8460.0,4,2023,Middle Aged,High
TX040186,2023-11-24,CUST7762,Female,62,Electronics,12,203.0,2436.0,4,2023,Retired,High
TX040187,2023-11-24,CUST3397,Male,53,Beauty,14,266.0,3724.0,4,2023,Middle Aged,High
TX040188,2023-11-24,CUST8146,Male,43,Sports,3,209.0,627.0,4,2023,Middle Aged,High
TX040189,2023-11-24,CUST3053,Male,56,Groceries,17,215.0,3655.0,4,2023,Middle Aged,High
TX040190,2023-11-24,CUST0690,Male,54,Groceries,17,275.0,4675.0,4,2023,Middle Aged,High
TX040191,2023-11-24,CUST5633,Male,58,Clothing,10,150.0,1500.0,4,2023,Middle Aged,High
TX040192,2023-11-24,CUST0791,Female,39,Books,9,425.0,3825.0,4,2023,Youth,High
TX040193,2023-11-24,CUST5092,Female,70,Groceries,13,475.0,6175.0,4,2023,Retired,High
TX040194,2023-11-24,CUST4480,Male,45,Books,8,260.0,2080.0,4,2023,Middle Aged,High
TX040195,2023-11-24,CUST1231,Female,63,Sports,10,416.0,4160.0,4,2023,Retired,High
TX040196,2023-11-24,CUST4237,Female,25,Sports,3,40.0,120.0,4,2023,Teenager,Medium
TX040197,2023-11-24,CUST0293,Female,43,Books,16,127.0,2032.0,4,2023,Middle Aged,High
TX040198,2023-11-24,CUST3439,Male,55,Sports,16,146.0,2336.0,4,2023,Middle Aged,High
TX040199,2023-11-24,CUST2873,Male,66,Electronics,19,202.0,3838.0,4,2023,Retired,High
TX040200,2023-11-24,CUST1939,Female,47,Books,20,217.0,4340.0,4,2023,Middle Aged,High
TX040201,2023-11-24,CUST2113,Female,41,Sports,20,321.0,6420.0,4,2023,Middle Aged,High
TX040202,2023-11-24,CUST0833,Male,58,Sports,9,113.0,1017.0,4,2023,Middle Aged,High
TX040203,2023-11-24,CUST5514,Female,39,Clothing,10,241.0,2410.0,4,2023,Youth,High
TX040204,2023-11-24,CUST9746,Female,56,Sports,4,286.0,1144.0,4,2023,Middle Aged,High
TX040205,2023-11-24,CUST7114,Male,65,Beauty,13,161.0,2093.0,4,2023,Retired,High
TX040206,2023-11-24,CUST7467,Female,18,Groceries,10,120.0,1200.0,4,2023,,High
TX040207,2023-11-24,CUST2328,Male,52,Groceries,7,25.0,175.0,4,2023,Middle Aged,Medium
TX040208,2023-11-24,CUST5469,Male,20,Clothing,17,62.0,1054.0,4,2023,Teenager,High
TX040209,2023-11-24,CUST7881,Male,24,Sports,9,499.0,4491.0,4,2023,Teenager,High
TX040210,2023-11-24,CUST0248,Male,44,Groceries,17,313.0,5321.0,4,2023,Middle Aged,High
TX040211,2023-11-24,CUST3147,Male,35,Books,9,182.0,1638.0,4,2023,Youth,High
TX040212,2023-11-24,CUST9559,Male,38,Clothing,9,252.0,2268.0,4,2023,Youth,High
TX040213,2023-11-24,CUST3941,Female,50,Beauty,3,115.0,345.0,4,2023,Middle Aged,Medium
TX040214,2023-11-24,CUST1595,Male,60,Books,4,219.0,876.0,4,2023,Middle Aged,High
TX040215,2023-11-24,CUST7416,Female,25,Clothing,9,23.0,207.0,4,2023,Teenager,Medium
TX040216,2023-11-24,CUST5900,Female,45,Beauty,2,425.0,850.0,4,2023,Middle Aged,High
TX040217,2023-11-24,CUST1563,Female,51,Electronics,6,141.0,846.0,4,2023,Middle Aged,High
TX040218,2023-11-24,CUST1644,Female,37,Clothing,19,146.0,2774.0,4,2023,Youth,High
TX040219,2023-11-24,CUST1498,Male,47,Beauty,13,427.0,5551.0,4,2023,Middle Aged,High
TX040220,2023-11-24,CUST1716,Female,61,Electronics,4,24.0,96.0,4,2023,Retired,Low
TX040221,2023-11-24,CUST8401,Male,53,Books,16,458.0,7328.0,4,2023,Middle Aged,High
TX040222,2023-11-24,CUST9431,Male,54,Clothing,19,20.0,380.0,4,2023,Middle Aged,Medium
TX040223,2023-11-24,CUST6155,Male,68,Clothing,16,329.0,5264.0,4,2023,Retired,High
TX040224,2023-11-24,CUST0985,Female,54,Clothing,4,244.0,976.0,4,2023,Middle Aged,High
TX040225,2023-11-24,CUST4689,Male,24,Electronics,7,245.0,1715.0,4,2023,Teenager,High
TX040226,2023-11-24,CUST4116,Male,56,Books,17,12.0,204.0,4,2023,Middle Aged,Medium
TX040227,2023-11-24,CUST2068,Female,32,Clothing,10,295.0,2950.0,4,2023,Youth,High
TX040228,2023-11-24,CUST6107,Female,27,Beauty,16,389.0,6224.0,4,2023,Youth,High
TX040229,2023-11-24,CUST9181,Female,56,Clothing,13,320.0,4160.0,4,2023,Middle Aged,High
TX040230,2023-11-24,CUST3906,Male,41,Groceries,18,99.0,1782.0,4,2023,Middle Aged,High
TX040231,2023-11-24,CUST3814,Female,62,Sports,8,412.0,3296.0,4,2023,Retired,High
TX040232,2023-11-24,CUST3017,Male,59,Electronics,1,400.0,400.0,4,2023,Middle Aged,Medium
TX040233,2023-11-24,CUST5161,Male,65,Beauty,18,231.0,4158.0,4,2023,Retired,High
TX040234,2023-11-24,CUST0694,Female,54,Electronics,4,146.0,584.0,4,2023,Middle Aged,High
TX040235,2023-11-24,CUST8509,Female,46,Electronics,9,481.0,4329.0,4,2023,Middle Aged,High
TX040236,2023-11-24,CUST0135,Female,68,Books,16,294.0,4704.0,4,2023,Retired,High
TX040237,2023-11-24,CUST9503,Male,20,Clothing,11,18.0,198.0,4,2023,Teenager,Medium
TX040238,2023-11-24,CUST7430,Male,62,Beauty,10,18.0,180.0,4,2023,Retired,Medium
TX040239,2023-11-24,CUST1171,Male,57,Sports,10,159.0,1590.0,4,2023,Middle Aged,High
TX040240,2023-11-24,CUST0929,Male,37,Groceries,7,209.0,1463.0,4,2023,Youth,High
TX040241,2023-11-24,CUST6161,Male,47,Clothing,7,277.0,1939.0,4,2023,Middle Aged,High
TX040242,2023-11-24,CUST9191,Male,45,Sports,1,293.0,293.0,4,2023,Middle Aged,Medium
TX040243,2023-11-24,CUST4062,Male,60,Books,14,287.0,4018.0,4,2023,Middle Aged,High
TX040244,2023-11-24,CUST0650,Male,40,Groceries,2,373.0,746.0,4,2023,Youth,High
TX040245,2023-11-24,CUST8478,Female,68,Clothing,9,210.0,1890.0,4,2023,Retired,High
TX040246,2023-11-24,CUST3650,Female,50,Groceries,1,25.0,25.0,4,2023,Middle Aged,Low
TX040247,2023-11-24,CUST2014,Male,58,Groceries,13,499.0,6487.0,4,2023,Middle Aged,High
TX040248,2023-11-24,CUST5887,Male,56,Sports,8,27.0,216.0,4,2023,Middle Aged,Medium
TX040249,2023-11-24,CUST8642,Female,45,Groceries,20,250.0,5000.0,4,2023,Middle Aged,High
TX040250,2023-11-24,CUST9814,Male,59,Books,2,267.0,534.0,4,2023,Middle Aged,High
TX040251,2023-11-24,CUST4221,Female,22,Electronics,12,470.0,5640.0,4,2023,Teenager,High
TX040252,2023-11-24,CUST4350,Female,65,Groceries,13,241.0,3133.0,4,2023,Retired,High
TX040253,2023-11-24,CUST3857,Male,34,Sports,4,34.0,136.0,4,2023,Youth,Medium
TX040254,2023-11-24,CUST2233,Female,64,Groceries,3,144.0,432.0,4,2023,Retired,Medium
TX040255,2023-11-24,CUST7775,Male,46,Books,6,23.0,138.0,4,2023,Middle Aged,Medium
TX040256,2023-11-24,CUST4723,Female,25,Books,11,480.0,5280.0,4,2023,Teenager,High
TX040257,2023-11-24,CUST6414,Male,61,Beauty,10,47.0,470.0,4,2023,Retired,Medium
TX040258,2023-11-24,CUST9368,Male,35,Beauty,8,261.0,2088.0,4,2023,Youth,High
TX040259,2023-11-24,CUST2363,Female,67,Groceries,7,362.0,2534.0,4,2023,Retired,High
TX040260,2023-11-24,CUST4497,Male,66,Electronics,15,214.0,3210.0,4,2023,Retired,High
TX040261,2023-11-24,CUST4422,Female,35,Books,9,114.0,1026.0,4,2023,Youth,High
TX040262,2023-11-24,CUST2762,Male,56,Beauty,3,188.0,564.0,4,2023,Middle Aged,High
TX040263,2023-11-24,CUST7351,Male,40,Beauty,4,50.0,200.0,4,2023,Youth,Medium
TX040264,2023-11-24,CUST6799,Male,37,Books,15,282.0,4230.0,4,2023,Youth,High
TX040265,2023-11-24,CUST6671,Female,36,Books,7,351.0,2457.0,4,2023,Youth,High
TX040266,2023-11-24,CUST4355,Male,28,Books,11,303.0,3333.0,4,2023,Youth,High
TX040267,2023-11-24,CUST6886,Male,22,Electronics,15,411.0,6165.0,4,2023,Teenager,High
TX040268,2023-11-24,CUST7892,Female,26,Groceries,20,274.0,5480.0,4,2023,Youth,High
TX040269,2023-11-24,CUST4884,Male,27,Electronics,9,167.0,1503.0,4,2023,Youth,High
TX040270,2023-11-24,CUST0153,Male,52,Books,18,89.0,1602.0,4,2023,Middle Aged,High
TX040271,2023-11-24,CUST5883,Female,69,Beauty,1,166.0,166.0,4,2023,Retired,Medium
TX040272,2023-11-24,CUST4315,Female,42,Clothing,19,395.0,7505.0,4,2023,Middle Aged,High
TX040273,2023-11-24,CUST5501,Male,39,Beauty,15,85.0,1275.0,4,2023,Youth,High
TX040274,2023-11-24,CUST2396,Female,26,Groceries,12,38.0,456.0,4,2023,Youth,Medium
TX040275,2023-11-24,CUST3188,Female,40,Beauty,7,140.0,980.0,4,2023,Youth,High
TX040276,2023-11-24,CUST3461,Female,61,Clothing,18,326.0,5868.0,4,2023,Retired,High
TX040277,2023-11-24,CUST2919,Female,18,Electronics,11,256.0,2816.0,4,2023,,High
TX040278,2023-11-24,CUST9980,Male,41,Sports,4,378.0,1512.0,4,2023,Middle Aged,High
TX040279,2023-11-24,CUST0453,Female,70,Groceries,1,317.0,317.0,4,2023,Retired,Medium
TX040280,2023-11-24,CUST0380,Male,51,Clothing,9,389.0,3501.0,4,2023,Middle Aged,High
TX040281,2023-11-24,CUST1927,Female,65,Clothing,16,162.0,2592.0,4,2023,Retired,High
TX040282,2023-11-24,CUST6852,Male,42,Clothing,3,315.0,945.0,4,2023,Middle Aged,High
TX040283,2023-11-24,CUST5051,Female,44,Beauty,4,407.0,1628.0,4,2023,Middle Aged,High
TX040284,2023-11-24,CUST8660,Female,61,Electronics,16,108.0,1728.0,4,2023,Retired,High
TX040285,2023-11-24,CUST9759,Male,39,Sports,8,440.0,3520.0,4,2023,Youth,High
TX040286,2023-11-24,CUST3481,Female,20,Clothing,19,91.0,1729.0,4,2023,Teenager,High
TX040287,2023-11-24,CUST0982,Female,53,Groceries,15,204.0,3060.0,4,2023,Middle Aged,High
TX040288,2023-11-24,CUST5269,Male,61,Books,13,408.0,5304.0,4,2023,Retired,High
TX040289,2023-11-24,CUST6750,Female,67,Beauty,5,418.0,2090.0,4,2023,Retired,High
TX040290,2023-11-24,CUST2661,Male,46,Electronics,16,50.0,800.0,4,2023,Middle Aged,High
TX040291,2023-11-24,CUST0334,Male,67,Groceries,4,118.0,472.0,4,2023,Retired,Medium
TX040292,2023-11-24,CUST6235,Female,67,Groceries,13,110.0,1430.0,4,2023,Retired,High
TX040293,2023-11-24,CUST4673,Female,43,Beauty,19,468.0,8892.0,4,2023,Middle Aged,High
TX040294,2023-11-24,CUST3588,Male,21,Books,16,410.0,6560.0,4,2023,Teenager,High
TX040295,2023-11-24,CUST5014,Female,64,Sports,3,94.0,282.0,4,2023,Retired,Medium
TX040296,2023-11-24,CUST9312,Male,19,Clothing,17,494.0,8398.0,4,2023,Teenager,High
TX040297,2023-11-24,CUST0954,Female,53,Clothing,8,103.0,824.0,4,2023,Middle Aged,High
TX040298,2023-11-24,CUST2241,Male,41,Clothing,19,435.0,8265.0,4,2023,Middle Aged,High
TX040299,2023-11-24,CUST4995,Female,64,Groceries,1,160.0,160.0,4,2023,Retired,Medium
TX040300,2023-11-24,CUST3990,Male,58,Groceries,19,281.0,5339.0,4,2023,Middle Aged,High
TX040301,2023-11-24,CUST9734,Female,31,Electronics,16,441.0,7056.0,4,2023,Youth,High
TX040302,2023-11-24,CUST5266,Male,68,Beauty,1,258.0,258.0,4,2023,Retired,Medium
TX040303,2023-11-24,CUST3750,Female,25,Sports,5,375.0,1875.0,4,2023,Teenager,High
TX040304,2023-11-24,CUST9600,Male,39,Groceries,20,20.0,400.0,4,2023,Youth,Medium
TX040305,2023-11-24,CUST4128,Male,30,Electronics,17,30.0,510.0,4,2023,Youth,High
TX040306,2023-11-24,CUST0286,Female,67,Books,3,366.0,1098.0,4,2023,Retired,High
TX040307,2023-11-24,CUST5380,Female,54,Groceries,5,436.0,2180.0,4,2023,Middle Aged,High
TX040308,2023-11-24,CUST8036,Female,64,Books,18,107.0,1926.0,4,2023,Retired,High
TX040309,2023-11-24,CUST7546,Female,18,Clothing,6,70.0,420.0,4,2023,,Medium
TX040310,2023-11-24,CUST9709,Female,58,Sports,5,488.0,2440.0,4,2023,Middle Aged,High
TX040311,2023-11-24,CUST4801,Female,58,Clothing,16,22.0,352.0,4,2023,Middle Aged,Medium
TX040312,2023-11-24,CUST3638,Female,53,Electronics,2,489.0,978.0,4,2023,Middle Aged,High
TX040313,2023-11-24,CUST6790,Female,33,Books,4,280.0,1120.0,4,2023,Youth,High
TX040314,2023-11-24,CUST9837,Female,26,Electronics,1,474.0,474.0,4,2023,Youth,Medium
TX040315,2023-11-24,CUST2305,Female,44,Sports,12,458.0,5496.0,4,2023,Middle Aged,High
TX040316,2023-11-24,CUST2420,Female,65,Groceries,4,465.0,1860.0,4,2023,Retired,High
TX040317,2023-11-24,CUST5859,Male,66,Beauty,10,184.0,1840.0,4,2023,Retired,High
TX040318,2023-11-24,CUST4588,Female,50,Books,8,303.0,2424.0,4,2023,Middle Aged,High
TX040319,2023-11-24,CUST2770,Male,50,Groceries,16,310.0,4960.0,4,2023,Middle Aged,High
TX040320,2023-11-24,CUST4382,Male,31,Electronics,15,42.0,630.0,4,2023,Youth,High
TX040321,2023-11-24,CUST1396,Female,66,Electronics,20,471.0,9420.0,4,2023,Retired,High
TX040322,2023-11-24,CUST4342,Male,35,Clothing,17,447.0,7599.0,4,2023,Youth,High
TX040323,2023-11-24,CUST9122,Female,54,Electronics,19,353.0,6707.0,4,2023,Middle Aged,High
TX040324,2023-11-24,CUST0436,Male,29,Groceries,8,58.0,464.0,4,2023,Youth,Medium
TX040325,2023-11-24,CUST1321,Male,50,Groceries,7,358.0,2506.0,4,2023,Middle Aged,High
TX040326,2023-11-24,CUST5775,Female,25,Clothing,3,167.0,501.0,4,2023,Teenager,High
TX040327,2023-11-24,CUST9209,Male,34,Sports,13,358.0,4654.0,4,2023,Youth,High
TX040328,2023-11-24,CUST9570,Male,49,Sports,17,66.0,1122.0,4,2023,Middle Aged,High
TX040329,2023-11-24,CUST9428,Female,21,Books,1,172.0,172.0,4,2023,Teenager,Medium
TX040330,2023-11-24,CUST3006,Female,60,Sports,2,25.0,50.0,4,2023,Middle Aged,Low
TX040331,2023-11-24,CUST8355,Female,63,Books,3,493.0,1479.0,4,2023,Retired,High
TX040332,2023-11-24,CUST2300,Female,48,Electronics,19,192.0,3648.0,4,2023,Middle Aged,High
TX040333,2023-11-24,CUST4361,Male,61,Groceries,13,182.0,2366.0,4,2023,Retired,High
TX040334,2023-11-24,CUST5738,Female,53,Groceries,13,121.0,1573.0,4,2023,Middle Aged,High
TX040335,2023-11-24,CUST7936,Female,23,Sports,7,72.0,504.0,4,2023,Teenager,High
TX040336,2023-11-24,CUST6593,Female,43,Groceries,18,212.0,3816.0,4,2023,Middle Aged,High
TX040337,2023-11-24,CUST2074,Male,36,Books,18,242.0,4356.0,4,2023,Youth,High
TX040338,2023-11-24,CUST3411,Female,37,Electronics,17,20.0,340.0,4,2023,Youth,Medium
TX040339,2023-11-24,CUST9712,Male,40,Beauty,17,491.0,8347.0,4,2023,Youth,High
TX040340,2023-11-24,CUST9117,Male,57,Beauty,17,419.0,7123.0,4,2023,Middle Aged,High
TX040341,2023-11-24,CUST7569,Female,51,Sports,16,79.0,1264.0,4,2023,Middle Aged,High
TX040342,2023-11-24,CUST5974,Female,70,Sports,14,229.0,3206.0,4,2023,Retired,High
TX040343,2023-11-24,CUST8072,Male,67,Electronics,6,115.0,690.0,4,2023,Retired,High
TX040344,2023-11-24,CUST8623,Male,63,Clothing,8,47.0,376.0,4,2023,Retired,Medium
TX040345,2023-11-24,CUST1575,Female,43,Beauty,4,373.0,1492.0,4,2023,Middle Aged,High
TX040346,2023-11-24,CUST5542,Female,48,Beauty,17,99.0,1683.0,4,2023,Middle Aged,High
TX040347,2023-11-24,CUST6052,Female,35,Electronics,6,181.0,1086.0,4,2023,Youth,High
TX040348,2023-11-24,CUST5163,Female,21,Sports,13,487.0,6331.0,4,2023,Teenager,High
TX040349,2023-11-24,CUST9069,Female,29,Clothing,16,149.0,2384.0,4,2023,Youth,High
TX040350,2023-11-24,CUST2277,Female,33,Sports,10,496.0,4960.0,4,2023,Youth,High
TX040351,2023-11-24,CUST3154,Female,37,Clothing,1,492.0,492.0,4,2023,Youth,Medium
TX040352,2023-11-24,CUST8909,Male,39,Clothing,11,99.0,1089.0,4,2023,Youth,High
TX040353,2023-11-24,CUST4488,Male,18,Sports,20,255.0,5100.0,4,2023,,High
TX040354,2023-11-24,CUST9392,Male,44,Beauty,14,426.0,5964.0,4,2023,Middle Aged,High
TX040355,2023-11-24,CUST2876,Female,37,Clothing,1,37.0,37.0,4,2023,Youth,Low
TX040356,2023-11-24,CUST3343,Male,50,Beauty,9,345.0,3105.0,4,2023,Middle Aged,High
TX040357,2023-11-24,CUST1087,Male,41,Sports,9,451.0,4059.0,4,2023,Middle Aged,High
TX040358,2023-11-24,CUST0266,Male,45,Electronics,12,465.0,5580.0,4,2023,Middle Aged,High
TX040359,2023-11-24,CUST1235,Male,26,Electronics,11,351.0,3861.0,4,2023,Youth,High
TX040360,2023-11-24,CUST2317,Male,24,Beauty,2,306.0,612.0,4,2023,Teenager,High
TX040361,2023-11-24,CUST3339,Male,20,Books,7,55.0,385.0,4,2023,Teenager,Medium
TX040362,2023-11-24,CUST6651,Female,46,Books,1,337.0,337.0,4,2023,Middle Aged,Medium
TX040363,2023-11-24,CUST6310,Male,64,Books,6,70.0,420.0,4,2023,Retired,Medium
TX040364,2023-11-24,CUST4477,Female,24,Books,12,257.0,3084.0,4,2023,Teenager,High
TX040365,2023-11-24,CUST1872,Female,39,Sports,5,332.0,1660.0,4,2023,Youth,High
TX040366,2023-11-24,CUST8606,Male,33,Clothing,1,408.0,408.0,4,2023,Youth,Medium
TX040367,2023-11-24,CUST0702,Male,37,Sports,6,312.0,1872.0,4,2023,Youth,High
TX040368,2023-11-24,CUST5261,Male,37,Electronics,11,385.0,4235.0,4,2023,Youth,High
TX040369,2023-11-24,CUST6147,Female,57,Electronics,20,328.0,6560.0,4,2023,Middle Aged,High
TX040370,2023-11-24,CUST9136,Female,55,Books,15,70.0,1050.0,4,2023,Middle Aged,High
TX040371,2023-11-24,CUST8207,Male,25,Groceries,19,342.0,6498.0,4,2023,Teenager,High
TX040372,2023-11-24,CUST4057,Female,40,Books,20,437.0,8740.0,4,2023,Youth,High
TX040373,2023-11-24,CUST9922,Male,35,Groceries,6,226.0,1356.0,4,2023,Youth,High
TX040374,2023-11-24,CUST1195,Male,68,Books,3,143.0,429.0,4,2023,Retired,Medium
TX040375,2023-11-24,CUST7445,Male,19,Beauty,20,367.0,7340.0,4,2023,Teenager,High
TX040376,2023-11-24,CUST7388,Male,62,Sports,5,384.0,1920.0,4,2023,Retired,High
TX040377,2023-11-24,CUST1271,Female,37,Sports,16,344.0,5504.0,4,2023,Youth,High
TX040378,2023-11-24,CUST2154,Male,24,Groceries,9,423.0,3807.0,4,2023,Teenager,High
TX040379,2023-11-24,CUST9016,Female,22,Books,19,330.0,6270.0,4,2023,Teenager,High
TX040380,2023-11-24,CUST8029,Male,64,Groceries,4,190.0,760.0,4,2023,Retired,High
TX040381,2023-11-24,CUST9543,Female,46,Sports,2,51.0,102.0,4,2023,Middle Aged,Medium
TX040382,2023-11-24,CUST9281,Female,65,Beauty,11,316.0,3476.0,4,2023,Retired,High
TX040383,2023-11-24,CUST9613,Female,34,Groceries,9,326.0,2934.0,4,2023,Youth,High
TX040384,2023-11-24,CUST0616,Male,22,Groceries,6,423.0,2538.0,4,2023,Teenager,High
TX040385,2023-11-24,CUST8841,Female,70,Clothing,13,98.0,1274.0,4,2023,Retired,High
TX040386,2023-11-24,CUST9426,Female,35,Groceries,6,365.0,2190.0,4,2023,Youth,High
TX040387,2023-11-24,CUST7243,Male,36,Sports,20,20.0,400.0,4,2023,Youth,Medium
TX040388,2023-11-24,CUST8650,Female,42,Electronics,5,145.0,725.0,4,2023,Middle Aged,High
TX040389,2023-11-24,CUST7063,Female,44,Groceries,15,121.0,1815.0,4,2023,Middle Aged,High
TX040390,2023-11-24,CUST2463,Female,31,Sports,8,10.0,80.0,4,2023,Youth,Low
TX040391,2023-11-24,CUST4783,Female,50,Beauty,7,375.0,2625.0,4,2023,Middle Aged,High
TX040392,2023-11-24,CUST1815,Female,68,Groceries,13,190.0,2470.0,4,2023,Retired,High
TX040393,2023-11-24,CUST3330,Male,27,Books,18,250.0,4500.0,4,2023,Youth,High
TX040394,2023-11-24,CUST4466,Female,53,Beauty,10,356.0,3560.0,4,2023,Middle Aged,High
TX040395,2023-11-24,CUST0844,Male,50,Books,6,227.0,1362.0,4,2023,Middle Aged,High
TX040396,2023-11-24,CUST2788,Female,34,Beauty,20,186.0,3720.0,4,2023,Youth,High
TX040397,2023-11-24,CUST5502,Female,68,Clothing,3,35.0,105.0,4,2023,Retired,Medium
TX040398,2023-11-24,CUST8762,Female,27,Books,11,427.0,4697.0,4,2023,Youth,High
TX040399,2023-11-24,CUST9232,Male,19,Books,15,386.0,5790.0,4,2023,Teenager,High
TX040400,2023-11-24,CUST7770,Male,24,Books,17,336.0,5712.0,4,2023,Teenager,High
TX040401,2023-11-24,CUST0454,Male,32,Electronics,6,63.0,378.0,4,2023,Youth,Medium
TX040402,2023-11-24,CUST6890,Female,56,Sports,16,446.0,7136.0,4,2023,Middle Aged,High
TX040403,2023-11-24,CUST7203,Female,58,Groceries,16,25.0,400.0,4,2023,Middle Aged,Medium
TX040404,2023-11-24,CUST0481,Male,52,Beauty,17,135.0,2295.0,4,2023,Middle Aged,High
TX040405,2023-11-24,CUST1264,Female,63,Books,7,414.0,2898.0,4,2023,Retired,High
TX040406,2023-11-24,CUST5868,Male,20,Sports,4,255.0,1020.0,4,2023,Teenager,High
TX040407,2023-11-24,CUST6885,Male,53,Sports,16,391.0,6256.0,4,2023,Middle Aged,High
TX040408,2023-11-24,CUST1882,Male,47,Groceries,13,273.0,3549.0,4,2023,Middle Aged,High
TX040409,2023-11-24,CUST0910,Male,47,Sports,2,323.0,646.0,4,2023,Middle Aged,High
TX040410,2023-11-24,CUST8183,Male,57,Sports,2,136.0,272.0,4,2023,Middle Aged,Medium
TX040411,2023-11-24,CUST3309,Male,22,Clothing,17,261.0,4437.0,4,2023,Teenager,High
TX040412,2023-11-24,CUST5448,Female,63,Sports,1,71.0,71.0,4,2023,Retired,Low
TX040413,2023-11-24,CUST5719,Female,67,Electronics,15,410.0,6150.0,4,2023,Retired,High
TX040414,2023-11-24,CUST1531,Male,56,Beauty,2,18.0,36.0,4,2023,Middle Aged,Low
TX040415,2023-11-24,CUST4542,Female,25,Books,5,37.0,185.0,4,2023,Teenager,Medium
TX040416,2023-11-24,CUST1605,Male,24,Electronics,12,97.0,1164.0,4,2023,Teenager,High
TX040417,2023-11-24,CUST4725,Female,60,Groceries,7,324.0,2268.0,4,2023,Middle Aged,High
TX040418,2023-11-24,CUST4820,Male,48,Groceries,13,335.0,4355.0,4,2023,Middle Aged,High
TX040419,2023-11-24,CUST8519,Female,51,Beauty,20,321.0,6420.0,4,2023,Middle Aged,High
TX040420,2023-11-24,CUST0909,Female,62,Clothing,17,100.0,1700.0,4,2023,Retired,High
TX040421,2023-11-24,CUST0570,Female,47,Electronics,16,430.0,6880.0,4,2023,Middle Aged,High
TX040422,2023-11-24,CUST9754,Male,42,Groceries,18,280.0,5040.0,4,2023,Middle Aged,High
TX040423,2023-11-24,CUST3433,Male,37,Sports,10,412.0,4120.0,4,2023,Youth,High
TX040424,2023-11-24,CUST3737,Male,24,Electronics,6,365.0,2190.0,4,2023,Teenager,High
TX040425,2023-11-24,CUST8749,Female,19,Beauty,12,480.0,5760.0,4,2023,Teenager,High
TX040426,2023-11-24,CUST7118,Female,37,Electronics,6,439.0,2634.0,4,2023,Youth,High
TX040427,2023-11-24,CUST3522,Female,45,Books,3,90.0,270.0,4,2023,Middle Aged,Medium
TX040428,2023-11-24,CUST2089,Female,56,Sports,17,250.0,4250.0,4,2023,Middle Aged,High
TX040429,2023-11-24,CUST6453,Male,19,Clothing,6,261.0,1566.0,4,2023,Teenager,High
TX040430,2023-11-24,CUST0056,Female,41,Sports,9,453.0,4077.0,4,2023,Middle Aged,High
TX040431,2023-11-24,CUST8925,Female,69,Clothing,18,281.0,5058.0,4,2023,Retired,High
TX040432,2023-11-24,CUST3909,Male,36,Clothing,8,310.0,2480.0,4,2023,Youth,High
TX040433,2023-11-24,CUST4818,Male,26,Groceries,17,77.0,1309.0,4,2023,Youth,High
TX040434,2023-11-24,CUST8528,Female,40,Clothing,17,463.0,7871.0,4,2023,Youth,High
TX040435,2023-11-24,CUST3092,Female,69,Sports,2,189.0,378.0,4,2023,Retired,Medium
TX040436,2023-11-24,CUST5805,Male,25,Groceries,13,75.0,975.0,4,2023,Teenager,High
TX040437,2023-11-24,CUST6955,Female,58,Beauty,1,485.0,485.0,4,2023,Middle Aged,Medium
TX040438,2023-11-24,CUST8087,Female,24,Clothing,9,93.0,837.0,4,2023,Teenager,High
TX040439,2023-11-24,CUST3647,Male,24,Groceries,19,466.0,8854.0,4,2023,Teenager,High
TX040440,2023-11-24,CUST1447,Female,65,Groceries,17,306.0,5202.0,4,2023,Retired,High
TX040441,2023-11-24,CUST2507,Male,65,Books,2,455.0,910.0,4,2023,Retired,High
TX040442,2023-11-24,CUST8875,Female,37,Books,10,176.0,1760.0,4,2023,Youth,High
TX040443,2023-11-24,CUST1449,Male,18,Beauty,8,45.0,360.0,4,2023,,Medium
TX040444,2023-11-24,CUST2993,Female,36,Groceries,12,391.0,4692.0,4,2023,Youth,High
TX040445,2023-11-24,CUST1869,Female,24,Beauty,2,419.0,838.0,4,2023,Teenager,High
TX040446,2023-11-24,CUST5646,Female,28,Books,4,117.0,468.0,4,2023,Youth,Medium
TX040447,2023-11-24,CUST1587,Male,27,Electronics,13,349.0,4537.0,4,2023,Youth,High
TX040448,2023-11-24,CUST5496,Male,44,Groceries,19,90.0,1710.0,4,2023,Middle Aged,High
TX040449,2023-11-24,CUST3900,Female,67,Clothing,3,347.0,1041.0,4,2023,Retired,High
TX040450,2023-11-24,CUST6497,Female,48,Beauty,9,223.0,2007.0,4,2023,Middle Aged,High
TX040451,2023-11-24,CUST5996,Male,59,Electronics,3,243.0,729.0,4,2023,Middle Aged,High
TX040452,2023-11-24,CUST8707,Male,45,Electronics,16,337.0,5392.0,4,2023,Middle Aged,High
TX040453,2023-11-24,CUST5854,Female,25,Electronics,3,87.0,261.0,4,2023,Teenager,Medium
TX040454,2023-11-24,CUST9324,Male,59,Groceries,13,395.0,5135.0,4,2023,Middle Aged,High
TX040455,2023-11-24,CUST4934,Female,34,Sports,6,297.0,1782.0,4,2023,Youth,High
TX040456,2023-11-24,CUST2400,Female,25,Groceries,11,340.0,3740.0,4,2023,Teenager,High
TX040457,2023-11-24,CUST7863,Male,61,Clothing,11,27.0,297.0,4,2023,Retired,Medium
TX040458,2023-11-24,CUST5106,Male,40,Groceries,11,354.0,3894.0,4,2023,Youth,High
TX040459,2023-11-24,CUST1122,Male,28,Clothing,2,443.0,886.0,4,2023,Youth,High
TX040460,2023-11-24,CUST1958,Female,51,Sports,1,188.0,188.0,4,2023,Middle Aged,Medium
TX040461,2023-11-24,CUST6703,Female,27,Books,19,311.0,5909.0,4,2023,Youth,High
TX040462,2023-11-24,CUST0158,Male,45,Electronics,10,439.0,4390.0,4,2023,Middle Aged,High
TX040463,2023-11-24,CUST3712,Female,55,Groceries,5,227.0,1135.0,4,2023,Middle Aged,High
TX040464,2023-11-24,CUST8958,Female,21,Clothing,18,313.0,5634.0,4,2023,Teenager,High
TX040465,2023-11-24,CUST4322,Female,26,Clothing,2,222.0,444.0,4,2023,Youth,Medium
TX040466,2023-11-24,CUST0487,Female,45,Sports,17,443.0,7531.0,4,2023,Middle Aged,High
TX040467,2023-11-24,CUST4157,Male,40,Beauty,9,123.0,1107.0,4,2023,Youth,High
TX040468,2023-11-24,CUST4597,Male,70,Books,1,55.0,55.0,4,2023,Retired,Low
TX040469,2023-11-24,CUST9510,Male,42,Books,13,64.0,832.0,4,2023,Middle Aged,High
TX040470,2023-11-24,CUST7509,Male,53,Sports,17,349.0,5933.0,4,2023,Middle Aged,High
TX040471,2023-11-24,CUST9322,Male,30,Groceries,8,356.0,2848.0,4,2023,Youth,High
TX040472,2023-11-24,CUST0801,Female,55,Electronics,11,305.0,3355.0,4,2023,Middle Aged,High
TX040473,2023-11-24,CUST8414,Male,57,Beauty,15,448.0,6720.0,4,2023,Middle Aged,High
TX040474,2023-11-24,CUST2269,Male,30,Electronics,1,434.0,434.0,4,2023,Youth,Medium
TX040475,2023-11-24,CUST4433,Male,57,Beauty,7,371.0,2597.0,4,2023,Middle Aged,High
TX040476,2023-11-24,CUST9583,Female,24,Beauty,20,106.0,2120.0,4,2023,Teenager,High
TX040477,2023-11-24,CUST3944,Female,35,Electronics,2,257.0,514.0,4,2023,Youth,High
TX040478,2023-11-24,CUST5646,Male,70,Clothing,3,276.0,828.0,4,2023,Retired,High
TX040479,2023-11-24,CUST2471,Male,29,Clothing,2,335.0,670.0,4,2023,Youth,High
TX040480,2023-11-24,CUST9438,Female,37,Groceries,11,306.0,3366.0,4,2023,Youth,High
TX040481,2023-11-24,CUST8182,Male,30,Books,9,161.0,1449.0,4,2023,Youth,High
TX040482,2023-11-24,CUST8477,Female,57,Books,20,10.0,200.0,4,2023,Middle Aged,Medium
TX040483,2023-11-24,CUST5503,Male,26,Clothing,18,34.0,612.0,4,2023,Youth,High
TX040484,2023-11-24,CUST2416,Male,31,Beauty,9,320.0,2880.0,4,2023,Youth,High
TX040485,2023-11-24,CUST9243,Female,69,Beauty,8,26.0,208.0,4,2023,Retired,Medium
TX040486,2023-11-24,CUST2761,Male,22,Groceries,10,384.0,3840.0,4,2023,Teenager,High
TX040487,2023-11-24,CUST7627,Female,18,Groceries,7,106.0,742.0,4,2023,,High
TX040488,2023-11-24,CUST6214,Male,55,Groceries,2,27.0,54.0,4,2023,Middle Aged,Low
TX040489,2023-11-24,CUST6709,Female,40,Beauty,8,150.0,1200.0,4,2023,Youth,High
TX040490,2023-11-24,CUST1021,Male,53,Clothing,4,433.0,1732.0,4,2023,Middle Aged,High
TX040491,2023-11-24,CUST7106,Male,38,Clothing,5,129.0,645.0,4,2023,Youth,High
TX040492,2023-11-24,CUST8465,Female,20,Electronics,13,449.0,5837.0,4,2023,Teenager,High
TX040493,2023-11-24,CUST9070,Female,26,Electronics,20,250.0,5000.0,4,2023,Youth,High
TX040494,2023-11-24,CUST9005,Male,34,Beauty,4,194.0,776.0,4,2023,Youth,High
TX040495,2023-11-24,CUST4649,Female,50,Clothing,19,479.0,9101.0,4,2023,Middle Aged,High
TX040496,2023-11-24,CUST5445,Male,46,Clothing,3,440.0,1320.0,4,2023,Middle Aged,High
TX040497,2023-11-24,CUST7388,Female,36,Beauty,4,376.0,1504.0,4,2023,Youth,High
TX040498,2023-11-24,CUST7465,Female,19,Books,2,198.0,396.0,4,2023,Teenager,Medium
TX040499,2023-11-24,CUST0867,Female,70,Groceries,15,155.0,2325.0,4,2023,Retired,High
TX040500,2023-11-24,CUST9625,Female,54,Books,9,226.0,2034.0,4,2023,Middle Aged,High
TX040501,2023-11-24,CUST7716,Female,31,Sports,8,137.0,1096.0,4,2023,Youth,High
TX040502,2023-11-24,CUST1845,Female,56,Clothing,11,184.0,2024.0,4,2023,Middle Aged,High
TX040503,2023-11-24,CUST1599,Female,38,Electronics,5,366.0,1830.0,4,2023,Youth,High
TX040504,2023-11-24,CUST3627,Male,54,Sports,18,38.0,684.0,4,2023,Middle Aged,High
TX040505,2023-11-24,CUST5501,Female,59,Clothing,8,66.0,528.0,4,2023,Middle Aged,High
TX040506,2023-11-24,CUST9553,Male,60,Sports,16,395.0,6320.0,4,2023,Middle Aged,High
TX040507,2023-11-24,CUST6357,Male,58,Sports,17,448.0,7616.0,4,2023,Middle Aged,High
TX040508,2023-11-24,CUST9804,Male,32,Books,17,138.0,2346.0,4,2023,Youth,High
TX040509,2023-11-24,CUST0619,Male,63,Groceries,1,422.0,422.0,4,2023,Retired,Medium
TX040510,2023-11-24,CUST8640,Female,44,Clothing,5,454.0,2270.0,4,2023,Middle Aged,High
TX040511,2023-11-24,CUST2951,Male,65,Beauty,14,186.0,2604.0,4,2023,Retired,High
TX040512,2023-11-24,CUST6452,Female,58,Groceries,13,70.0,910.0,4,2023,Middle Aged,High
TX040513,2023-11-24,CUST3080,Male,51,Electronics,20,416.0,8320.0,4,2023,Middle Aged,High
TX040514,2023-11-24,CUST3425,Female,63,Groceries,4,192.0,768.0,4,2023,Retired,High
TX040515,2023-11-24,CUST2577,Male,26,Beauty,12,369.0,4428.0,4,2023,Youth,High
TX040516,2023-11-24,CUST7118,Female,34,Books,13,124.0,1612.0,4,2023,Youth,High
TX040517,2023-11-24,CUST4058,Female,66,Books,13,106.0,1378.0,4,2023,Retired,High
TX040518,2023-11-24,CUST9339,Female,63,Beauty,20,332.0,6640.0,4,2023,Retired,High
TX040519,2023-11-24,CUST2563,Male,21,Books,8,44.0,352.0,4,2023,Teenager,Medium
TX040520,2023-11-24,CUST9613,Female,46,Clothing,11,223.0,2453.0,4,2023,Middle Aged,High
TX040521,2023-11-24,CUST2020,Female,23,Books,17,413.0,7021.0,4,2023,Teenager,High
TX040522,2023-11-24,CUST7689,Female,23,Beauty,9,419.0,3771.0,4,2023,Teenager,High
TX040523,2023-11-24,CUST8502,Male,56,Groceries,12,253.0,3036.0,4,2023,Middle Aged,High
TX040524,2023-11-24,CUST3485,Female,22,Clothing,4,455.0,1820.0,4,2023,Teenager,High
TX040525,2023-11-24,CUST6888,Male,67,Sports,7,348.0,2436.0,4,2023,Retired,High
TX040526,2023-11-24,CUST7913,Female,62,Books,14,54.0,756.0,4,2023,Retired,High
TX040527,2023-11-24,CUST3543,Female,36,Groceries,8,292.0,2336.0,4,2023,Youth,High
TX040528,2023-11-24,CUST1855,Male,66,Groceries,7,467.0,3269.0,4,2023,Retired,High
TX040529,2023-11-24,CUST6918,Male,22,Beauty,15,58.0,870.0,4,2023,Teenager,High
TX040530,2023-11-24,CUST6722,Male,22,Groceries,12,132.0,1584.0,4,2023,Teenager,High
TX040531,2023-11-24,CUST8323,Female,57,Groceries,12,214.0,2568.0,4,2023,Middle Aged,High
TX040532,2023-11-24,CUST8522,Female,27,Electronics,1,341.0,341.0,4,2023,Youth,Medium
TX040533,2023-11-24,CUST4509,Female,59,Books,8,158.0,1264.0,4,2023,Middle Aged,High
TX040534,2023-11-24,CUST1991,Male,70,Clothing,7,145.0,1015.0,4,2023,Retired,High
TX040535,2023-11-24,CUST6382,Male,26,Books,3,96.0,288.0,4,2023,Youth,Medium
TX040536,2023-11-24,CUST1826,Male,51,Electronics,15,312.0,4680.0,4,2023,Middle Aged,High
TX040537,2023-11-24,CUST6030,Male,50,Groceries,4,286.0,1144.0,4,2023,Middle Aged,High
TX040538,2023-11-24,CUST5068,Male,58,Beauty,3,271.0,813.0,4,2023,Middle Aged,High
TX040539,2023-11-24,CUST5241,Female,41,Electronics,4,497.0,1988.0,4,2023,Middle Aged,High
TX040540,2023-11-24,CUST0358,Female,49,Groceries,20,218.0,4360.0,4,2023,Middle Aged,High
TX040541,2023-11-24,CUST0943,Female,28,Clothing,3,371.0,1113.0,4,2023,Youth,High
TX040542,2023-11-24,CUST8118,Female,22,Sports,8,397.0,3176.0,4,2023,Teenager,High
TX040543,2023-11-24,CUST3910,Female,44,Beauty,10,456.0,4560.0,4,2023,Middle Aged,High
TX040544,2023-11-24,CUST4486,Female,24,Beauty,3,218.0,654.0,4,2023,Teenager,High
TX040545,2023-11-24,CUST9102,Female,31,Sports,16,450.0,7200.0,4,2023,Youth,High
TX040546,2023-11-24,CUST0334,Male,47,Beauty,17,254.0,4318.0,4,2023,Middle Aged,High
TX040547,2023-11-24,CUST8969,Female,69,Sports,1,497.0,497.0,4,2023,Retired,Medium
TX040548,2023-11-24,CUST7660,Male,36,Books,15,437.0,6555.0,4,2023,Youth,High
TX040549,2023-11-24,CUST6267,Male,59,Groceries,1,299.0,299.0,4,2023,Middle Aged,Medium
TX040550,2023-11-24,CUST4457,Female,69,Beauty,7,166.0,1162.0,4,2023,Retired,High
TX040551,2023-11-24,CUST2746,Female,20,Sports,11,57.0,627.0,4,2023,Teenager,High
TX040552,2023-11-24,CUST6167,Male,54,Books,14,103.0,1442.0,4,2023,Middle Aged,High
TX040553,2023-11-24,CUST5462,Male,35,Electronics,11,439.0,4829.0,4,2023,Youth,High
TX040554,2023-11-24,CUST6854,Male,56,Clothing,18,394.0,7092.0,4,2023,Middle Aged,High
TX040555,2023-11-24,CUST8894,Female,50,Electronics,9,94.0,846.0,4,2023,Middle Aged,High
TX040556,2023-11-24,CUST8686,Female,29,Beauty,5,402.0,2010.0,4,2023,Youth,High
TX040557,2023-11-24,CUST4255,Female,42,Groceries,19,432.0,8208.0,4,2023,Middle Aged,High
TX040558,2023-11-24,CUST0199,Male,31,Clothing,5,362.0,1810.0,4,2023,Youth,High
TX040559,2023-11-24,CUST8853,Male,33,Electronics,8,55.0,440.0,4,2023,Youth,Medium
TX040560,2023-11-24,CUST6164,Male,46,Books,9,83.0,747.0,4,2023,Middle Aged,High
TX040561,2023-11-24,CUST9010,Female,46,Beauty,14,271.0,3794.0,4,2023,Middle Aged,High
TX040562,2023-11-24,CUST8912,Male,43,Electronics,9,406.0,3654.0,4,2023,Middle Aged,High
TX040563,2023-11-24,CUST4320,Male,44,Books,7,10.0,70.0,4,2023,Middle Aged,Low
TX040564,2023-11-24,CUST9974,Male,46,Electronics,11,257.0,2827.0,4,2023,Middle Aged,High
TX040565,2023-11-24,CUST2121,Female,68,Clothing,10,255.0,2550.0,4,2023,Retired,High
TX040566,2023-11-24,CUST3421,Female,32,Beauty,11,420.0,4620.0,4,2023,Youth,High
TX040567,2023-11-24,CUST6007,Male,69,Clothing,19,179.0,3401.0,4,2023,Retired,High
TX040568,2023-11-24,CUST4289,Female,57,Sports,2,443.0,886.0,4,2023,Middle Aged,High
TX040569,2023-11-24,CUST0539,Female,58,Clothing,18,150.0,2700.0,4,2023,Middle Aged,High
TX040570,2023-11-24,CUST4836,Female,24,Groceries,4,188.0,752.0,4,2023,Teenager,High
TX040571,2023-11-24,CUST2337,Female,54,Sports,8,125.0,1000.0,4,2023,Middle Aged,High
TX040572,2023-11-24,CUST5341,Male,64,Books,2,410.0,820.0,4,2023,Retired,High
TX040573,2023-11-24,CUST1923,Male,68,Beauty,4,499.0,1996.0,4,2023,Retired,High
TX040574,2023-11-24,CUST2684,Male,29,Sports,4,147.0,588.0,4,2023,Youth,High
TX040575,2023-11-24,CUST8966,Female,47,Groceries,20,68.0,1360.0,4,2023,Middle Aged,High
TX040576,2023-11-24,CUST7075,Male,39,Clothing,5,450.0,2250.0,4,2023,Youth,High
TX040577,2023-11-24,CUST3057,Female,36,Clothing,5,416.0,2080.0,4,2023,Youth,High
TX040578,2023-11-24,CUST0696,Female,65,Books,6,177.0,1062.0,4,2023,Retired,High
TX040579,2023-11-24,CUST7784,Male,48,Clothing,7,372.0,2604.0,4,2023,Middle Aged,High
TX040580,2023-11-24,CUST6282,Male,39,Books,5,150.0,750.0,4,2023,Youth,High
TX040581,2023-11-24,CUST6244,Male,56,Clothing,20,435.0,8700.0,4,2023,Middle Aged,High
TX040582,2023-11-24,CUST7922,Male,66,Sports,3,291.0,873.0,4,2023,Retired,High
TX040583,2023-11-24,CUST8597,Male,48,Clothing,12,283.0,3396.0,4,2023,Middle Aged,High
TX040584,2023-11-24,CUST9397,Female,54,Groceries,1,344.0,344.0,4,2023,Middle Aged,Medium
TX040585,2023-11-24,CUST4647,Male,22,Books,17,362.0,6154.0,4,2023,Teenager,High
TX040586,2023-11-24,CUST8964,Female,42,Groceries,11,424.0,4664.0,4,2023,Middle Aged,High
TX040587,2023-11-24,CUST1586,Male,27,Beauty,9,433.0,3897.0,4,2023,Youth,High
TX040588,2023-11-24,CUST7212,Male,47,Books,14,384.0,5376.0,4,2023,Middle Aged,High
TX040589,2023-11-24,CUST2025,Male,34,Groceries,12,37.0,444.0,4,2023,Youth,Medium
TX040590,2023-11-24,CUST0174,Male,37,Beauty,10,55.0,550.0,4,2023,Youth,High
TX040591,2023-11-24,CUST2622,Male,19,Groceries,20,402.0,8040.0,4,2023,Teenager,High
TX040592,2023-11-24,CUST1423,Male,42,Books,15,387.0,5805.0,4,2023,Middle Aged,High
TX040593,2023-11-24,CUST2195,Female,49,Sports,4,18.0,72.0,4,2023,Middle Aged,Low
TX040594,2023-11-24,CUST7482,Male,51,Electronics,11,262.0,2882.0,4,2023,Middle Aged,High
TX040595,2023-11-24,CUST1426,Female,38,Groceries,20,86.0,1720.0,4,2023,Youth,High
TX040596,2023-11-24,CUST3047,Female,48,Electronics,5,231.0,1155.0,4,2023,Middle Aged,High
TX040597,2023-11-24,CUST6059,Male,51,Electronics,1,440.0,440.0,4,2023,Middle Aged,Medium
TX040598,2023-11-24,CUST9939,Female,28,Groceries,2,202.0,404.0,4,2023,Youth,Medium
TX040599,2023-11-24,CUST8927,Female,37,Electronics,17,11.0,187.0,4,2023,Youth,Medium
TX040600,2023-11-24,CUST0901,Male,30,Groceries,2,410.0,820.0,4,2023,Youth,High
TX040601,2023-11-24,CUST8412,Male,57,Electronics,9,215.0,1935.0,4,2023,Middle Aged,High
TX040602,2023-11-24,CUST1685,Male,51,Electronics,11,58.0,638.0,4,2023,Middle Aged,High
TX040603,2023-11-24,CUST8112,Male,36,Books,13,373.0,4849.0,4,2023,Youth,High
TX040604,2023-11-24,CUST9519,Male,59,Sports,4,294.0,1176.0,4,2023,Middle Aged,High
TX040605,2023-11-24,CUST1185,Male,64,Books,2,163.0,326.0,4,2023,Retired,Medium
TX040606,2023-11-24,CUST7371,Male,42,Groceries,12,190.0,2280.0,4,2023,Middle Aged,High
TX040607,2023-11-24,CUST9345,Female,58,Groceries,3,349.0,1047.0,4,2023,Middle Aged,High
TX040608,2023-11-24,CUST9743,Male,58,Electronics,12,77.0,924.0,4,2023,Middle Aged,High
TX040609,2023-11-24,CUST5421,Male,61,Sports,18,480.0,8640.0,4,2023,Retired,High
TX040610,2023-11-24,CUST7035,Female,20,Electronics,15,23.0,345.0,4,2023,Teenager,Medium
TX040611,2023-11-24,CUST2946,Male,39,Beauty,9,231.0,2079.0,4,2023,Youth,High
TX040612,2023-11-24,CUST8917,Female,25,Beauty,5,205.0,1025.0,4,2023,Teenager,High
TX040613,2023-11-24,CUST0224,Male,34,Electronics,18,320.0,5760.0,4,2023,Youth,High
TX040614,2023-11-24,CUST3267,Female,59,Sports,10,357.0,3570.0,4,2023,Middle Aged,High
TX040615,2023-11-24,CUST5730,Male,37,Books,14,463.0,6482.0,4,2023,Youth,High
TX040616,2023-11-24,CUST0641,Female,67,Books,9,289.0,2601.0,4,2023,Retired,High
TX040617,2023-11-24,CUST9272,Female,68,Books,4,174.0,696.0,4,2023,Retired,High
TX040618,2023-11-24,CUST7384,Female,26,Sports,7,248.0,1736.0,4,2023,Youth,High
TX040619,2023-11-24,CUST0010,Male,45,Beauty,1,365.0,365.0,4,2023,Middle Aged,Medium
TX040620,2023-11-24,CUST8639,Male,25,Electronics,5,479.0,2395.0,4,2023,Teenager,High
TX040621,2023-11-24,CUST9773,Female,54,Electronics,13,52.0,676.0,4,2023,Middle Aged,High
TX040622,2023-11-24,CUST8854,Male,53,Clothing,8,14.0,112.0,4,2023,Middle Aged,Medium
TX040623,2023-11-24,CUST1176,Male,51,Books,20,74.0,1480.0,4,2023,Middle Aged,High
TX040624,2023-11-24,CUST0282,Female,69,Clothing,6,209.0,1254.0,4,2023,Retired,High
TX040625,2023-11-24,CUST8176,Female,54,Sports,18,437.0,7866.0,4,2023,Middle Aged,High
TX040626,2023-11-24,CUST4300,Female,21,Groceries,12,414.0,4968.0,4,2023,Teenager,High
TX040627,2023-11-24,CUST3567,Male,44,Books,18,329.0,5922.0,4,2023,Middle Aged,High
TX040628,2023-11-24,CUST3666,Female,44,Beauty,8,108.0,864.0,4,2023,Middle Aged,High
TX040629,2023-11-24,CUST7663,Male,43,Clothing,6,32.0,192.0,4,2023,Middle Aged,Medium
TX040630,2023-11-24,CUST1073,Female,33,Electronics,2,235.0,470.0,4,2023,Youth,Medium
TX040631,2023-11-24,CUST9620,Female,23,Groceries,4,409.0,1636.0,4,2023,Teenager,High
TX040632,2023-11-24,CUST2706,Female,27,Clothing,4,94.0,376.0,4,2023,Youth,Medium
TX040633,2023-11-24,CUST5220,Female,31,Books,19,210.0,3990.0,4,2023,Youth,High
TX040634,2023-11-24,CUST3032,Female,64,Groceries,17,231.0,3927.0,4,2023,Retired,High
TX040635,2023-11-24,CUST7211,Female,18,Books,12,13.0,156.0,4,2023,,Medium
TX040636,2023-11-24,CUST0750,Female,48,Clothing,12,53.0,636.0,4,2023,Middle Aged,High
TX040637,2023-11-24,CUST8253,Female,22,Groceries,17,40.0,680.0,4,2023,Teenager,High
TX040638,2023-11-24,CUST8002,Male,48,Books,9,25.0,225.0,4,2023,Middle Aged,Medium
TX040639,2023-11-24,CUST4633,Male,36,Clothing,8,82.0,656.0,4,2023,Youth,High
TX040640,2023-11-24,CUST5635,Female,18,Electronics,8,333.0,2664.0,4,2023,,High
TX040641,2023-11-24,CUST7073,Female,51,Clothing,16,219.0,3504.0,4,2023,Middle Aged,High
TX040642,2023-11-24,CUST8785,Female,29,Groceries,20,21.0,420.0,4,2023,Youth,Medium
TX040643,2023-11-24,CUST7682,Female,48,Beauty,12,499.0,5988.0,4,2023,Middle Aged,High
TX040644,2023-11-24,CUST2953,Male,69,Electronics,6,404.0,2424.0,4,2023,Retired,High
TX040645,2023-11-24,CUST6375,Male,33,Clothing,5,116.0,580.0,4,2023,Youth,High
TX040646,2023-11-24,CUST1698,Female,34,Beauty,10,88.0,880.0,4,2023,Youth,High
TX040647,2023-11-24,CUST2609,Male,53,Books,4,275.0,1100.0,4,2023,Middle Aged,High
TX040648,2023-11-24,CUST3484,Male,68,Beauty,17,293.0,4981.0,4,2023,Retired,High
TX040649,2023-11-24,CUST4636,Male,69,Sports,6,44.0,264.0,4,2023,Retired,Medium
TX040650,2023-11-24,CUST3992,Female,42,Sports,13,98.0,1274.0,4,2023,Middle Aged,High
TX040651,2023-11-24,CUST5989,Male,45,Groceries,9,420.0,3780.0,4,2023,Middle Aged,High
TX040652,2023-11-24,CUST2355,Female,38,Books,3,197.0,591.0,4,2023,Youth,High
TX040653,2023-11-24,CUST3316,Female,62,Beauty,13,254.0,3302.0,4,2023,Retired,High
TX040654,2023-11-24,CUST6241,Female,19,Beauty,11,307.0,3377.0,4,2023,Teenager,High
TX040655,2023-11-24,CUST0204,Male,64,Books,6,424.0,2544.0,4,2023,Retired,High
TX040656,2023-11-24,CUST0151,Male,26,Clothing,17,256.0,4352.0,4,2023,Youth,High
TX040657,2023-11-24,CUST8631,Male,36,Clothing,6,444.0,2664.0,4,2023,Youth,High
TX040658,2023-11-24,CUST7475,Female,34,Electronics,2,115.0,230.0,4,2023,Youth,Medium
TX040659,2023-11-24,CUST9393,Male,55,Clothing,14,331.0,4634.0,4,2023,Middle Aged,High
TX040660,2023-11-24,CUST3437,Female,37,Beauty,3,183.0,549.0,4,2023,Youth,High
TX040661,2023-11-24,CUST2955,Female,36,Books,5,123.0,615.0,4,2023,Youth,High
TX040662,2023-11-24,CUST7848,Male,23,Electronics,5,249.0,1245.0,4,2023,Teenager,High
TX040663,2023-11-24,CUST3421,Female,40,Beauty,5,411.0,2055.0,4,2023,Youth,High
TX040664,2023-11-24,CUST3094,Male,32,Sports,14,229.0,3206.0,4,2023,Youth,High
TX040665,2023-11-24,CUST4931,Male,40,Clothing,8,333.0,2664.0,4,2023,Youth,High
TX040666,2023-11-24,CUST1708,Female,22,Groceries,14,448.0,6272.0,4,2023,Teenager,High
TX040667,2023-11-24,CUST9046,Male,38,Clothing,14,453.0,6342.0,4,2023,Youth,High
TX040668,2023-11-24,CUST2751,Female,20,Books,17,132.0,2244.0,4,2023,Teenager,High
TX040669,2023-11-24,CUST5200,Female,56,Groceries,6,450.0,2700.0,4,2023,Middle Aged,High
TX040670,2023-11-24,CUST6934,Female,29,Books,15,448.0,6720.0,4,2023,Youth,High
TX040671,2023-11-24,CUST7111,Male,70,Groceries,10,84.0,840.0,4,2023,Retired,High
TX040672,2023-11-24,CUST9395,Male,70,Electronics,8,474.0,3792.0,4,2023,Retired,High
TX040673,2023-11-24,CUST2977,Female,24,Electronics,20,494.0,9880.0,4,2023,Teenager,High
TX040674,2023-11-24,CUST3273,Female,66,Beauty,20,246.0,4920.0,4,2023,Retired,High
TX040675,2023-11-24,CUST2259,Male,29,Beauty,2,61.0,122.0,4,2023,Youth,Medium
TX040676,2023-11-24,CUST4779,Male,22,Beauty,3,194.0,582.0,4,2023,Teenager,High
TX040677,2023-11-24,CUST2575,Male,44,Sports,2,77.0,154.0,4,2023,Middle Aged,Medium
TX040678,2023-11-24,CUST0736,Male,70,Beauty,4,50.0,200.0,4,2023,Retired,Medium
TX040679,2023-11-24,CUST1192,Male,34,Electronics,20,70.0,1400.0,4,2023,Youth,High
TX040680,2023-11-24,CUST2595,Male,31,Books,11,207.0,2277.0,4,2023,Youth,High
TX040681,2023-11-24,CUST5091,Female,19,Clothing,6,477.0,2862.0,4,2023,Teenager,High
TX040682,2023-11-24,CUST0804,Female,36,Sports,8,396.0,3168.0,4,2023,Youth,High
TX040683,2023-11-24,CUST4402,Male,58,Sports,18,409.0,7362.0,4,2023,Middle Aged,High
TX040684,2023-11-24,CUST2559,Female,48,Books,9,204.0,1836.0,4,2023,Middle Aged,High
TX040685,2023-11-24,CUST3345,Female,25,Electronics,6,190.0,1140.0,4,2023,Teenager,High
TX040686,2023-11-24,CUST4821,Male,39,Clothing,8,493.0,3944.0,4,2023,Youth,High
TX040687,2023-11-24,CUST5028,Female,26,Beauty,6,73.0,438.0,4,2023,Youth,Medium
TX040688,2023-11-24,CUST1194,Male,32,Clothing,5,47.0,235.0,4,2023,Youth,Medium
TX040689,2023-11-24,CUST1044,Male,40,Sports,17,374.0,6358.0,4,2023,Youth,High
TX040690,2023-11-24,CUST0981,Female,52,Beauty,13,284.0,3692.0,4,2023,Middle Aged,High
TX040691,2023-11-24,CUST6534,Male,26,Clothing,16,255.0,4080.0,4,2023,Youth,High
TX040692,2023-11-24,CUST0162,Female,41,Groceries,16,17.0,272.0,4,2023,Middle Aged,Medium
TX040693,2023-11-24,CUST0868,Male,49,Groceries,14,32.0,448.0,4,2023,Middle Aged,Medium
TX040694,2023-11-24,CUST3958,Female,56,Clothing,6,326.0,1956.0,4,2023,Middle Aged,High
TX040695,2023-11-24,CUST8137,Male,25,Electronics,11,293.0,3223.0,4,2023,Teenager,High
TX040696,2023-11-24,CUST3346,Male,35,Electronics,15,99.0,1485.0,4,2023,Youth,High
TX040697,2023-11-24,CUST5284,Male,31,Beauty,12,121.0,1452.0,4,2023,Youth,High
TX040698,2023-11-24,CUST2652,Male,55,Groceries,17,260.0,4420.0,4,2023,Middle Aged,High
TX040699,2023-11-24,CUST9670,Male,31,Electronics,4,283.0,1132.0,4,2023,Youth,High
TX040700,2023-11-24,CUST2997,Male,18,Groceries,8,268.0,2144.0,4,2023,,High
TX040701,2023-11-24,CUST7716,Male,35,Books,18,307.0,5526.0,4,2023,Youth,High
TX040702,2023-11-24,CUST7569,Male,57,Groceries,1,357.0,357.0,4,2023,Middle Aged,Medium
TX040703,2023-11-24,CUST7472,Male,65,Clothing,5,120.0,600.0,4,2023,Retired,High
TX040704,2023-11-24,CUST4180,Female,33,Beauty,17,135.0,2295.0,4,2023,Youth,High
TX040705,2023-11-24,CUST1475,Female,42,Groceries,5,202.0,1010.0,4,2023,Middle Aged,High
TX040706,2023-11-24,CUST1297,Female,44,Electronics,6,139.0,834.0,4,2023,Middle Aged,High
TX040707,2023-11-24,CUST4848,Male,22,Books,19,239.0,4541.0,4,2023,Teenager,High
TX040708,2023-11-24,CUST7519,Female,69,Groceries,1,452.0,452.0,4,2023,Retired,Medium
TX040709,2023-11-24,CUST8858,Female,38,Beauty,7,65.0,455.0,4,2023,Youth,Medium
TX040710,2023-11-24,CUST9867,Female,20,Groceries,2,229.0,458.0,4,2023,Teenager,Medium
TX040711,2023-11-24,CUST1248,Male,26,Clothing,1,386.0,386.0,4,2023,Youth,Medium
TX040712,2023-11-24,CUST8084,Male,50,Beauty,12,364.0,4368.0,4,2023,Middle Aged,High
TX040713,2023-11-24,CUST8273,Male,47,Groceries,6,104.0,624.0,4,2023,Middle Aged,High
TX040714,2023-11-24,CUST6537,Female,60,Electronics,18,128.0,2304.0,4,2023,Middle Aged,High
TX040715,2023-11-24,CUST0976,Female,55,Groceries,15,61.0,915.0,4,2023,Middle Aged,High
TX040716,2023-11-24,CUST6664,Female,20,Electronics,12,298.0,3576.0,4,2023,Teenager,High
TX040717,2023-11-24,CUST2316,Female,51,Books,15,224.0,3360.0,4,2023,Middle Aged,High
TX040718,2023-11-24,CUST1475,Male,41,Clothing,19,466.0,8854.0,4,2023,Middle Aged,High
TX040719,2023-11-24,CUST1800,Male,54,Electronics,10,210.0,2100.0,4,2023,Middle Aged,High
TX040720,2023-11-24,CUST4985,Female,67,Clothing,12,400.0,4800.0,4,2023,Retired,High
TX040721,2023-11-24,CUST7497,Male,28,Sports,14,168.0,2352.0,4,2023,Youth,High
TX040722,2023-11-24,CUST3512,Male,63,Groceries,9,260.0,2340.0,4,2023,Retired,High
TX040723,2023-11-24,CUST0299,Male,66,Sports,10,410.0,4100.0,4,2023,Retired,High
TX040724,2023-11-24,CUST9148,Female,20,Books,10,21.0,210.0,4,2023,Teenager,Medium
TX040725,2023-11-24,CUST2643,Male,40,Clothing,3,24.0,72.0,4,2023,Youth,Low
TX040726,2023-11-24,CUST8279,Female,55,Electronics,9,308.0,2772.0,4,2023,Middle Aged,High
TX040727,2023-11-24,CUST8739,Male,57,Clothing,14,129.0,1806.0,4,2023,Middle Aged,High
TX040728,2023-11-24,CUST8291,Male,41,Groceries,18,112.0,2016.0,4,2023,Middle Aged,High
TX040729,2023-11-24,CUST4014,Male,39,Electronics,9,384.0,3456.0,4,2023,Youth,High
TX040730,2023-11-24,CUST2483,Female,70,Sports,2,245.0,490.0,4,2023,Retired,Medium
TX040731,2023-11-24,CUST5384,Female,52,Sports,12,333.0,3996.0,4,2023,Middle Aged,High
TX040732,2023-11-24,CUST5302,Male,27,Sports,4,380.0,1520.0,4,2023,Youth,High
TX040733,2023-11-24,CUST8224,Male,50,Electronics,14,160.0,2240.0,4,2023,Middle Aged,High
TX040734,2023-11-24,CUST4401,Male,67,Groceries,20,425.0,8500.0,4,2023,Retired,High
TX040735,2023-11-24,CUST3622,Male,43,Beauty,11,455.0,5005.0,4,2023,Middle Aged,High
TX040736,2023-11-24,CUST2063,Female,26,Groceries,14,483.0,6762.0,4,2023,Youth,High
TX040737,2023-11-24,CUST8557,Female,42,Electronics,11,113.0,1243.0,4,2023,Middle Aged,High
TX040738,2023-11-24,CUST5085,Male,42,Beauty,8,136.0,1088.0,4,2023,Middle Aged,High
TX040739,2023-11-24,CUST7123,Male,25,Books,10,254.0,2540.0,4,2023,Teenager,High
TX040740,2023-11-24,CUST3465,Male,50,Books,2,267.0,534.0,4,2023,Middle Aged,High
TX040741,2023-11-24,CUST0090,Female,52,Electronics,13,58.0,754.0,4,2023,Middle Aged,High
TX040742,2023-11-24,CUST6070,Female,61,Electronics,15,197.0,2955.0,4,2023,Retired,High
TX040743,2023-11-24,CUST3476,Male,53,Groceries,10,339.0,3390.0,4,2023,Middle Aged,High
TX040744,2023-11-24,CUST3933,Female,22,Sports,1,25.0,25.0,4,2023,Teenager,Low
TX040745,2023-11-24,CUST9876,Female,40,Electronics,6,108.0,648.0,4,2023,Youth,High
TX040746,2023-11-24,CUST7165,Male,40,Sports,9,387.0,3483.0,4,2023,Youth,High
TX040747,2023-11-24,CUST5749,Male,59,Clothing,18,264.0,4752.0,4,2023,Middle Aged,High
TX040748,2023-11-24,CUST3251,Female,54,Electronics,20,253.0,5060.0,4,2023,Middle Aged,High
TX040749,2023-11-24,CUST8747,Male,70,Sports,8,461.0,3688.0,4,2023,Retired,High
TX040750,2023-11-24,CUST1528,Female,26,Electronics,14,127.0,1778.0,4,2023,Youth,High
TX040751,2023-11-24,CUST1898,Male,70,Clothing,19,348.0,6612.0,4,2023,Retired,High
TX040752,2023-11-24,CUST0068,Female,33,Electronics,14,428.0,5992.0,4,2023,Youth,High
TX040753,2023-11-24,CUST8929,Female,68,Groceries,19,199.0,3781.0,4,2023,Retired,High
TX040754,2023-11-24,CUST0381,Female,60,Clothing,19,317.0,6023.0,4,2023,Middle Aged,High
TX040755,2023-11-24,CUST9958,Female,63,Clothing,13,184.0,2392.0,4,2023,Retired,High
TX040756,2023-11-24,CUST9889,Female,41,Clothing,14,217.0,3038.0,4,2023,Middle Aged,High
TX040757,2023-11-24,CUST1802,Male,51,Beauty,5,373.0,1865.0,4,2023,Middle Aged,High
TX040758,2023-11-24,CUST6465,Female,66,Clothing,3,261.0,783.0,4,2023,Retired,High
TX040759,2023-11-24,CUST0941,Male,39,Books,7,202.0,1414.0,4,2023,Youth,High
TX040760,2023-11-24,CUST6356,Male,48,Clothing,14,474.0,6636.0,4,2023,Middle Aged,High
TX040761,2023-11-24,CUST5250,Male,31,Clothing,4,420.0,1680.0,4,2023,Youth,High
TX040762,2023-11-24,CUST6215,Male,27,Clothing,10,326.0,3260.0,4,2023,Youth,High
TX040763,2023-11-24,CUST4577,Male,38,Clothing,17,123.0,2091.0,4,2023,Youth,High
TX040764,2023-11-24,CUST7628,Female,39,Beauty,12,385.0,4620.0,4,2023,Youth,High
TX040765,2023-11-24,CUST1017,Male,38,Beauty,4,211.0,844.0,4,2023,Youth,High
TX040766,2023-11-24,CUST0634,Male,61,Groceries,6,284.0,1704.0,4,2023,Retired,High
TX040767,2023-11-24,CUST9545,Female,52,Books,6,58.0,348.0,4,2023,Middle Aged,Medium
TX040768,2023-11-24,CUST2248,Female,36,Clothing,1,218.0,218.0,4,2023,Youth,Medium
TX040769,2023-11-24,CUST0616,Female,30,Books,14,101.0,1414.0,4,2023,Youth,High
TX040770,2023-11-24,CUST8239,Male,31,Groceries,5,143.0,715.0,4,2023,Youth,High
TX040771,2023-11-24,CUST2612,Female,27,Electronics,11,261.0,2871.0,4,2023,Youth,High
TX040772,2023-11-24,CUST0434,Female,30,Books,19,358.0,6802.0,4,2023,Youth,High
TX040773,2023-11-24,CUST6441,Female,26,Groceries,20,258.0,5160.0,4,2023,Youth,High
TX040774,2023-11-24,CUST3183,Male,39,Books,2,464.0,928.0,4,2023,Youth,High
TX040775,2023-11-24,CUST9290,Female,26,Beauty,2,87.0,174.0,4,2023,Youth,Medium
TX040776,2023-11-24,CUST2496,Female,30,Clothing,10,327.0,3270.0,4,2023,Youth,High
TX040777,2023-11-24,CUST1036,Male,23,Clothing,3,452.0,1356.0,4,2023,Teenager,High
TX040778,2023-11-24,CUST5206,Male,46,Groceries,5,418.0,2090.0,4,2023,Middle Aged,High
TX040779,2023-11-24,CUST7930,Male,25,Beauty,2,329.0,658.0,4,2023,Teenager,High
TX040780,2023-11-24,CUST1550,Male,54,Beauty,16,206.0,3296.0,4,2023,Middle Aged,High
TX040781,2023-11-24,CUST2668,Female,36,Sports,16,87.0,1392.0,4,2023,Youth,High
TX040782,2023-11-24,CUST5769,Male,19,Clothing,18,196.0,3528.0,4,2023,Teenager,High
TX040783,2023-11-24,CUST8960,Female,41,Electronics,16,11.0,176.0,4,2023,Middle Aged,Medium
TX040784,2023-11-24,CUST3714,Male,24,Electronics,9,417.0,3753.0,4,2023,Teenager,High
TX040785,2023-11-24,CUST6998,Female,52,Electronics,7,391.0,2737.0,4,2023,Middle Aged,High
TX040786,2023-11-24,CUST0335,Male,43,Beauty,14,169.0,2366.0,4,2023,Middle Aged,High
TX040787,2023-11-24,CUST2560,Male,48,Sports,6,186.0,1116.0,4,2023,Middle Aged,High
TX040788,2023-11-24,CUST3513,Male,65,Groceries,5,499.0,2495.0,4,2023,Retired,High
TX040789,2023-11-24,CUST6767,Male,49,Clothing,9,483.0,4347.0,4,2023,Middle Aged,High
TX040790,2023-11-24,CUST2506,Male,19,Groceries,10,180.0,1800.0,4,2023,Teenager,High
TX040791,2023-11-24,CUST3034,Male,30,Books,5,483.0,2415.0,4,2023,Youth,High
TX040792,2023-11-24,CUST4581,Female,70,Beauty,8,306.0,2448.0,4,2023,Retired,High
TX040793,2023-11-24,CUST5812,Female,64,Clothing,3,229.0,687.0,4,2023,Retired,High
TX040794,2023-11-24,CUST1404,Male,46,Electronics,8,432.0,3456.0,4,2023,Middle Aged,High
TX040795,2023-11-24,CUST8219,Female,42,Beauty,12,227.0,2724.0,4,2023,Middle Aged,High
TX040796,2023-11-24,CUST1624,Female,50,Groceries,9,408.0,3672.0,4,2023,Middle Aged,High
TX040797,2023-11-24,CUST2943,Female,18,Electronics,14,182.0,2548.0,4,2023,,High
TX040798,2023-11-24,CUST7536,Female,40,Clothing,1,331.0,331.0,4,2023,Youth,Medium
TX040799,2023-11-24,CUST2129,Male,49,Electronics,15,223.0,3345.0,4,2023,Middle Aged,High
TX040800,2023-11-24,CUST9793,Male,25,Clothing,6,288.0,1728.0,4,2023,Teenager,High
TX040801,2023-11-24,CUST6146,Female,54,Groceries,9,423.0,3807.0,4,2023,Middle Aged,High
TX040802,2023-11-24,CUST2809,Male,30,Sports,16,382.0,6112.0,4,2023,Youth,High
TX040803,2023-11-24,CUST4876,Male,57,Beauty,2,406.0,812.0,4,2023,Middle Aged,High
TX040804,2023-11-24,CUST8604,Female,42,Beauty,8,168.0,1344.0,4,2023,Middle Aged,High
TX040805,2023-11-24,CUST1746,Female,49,Groceries,20,183.0,3660.0,4,2023,Middle Aged,High
TX040806,2023-11-24,CUST9560,Female,53,Books,14,451.0,6314.0,4,2023,Middle Aged,High
TX040807,2023-11-24,CUST0651,Male,26,Beauty,6,162.0,972.0,4,2023,Youth,High
TX040808,2023-11-24,CUST6723,Female,43,Beauty,14,137.0,1918.0,4,2023,Middle Aged,High
TX040809,2023-11-24,CUST6095,Female,33,Sports,16,119.0,1904.0,4,2023,Youth,High
TX040810,2023-11-24,CUST1286,Male,32,Groceries,13,97.0,1261.0,4,2023,Youth,High
TX040811,2023-11-24,CUST0387,Female,35,Groceries,18,275.0,4950.0,4,2023,Youth,High
TX040812,2023-11-24,CUST1269,Female,63,Beauty,7,314.0,2198.0,4,2023,Retired,High
TX040813,2023-11-24,CUST1882,Male,61,Beauty,2,486.0,972.0,4,2023,Retired,High
TX040814,2023-11-24,CUST6571,Female,52,Clothing,9,21.0,189.0,4,2023,Middle Aged,Medium
TX040815,2023-11-24,CUST3825,Male,21,Clothing,4,411.0,1644.0,4,2023,Teenager,High
TX040816,2023-11-24,CUST0618,Female,26,Clothing,19,282.0,5358.0,4,2023,Youth,High
TX040817,2023-11-24,CUST8880,Male,33,Sports,20,480.0,9600.0,4,2023,Youth,High
TX040818,2023-11-24,CUST4308,Male,19,Electronics,16,388.0,6208.0,4,2023,Teenager,High
TX040819,2023-11-24,CUST8516,Male,23,Clothing,2,482.0,964.0,4,2023,Teenager,High
TX040820,2023-11-24,CUST8090,Female,37,Beauty,18,86.0,1548.0,4,2023,Youth,High
TX040821,2023-11-24,CUST3815,Male,25,Books,19,152.0,2888.0,4,2023,Teenager,High
TX040822,2023-11-24,CUST2148,Male,63,Sports,19,162.0,3078.0,4,2023,Retired,High
TX040823,2023-11-24,CUST7155,Female,43,Groceries,7,160.0,1120.0,4,2023,Middle Aged,High
TX040824,2023-11-24,CUST9068,Male,29,Electronics,20,265.0,5300.0,4,2023,Youth,High
TX040825,2023-11-24,CUST0589,Male,61,Books,3,92.0,276.0,4,2023,Retired,Medium
TX040826,2023-11-24,CUST4053,Female,46,Clothing,2,251.0,502.0,4,2023,Middle Aged,High
TX040827,2023-11-24,CUST9726,Female,23,Beauty,18,296.0,5328.0,4,2023,Teenager,High
TX040828,2023-11-24,CUST0536,Male,31,Electronics,12,146.0,1752.0,4,2023,Youth,High
TX040829,2023-11-24,CUST1383,Male,42,Books,19,106.0,2014.0,4,2023,Middle Aged,High
TX040830,2023-11-24,CUST3601,Male,28,Electronics,18,77.0,1386.0,4,2023,Youth,High
TX040831,2023-11-24,CUST2663,Male,68,Beauty,10,233.0,2330.0,4,2023,Retired,High
TX040832,2023-11-24,CUST8888,Female,49,Groceries,10,114.0,1140.0,4,2023,Middle Aged,High
TX040833,2023-11-24,CUST0390,Female,63,Clothing,19,218.0,4142.0,4,2023,Retired,High
TX040834,2023-11-24,CUST0447,Male,45,Books,12,129.0,1548.0,4,2023,Middle Aged,High
TX040835,2023-11-24,CUST1989,Male,68,Beauty,19,85.0,1615.0,4,2023,Retired,High
TX040836,2023-11-24,CUST5181,Male,69,Groceries,6,412.0,2472.0,4,2023,Retired,High
TX040837,2023-11-24,CUST5227,Female,63,Sports,7,303.0,2121.0,4,2023,Retired,High
TX040838,2023-11-24,CUST0708,Female,35,Clothing,16,413.0,6608.0,4,2023,Youth,High
TX040839,2023-11-24,CUST6186,Female,39,Sports,14,248.0,3472.0,4,2023,Youth,High
TX040840,2023-11-24,CUST7393,Female,27,Groceries,5,262.0,1310.0,4,2023,Youth,High
TX040841,2023-11-24,CUST3071,Male,65,Clothing,2,119.0,238.0,4,2023,Retired,Medium
TX040842,2023-11-24,CUST3424,Male,40,Books,15,239.0,3585.0,4,2023,Youth,High
TX040843,2023-11-24,CUST8633,Male,20,Electronics,16,32.0,512.0,4,2023,Teenager,High
TX040844,2023-11-24,CUST7011,Female,34,Books,17,107.0,1819.0,4,2023,Youth,High
TX040845,2023-11-24,CUST3430,Male,39,Clothing,13,427.0,5551.0,4,2023,Youth,High
TX040846,2023-11-24,CUST2987,Female,32,Electronics,14,197.0,2758.0,4,2023,Youth,High
TX040847,2023-11-24,CUST2172,Female,36,Sports,18,183.0,3294.0,4,2023,Youth,High
TX040848,2023-11-24,CUST9931,Male,45,Electronics,7,162.0,1134.0,4,2023,Middle Aged,High
TX040849,2023-11-24,CUST4551,Female,69,Electronics,6,82.0,492.0,4,2023,Retired,Medium
TX040850,2023-11-24,CUST0602,Female,54,Clothing,12,118.0,1416.0,4,2023,Middle Aged,High
TX040851,2023-11-24,CUST8883,Female,24,Beauty,16,152.0,2432.0,4,2023,Teenager,High
TX040852,2023-11-24,CUST6627,Female,41,Books,6,493.0,2958.0,4,2023,Middle Aged,High
TX040853,2023-11-24,CUST8751,Male,53,Electronics,6,363.0,2178.0,4,2023,Middle Aged,High
TX040854,2023-11-24,CUST9347,Female,29,Books,16,307.0,4912.0,4,2023,Youth,High
TX040855,2023-11-24,CUST0259,Male,56,Beauty,2,476.0,952.0,4,2023,Middle Aged,High
TX040856,2023-11-24,CUST2562,Male,35,Books,14,269.0,3766.0,4,2023,Youth,High
TX040857,2023-11-24,CUST1579,Male,67,Sports,12,362.0,4344.0,4,2023,Retired,High
TX040858,2023-11-24,CUST2481,Female,61,Sports,11,309.0,3399.0,4,2023,Retired,High
TX040859,2023-11-24,CUST2899,Female,55,Electronics,17,453.0,7701.0,4,2023,Middle Aged,High
TX040860,2023-11-24,CUST5721,Male,18,Clothing,17,320.0,5440.0,4,2023,,High
TX040861,2023-11-24,CUST6199,Male,51,Groceries,7,77.0,539.0,4,2023,Middle Aged,High
TX040862,2023-11-24,CUST8524,Female,22,Electronics,15,166.0,2490.0,4,2023,Teenager,High
TX040863,2023-11-24,CUST1644,Female,62,Books,8,57.0,456.0,4,2023,Retired,Medium
TX040864,2023-11-24,CUST5331,Female,41,Sports,10,197.0,1970.0,4,2023,Middle Aged,High
TX040865,2023-11-24,CUST2082,Male,33,Electronics,10,42.0,420.0,4,2023,Youth,Medium
TX040866,2023-11-24,CUST5090,Male,49,Groceries,6,407.0,2442.0,4,2023,Middle Aged,High
TX040867,2023-11-24,CUST7664,Female,21,Clothing,13,74.0,962.0,4,2023,Teenager,High
TX040868,2023-11-24,CUST9862,Female,25,Clothing,14,349.0,4886.0,4,2023,Teenager,High
TX040869,2023-11-24,CUST0553,Female,44,Electronics,3,54.0,162.0,4,2023,Middle Aged,Medium
TX040870,2023-11-24,CUST6615,Female,43,Books,3,19.0,57.0,4,2023,Middle Aged,Low
TX040871,2023-11-24,CUST9953,Female,54,Groceries,2,238.0,476.0,4,2023,Middle Aged,Medium
TX040872,2023-11-24,CUST6234,Male,57,Groceries,10,327.0,3270.0,4,2023,Middle Aged,High
TX040873,2023-11-24,CUST2306,Female,25,Electronics,18,293.0,5274.0,4,2023,Teenager,High
TX040874,2023-11-24,CUST6671,Female,57,Electronics,19,444.0,8436.0,4,2023,Middle Aged,High
TX040875,2023-11-24,CUST1863,Female,37,Clothing,10,246.0,2460.0,4,2023,Youth,High
TX040876,2023-11-24,CUST5877,Female,67,Electronics,7,151.0,1057.0,4,2023,Retired,High
TX040877,2023-11-24,CUST3960,Female,60,Beauty,14,106.0,1484.0,4,2023,Middle Aged,High
TX040878,2023-11-24,CUST7041,Male,59,Clothing,3,265.0,795.0,4,2023,Middle Aged,High
TX040879,2023-11-24,CUST7443,Female,66,Electronics,16,56.0,896.0,4,2023,Retired,High
TX040880,2023-11-24,CUST2180,Male,70,Clothing,9,391.0,3519.0,4,2023,Retired,High
TX040881,2023-11-24,CUST8629,Male,32,Beauty,14,258.0,3612.0,4,2023,Youth,High
TX040882,2023-11-24,CUST3431,Female,65,Books,17,374.0,6358.0,4,2023,Retired,High
TX040883,2023-11-24,CUST8346,Male,31,Clothing,2,485.0,970.0,4,2023,Youth,High
TX040884,2023-11-24,CUST7055,Female,34,Clothing,17,117.0,1989.0,4,2023,Youth,High
TX040885,2023-11-24,CUST5153,Male,26,Electronics,4,56.0,224.0,4,2023,Youth,Medium
TX040886,2023-11-24,CUST3822,Male,18,Sports,13,139.0,1807.0,4,2023,,High
TX040887,2023-11-24,CUST8167,Male,57,Electronics,5,44.0,220.0,4,2023,Middle Aged,Medium
TX040888,2023-11-24,CUST7451,Male,57,Electronics,18,58.0,1044.0,4,2023,Middle Aged,High
TX040889,2023-11-24,CUST6688,Female,57,Clothing,14,280.0,3920.0,4,2023,Middle Aged,High
TX040890,2023-11-24,CUST1210,Male,65,Electronics,14,309.0,4326.0,4,2023,Retired,High
TX040891,2023-11-24,CUST2931,Female,67,Beauty,3,274.0,822.0,4,2023,Retired,High
TX040892,2023-11-24,CUST9629,Male,65,Electronics,20,291.0,5820.0,4,2023,Retired,High
TX040893,2023-11-24,CUST9679,Male,42,Books,1,145.0,145.0,4,2023,Middle Aged,Medium
TX040894,2023-11-24,CUST0483,Female,56,Sports,8,97.0,776.0,4,2023,Middle Aged,High
TX040895,2023-11-24,CUST9060,Male,51,Sports,20,344.0,6880.0,4,2023,Middle Aged,High
TX040896,2023-11-24,CUST1504,Female,33,Groceries,4,129.0,516.0,4,2023,Youth,High
TX040897,2023-11-24,CUST7890,Male,59,Beauty,3,89.0,267.0,4,2023,Middle Aged,Medium
TX040898,2023-11-24,CUST9879,Female,36,Electronics,11,278.0,3058.0,4,2023,Youth,High
TX040899,2023-11-24,CUST6819,Male,59,Clothing,11,394.0,4334.0,4,2023,Middle Aged,High
TX040900,2023-11-24,CUST7342,Male,60,Books,18,280.0,5040.0,4,2023,Middle Aged,High
TX040901,2023-11-24,CUST9360,Female,68,Groceries,15,308.0,4620.0,4,2023,Retired,High
TX040902,2023-11-24,CUST5399,Female,29,Sports,12,40.0,480.0,4,2023,Youth,Medium
TX040903,2023-11-24,CUST7915,Male,45,Groceries,20,184.0,3680.0,4,2023,Middle Aged,High
TX040904,2023-11-24,CUST9254,Male,56,Electronics,11,254.0,2794.0,4,2023,Middle Aged,High
TX040905,2023-11-24,CUST4943,Female,34,Sports,13,499.0,6487.0,4,2023,Youth,High
TX040906,2023-11-24,CUST5661,Female,21,Clothing,9,405.0,3645.0,4,2023,Teenager,High
TX040907,2023-11-24,CUST0198,Male,42,Clothing,6,170.0,1020.0,4,2023,Middle Aged,High
TX040908,2023-11-24,CUST1820,Female,44,Beauty,15,251.0,3765.0,4,2023,Middle Aged,High
TX040909,2023-11-24,CUST2616,Male,47,Beauty,7,214.0,1498.0,4,2023,Middle Aged,High
TX040910,2023-11-24,CUST7019,Female,31,Books,15,291.0,4365.0,4,2023,Youth,High
TX040911,2023-11-24,CUST4612,Female,20,Sports,16,92.0,1472.0,4,2023,Teenager,High
TX040912,2023-11-24,CUST4998,Male,46,Books,4,418.0,1672.0,4,2023,Middle Aged,High
TX040913,2023-11-24,CUST2595,Male,40,Sports,2,84.0,168.0,4,2023,Youth,Medium
TX040914,2023-11-24,CUST0782,Female,33,Groceries,11,165.0,1815.0,4,2023,Youth,High
TX040915,2023-11-24,CUST2101,Female,23,Clothing,1,96.0,96.0,4,2023,Teenager,Low
TX040916,2023-11-24,CUST7000,Male,64,Clothing,14,204.0,2856.0,4,2023,Retired,High
TX040917,2023-11-24,CUST9681,Female,41,Sports,18,455.0,8190.0,4,2023,Middle Aged,High
TX040918,2023-11-24,CUST8442,Male,64,Sports,12,64.0,768.0,4,2023,Retired,High
TX040919,2023-11-24,CUST4385,Female,28,Sports,3,267.0,801.0,4,2023,Youth,High
TX040920,2023-11-24,CUST3284,Female,41,Clothing,2,146.0,292.0,4,2023,Middle Aged,Medium
TX040921,2023-11-24,CUST6121,Male,27,Books,20,60.0,1200.0,4,2023,Youth,High
TX040922,2023-11-24,CUST3735,Female,29,Beauty,15,207.0,3105.0,4,2023,Youth,High
TX040923,2023-11-24,CUST7502,Female,51,Sports,16,228.0,3648.0,4,2023,Middle Aged,High
TX040924,2023-11-24,CUST5531,Male,64,Sports,3,330.0,990.0,4,2023,Retired,High
TX040925,2023-11-24,CUST3495,Male,64,Beauty,18,240.0,4320.0,4,2023,Retired,High
TX040926,2023-11-24,CUST5787,Female,19,Books,1,238.0,238.0,4,2023,Teenager,Medium
TX040927,2023-11-24,CUST2503,Female,21,Sports,15,196.0,2940.0,4,2023,Teenager,High
TX040928,2023-11-24,CUST8751,Female,40,Books,13,90.0,1170.0,4,2023,Youth,High
TX040929,2023-11-24,CUST4472,Male,20,Sports,12,62.0,744.0,4,2023,Teenager,High
TX040930,2023-11-24,CUST2714,Male,31,Electronics,13,450.0,5850.0,4,2023,Youth,High
TX040931,2023-11-24,CUST3708,Female,56,Electronics,12,53.0,636.0,4,2023,Middle Aged,High
TX040932,2023-11-24,CUST6498,Female,48,Beauty,4,431.0,1724.0,4,2023,Middle Aged,High
TX040933,2023-11-24,CUST8831,Male,51,Beauty,1,319.0,319.0,4,2023,Middle Aged,Medium
TX040934,2023-11-24,CUST1025,Female,32,Electronics,13,364.0,4732.0,4,2023,Youth,High
TX040935,2023-11-24,CUST8683,Female,49,Sports,8,499.0,3992.0,4,2023,Middle Aged,High
TX040936,2023-11-24,CUST1331,Female,34,Electronics,2,489.0,978.0,4,2023,Youth,High
TX040937,2023-11-24,CUST2350,Female,58,Sports,10,250.0,2500.0,4,2023,Middle Aged,High
TX040938,2023-11-24,CUST1174,Male,56,Beauty,14,191.0,2674.0,4,2023,Middle Aged,High
TX040939,2023-11-24,CUST8118,Female,35,Sports,4,247.0,988.0,4,2023,Youth,High
TX040940,2023-11-24,CUST4492,Female,24,Books,1,176.0,176.0,4,2023,Teenager,Medium
TX040941,2023-11-24,CUST1478,Female,47,Beauty,9,255.0,2295.0,4,2023,Middle Aged,High
TX040942,2023-11-24,CUST7021,Male,45,Electronics,18,467.0,8406.0,4,2023,Middle Aged,High
TX040943,2023-11-24,CUST3690,Female,47,Beauty,4,246.0,984.0,4,2023,Middle Aged,High
TX040944,2023-11-24,CUST6045,Female,21,Electronics,3,119.0,357.0,4,2023,Teenager,Medium
TX040945,2023-11-24,CUST1707,Female,51,Electronics,9,223.0,2007.0,4,2023,Middle Aged,High
TX040946,2023-11-24,CUST2590,Female,54,Books,10,112.0,1120.0,4,2023,Middle Aged,High
TX040947,2023-11-24,CUST4490,Male,37,Books,15,248.0,3720.0,4,2023,Youth,High
TX040948,2023-11-24,CUST2004,Male,52,Books,6,87.0,522.0,4,2023,Middle Aged,High
TX040949,2023-11-24,CUST2996,Female,68,Books,12,304.0,3648.0,4,2023,Retired,High
TX040950,2023-11-24,CUST9455,Male,62,Beauty,10,315.0,3150.0,4,2023,Retired,High
TX040951,2023-11-24,CUST3527,Female,48,Beauty,12,223.0,2676.0,4,2023,Middle Aged,High
TX040952,2023-11-24,CUST8156,Female,30,Clothing,6,225.0,1350.0,4,2023,Youth,High
TX040953,2023-11-24,CUST7933,Male,38,Beauty,13,171.0,2223.0,4,2023,Youth,High
TX040954,2023-11-24,CUST4482,Male,54,Sports,20,262.0,5240.0,4,2023,Middle Aged,High
TX040955,2023-11-24,CUST8797,Male,47,Books,17,463.0,7871.0,4,2023,Middle Aged,High
TX040956,2023-11-24,CUST3125,Female,31,Beauty,9,39.0,351.0,4,2023,Youth,Medium
TX040957,2023-11-24,CUST9972,Female,33,Books,11,141.0,1551.0,4,2023,Youth,High
TX040958,2023-11-24,CUST4771,Male,36,Books,18,146.0,2628.0,4,2023,Youth,High
TX040959,2023-11-24,CUST9477,Female,28,Clothing,14,160.0,2240.0,4,2023,Youth,High
TX040960,2023-11-24,CUST6811,Male,26,Clothing,9,312.0,2808.0,4,2023,Youth,High
TX040961,2023-11-24,CUST1738,Female,26,Books,12,477.0,5724.0,4,2023,Youth,High
TX040962,2023-11-24,CUST2652,Female,60,Electronics,18,436.0,7848.0,4,2023,Middle Aged,High
TX040963,2023-11-24,CUST6410,Male,66,Clothing,9,225.0,2025.0,4,2023,Retired,High
TX040964,2023-11-24,CUST6037,Male,44,Sports,10,149.0,1490.0,4,2023,Middle Aged,High
TX040965,2023-11-24,CUST2924,Male,33,Beauty,12,475.0,5700.0,4,2023,Youth,High
TX040966,2023-11-24,CUST0845,Male,29,Books,5,185.0,925.0,4,2023,Youth,High
TX040967,2023-11-24,CUST2454,Male,57,Books,1,86.0,86.0,4,2023,Middle Aged,Low
TX040968,2023-11-24,CUST5655,Male,69,Sports,12,149.0,1788.0,4,2023,Retired,High
TX040969,2023-11-24,CUST9059,Female,65,Beauty,14,16.0,224.0,4,2023,Retired,Medium
TX040970,2023-11-24,CUST5044,Male,56,Electronics,6,437.0,2622.0,4,2023,Middle Aged,High
TX040971,2023-11-24,CUST7872,Male,29,Groceries,19,205.0,3895.0,4,2023,Youth,High
TX040972,2023-11-24,CUST5859,Female,45,Books,12,455.0,5460.0,4,2023,Middle Aged,High
TX040973,2023-11-24,CUST0676,Female,29,Groceries,12,487.0,5844.0,4,2023,Youth,High
TX040974,2023-11-24,CUST6802,Male,47,Electronics,8,46.0,368.0,4,2023,Middle Aged,Medium
TX040975,2023-11-24,CUST2720,Male,54,Sports,5,388.0,1940.0,4,2023,Middle Aged,High
TX040976,2023-11-24,CUST7200,Female,29,Clothing,6,317.0,1902.0,4,2023,Youth,High
TX040977,2023-11-24,CUST6507,Female,31,Sports,10,242.0,2420.0,4,2023,Youth,High
TX040978,2023-11-24,CUST4818,Male,36,Beauty,11,418.0,4598.0,4,2023,Youth,High
TX040979,2023-11-24,CUST7235,Male,65,Sports,18,97.0,1746.0,4,2023,Retired,High
TX040980,2023-11-24,CUST9792,Male,55,Groceries,10,37.0,370.0,4,2023,Middle Aged,Medium
TX040981,2023-11-24,CUST0949,Male,40,Books,9,270.0,2430.0,4,2023,Youth,High
TX040982,2023-11-24,CUST0424,Male,40,Groceries,19,480.0,9120.0,4,2023,Youth,High
TX040983,2023-11-24,CUST4666,Male,70,Books,16,227.0,3632.0,4,2023,Retired,High
TX040984,2023-11-24,CUST1624,Male,21,Clothing,19,227.0,4313.0,4,2023,Teenager,High
TX040985,2023-11-24,CUST8694,Male,28,Beauty,17,63.0,1071.0,4,2023,Youth,High
TX040986,2023-11-24,CUST6658,Male,66,Clothing,6,404.0,2424.0,4,2023,Retired,High
TX040987,2023-11-24,CUST0490,Female,46,Electronics,6,248.0,1488.0,4,2023,Middle Aged,High
TX040988,2023-11-24,CUST8126,Male,21,Beauty,12,309.0,3708.0,4,2023,Teenager,High
TX040989,2023-11-24,CUST4915,Male,54,Groceries,9,283.0,2547.0,4,2023,Middle Aged,High
TX040990,2023-11-24,CUST0217,Female,67,Groceries,18,82.0,1476.0,4,2023,Retired,High
TX040991,2023-11-24,CUST9491,Female,21,Electronics,15,422.0,6330.0,4,2023,Teenager,High
TX040992,2023-11-24,CUST7363,Female,29,Beauty,20,99.0,1980.0,4,2023,Youth,High
TX040993,2023-11-24,CUST0500,Male,40,Beauty,5,251.0,1255.0,4,2023,Youth,High
TX040994,2023-11-24,CUST8052,Female,19,Groceries,4,70.0,280.0,4,2023,Teenager,Medium
TX040995,2023-11-24,CUST1815,Female,67,Beauty,17,293.0,4981.0,4,2023,Retired,High
TX040996,2023-11-24,CUST0316,Male,19,Groceries,4,427.0,1708.0,4,2023,Teenager,High
TX040997,2023-11-24,CUST3659,Male,51,Books,4,130.0,520.0,4,2023,Middle Aged,High
TX040998,2023-11-24,CUST8877,Male,56,Beauty,6,381.0,2286.0,4,2023,Middle Aged,High
TX040999,2023-11-24,CUST4245,Male,57,Groceries,17,488.0,8296.0,4,2023,Middle Aged,High
TX041000,2023-11-24,CUST7939,Female,63,Groceries,17,195.0,3315.0,4,2023,Retired,High
TX041001,2023-11-24,CUST0635,Male,22,Groceries,17,319.0,5423.0,4,2023,Teenager,High
TX041002,2023-11-24,CUST4270,Female,55,Clothing,10,180.0,1800.0,4,2023,Middle Aged,High
TX041003,2023-11-24,CUST4496,Female,48,Clothing,9,97.0,873.0,4,2023,Middle Aged,High
TX041004,2023-11-24,CUST4945,Male,41,Beauty,11,395.0,4345.0,4,2023,Middle Aged,High
TX041005,2023-11-24,CUST6564,Female,67,Beauty,8,366.0,2928.0,4,2023,Retired,High
TX041006,2023-11-24,CUST6386,Female,54,Books,19,117.0,2223.0,4,2023,Middle Aged,High
TX041007,2023-11-24,CUST7874,Female,50,Books,10,372.0,3720.0,4,2023,Middle Aged,High
TX041008,2023-11-24,CUST5481,Male,32,Beauty,10,87.0,870.0,4,2023,Youth,High
TX041009,2023-11-24,CUST1361,Female,53,Groceries,5,331.0,1655.0,4,2023,Middle Aged,High
TX041010,2023-11-24,CUST3068,Male,61,Electronics,13,52.0,676.0,4,2023,Retired,High
TX041011,2023-11-24,CUST9461,Female,22,Sports,10,440.0,4400.0,4,2023,Teenager,High
TX041012,2023-11-24,CUST7044,Male,29,Sports,14,386.0,5404.0,4,2023,Youth,High
TX041013,2023-11-24,CUST7844,Male,36,Sports,17,244.0,4148.0,4,2023,Youth,High
TX041014,2023-11-24,CUST7297,Male,37,Sports,12,273.0,3276.0,4,2023,Youth,High
TX041015,2023-11-24,CUST1526,Female,21,Clothing,5,410.0,2050.0,4,2023,Teenager,High
TX041016,2023-11-24,CUST9219,Female,57,Electronics,16,459.0,7344.0,4,2023,Middle Aged,High
TX041017,2023-11-24,CUST4431,Male,40,Sports,14,285.0,3990.0,4,2023,Youth,High
TX041018,2023-11-24,CUST8605,Male,65,Beauty,13,487.0,6331.0,4,2023,Retired,High
TX041019,2023-11-24,CUST8943,Male,23,Groceries,1,73.0,73.0,4,2023,Teenager,Low
TX041020,2023-11-24,CUST8313,Female,50,Books,7,390.0,2730.0,4,2023,Middle Aged,High
TX041021,2023-11-24,CUST7802,Female,20,Beauty,4,433.0,1732.0,4,2023,Teenager,High
TX041022,2023-11-24,CUST3791,Male,67,Groceries,7,70.0,490.0,4,2023,Retired,Medium
TX041023,2023-11-24,CUST0395,Male,46,Beauty,8,324.0,2592.0,4,2023,Middle Aged,High
TX041024,2023-11-24,CUST5337,Female,42,Beauty,1,344.0,344.0,4,2023,Middle Aged,Medium
TX041025,2023-11-24,CUST3386,Male,49,Sports,7,492.0,3444.0,4,2023,Middle Aged,High
TX041026,2023-11-24,CUST7591,Male,55,Sports,17,44.0,748.0,4,2023,Middle Aged,High
TX041027,2023-11-24,CUST0712,Male,25,Groceries,17,349.0,5933.0,4,2023,Teenager,High
TX041028,2023-11-24,CUST7694,Female,20,Electronics,3,93.0,279.0,4,2023,Teenager,Medium
TX041029,2023-11-24,CUST5293,Female,40,Groceries,17,219.0,3723.0,4,2023,Youth,High
TX041030,2023-11-24,CUST9830,Female,51,Electronics,19,18.0,342.0,4,2023,Middle Aged,Medium
TX041031,2023-11-24,CUST1085,Male,25,Clothing,10,328.0,3280.0,4,2023,Teenager,High
TX041032,2023-11-24,CUST0263,Male,46,Groceries,16,72.0,1152.0,4,2023,Middle Aged,High
TX041033,2023-11-24,CUST9041,Female,42,Groceries,20,384.0,7680.0,4,2023,Middle Aged,High
TX041034,2023-11-24,CUST5530,Male,59,Clothing,7,16.0,112.0,4,2023,Middle Aged,Medium
TX041035,2023-11-24,CUST4603,Male,36,Beauty,16,488.0,7808.0,4,2023,Youth,High
TX041036,2023-11-24,CUST6183,Female,62,Electronics,11,340.0,3740.0,4,2023,Retired,High
TX041037,2023-11-24,CUST9190,Female,42,Beauty,16,148.0,2368.0,4,2023,Middle Aged,High
TX041038,2023-11-24,CUST4145,Female,49,Books,10,105.0,1050.0,4,2023,Middle Aged,High
TX041039,2023-11-24,CUST0104,Female,37,Groceries,9,429.0,3861.0,4,2023,Youth,High
TX041040,2023-11-24,CUST6789,Male,21,Books,5,403.0,2015.0,4,2023,Teenager,High
TX041041,2023-11-24,CUST8720,Male,62,Books,18,358.0,6444.0,4,2023,Retired,High
TX041042,2023-11-24,CUST5617,Female,43,Books,10,416.0,4160.0,4,2023,Middle Aged,High
TX041043,2023-11-24,CUST7932,Female,51,Beauty,5,116.0,580.0,4,2023,Middle Aged,High
TX041044,2023-11-24,CUST0027,Female,18,Books,8,47.0,376.0,4,2023,,Medium
TX041045,2023-11-24,CUST5046,Female,63,Electronics,13,89.0,1157.0,4,2023,Retired,High
TX041046,2023-11-24,CUST9929,Male,34,Beauty,18,311.0,5598.0,4,2023,Youth,High
TX041047,2023-11-24,CUST1142,Male,53,Electronics,16,176.0,2816.0,4,2023,Middle Aged,High
TX041048,2023-11-24,CUST7622,Male,38,Clothing,17,74.0,1258.0,4,2023,Youth,High
TX041049,2023-11-24,CUST7367,Male,44,Books,18,79.0,1422.0,4,2023,Middle Aged,High
TX041050,2023-11-24,CUST7960,Female,21,Groceries,7,321.0,2247.0,4,2023,Teenager,High
TX041051,2023-11-24,CUST0802,Male,61,Groceries,9,106.0,954.0,4,2023,Retired,High
TX041052,2023-11-24,CUST2206,Female,50,Books,18,69.0,1242.0,4,2023,Middle Aged,High
TX041053,2023-11-24,CUST8508,Female,21,Groceries,6,278.0,1668.0,4,2023,Teenager,High
TX041054,2023-11-24,CUST0494,Male,49,Books,5,329.0,1645.0,4,2023,Middle Aged,High
TX041055,2023-11-24,CUST7873,Male,48,Electronics,10,208.0,2080.0,4,2023,Middle Aged,High
TX041056,2023-11-24,CUST2143,Female,47,Electronics,9,71.0,639.0,4,2023,Middle Aged,High
TX041057,2023-11-24,CUST1479,Male,19,Groceries,4,79.0,316.0,4,2023,Teenager,Medium
TX041058,2023-11-24,CUST4497,Female,30,Electronics,1,64.0,64.0,4,2023,Youth,Low
TX041059,2023-11-24,CUST3321,Female,43,Books,13,332.0,4316.0,4,2023,Middle Aged,High
TX041060,2023-11-24,CUST4027,Female,65,Groceries,4,283.0,1132.0,4,2023,Retired,High
TX041061,2023-11-24,CUST3633,Male,19,Sports,20,85.0,1700.0,4,2023,Teenager,High
TX041062,2023-11-24,CUST8510,Male,54,Sports,20,272.0,5440.0,4,2023,Middle Aged,High
TX041063,2023-11-24,CUST9223,Male,45,Clothing,18,38.0,684.0,4,2023,Middle Aged,High
TX041064,2023-11-24,CUST5486,Female,27,Books,4,394.0,1576.0,4,2023,Youth,High
TX041065,2023-11-24,CUST2896,Female,28,Clothing,17,473.0,8041.0,4,2023,Youth,High
TX041066,2023-11-24,CUST2170,Male,25,Clothing,8,23.0,184.0,4,2023,Teenager,Medium
TX041067,2023-11-24,CUST2811,Male,68,Electronics,11,318.0,3498.0,4,2023,Retired,High
TX041068,2023-11-24,CUST4434,Female,47,Beauty,8,219.0,1752.0,4,2023,Middle Aged,High
TX041069,2023-11-24,CUST5985,Male,23,Groceries,5,138.0,690.0,4,2023,Teenager,High
TX041070,2023-11-24,CUST0118,Female,41,Clothing,16,19.0,304.0,4,2023,Middle Aged,Medium
TX041071,2023-11-24,CUST7187,Male,57,Electronics,12,280.0,3360.0,4,2023,Middle Aged,High
TX041072,2023-11-24,CUST3840,Female,41,Groceries,7,367.0,2569.0,4,2023,Middle Aged,High
TX041073,2023-11-24,CUST6169,Female,61,Electronics,18,75.0,1350.0,4,2023,Retired,High
TX041074,2023-11-24,CUST8593,Male,30,Clothing,3,80.0,240.0,4,2023,Youth,Medium
TX041075,2023-11-24,CUST8928,Female,54,Clothing,19,139.0,2641.0,4,2023,Middle Aged,High
TX041076,2023-11-24,CUST5510,Male,44,Clothing,7,176.0,1232.0,4,2023,Middle Aged,High
TX041077,2023-11-24,CUST9085,Female,30,Electronics,18,296.0,5328.0,4,2023,Youth,High
TX041078,2023-11-24,CUST2611,Male,34,Groceries,20,80.0,1600.0,4,2023,Youth,High
TX041079,2023-11-24,CUST9331,Male,51,Books,16,202.0,3232.0,4,2023,Middle Aged,High
TX041080,2023-11-24,CUST1638,Female,45,Beauty,3,397.0,1191.0,4,2023,Middle Aged,High
TX041081,2023-11-24,CUST9018,Female,38,Beauty,11,286.0,3146.0,4,2023,Youth,High
TX041082,2023-11-24,CUST2314,Male,33,Clothing,5,132.0,660.0,4,2023,Youth,High
TX041083,2023-11-24,CUST1885,Female,54,Clothing,6,493.0,2958.0,4,2023,Middle Aged,High
TX041084,2023-11-24,CUST6131,Female,42,Groceries,14,69.0,966.0,4,2023,Middle Aged,High
TX041085,2023-11-24,CUST4441,Female,67,Electronics,6,356.0,2136.0,4,2023,Retired,High
TX041086,2023-11-24,CUST0466,Male,53,Groceries,7,300.0,2100.0,4,2023,Middle Aged,High
TX041087,2023-11-24,CUST7285,Male,45,Books,9,454.0,4086.0,4,2023,Middle Aged,High
TX041088,2023-11-24,CUST7339,Female,46,Electronics,19,109.0,2071.0,4,2023,Middle Aged,High
TX041089,2023-11-24,CUST5664,Male,63,Electronics,15,324.0,4860.0,4,2023,Retired,High
TX041090,2023-11-24,CUST1146,Male,36,Groceries,18,37.0,666.0,4,2023,Youth,High
TX041091,2023-11-24,CUST1248,Female,30,Beauty,9,479.0,4311.0,4,2023,Youth,High
TX041092,2023-11-24,CUST6568,Male,30,Books,15,255.0,3825.0,4,2023,Youth,High
TX041093,2023-11-24,CUST8490,Female,38,Electronics,7,188.0,1316.0,4,2023,Youth,High
TX041094,2023-11-24,CUST7118,Male,60,Books,14,205.0,2870.0,4,2023,Middle Aged,High
TX041095,2023-11-24,CUST8950,Female,57,Sports,12,474.0,5688.0,4,2023,Middle Aged,High
TX041096,2023-11-24,CUST6806,Female,47,Beauty,18,398.0,7164.0,4,2023,Middle Aged,High
TX041097,2023-11-24,CUST2713,Male,40,Groceries,3,83.0,249.0,4,2023,Youth,Medium
TX041098,2023-11-24,CUST5674,Male,41,Electronics,3,225.0,675.0,4,2023,Middle Aged,High
TX041099,2023-11-24,CUST7086,Male,44,Clothing,12,438.0,5256.0,4,2023,Middle Aged,High
TX041100,2023-11-24,CUST1806,Female,42,Beauty,20,29.0,580.0,4,2023,Middle Aged,High
TX041101,2023-11-24,CUST4947,Male,37,Clothing,4,163.0,652.0,4,2023,Youth,High
TX041102,2023-11-24,CUST4509,Male,57,Sports,3,202.0,606.0,4,2023,Middle Aged,High
TX041103,2023-11-24,CUST6395,Female,64,Beauty,16,124.0,1984.0,4,2023,Retired,High
TX041104,2023-11-24,CUST3555,Female,42,Electronics,16,386.0,6176.0,4,2023,Middle Aged,High
TX041105,2023-11-24,CUST7352,Male,50,Sports,12,340.0,4080.0,4,2023,Middle Aged,High
TX041106,2023-11-24,CUST7490,Male,51,Books,11,124.0,1364.0,4,2023,Middle Aged,High
TX041107,2023-11-24,CUST0722,Male,59,Electronics,20,406.0,8120.0,4,2023,Middle Aged,High
TX041108,2023-11-24,CUST6302,Female,59,Books,11,493.0,5423.0,4,2023,Middle Aged,High
TX041109,2023-11-24,CUST1693,Male,38,Groceries,12,323.0,3876.0,4,2023,Youth,High
TX041110,2023-11-24,CUST6597,Male,43,Clothing,4,396.0,1584.0,4,2023,Middle Aged,High
TX041111,2023-11-24,CUST2835,Female,62,Electronics,20,48.0,960.0,4,2023,Retired,High
TX041112,2023-11-24,CUST9596,Male,44,Groceries,14,204.0,2856.0,4,2023,Middle Aged,High
TX041113,2023-11-24,CUST8357,Male,37,Beauty,14,388.0,5432.0,4,2023,Youth,High
TX041114,2023-11-24,CUST2933,Male,45,Electronics,7,120.0,840.0,4,2023,Middle Aged,High
TX041115,2023-11-24,CUST3385,Male,55,Clothing,14,262.0,3668.0,4,2023,Middle Aged,High
TX041116,2023-11-24,CUST8682,Female,45,Electronics,4,24.0,96.0,4,2023,Middle Aged,Low
TX041117,2023-11-24,CUST8731,Male,30,Books,20,45.0,900.0,4,2023,Youth,High
TX041118,2023-11-24,CUST7248,Male,52,Electronics,18,313.0,5634.0,4,2023,Middle Aged,High
TX041119,2023-11-24,CUST8181,Female,39,Books,4,78.0,312.0,4,2023,Youth,Medium
TX041120,2023-11-24,CUST9362,Female,37,Books,1,328.0,328.0,4,2023,Youth,Medium
TX041121,2023-11-24,CUST3994,Female,38,Sports,5,420.0,2100.0,4,2023,Youth,High
TX041122,2023-11-24,CUST4445,Male,52,Groceries,1,430.0,430.0,4,2023,Middle Aged,Medium
TX041123,2023-11-24,CUST6419,Male,46,Beauty,18,385.0,6930.0,4,2023,Middle Aged,High
TX041124,2023-11-24,CUST6485,Male,47,Clothing,3,150.0,450.0,4,2023,Middle Aged,Medium
TX041125,2023-11-24,CUST3289,Male,55,Beauty,6,280.0,1680.0,4,2023,Middle Aged,High
TX041126,2023-11-24,CUST5318,Male,62,Beauty,5,334.0,1670.0,4,2023,Retired,High
TX041127,2023-11-24,CUST7867,Female,26,Beauty,9,451.0,4059.0,4,2023,Youth,High
TX041128,2023-11-24,CUST4010,Female,31,Electronics,4,90.0,360.0,4,2023,Youth,Medium
TX041129,2023-11-24,CUST7793,Male,26,Books,11,438.0,4818.0,4,2023,Youth,High
TX041130,2023-11-24,CUST5506,Male,34,Beauty,20,475.0,9500.0,4,2023,Youth,High
TX041131,2023-11-24,CUST0027,Male,62,Books,5,186.0,930.0,4,2023,Retired,High
TX041132,2023-11-24,CUST1977,Female,63,Clothing,6,125.0,750.0,4,2023,Retired,High
TX041133,2023-11-24,CUST7876,Male,42,Electronics,4,69.0,276.0,4,2023,Middle Aged,Medium
TX041134,2023-11-24,CUST7520,Female,58,Beauty,14,95.0,1330.0,4,2023,Middle Aged,High
TX041135,2023-11-24,CUST6227,Male,70,Groceries,9,28.0,252.0,4,2023,Retired,Medium
TX041136,2023-11-24,CUST8947,Male,65,Groceries,6,216.0,1296.0,4,2023,Retired,High
TX041137,2023-11-24,CUST4103,Male,20,Books,13,311.0,4043.0,4,2023,Teenager,High
TX041138,2023-11-24,CUST2965,Male,40,Clothing,8,218.0,1744.0,4,2023,Youth,High
TX041139,2023-11-24,CUST6822,Female,44,Electronics,15,349.0,5235.0,4,2023,Middle Aged,High
TX041140,2023-11-24,CUST0587,Female,41,Clothing,9,322.0,2898.0,4,2023,Middle Aged,High
TX041141,2023-11-24,CUST3961,Male,67,Books,11,456.0,5016.0,4,2023,Retired,High
TX041142,2023-11-24,CUST1025,Male,58,Electronics,4,291.0,1164.0,4,2023,Middle Aged,High
TX041143,2023-11-24,CUST9978,Male,18,Sports,15,309.0,4635.0,4,2023,,High
TX041144,2023-11-24,CUST5460,Male,37,Clothing,1,185.0,185.0,4,2023,Youth,Medium
TX041145,2023-11-24,CUST7635,Female,48,Electronics,18,485.0,8730.0,4,2023,Middle Aged,High
TX041146,2023-11-24,CUST7300,Female,19,Electronics,15,415.0,6225.0,4,2023,Teenager,High
TX041147,2023-11-24,CUST2685,Male,18,Books,17,20.0,340.0,4,2023,,Medium
TX041148,2023-11-24,CUST3401,Female,31,Beauty,6,383.0,2298.0,4,2023,Youth,High
TX041149,2023-11-24,CUST1780,Female,30,Beauty,20,442.0,8840.0,4,2023,Youth,High
TX041150,2023-11-24,CUST6446,Male,61,Beauty,16,443.0,7088.0,4,2023,Retired,High
TX041151,2023-11-24,CUST2425,Male,51,Clothing,10,184.0,1840.0,4,2023,Middle Aged,High
TX041152,2023-11-24,CUST6080,Male,27,Beauty,18,390.0,7020.0,4,2023,Youth,High
TX041153,2023-11-24,CUST3331,Male,23,Groceries,16,320.0,5120.0,4,2023,Teenager,High
TX041154,2023-11-24,CUST6655,Female,21,Clothing,20,225.0,4500.0,4,2023,Teenager,High
TX041155,2023-11-24,CUST7364,Male,62,Electronics,6,420.0,2520.0,4,2023,Retired,High
TX041156,2023-11-24,CUST8760,Female,46,Electronics,14,73.0,1022.0,4,2023,Middle Aged,High
TX041157,2023-11-24,CUST2508,Male,46,Electronics,11,31.0,341.0,4,2023,Middle Aged,Medium
TX041158,2023-11-24,CUST9271,Female,43,Groceries,7,254.0,1778.0,4,2023,Middle Aged,High
TX041159,2023-11-24,CUST6325,Female,54,Books,15,152.0,2280.0,4,2023,Middle Aged,High
TX041160,2023-11-24,CUST8303,Male,25,Books,15,336.0,5040.0,4,2023,Teenager,High
TX041161,2023-11-24,CUST9219,Male,42,Groceries,14,314.0,4396.0,4,2023,Middle Aged,High
TX041162,2023-11-24,CUST6547,Male,36,Electronics,11,205.0,2255.0,4,2023,Youth,High
TX041163,2023-11-24,CUST4894,Male,44,Clothing,10,320.0,3200.0,4,2023,Middle Aged,High
TX041164,2023-11-24,CUST6720,Male,43,Beauty,10,140.0,1400.0,4,2023,Middle Aged,High
TX041165,2023-11-24,CUST2404,Male,26,Electronics,1,195.0,195.0,4,2023,Youth,Medium
TX041166,2023-11-24,CUST8057,Female,67,Beauty,15,325.0,4875.0,4,2023,Retired,High
TX041167,2023-11-24,CUST1160,Female,46,Electronics,6,483.0,2898.0,4,2023,Middle Aged,High
TX041168,2023-11-24,CUST8879,Female,46,Sports,11,77.0,847.0,4,2023,Middle Aged,High
TX041169,2023-11-24,CUST4560,Female,64,Books,8,288.0,2304.0,4,2023,Retired,High
TX041170,2023-11-24,CUST3921,Female,46,Books,20,465.0,9300.0,4,2023,Middle Aged,High
TX041171,2023-11-24,CUST8511,Male,53,Clothing,3,173.0,519.0,4,2023,Middle Aged,High
TX041172,2023-11-24,CUST6189,Female,31,Books,15,378.0,5670.0,4,2023,Youth,High
TX041173,2023-11-24,CUST7004,Male,68,Electronics,4,208.0,832.0,4,2023,Retired,High
TX041174,2023-11-24,CUST8629,Female,49,Sports,13,88.0,1144.0,4,2023,Middle Aged,High
TX041175,2023-11-24,CUST8541,Female,45,Beauty,18,483.0,8694.0,4,2023,Middle Aged,High
TX041176,2023-11-24,CUST9422,Female,57,Books,7,399.0,2793.0,4,2023,Middle Aged,High
TX041177,2023-11-24,CUST6176,Female,18,Electronics,14,416.0,5824.0,4,2023,,High
TX041178,2023-11-24,CUST7904,Female,68,Electronics,4,364.0,1456.0,4,2023,Retired,High
TX041179,2023-11-24,CUST4819,Female,19,Beauty,12,322.0,3864.0,4,2023,Teenager,High
TX041180,2023-11-24,CUST7364,Female,30,Electronics,2,442.0,884.0,4,2023,Youth,High
TX041181,2023-11-24,CUST1459,Male,26,Groceries,20,367.0,7340.0,4,2023,Youth,High
TX041182,2023-11-24,CUST1427,Male,45,Beauty,13,52.0,676.0,4,2023,Middle Aged,High
TX041183,2023-11-24,CUST6500,Female,69,Groceries,11,482.0,5302.0,4,2023,Retired,High
TX041184,2023-11-24,CUST9093,Female,49,Groceries,8,468.0,3744.0,4,2023,Middle Aged,High
TX041185,2023-11-24,CUST3596,Female,65,Sports,9,152.0,1368.0,4,2023,Retired,High
TX041186,2023-11-24,CUST3947,Female,29,Books,6,142.0,852.0,4,2023,Youth,High
TX041187,2023-11-24,CUST0938,Female,39,Sports,3,276.0,828.0,4,2023,Youth,High
TX041188,2023-11-24,CUST2120,Male,29,Electronics,17,178.0,3026.0,4,2023,Youth,High
TX041189,2023-11-24,CUST4804,Female,42,Groceries,13,134.0,1742.0,4,2023,Middle Aged,High
TX041190,2023-11-24,CUST1591,Male,48,Books,11,356.0,3916.0,4,2023,Middle Aged,High
TX041191,2023-11-24,CUST9584,Male,44,Electronics,19,237.0,4503.0,4,2023,Middle Aged,High
TX041192,2023-11-24,CUST8604,Male,68,Electronics,9,148.0,1332.0,4,2023,Retired,High
TX041193,2023-11-24,CUST6696,Male,43,Electronics,20,127.0,2540.0,4,2023,Middle Aged,High
TX041194,2023-11-24,CUST1337,Male,32,Beauty,15,470.0,7050.0,4,2023,Youth,High
TX041195,2023-11-24,CUST4544,Male,47,Electronics,2,24.0,48.0,4,2023,Middle Aged,Low
TX041196,2023-11-24,CUST9826,Female,68,Beauty,6,133.0,798.0,4,2023,Retired,High
TX041197,2023-11-24,CUST5722,Male,57,Sports,4,388.0,1552.0,4,2023,Middle Aged,High
TX041198,2023-11-24,CUST0490,Female,50,Beauty,14,33.0,462.0,4,2023,Middle Aged,Medium
TX041199,2023-11-24,CUST3708,Female,55,Groceries,9,273.0,2457.0,4,2023,Middle Aged,High
TX041200,2023-11-24,CUST8147,Male,57,Books,7,407.0,2849.0,4,2023,Middle Aged,High
TX041201,2023-11-24,CUST5116,Female,26,Electronics,15,55.0,825.0,4,2023,Youth,High
TX041202,2023-11-24,CUST5383,Male,50,Beauty,18,484.0,8712.0,4,2023,Middle Aged,High
TX041203,2023-11-24,CUST0373,Female,31,Electronics,9,438.0,3942.0,4,2023,Youth,High
TX041204,2023-11-24,CUST4054,Female,33,Sports,13,212.0,2756.0,4,2023,Youth,High
TX041205,2023-11-24,CUST5588,Female,46,Sports,12,373.0,4476.0,4,2023,Middle Aged,High
TX041206,2023-11-24,CUST5236,Female,22,Books,9,358.0,3222.0,4,2023,Teenager,High
TX041207,2023-11-24,CUST4949,Female,61,Beauty,20,490.0,9800.0,4,2023,Retired,High
TX041208,2023-11-24,CUST0510,Male,55,Sports,20,376.0,7520.0,4,2023,Middle Aged,High
TX041209,2023-11-24,CUST1002,Female,50,Clothing,6,194.0,1164.0,4,2023,Middle Aged,High
TX041210,2023-11-24,CUST1670,Male,43,Sports,9,262.0,2358.0,4,2023,Middle Aged,High
TX041211,2023-11-24,CUST4390,Female,59,Electronics,12,459.0,5508.0,4,2023,Middle Aged,High
TX041212,2023-11-24,CUST9610,Female,51,Electronics,15,383.0,5745.0,4,2023,Middle Aged,High
TX041213,2023-11-24,CUST4771,Female,62,Clothing,20,360.0,7200.0,4,2023,Retired,High
TX041214,2023-11-24,CUST2013,Male,54,Clothing,1,186.0,186.0,4,2023,Middle Aged,Medium
TX041215,2023-11-24,CUST2511,Female,39,Sports,9,328.0,2952.0,4,2023,Youth,High
TX041216,2023-11-24,CUST2981,Male,36,Books,6,302.0,1812.0,4,2023,Youth,High
TX041217,2023-11-24,CUST0122,Male,26,Beauty,19,444.0,8436.0,4,2023,Youth,High
TX041218,2023-11-24,CUST2787,Female,70,Groceries,2,436.0,872.0,4,2023,Retired,High
TX041219,2023-11-24,CUST0875,Male,30,Sports,3,240.0,720.0,4,2023,Youth,High
TX041220,2023-11-24,CUST3969,Female,57,Sports,19,227.0,4313.0,4,2023,Middle Aged,High
TX041221,2023-11-24,CUST9099,Female,46,Books,1,321.0,321.0,4,2023,Middle Aged,Medium
TX041222,2023-11-24,CUST1128,Male,58,Electronics,11,132.0,1452.0,4,2023,Middle Aged,High
TX041223,2023-11-24,CUST4401,Male,55,Beauty,2,376.0,752.0,4,2023,Middle Aged,High
TX041224,2023-11-24,CUST3860,Male,55,Sports,3,350.0,1050.0,4,2023,Middle Aged,High
TX041225,2023-11-24,CUST9512,Male,18,Books,2,485.0,970.0,4,2023,,High
TX041226,2023-11-24,CUST0704,Male,54,Beauty,17,262.0,4454.0,4,2023,Middle Aged,High
TX041227,2023-11-24,CUST8597,Female,44,Groceries,14,77.0,1078.0,4,2023,Middle Aged,High
TX041228,2023-11-24,CUST7683,Male,55,Books,3,79.0,237.0,4,2023,Middle Aged,Medium
TX041229,2023-11-24,CUST7684,Female,32,Books,20,136.0,2720.0,4,2023,Youth,High
TX041230,2023-11-24,CUST3831,Female,41,Beauty,2,104.0,208.0,4,2023,Middle Aged,Medium
TX041231,2023-11-24,CUST3195,Female,58,Clothing,18,219.0,3942.0,4,2023,Middle Aged,High
TX041232,2023-11-24,CUST6383,Male,47,Electronics,18,196.0,3528.0,4,2023,Middle Aged,High
TX041233,2023-11-24,CUST7746,Male,70,Beauty,10,302.0,3020.0,4,2023,Retired,High
TX041234,2023-11-24,CUST9521,Female,47,Sports,19,283.0,5377.0,4,2023,Middle Aged,High
TX041235,2023-11-24,CUST4711,Male,35,Clothing,16,204.0,3264.0,4,2023,Youth,High
TX041236,2023-11-24,CUST1927,Female,41,Electronics,6,297.0,1782.0,4,2023,Middle Aged,High
TX041237,2023-11-24,CUST6276,Female,67,Clothing,20,345.0,6900.0,4,2023,Retired,High
TX041238,2023-11-24,CUST4305,Female,21,Clothing,9,338.0,3042.0,4,2023,Teenager,High
TX041239,2023-11-24,CUST7424,Female,59,Clothing,12,441.0,5292.0,4,2023,Middle Aged,High
TX041240,2023-11-24,CUST1501,Female,53,Clothing,1,335.0,335.0,4,2023,Middle Aged,Medium
TX041241,2023-11-24,CUST4419,Male,62,Groceries,2,225.0,450.0,4,2023,Retired,Medium
TX041242,2023-11-24,CUST6022,Male,26,Groceries,12,479.0,5748.0,4,2023,Youth,High
TX041243,2023-11-24,CUST3063,Male,60,Clothing,2,312.0,624.0,4,2023,Middle Aged,High
TX041244,2023-11-24,CUST0587,Female,28,Beauty,11,144.0,1584.0,4,2023,Youth,High
TX041245,2023-11-24,CUST4632,Female,53,Sports,3,184.0,552.0,4,2023,Middle Aged,High
TX041246,2023-11-24,CUST2496,Male,23,Groceries,16,475.0,7600.0,4,2023,Teenager,High
TX041247,2023-11-24,CUST8465,Male,27,Books,13,278.0,3614.0,4,2023,Youth,High
TX041248,2023-11-24,CUST5811,Female,28,Beauty,7,494.0,3458.0,4,2023,Youth,High
TX041249,2023-11-24,CUST3262,Male,65,Groceries,10,104.0,1040.0,4,2023,Retired,High
TX041250,2023-11-24,CUST6803,Male,28,Clothing,1,197.0,197.0,4,2023,Youth,Medium
TX041251,2023-11-24,CUST6775,Male,47,Sports,4,242.0,968.0,4,2023,Middle Aged,High
TX041252,2023-11-24,CUST2362,Male,35,Sports,12,414.0,4968.0,4,2023,Youth,High
TX041253,2023-11-24,CUST4372,Female,61,Clothing,2,457.0,914.0,4,2023,Retired,High
TX041254,2023-11-24,CUST6793,Male,28,Books,7,380.0,2660.0,4,2023,Youth,High
TX041255,2023-11-24,CUST0604,Female,42,Sports,18,243.0,4374.0,4,2023,Middle Aged,High
TX041256,2023-11-24,CUST7640,Male,62,Clothing,16,396.0,6336.0,4,2023,Retired,High
TX041257,2023-11-24,CUST2085,Male,57,Clothing,4,238.0,952.0,4,2023,Middle Aged,High
TX041258,2023-11-24,CUST4291,Female,63,Electronics,16,364.0,5824.0,4,2023,Retired,High
TX041259,2023-11-24,CUST7281,Male,24,Clothing,17,395.0,6715.0,4,2023,Teenager,High
TX041260,2023-11-24,CUST3573,Male,66,Groceries,13,253.0,3289.0,4,2023,Retired,High
TX041261,2023-11-24,CUST5268,Female,35,Beauty,17,497.0,8449.0,4,2023,Youth,High
TX041262,2023-11-24,CUST5738,Male,31,Beauty,20,97.0,1940.0,4,2023,Youth,High
TX041263,2023-11-24,CUST1267,Male,23,Clothing,2,377.0,754.0,4,2023,Teenager,High
TX041264,2023-11-24,CUST2916,Female,20,Groceries,20,434.0,8680.0,4,2023,Teenager,High
TX041265,2023-11-24,CUST4347,Female,34,Clothing,20,218.0,4360.0,4,2023,Youth,High
TX041266,2023-11-24,CUST3131,Female,63,Sports,11,274.0,3014.0,4,2023,Retired,High
TX041267,2023-11-24,CUST9287,Female,43,Sports,3,295.0,885.0,4,2023,Middle Aged,High
TX041268,2023-11-24,CUST4308,Male,38,Clothing,15,379.0,5685.0,4,2023,Youth,High
TX041269,2023-11-24,CUST0933,Female,37,Beauty,6,250.0,1500.0,4,2023,Youth,High
TX041270,2023-11-24,CUST6157,Male,34,Beauty,11,408.0,4488.0,4,2023,Youth,High
TX041271,2023-11-24,CUST0117,Female,47,Books,15,381.0,5715.0,4,2023,Middle Aged,High
TX041272,2023-11-24,CUST7521,Male,28,Beauty,12,216.0,2592.0,4,2023,Youth,High
TX041273,2023-11-24,CUST3078,Male,69,Books,18,317.0,5706.0,4,2023,Retired,High
TX041274,2023-11-24,CUST1436,Female,49,Groceries,15,11.0,165.0,4,2023,Middle Aged,Medium
TX041275,2023-11-24,CUST9365,Female,63,Sports,7,475.0,3325.0,4,2023,Retired,High
TX041276,2023-11-24,CUST9932,Female,45,Beauty,4,414.0,1656.0,4,2023,Middle Aged,High
TX041277,2023-11-24,CUST5667,Female,25,Groceries,14,434.0,6076.0,4,2023,Teenager,High
TX041278,2023-11-24,CUST7145,Male,56,Sports,9,155.0,1395.0,4,2023,Middle Aged,High
TX041279,2023-11-24,CUST8505,Male,69,Groceries,11,69.0,759.0,4,2023,Retired,High
TX041280,2023-11-24,CUST5754,Male,54,Clothing,3,236.0,708.0,4,2023,Middle Aged,High
TX041281,2023-11-24,CUST0226,Male,63,Groceries,8,435.0,3480.0,4,2023,Retired,High
TX041282,2023-11-24,CUST5159,Female,67,Clothing,6,256.0,1536.0,4,2023,Retired,High
TX041283,2023-11-24,CUST4381,Male,39,Books,20,174.0,3480.0,4,2023,Youth,High
TX041284,2023-11-24,CUST9580,Male,67,Beauty,3,390.0,1170.0,4,2023,Retired,High
TX041285,2023-11-24,CUST9742,Female,55,Sports,10,172.0,1720.0,4,2023,Middle Aged,High
TX041286,2023-11-24,CUST1645,Female,70,Clothing,12,121.0,1452.0,4,2023,Retired,High
TX041287,2023-11-24,CUST9777,Male,41,Sports,17,340.0,5780.0,4,2023,Middle Aged,High
TX041288,2023-11-24,CUST3037,Female,27,Sports,13,198.0,2574.0,4,2023,Youth,High
TX041289,2023-11-24,CUST7451,Female,42,Beauty,1,492.0,492.0,4,2023,Middle Aged,Medium
TX041290,2023-11-24,CUST1604,Female,50,Books,11,162.0,1782.0,4,2023,Middle Aged,High
TX041291,2023-11-24,CUST8282,Female,36,Electronics,14,443.0,6202.0,4,2023,Youth,High
TX041292,2023-11-24,CUST3005,Female,49,Beauty,11,391.0,4301.0,4,2023,Middle Aged,High
TX041293,2023-11-24,CUST0838,Female,54,Clothing,14,156.0,2184.0,4,2023,Middle Aged,High
TX041294,2023-11-24,CUST5537,Female,56,Beauty,13,464.0,6032.0,4,2023,Middle Aged,High
TX041295,2023-11-24,CUST0247,Male,18,Beauty,2,233.0,466.0,4,2023,,Medium
TX041296,2023-11-24,CUST2310,Female,61,Clothing,20,59.0,1180.0,4,2023,Retired,High
TX041297,2023-11-24,CUST7660,Male,32,Clothing,16,107.0,1712.0,4,2023,Youth,High
TX041298,2023-11-24,CUST8698,Male,62,Clothing,19,58.0,1102.0,4,2023,Retired,High
TX041299,2023-11-24,CUST2194,Male,46,Electronics,9,166.0,1494.0,4,2023,Middle Aged,High
TX041300,2023-11-24,CUST5273,Female,18,Clothing,6,467.0,2802.0,4,2023,,High
TX041301,2023-11-24,CUST1546,Female,63,Books,5,328.0,1640.0,4,2023,Retired,High
TX041302,2023-11-24,CUST9932,Male,63,Groceries,20,411.0,8220.0,4,2023,Retired,High
TX041303,2023-11-24,CUST8894,Female,41,Beauty,3,153.0,459.0,4,2023,Middle Aged,Medium
TX041304,2023-11-24,CUST4995,Male,62,Clothing,14,245.0,3430.0,4,2023,Retired,High
TX041305,2023-11-24,CUST9884,Female,21,Electronics,5,75.0,375.0,4,2023,Teenager,Medium
TX041306,2023-11-24,CUST0964,Female,57,Groceries,18,98.0,1764.0,4,2023,Middle Aged,High
TX041307,2023-11-24,CUST3001,Male,23,Clothing,18,166.0,2988.0,4,2023,Teenager,High
TX041308,2023-11-24,CUST8894,Male,41,Groceries,20,357.0,7140.0,4,2023,Middle Aged,High
TX041309,2023-11-24,CUST2730,Female,44,Books,6,247.0,1482.0,4,2023,Middle Aged,High
TX041310,2023-11-24,CUST4862,Female,57,Groceries,8,46.0,368.0,4,2023,Middle Aged,Medium
TX041311,2023-11-24,CUST1303,Female,55,Beauty,8,342.0,2736.0,4,2023,Middle Aged,High
TX041312,2023-11-24,CUST0327,Male,62,Electronics,18,458.0,8244.0,4,2023,Retired,High
TX041313,2023-11-24,CUST8552,Female,45,Groceries,16,70.0,1120.0,4,2023,Middle Aged,High
TX041314,2023-11-24,CUST3764,Male,49,Groceries,5,118.0,590.0,4,2023,Middle Aged,High
TX041315,2023-11-24,CUST9276,Male,46,Electronics,2,174.0,348.0,4,2023,Middle Aged,Medium
TX041316,2023-11-24,CUST2344,Female,67,Electronics,7,119.0,833.0,4,2023,Retired,High
TX041317,2023-11-24,CUST8728,Female,36,Clothing,12,99.0,1188.0,4,2023,Youth,High
TX041318,2023-11-24,CUST7013,Female,23,Clothing,4,163.0,652.0,4,2023,Teenager,High
TX041319,2023-11-24,CUST5172,Male,57,Beauty,14,213.0,2982.0,4,2023,Middle Aged,High
TX041320,2023-11-24,CUST5217,Male,30,Sports,1,485.0,485.0,4,2023,Youth,Medium
TX041321,2023-11-24,CUST9277,Male,69,Books,4,427.0,1708.0,4,2023,Retired,High
TX041322,2023-11-24,CUST3166,Male,44,Books,10,166.0,1660.0,4,2023,Middle Aged,High
TX041323,2023-11-24,CUST3777,Female,59,Beauty,11,351.0,3861.0,4,2023,Middle Aged,High
TX041324,2023-11-24,CUST5287,Female,40,Clothing,16,441.0,7056.0,4,2023,Youth,High
TX041325,2023-11-24,CUST8834,Male,21,Sports,17,479.0,8143.0,4,2023,Teenager,High
TX041326,2023-11-24,CUST1579,Female,41,Beauty,5,290.0,1450.0,4,2023,Middle Aged,High
TX041327,2023-11-24,CUST2751,Male,22,Beauty,6,364.0,2184.0,4,2023,Teenager,High
TX041328,2023-11-24,CUST3154,Male,26,Sports,5,63.0,315.0,4,2023,Youth,Medium
TX041329,2023-11-24,CUST9406,Male,40,Books,1,74.0,74.0,4,2023,Youth,Low
TX041330,2023-11-24,CUST7983,Male,51,Groceries,4,251.0,1004.0,4,2023,Middle Aged,High
TX041331,2023-11-24,CUST7454,Male,18,Sports,4,476.0,1904.0,4,2023,,High
TX041332,2023-11-24,CUST9972,Female,52,Groceries,7,341.0,2387.0,4,2023,Middle Aged,High
TX041333,2023-11-24,CUST3908,Male,39,Groceries,13,142.0,1846.0,4,2023,Youth,High
TX041334,2023-11-24,CUST2220,Female,51,Groceries,2,274.0,548.0,4,2023,Middle Aged,High
TX041335,2023-11-24,CUST5616,Female,37,Electronics,10,255.0,2550.0,4,2023,Youth,High
TX041336,2023-11-24,CUST9021,Male,31,Electronics,12,340.0,4080.0,4,2023,Youth,High
TX041337,2023-11-24,CUST9335,Female,52,Clothing,17,478.0,8126.0,4,2023,Middle Aged,High
TX041338,2023-11-24,CUST7003,Female,41,Electronics,10,355.0,3550.0,4,2023,Middle Aged,High
TX041339,2023-11-24,CUST4522,Female,26,Electronics,10,365.0,3650.0,4,2023,Youth,High
TX041340,2023-11-24,CUST7395,Female,54,Electronics,1,182.0,182.0,4,2023,Middle Aged,Medium
TX041341,2023-11-24,CUST9212,Female,40,Electronics,16,355.0,5680.0,4,2023,Youth,High
TX041342,2023-11-24,CUST8507,Male,68,Clothing,16,373.0,5968.0,4,2023,Retired,High
TX041343,2023-11-24,CUST0420,Female,32,Books,5,12.0,60.0,4,2023,Youth,Low
TX041344,2023-11-24,CUST4235,Male,66,Groceries,2,64.0,128.0,4,2023,Retired,Medium
TX041345,2023-11-24,CUST0126,Male,22,Books,3,354.0,1062.0,4,2023,Teenager,High
TX041346,2023-11-24,CUST9766,Male,20,Groceries,12,37.0,444.0,4,2023,Teenager,Medium
TX041347,2023-11-24,CUST4902,Male,57,Beauty,1,378.0,378.0,4,2023,Middle Aged,Medium
TX041348,2023-11-24,CUST4850,Male,18,Clothing,15,198.0,2970.0,4,2023,,High
TX041349,2023-11-24,CUST9155,Male,52,Electronics,11,84.0,924.0,4,2023,Middle Aged,High
TX041350,2023-11-24,CUST2042,Male,19,Books,13,449.0,5837.0,4,2023,Teenager,High
TX041351,2023-11-24,CUST2098,Male,31,Sports,10,124.0,1240.0,4,2023,Youth,High
TX041352,2023-11-24,CUST3424,Male,21,Clothing,17,499.0,8483.0,4,2023,Teenager,High
TX041353,2023-11-24,CUST2184,Male,45,Electronics,16,83.0,1328.0,4,2023,Middle Aged,High
TX041354,2023-11-24,CUST7893,Female,41,Electronics,15,22.0,330.0,4,2023,Middle Aged,Medium
TX041355,2023-11-24,CUST3841,Female,62,Clothing,14,392.0,5488.0,4,2023,Retired,High
TX041356,2023-11-24,CUST7454,Female,34,Electronics,4,31.0,124.0,4,2023,Youth,Medium
TX041357,2023-11-24,CUST7088,Female,33,Clothing,12,424.0,5088.0,4,2023,Youth,High
TX041358,2023-11-24,CUST6951,Male,50,Sports,11,357.0,3927.0,4,2023,Middle Aged,High
TX041359,2023-11-24,CUST6921,Female,54,Groceries,10,325.0,3250.0,4,2023,Middle Aged,High
TX041360,2023-11-24,CUST3086,Male,45,Electronics,18,50.0,900.0,4,2023,Middle Aged,High
TX041361,2023-11-24,CUST6819,Female,46,Electronics,19,26.0,494.0,4,2023,Middle Aged,Medium
TX041362,2023-11-24,CUST5871,Male,37,Sports,5,255.0,1275.0,4,2023,Youth,High
TX041363,2023-11-24,CUST0187,Male,62,Electronics,4,189.0,756.0,4,2023,Retired,High
TX041364,2023-11-24,CUST8601,Male,30,Beauty,15,366.0,5490.0,4,2023,Youth,High
TX041365,2023-11-24,CUST9413,Male,28,Beauty,19,312.0,5928.0,4,2023,Youth,High
TX041366,2023-11-24,CUST6573,Female,29,Groceries,1,255.0,255.0,4,2023,Youth,Medium
TX041367,2023-11-24,CUST3266,Female,43,Electronics,20,161.0,3220.0,4,2023,Middle Aged,High
TX041368,2023-11-24,CUST9836,Female,56,Clothing,13,116.0,1508.0,4,2023,Middle Aged,High
TX041369,2023-11-24,CUST4516,Female,64,Groceries,15,410.0,6150.0,4,2023,Retired,High
TX041370,2023-11-24,CUST9075,Male,21,Books,7,371.0,2597.0,4,2023,Teenager,High
TX041371,2023-11-24,CUST1102,Female,39,Clothing,3,407.0,1221.0,4,2023,Youth,High
TX041372,2023-11-24,CUST5280,Male,40,Clothing,19,197.0,3743.0,4,2023,Youth,High
TX041373,2023-11-24,CUST8279,Female,20,Electronics,17,72.0,1224.0,4,2023,Teenager,High
TX041374,2023-11-24,CUST2665,Male,65,Books,5,309.0,1545.0,4,2023,Retired,High
TX041375,2023-11-24,CUST7138,Male,44,Sports,17,116.0,1972.0,4,2023,Middle Aged,High
TX041376,2023-11-24,CUST3012,Female,59,Sports,2,372.0,744.0,4,2023,Middle Aged,High
TX041377,2023-11-24,CUST8881,Female,44,Clothing,2,258.0,516.0,4,2023,Middle Aged,High
TX041378,2023-11-24,CUST6646,Female,40,Sports,17,40.0,680.0,4,2023,Youth,High
TX041379,2023-11-24,CUST1350,Female,41,Sports,4,293.0,1172.0,4,2023,Middle Aged,High
TX041380,2023-11-24,CUST7663,Female,63,Electronics,17,172.0,2924.0,4,2023,Retired,High
TX041381,2023-11-24,CUST6668,Female,24,Groceries,16,136.0,2176.0,4,2023,Teenager,High
TX041382,2023-11-24,CUST8143,Female,67,Sports,20,430.0,8600.0,4,2023,Retired,High
TX041383,2023-11-24,CUST3754,Male,62,Books,13,180.0,2340.0,4,2023,Retired,High
TX041384,2023-11-24,CUST3187,Male,33,Groceries,15,234.0,3510.0,4,2023,Youth,High
TX041385,2023-11-24,CUST5538,Male,43,Clothing,18,430.0,7740.0,4,2023,Middle Aged,High
TX041386,2023-11-24,CUST8738,Male,26,Groceries,14,352.0,4928.0,4,2023,Youth,High
TX041387,2023-11-24,CUST8100,Female,29,Electronics,6,402.0,2412.0,4,2023,Youth,High
TX041388,2023-11-24,CUST2228,Female,69,Beauty,17,243.0,4131.0,4,2023,Retired,High
TX041389,2023-11-24,CUST0652,Male,47,Beauty,10,383.0,3830.0,4,2023,Middle Aged,High
TX041390,2023-11-24,CUST9162,Male,67,Clothing,19,165.0,3135.0,4,2023,Retired,High
TX041391,2023-11-24,CUST3587,Male,43,Electronics,3,396.0,1188.0,4,2023,Middle Aged,High
TX041392,2023-11-24,CUST9151,Female,25,Electronics,7,260.0,1820.0,4,2023,Teenager,High
TX041393,2023-11-24,CUST8702,Male,58,Electronics,2,222.0,444.0,4,2023,Middle Aged,Medium
TX041394,2023-11-24,CUST3818,Female,62,Clothing,4,363.0,1452.0,4,2023,Retired,High
TX041395,2023-11-24,CUST0331,Male,28,Sports,18,103.0,1854.0,4,2023,Youth,High
TX041396,2023-11-24,CUST6961,Male,63,Electronics,14,264.0,3696.0,4,2023,Retired,High
TX041397,2023-11-24,CUST6184,Female,66,Clothing,18,177.0,3186.0,4,2023,Retired,High
TX041398,2023-11-24,CUST2136,Male,44,Electronics,14,213.0,2982.0,4,2023,Middle Aged,High
TX041399,2023-11-24,CUST0439,Male,50,Groceries,19,401.0,7619.0,4,2023,Middle Aged,High
TX041400,2023-11-24,CUST7668,Female,62,Groceries,20,10.0,200.0,4,2023,Retired,Medium
TX041401,2023-11-24,CUST8645,Male,23,Groceries,17,330.0,5610.0,4,2023,Teenager,High
TX041402,2023-11-24,CUST6748,Female,26,Groceries,10,308.0,3080.0,4,2023,Youth,High
TX041403,2023-11-24,CUST4507,Male,22,Electronics,19,220.0,4180.0,4,2023,Teenager,High
TX041404,2023-11-24,CUST3063,Female,68,Sports,1,303.0,303.0,4,2023,Retired,Medium
TX041405,2023-11-24,CUST0001,Male,64,Clothing,16,378.0,6048.0,4,2023,Retired,High
TX041406,2023-11-24,CUST2148,Male,25,Beauty,3,474.0,1422.0,4,2023,Teenager,High
TX041407,2023-11-24,CUST9738,Male,26,Beauty,4,313.0,1252.0,4,2023,Youth,High
TX041408,2023-11-24,CUST8247,Male,60,Sports,7,158.0,1106.0,4,2023,Middle Aged,High
TX041409,2023-11-24,CUST6151,Female,32,Clothing,1,23.0,23.0,4,2023,Youth,Low
TX041410,2023-11-24,CUST9377,Female,19,Sports,12,421.0,5052.0,4,2023,Teenager,High
TX041411,2023-11-24,CUST2203,Female,18,Clothing,16,17.0,272.0,4,2023,,Medium
TX041412,2023-11-24,CUST8778,Male,45,Electronics,1,436.0,436.0,4,2023,Middle Aged,Medium
TX041413,2023-11-24,CUST5247,Male,41,Books,10,249.0,2490.0,4,2023,Middle Aged,High
TX041414,2023-11-24,CUST4500,Male,64,Sports,19,304.0,5776.0,4,2023,Retired,High
TX041415,2023-11-24,CUST6773,Male,67,Sports,15,324.0,4860.0,4,2023,Retired,High
TX041416,2023-11-24,CUST8432,Male,65,Books,3,452.0,1356.0,4,2023,Retired,High
TX041417,2023-11-24,CUST5584,Female,57,Groceries,19,489.0,9291.0,4,2023,Middle Aged,High
TX041418,2023-11-24,CUST7190,Male,19,Clothing,18,246.0,4428.0,4,2023,Teenager,High
TX041419,2023-11-24,CUST2228,Male,52,Groceries,1,26.0,26.0,4,2023,Middle Aged,Low
TX041420,2023-11-24,CUST2183,Female,44,Books,15,188.0,2820.0,4,2023,Middle Aged,High
TX041421,2023-11-24,CUST5531,Male,50,Clothing,11,16.0,176.0,4,2023,Middle Aged,Medium
TX041422,2023-11-24,CUST8966,Female,41,Electronics,19,193.0,3667.0,4,2023,Middle Aged,High
TX041423,2023-11-24,CUST7757,Male,57,Electronics,5,264.0,1320.0,4,2023,Middle Aged,High
TX041424,2023-11-24,CUST9418,Female,25,Sports,6,260.0,1560.0,4,2023,Teenager,High
TX041425,2023-11-24,CUST2897,Male,57,Groceries,3,240.0,720.0,4,2023,Middle Aged,High
TX041426,2023-11-24,CUST5261,Male,29,Clothing,16,420.0,6720.0,4,2023,Youth,High
TX041427,2023-11-24,CUST5289,Male,47,Groceries,5,323.0,1615.0,4,2023,Middle Aged,High
TX041428,2023-11-24,CUST4902,Male,55,Clothing,2,177.0,354.0,4,2023,Middle Aged,Medium
TX041429,2023-11-24,CUST0857,Female,31,Beauty,10,20.0,200.0,4,2023,Youth,Medium
TX041430,2023-11-24,CUST2466,Female,63,Books,17,245.0,4165.0,4,2023,Retired,High
TX041431,2023-11-24,CUST1542,Male,56,Groceries,20,148.0,2960.0,4,2023,Middle Aged,High
TX041432,2023-11-24,CUST3191,Male,44,Clothing,5,346.0,1730.0,4,2023,Middle Aged,High
TX041433,2023-11-24,CUST2934,Male,69,Groceries,10,171.0,1710.0,4,2023,Retired,High
TX041434,2023-11-24,CUST8316,Male,68,Electronics,1,153.0,153.0,4,2023,Retired,Medium
TX041435,2023-11-24,CUST5638,Male,31,Beauty,17,352.0,5984.0,4,2023,Youth,High
TX041436,2023-11-24,CUST5476,Female,36,Groceries,12,472.0,5664.0,4,2023,Youth,High
TX041437,2023-11-24,CUST2293,Female,67,Groceries,8,485.0,3880.0,4,2023,Retired,High
TX041438,2023-11-24,CUST9375,Male,48,Clothing,2,427.0,854.0,4,2023,Middle Aged,High
TX041439,2023-11-24,CUST2618,Female,46,Clothing,5,363.0,1815.0,4,2023,Middle Aged,High
TX041440,2023-11-24,CUST1267,Female,18,Books,9,297.0,2673.0,4,2023,,High
TX041441,2023-11-24,CUST9213,Female,41,Beauty,20,40.0,800.0,4,2023,Middle Aged,High
TX041442,2023-11-24,CUST9005,Female,53,Beauty,18,48.0,864.0,4,2023,Middle Aged,High
TX041443,2023-11-24,CUST1610,Male,26,Groceries,16,207.0,3312.0,4,2023,Youth,High
TX041444,2023-11-24,CUST1723,Female,65,Groceries,12,323.0,3876.0,4,2023,Retired,High
TX041445,2023-11-24,CUST1170,Female,40,Sports,11,454.0,4994.0,4,2023,Youth,High
TX041446,2023-11-24,CUST8722,Female,31,Electronics,11,370.0,4070.0,4,2023,Youth,High
TX041447,2023-11-24,CUST6497,Female,48,Clothing,7,450.0,3150.0,4,2023,Middle Aged,High
TX041448,2023-11-24,CUST9462,Male,50,Sports,5,35.0,175.0,4,2023,Middle Aged,Medium
TX041449,2023-11-24,CUST9779,Male,24,Electronics,7,159.0,1113.0,4,2023,Teenager,High
TX041450,2023-11-24,CUST0466,Male,67,Clothing,6,390.0,2340.0,4,2023,Retired,High
TX041451,2023-11-24,CUST9157,Male,57,Beauty,8,157.0,1256.0,4,2023,Middle Aged,High
TX041452,2023-11-24,CUST2727,Male,40,Electronics,13,163.0,2119.0,4,2023,Youth,High
TX041453,2023-11-24,CUST9296,Male,59,Groceries,2,345.0,690.0,4,2023,Middle Aged,High
TX041454,2023-11-24,CUST2479,Female,28,Electronics,18,283.0,5094.0,4,2023,Youth,High
TX041455,2023-11-24,CUST6591,Male,58,Books,1,367.0,367.0,4,2023,Middle Aged,Medium
TX041456,2023-11-24,CUST2653,Female,31,Sports,17,108.0,1836.0,4,2023,Youth,High
TX041457,2023-11-24,CUST7580,Female,55,Sports,8,70.0,560.0,4,2023,Middle Aged,High
TX041458,2023-11-24,CUST4722,Female,28,Clothing,11,179.0,1969.0,4,2023,Youth,High
TX041459,2023-11-24,CUST1839,Male,62,Books,18,422.0,7596.0,4,2023,Retired,High
TX041460,2023-11-24,CUST6637,Female,45,Books,6,154.0,924.0,4,2023,Middle Aged,High
TX041461,2023-11-24,CUST7915,Male,25,Groceries,9,418.0,3762.0,4,2023,Teenager,High
TX041462,2023-11-24,CUST2858,Female,57,Sports,15,109.0,1635.0,4,2023,Middle Aged,High
TX041463,2023-11-24,CUST5125,Male,67,Sports,10,44.0,440.0,4,2023,Retired,Medium
TX041464,2023-11-24,CUST1983,Female,23,Groceries,5,70.0,350.0,4,2023,Teenager,Medium
TX041465,2023-11-24,CUST2795,Female,25,Clothing,5,384.0,1920.0,4,2023,Teenager,High
TX041466,2023-11-24,CUST7355,Female,44,Electronics,12,154.0,1848.0,4,2023,Middle Aged,High
TX041467,2023-11-24,CUST8954,Male,50,Sports,7,178.0,1246.0,4,2023,Middle Aged,High
TX041468,2023-11-24,CUST9652,Female,68,Clothing,7,473.0,3311.0,4,2023,Retired,High
TX041469,2023-11-24,CUST7009,Female,42,Groceries,9,319.0,2871.0,4,2023,Middle Aged,High
TX041470,2023-11-24,CUST4794,Male,36,Clothing,7,463.0,3241.0,4,2023,Youth,High
TX041471,2023-11-24,CUST1152,Male,50,Groceries,7,295.0,2065.0,4,2023,Middle Aged,High
TX041472,2023-11-24,CUST4445,Female,54,Electronics,2,436.0,872.0,4,2023,Middle Aged,High
TX041473,2023-11-24,CUST8748,Female,50,Books,1,494.0,494.0,4,2023,Middle Aged,Medium
TX041474,2023-11-24,CUST3750,Female,54,Books,14,272.0,3808.0,4,2023,Middle Aged,High
TX041475,2023-11-24,CUST1148,Male,19,Clothing,14,235.0,3290.0,4,2023,Teenager,High
TX041476,2023-11-24,CUST6285,Male,69,Electronics,15,162.0,2430.0,4,2023,Retired,High
TX041477,2023-11-24,CUST7725,Male,33,Groceries,5,13.0,65.0,4,2023,Youth,Low
TX041478,2023-11-24,CUST4774,Male,18,Beauty,7,158.0,1106.0,4,2023,,High
TX041479,2023-11-24,CUST3337,Male,65,Groceries,6,14.0,84.0,4,2023,Retired,Low
TX041480,2023-11-24,CUST5852,Male,57,Electronics,9,81.0,729.0,4,2023,Middle Aged,High
TX041481,2023-11-24,CUST9616,Male,32,Electronics,6,370.0,2220.0,4,2023,Youth,High
TX041482,2023-11-24,CUST6213,Female,70,Books,13,412.0,5356.0,4,2023,Retired,High
TX041483,2023-11-24,CUST6634,Male,35,Beauty,14,266.0,3724.0,4,2023,Youth,High
TX041484,2023-11-24,CUST1557,Male,55,Clothing,2,154.0,308.0,4,2023,Middle Aged,Medium
TX041485,2023-11-24,CUST7752,Female,67,Sports,20,43.0,860.0,4,2023,Retired,High
TX041486,2023-11-24,CUST9822,Female,24,Groceries,18,307.0,5526.0,4,2023,Teenager,High
TX041487,2023-11-24,CUST3670,Male,22,Electronics,18,104.0,1872.0,4,2023,Teenager,High
TX041488,2023-11-24,CUST6690,Female,34,Groceries,6,22.0,132.0,4,2023,Youth,Medium
TX041489,2023-11-24,CUST1096,Female,49,Books,8,477.0,3816.0,4,2023,Middle Aged,High
TX041490,2023-11-24,CUST4437,Female,45,Beauty,15,184.0,2760.0,4,2023,Middle Aged,High
TX041491,2023-11-24,CUST7666,Male,47,Sports,4,280.0,1120.0,4,2023,Middle Aged,High
TX041492,2023-11-24,CUST9528,Male,60,Sports,18,255.0,4590.0,4,2023,Middle Aged,High
TX041493,2023-11-24,CUST6847,Female,59,Books,13,181.0,2353.0,4,2023,Middle Aged,High
TX041494,2023-11-24,CUST1971,Male,57,Electronics,8,463.0,3704.0,4,2023,Middle Aged,High
TX041495,2023-11-24,CUST8994,Female,40,Groceries,15,164.0,2460.0,4,2023,Youth,High
TX041496,2023-11-24,CUST7720,Male,41,Sports,11,71.0,781.0,4,2023,Middle Aged,High
TX041497,2023-11-24,CUST8687,Male,48,Electronics,11,196.0,2156.0,4,2023,Middle Aged,High
TX041498,2023-11-24,CUST5751,Female,44,Books,7,378.0,2646.0,4,2023,Middle Aged,High
TX041499,2023-11-24,CUST5384,Female,42,Clothing,11,61.0,671.0,4,2023,Middle Aged,High
TX041500,2023-11-24,CUST7278,Female,59,Sports,11,307.0,3377.0,4,2023,Middle Aged,High
TX041501,2023-11-24,CUST3457,Male,56,Clothing,14,247.0,3458.0,4,2023,Middle Aged,High
TX041502,2023-11-24,CUST2260,Male,26,Sports,18,267.0,4806.0,4,2023,Youth,High
TX041503,2023-11-24,CUST3178,Female,27,Electronics,18,361.0,6498.0,4,2023,Youth,High
TX041504,2023-11-24,CUST2042,Male,66,Books,16,68.0,1088.0,4,2023,Retired,High
TX041505,2023-11-24,CUST7512,Female,57,Electronics,7,377.0,2639.0,4,2023,Middle Aged,High
TX041506,2023-11-24,CUST4195,Female,25,Beauty,3,97.0,291.0,4,2023,Teenager,Medium
TX041507,2023-11-24,CUST7954,Male,59,Electronics,18,433.0,7794.0,4,2023,Middle Aged,High
TX041508,2023-11-24,CUST0942,Female,19,Beauty,8,434.0,3472.0,4,2023,Teenager,High
TX041509,2023-11-24,CUST1221,Female,18,Books,11,488.0,5368.0,4,2023,,High
TX041510,2023-11-24,CUST6020,Female,36,Clothing,12,165.0,1980.0,4,2023,Youth,High
TX041511,2023-11-24,CUST1499,Female,39,Clothing,17,249.0,4233.0,4,2023,Youth,High
TX041512,2023-11-24,CUST8511,Male,23,Books,15,55.0,825.0,4,2023,Teenager,High
TX041513,2023-11-24,CUST4282,Male,23,Beauty,3,476.0,1428.0,4,2023,Teenager,High
TX041514,2023-11-24,CUST8552,Female,20,Clothing,10,491.0,4910.0,4,2023,Teenager,High
TX041515,2023-11-24,CUST0287,Female,46,Electronics,12,127.0,1524.0,4,2023,Middle Aged,High
TX041516,2023-11-24,CUST6731,Female,36,Electronics,14,110.0,1540.0,4,2023,Youth,High
TX041517,2023-11-24,CUST8720,Female,24,Beauty,4,459.0,1836.0,4,2023,Teenager,High
TX041518,2023-11-24,CUST8459,Female,63,Clothing,3,347.0,1041.0,4,2023,Retired,High
TX041519,2023-11-24,CUST3395,Female,54,Sports,8,452.0,3616.0,4,2023,Middle Aged,High
TX041520,2023-11-24,CUST0062,Female,56,Clothing,2,21.0,42.0,4,2023,Middle Aged,Low
TX041521,2023-11-24,CUST3640,Male,69,Clothing,20,248.0,4960.0,4,2023,Retired,High
TX041522,2023-11-24,CUST4722,Female,38,Books,15,371.0,5565.0,4,2023,Youth,High
TX041523,2023-11-24,CUST6844,Male,45,Sports,11,16.0,176.0,4,2023,Middle Aged,Medium
TX041524,2023-11-24,CUST0788,Male,40,Books,13,22.0,286.0,4,2023,Youth,Medium
TX041525,2023-11-24,CUST6230,Female,18,Clothing,20,351.0,7020.0,4,2023,,High
TX041526,2023-11-24,CUST2409,Male,18,Beauty,3,150.0,450.0,4,2023,,Medium
TX041527,2023-11-24,CUST5473,Female,32,Beauty,8,265.0,2120.0,4,2023,Youth,High
TX041528,2023-11-24,CUST5400,Female,26,Sports,13,494.0,6422.0,4,2023,Youth,High
TX041529,2023-11-24,CUST6754,Male,69,Clothing,7,267.0,1869.0,4,2023,Retired,High
TX041530,2023-11-24,CUST1604,Female,53,Books,13,373.0,4849.0,4,2023,Middle Aged,High
TX041531,2023-11-24,CUST3324,Male,53,Clothing,9,397.0,3573.0,4,2023,Middle Aged,High
TX041532,2023-11-24,CUST4074,Female,21,Sports,14,39.0,546.0,4,2023,Teenager,High
TX041533,2023-11-24,CUST6302,Male,30,Books,10,286.0,2860.0,4,2023,Youth,High
TX041534,2023-11-24,CUST4719,Male,20,Sports,1,351.0,351.0,4,2023,Teenager,Medium
TX041535,2023-11-24,CUST6654,Male,68,Sports,13,352.0,4576.0,4,2023,Retired,High
TX041536,2023-11-24,CUST8750,Male,24,Books,16,191.0,3056.0,4,2023,Teenager,High
TX041537,2023-11-24,CUST3025,Female,39,Sports,18,328.0,5904.0,4,2023,Youth,High
TX041538,2023-11-24,CUST9391,Female,68,Electronics,15,217.0,3255.0,4,2023,Retired,High
TX041539,2023-11-24,CUST1261,Male,61,Clothing,14,185.0,2590.0,4,2023,Retired,High
TX041540,2023-11-24,CUST6363,Male,26,Beauty,16,351.0,5616.0,4,2023,Youth,High
TX041541,2023-11-24,CUST0214,Male,49,Books,15,254.0,3810.0,4,2023,Middle Aged,High
TX041542,2023-11-24,CUST9195,Female,46,Electronics,20,167.0,3340.0,4,2023,Middle Aged,High
TX041543,2023-11-24,CUST1464,Female,61,Books,6,245.0,1470.0,4,2023,Retired,High
TX041544,2023-11-24,CUST1827,Female,66,Clothing,11,185.0,2035.0,4,2023,Retired,High
TX041545,2023-11-24,CUST6043,Female,29,Clothing,9,286.0,2574.0,4,2023,Youth,High
TX041546,2023-11-24,CUST2628,Male,23,Beauty,20,468.0,9360.0,4,2023,Teenager,High
TX041547,2023-11-24,CUST9806,Male,35,Sports,18,318.0,5724.0,4,2023,Youth,High
TX041548,2023-11-24,CUST1217,Female,66,Sports,8,410.0,3280.0,4,2023,Retired,High
TX041549,2023-11-24,CUST8241,Female,53,Sports,10,422.0,4220.0,4,2023,Middle Aged,High
TX041550,2023-11-24,CUST7210,Male,44,Beauty,6,345.0,2070.0,4,2023,Middle Aged,High
TX041551,2023-11-24,CUST9619,Female,61,Electronics,17,195.0,3315.0,4,2023,Retired,High
TX041552,2023-11-24,CUST9425,Male,64,Electronics,9,266.0,2394.0,4,2023,Retired,High
TX041553,2023-11-24,CUST6788,Male,70,Electronics,9,207.0,1863.0,4,2023,Retired,High
TX041554,2023-11-24,CUST7228,Female,67,Sports,19,177.0,3363.0,4,2023,Retired,High
TX041555,2023-11-24,CUST5646,Male,52,Books,19,237.0,4503.0,4,2023,Middle Aged,High
TX041556,2023-11-24,CUST0240,Female,49,Electronics,8,35.0,280.0,4,2023,Middle Aged,Medium
TX041557,2023-11-24,CUST1888,Male,35,Books,13,278.0,3614.0,4,2023,Youth,High
TX041558,2023-11-24,CUST1530,Male,37,Beauty,10,442.0,4420.0,4,2023,Youth,High
TX041559,2023-11-24,CUST4861,Female,51,Sports,15,29.0,435.0,4,2023,Middle Aged,Medium
TX041560,2023-11-24,CUST7835,Male,41,Books,16,311.0,4976.0,4,2023,Middle Aged,High
TX041561,2023-11-24,CUST4966,Male,51,Clothing,10,412.0,4120.0,4,2023,Middle Aged,High
TX041562,2023-11-24,CUST1305,Male,65,Books,12,241.0,2892.0,4,2023,Retired,High
TX041563,2023-11-24,CUST4686,Male,36,Electronics,13,162.0,2106.0,4,2023,Youth,High
TX041564,2023-11-24,CUST2153,Male,18,Sports,7,183.0,1281.0,4,2023,,High
TX041565,2023-11-24,CUST0337,Female,55,Beauty,20,136.0,2720.0,4,2023,Middle Aged,High
TX041566,2023-11-24,CUST9032,Male,65,Beauty,16,272.0,4352.0,4,2023,Retired,High
TX041567,2023-11-24,CUST3456,Male,55,Clothing,9,370.0,3330.0,4,2023,Middle Aged,High
TX041568,2023-11-24,CUST8500,Female,23,Beauty,2,360.0,720.0,4,2023,Teenager,High
TX041569,2023-11-24,CUST5316,Female,46,Beauty,13,430.0,5590.0,4,2023,Middle Aged,High
TX041570,2023-11-24,CUST9743,Female,67,Beauty,4,403.0,1612.0,4,2023,Retired,High
TX041571,2023-11-24,CUST5515,Female,51,Sports,1,300.0,300.0,4,2023,Middle Aged,Medium
TX041572,2023-11-24,CUST8597,Male,50,Beauty,10,144.0,1440.0,4,2023,Middle Aged,High
TX041573,2023-11-24,CUST5178,Female,46,Beauty,17,419.0,7123.0,4,2023,Middle Aged,High
TX041574,2023-11-24,CUST9167,Female,34,Sports,17,438.0,7446.0,4,2023,Youth,High
TX041575,2023-11-24,CUST6662,Male,30,Groceries,10,338.0,3380.0,4,2023,Youth,High
TX041576,2023-11-24,CUST2119,Female,40,Groceries,4,423.0,1692.0,4,2023,Youth,High
TX041577,2023-11-24,CUST4533,Male,42,Clothing,14,438.0,6132.0,4,2023,Middle Aged,High
TX041578,2023-11-24,CUST7057,Female,42,Electronics,9,372.0,3348.0,4,2023,Middle Aged,High
TX041579,2023-11-24,CUST6604,Female,46,Clothing,1,58.0,58.0,4,2023,Middle Aged,Low
TX041580,2023-11-24,CUST2082,Female,32,Books,8,285.0,2280.0,4,2023,Youth,High
TX041581,2023-11-24,CUST7246,Female,32,Clothing,9,377.0,3393.0,4,2023,Youth,High
TX041582,2023-11-24,CUST6400,Male,68,Electronics,2,470.0,940.0,4,2023,Retired,High
TX041583,2023-11-24,CUST3708,Male,67,Sports,6,203.0,1218.0,4,2023,Retired,High
TX041584,2023-11-24,CUST5091,Male,58,Books,14,92.0,1288.0,4,2023,Middle Aged,High
TX041585,2023-11-24,CUST0044,Male,45,Groceries,9,392.0,3528.0,4,2023,Middle Aged,High
TX041586,2023-11-24,CUST8749,Female,29,Groceries,9,137.0,1233.0,4,2023,Youth,High
TX041587,2023-11-24,CUST1426,Male,63,Groceries,9,408.0,3672.0,4,2023,Retired,High
TX041588,2023-11-24,CUST4799,Female,51,Sports,5,303.0,1515.0,4,2023,Middle Aged,High
TX041589,2023-11-24,CUST3138,Female,50,Clothing,10,424.0,4240.0,4,2023,Middle Aged,High
TX041590,2023-11-24,CUST6642,Male,45,Sports,3,259.0,777.0,4,2023,Middle Aged,High
TX041591,2023-11-24,CUST9079,Female,18,Clothing,7,69.0,483.0,4,2023,,Medium
TX041592,2023-11-24,CUST8344,Female,56,Groceries,6,342.0,2052.0,4,2023,Middle Aged,High
TX041593,2023-11-24,CUST0922,Female,24,Electronics,17,238.0,4046.0,4,2023,Teenager,High
TX041594,2023-11-24,CUST1926,Male,35,Electronics,8,176.0,1408.0,4,2023,Youth,High
TX041595,2023-11-24,CUST1737,Female,35,Books,16,317.0,5072.0,4,2023,Youth,High
TX041596,2023-11-24,CUST0633,Male,39,Electronics,10,390.0,3900.0,4,2023,Youth,High
TX041597,2023-11-24,CUST2789,Male,58,Electronics,3,271.0,813.0,4,2023,Middle Aged,High
TX041598,2023-11-24,CUST4828,Male,37,Groceries,10,109.0,1090.0,4,2023,Youth,High
TX041599,2023-11-24,CUST0449,Male,31,Groceries,12,122.0,1464.0,4,2023,Youth,High
TX041600,2023-11-24,CUST4560,Female,42,Sports,13,60.0,780.0,4,2023,Middle Aged,High
TX041601,2023-11-24,CUST8944,Female,51,Sports,14,249.0,3486.0,4,2023,Middle Aged,High
TX041602,2023-11-24,CUST9055,Female,50,Groceries,17,450.0,7650.0,4,2023,Middle Aged,High
TX041603,2023-11-24,CUST4320,Male,57,Books,6,303.0,1818.0,4,2023,Middle Aged,High
TX041604,2023-11-24,CUST2555,Female,27,Clothing,4,114.0,456.0,4,2023,Youth,Medium
TX041605,2023-11-24,CUST1287,Male,37,Electronics,3,221.0,663.0,4,2023,Youth,High
TX041606,2023-11-24,CUST6902,Female,43,Clothing,16,147.0,2352.0,4,2023,Middle Aged,High
TX041607,2023-11-24,CUST7070,Male,54,Sports,9,41.0,369.0,4,2023,Middle Aged,Medium
TX041608,2023-11-24,CUST4710,Female,27,Clothing,18,34.0,612.0,4,2023,Youth,High
TX041609,2023-11-24,CUST8279,Female,53,Groceries,16,335.0,5360.0,4,2023,Middle Aged,High
TX041610,2023-11-24,CUST5044,Male,63,Electronics,15,113.0,1695.0,4,2023,Retired,High
TX041611,2023-11-24,CUST6198,Female,26,Clothing,4,285.0,1140.0,4,2023,Youth,High
TX041612,2023-11-24,CUST3577,Female,22,Beauty,15,452.0,6780.0,4,2023,Teenager,High
TX041613,2023-11-24,CUST4773,Male,62,Clothing,10,147.0,1470.0,4,2023,Retired,High
TX041614,2023-11-24,CUST1008,Female,26,Beauty,13,145.0,1885.0,4,2023,Youth,High
TX041615,2023-11-24,CUST0090,Male,29,Clothing,14,433.0,6062.0,4,2023,Youth,High
TX041616,2023-11-24,CUST2222,Female,62,Sports,14,149.0,2086.0,4,2023,Retired,High
TX041617,2023-11-24,CUST4872,Female,53,Beauty,5,276.0,1380.0,4,2023,Middle Aged,High
TX041618,2023-11-24,CUST5016,Female,65,Sports,18,81.0,1458.0,4,2023,Retired,High
TX041619,2023-11-24,CUST6833,Male,27,Clothing,5,48.0,240.0,4,2023,Youth,Medium
TX041620,2023-11-24,CUST6088,Female,64,Clothing,16,208.0,3328.0,4,2023,Retired,High
TX041621,2023-11-24,CUST1916,Female,37,Electronics,11,276.0,3036.0,4,2023,Youth,High
TX041622,2023-11-24,CUST4223,Male,70,Sports,15,219.0,3285.0,4,2023,Retired,High
TX041623,2023-11-24,CUST2240,Female,59,Beauty,2,430.0,860.0,4,2023,Middle Aged,High
TX041624,2023-11-24,CUST6890,Male,60,Electronics,11,194.0,2134.0,4,2023,Middle Aged,High
TX041625,2023-11-24,CUST6975,Male,50,Sports,20,273.0,5460.0,4,2023,Middle Aged,High
TX041626,2023-11-24,CUST7263,Female,58,Clothing,17,262.0,4454.0,4,2023,Middle Aged,High
TX041627,2023-11-24,CUST6825,Female,39,Groceries,19,178.0,3382.0,4,2023,Youth,High
TX041628,2023-11-24,CUST0571,Female,46,Electronics,19,21.0,399.0,4,2023,Middle Aged,Medium
TX041629,2023-11-24,CUST1036,Male,26,Beauty,18,259.0,4662.0,4,2023,Youth,High
TX041630,2023-11-24,CUST2600,Female,64,Electronics,17,500.0,8500.0,4,2023,Retired,High
TX041631,2023-11-24,CUST6585,Female,50,Clothing,10,269.0,2690.0,4,2023,Middle Aged,High
TX041632,2023-11-24,CUST0756,Female,45,Groceries,7,250.0,1750.0,4,2023,Middle Aged,High
TX041633,2023-11-24,CUST3160,Male,59,Beauty,2,389.0,778.0,4,2023,Middle Aged,High
TX041634,2023-11-24,CUST7690,Female,62,Sports,8,73.0,584.0,4,2023,Retired,High
TX041635,2023-11-24,CUST3261,Male,63,Beauty,9,428.0,3852.0,4,2023,Retired,High
TX041636,2023-11-24,CUST4695,Female,26,Groceries,20,53.0,1060.0,4,2023,Youth,High
TX041637,2023-11-24,CUST7929,Male,57,Electronics,15,439.0,6585.0,4,2023,Middle Aged,High
TX041638,2023-11-24,CUST6000,Male,52,Beauty,6,10.0,60.0,4,2023,Middle Aged,Low
TX041639,2023-11-24,CUST0161,Male,32,Electronics,19,388.0,7372.0,4,2023,Youth,High
TX041640,2023-11-24,CUST1072,Male,38,Books,17,34.0,578.0,4,2023,Youth,High
TX041641,2023-11-24,CUST3057,Male,20,Clothing,17,324.0,5508.0,4,2023,Teenager,High
TX041642,2023-11-24,CUST2671,Female,26,Books,20,294.0,5880.0,4,2023,Youth,High
TX041643,2023-11-24,CUST0305,Male,53,Books,15,57.0,855.0,4,2023,Middle Aged,High
TX041644,2023-11-24,CUST3015,Female,36,Sports,3,482.0,1446.0,4,2023,Youth,High
TX041645,2023-11-24,CUST4562,Male,68,Sports,19,340.0,6460.0,4,2023,Retired,High
TX041646,2023-11-24,CUST9064,Female,43,Sports,19,444.0,8436.0,4,2023,Middle Aged,High
TX041647,2023-11-24,CUST0574,Female,42,Sports,19,469.0,8911.0,4,2023,Middle Aged,High
TX041648,2023-11-24,CUST0696,Male,47,Groceries,17,31.0,527.0,4,2023,Middle Aged,High
TX041649,2023-11-24,CUST9192,Male,40,Books,12,292.0,3504.0,4,2023,Youth,High
TX041650,2023-11-24,CUST4202,Male,39,Electronics,13,407.0,5291.0,4,2023,Youth,High
TX041651,2023-11-24,CUST6758,Male,67,Books,15,23.0,345.0,4,2023,Retired,Medium
TX041652,2023-11-24,CUST9114,Male,24,Sports,14,193.0,2702.0,4,2023,Teenager,High
TX041653,2023-11-24,CUST2327,Female,58,Electronics,16,317.0,5072.0,4,2023,Middle Aged,High
TX041654,2023-11-24,CUST6498,Male,44,Sports,5,280.0,1400.0,4,2023,Middle Aged,High
TX041655,2023-11-24,CUST6481,Female,52,Groceries,18,485.0,8730.0,4,2023,Middle Aged,High
TX041656,2023-11-24,CUST9473,Female,56,Groceries,14,283.0,3962.0,4,2023,Middle Aged,High
TX041657,2023-11-24,CUST9915,Female,44,Sports,12,99.0,1188.0,4,2023,Middle Aged,High
TX041658,2023-11-24,CUST3331,Male,40,Books,3,239.0,717.0,4,2023,Youth,High
TX041659,2023-11-24,CUST0579,Female,64,Sports,10,94.0,940.0,4,2023,Retired,High
TX041660,2023-11-24,CUST0165,Male,44,Books,8,267.0,2136.0,4,2023,Middle Aged,High
TX041661,2023-11-24,CUST3250,Female,57,Beauty,4,410.0,1640.0,4,2023,Middle Aged,High
TX041662,2023-11-24,CUST9382,Female,44,Electronics,7,287.0,2009.0,4,2023,Middle Aged,High
TX041663,2023-11-24,CUST3271,Male,67,Electronics,7,454.0,3178.0,4,2023,Retired,High
TX041664,2023-11-24,CUST2789,Female,23,Electronics,20,90.0,1800.0,4,2023,Teenager,High
TX041665,2023-11-24,CUST4000,Female,19,Clothing,2,223.0,446.0,4,2023,Teenager,Medium
TX041666,2023-11-24,CUST3989,Male,54,Electronics,14,374.0,5236.0,4,2023,Middle Aged,High
TX041667,2023-11-24,CUST6750,Male,68,Books,5,49.0,245.0,4,2023,Retired,Medium
TX041668,2023-11-24,CUST5825,Male,59,Sports,16,98.0,1568.0,4,2023,Middle Aged,High
TX041669,2023-11-24,CUST5982,Male,19,Beauty,8,469.0,3752.0,4,2023,Teenager,High
TX041670,2023-11-24,CUST9480,Male,57,Beauty,1,500.0,500.0,4,2023,Middle Aged,Medium
TX041671,2023-11-24,CUST1081,Female,67,Clothing,19,490.0,9310.0,4,2023,Retired,High
TX041672,2023-11-24,CUST2659,Male,54,Sports,13,192.0,2496.0,4,2023,Middle Aged,High
TX041673,2023-11-24,CUST1758,Female,39,Beauty,9,63.0,567.0,4,2023,Youth,High
TX041674,2023-11-24,CUST7630,Male,26,Electronics,9,174.0,1566.0,4,2023,Youth,High
TX041675,2023-11-24,CUST4437,Male,57,Sports,16,500.0,8000.0,4,2023,Middle Aged,High
TX041676,2023-11-24,CUST3379,Female,22,Electronics,1,160.0,160.0,4,2023,Teenager,Medium
TX041677,2023-11-24,CUST4751,Male,38,Groceries,11,57.0,627.0,4,2023,Youth,High
TX041678,2023-11-24,CUST1042,Female,44,Electronics,18,76.0,1368.0,4,2023,Middle Aged,High
TX041679,2023-11-24,CUST4783,Female,48,Electronics,17,221.0,3757.0,4,2023,Middle Aged,High
TX041680,2023-11-24,CUST3406,Male,42,Groceries,19,268.0,5092.0,4,2023,Middle Aged,High
TX041681,2023-11-24,CUST2625,Female,27,Books,1,317.0,317.0,4,2023,Youth,Medium
TX041682,2023-11-24,CUST6760,Male,51,Books,6,11.0,66.0,4,2023,Middle Aged,Low
TX041683,2023-11-24,CUST0159,Female,59,Electronics,14,151.0,2114.0,4,2023,Middle Aged,High
TX041684,2023-11-24,CUST1659,Female,36,Books,8,490.0,3920.0,4,2023,Youth,High
TX041685,2023-11-24,CUST1649,Male,18,Clothing,17,329.0,5593.0,4,2023,,High
TX041686,2023-11-24,CUST2547,Female,56,Sports,17,234.0,3978.0,4,2023,Middle Aged,High
TX041687,2023-11-24,CUST9521,Female,49,Clothing,13,395.0,5135.0,4,2023,Middle Aged,High
TX041688,2023-11-24,CUST6970,Female,36,Sports,10,10.0,100.0,4,2023,Youth,Low
TX041689,2023-11-24,CUST5550,Female,38,Electronics,9,491.0,4419.0,4,2023,Youth,High
TX041690,2023-11-24,CUST8808,Female,68,Electronics,2,239.0,478.0,4,2023,Retired,Medium
TX041691,2023-11-24,CUST3461,Male,45,Beauty,1,119.0,119.0,4,2023,Middle Aged,Medium
TX041692,2023-11-24,CUST4543,Male,44,Clothing,3,381.0,1143.0,4,2023,Middle Aged,High
TX041693,2023-11-24,CUST6972,Male,66,Electronics,6,47.0,282.0,4,2023,Retired,Medium
TX041694,2023-11-24,CUST3290,Female,23,Clothing,14,469.0,6566.0,4,2023,Teenager,High
TX041695,2023-11-24,CUST4378,Male,30,Clothing,16,436.0,6976.0,4,2023,Youth,High
TX041696,2023-11-24,CUST1938,Male,46,Groceries,11,34.0,374.0,4,2023,Middle Aged,Medium
TX041697,2023-11-24,CUST9452,Male,43,Books,2,113.0,226.0,4,2023,Middle Aged,Medium
TX041698,2023-11-24,CUST4739,Female,25,Sports,18,367.0,6606.0,4,2023,Teenager,High
TX041699,2023-11-24,CUST1703,Female,44,Clothing,19,148.0,2812.0,4,2023,Middle Aged,High
TX041700,2023-11-24,CUST4545,Male,35,Clothing,17,248.0,4216.0,4,2023,Youth,High
TX041701,2023-11-24,CUST1003,Female,59,Clothing,5,432.0,2160.0,4,2023,Middle Aged,High
TX041702,2023-11-24,CUST8428,Male,45,Electronics,6,347.0,2082.0,4,2023,Middle Aged,High
TX041703,2023-11-24,CUST7370,Male,42,Sports,7,271.0,1897.0,4,2023,Middle Aged,High
TX041704,2023-11-24,CUST9773,Male,64,Groceries,19,345.0,6555.0,4,2023,Retired,High
TX041705,2023-11-24,CUST7039,Male,27,Sports,7,378.0,2646.0,4,2023,Youth,High
TX041706,2023-11-24,CUST1953,Male,65,Clothing,15,389.0,5835.0,4,2023,Retired,High
TX041707,2023-11-24,CUST7942,Female,26,Clothing,7,115.0,805.0,4,2023,Youth,High
TX041708,2023-11-24,CUST4803,Male,61,Clothing,20,174.0,3480.0,4,2023,Retired,High
TX041709,2023-11-24,CUST7249,Male,25,Beauty,11,271.0,2981.0,4,2023,Teenager,High
TX041710,2023-11-24,CUST3848,Male,27,Electronics,5,339.0,1695.0,4,2023,Youth,High
TX041711,2023-11-24,CUST5998,Female,32,Books,14,26.0,364.0,4,2023,Youth,Medium
TX041712,2023-11-24,CUST3081,Male,26,Clothing,4,342.0,1368.0,4,2023,Youth,High
TX041713,2023-11-24,CUST0926,Male,44,Books,15,211.0,3165.0,4,2023,Middle Aged,High
TX041714,2023-11-24,CUST2215,Male,61,Beauty,20,31.0,620.0,4,2023,Retired,High
TX041715,2023-11-24,CUST4953,Male,49,Groceries,10,47.0,470.0,4,2023,Middle Aged,Medium
TX041716,2023-11-24,CUST9829,Male,25,Books,9,315.0,2835.0,4,2023,Teenager,High
TX041717,2023-11-24,CUST7784,Male,59,Books,17,337.0,5729.0,4,2023,Middle Aged,High
TX041718,2023-11-24,CUST9499,Female,31,Electronics,20,55.0,1100.0,4,2023,Youth,High
TX041719,2023-11-24,CUST0944,Male,58,Clothing,10,93.0,930.0,4,2023,Middle Aged,High
TX041720,2023-11-24,CUST9842,Female,35,Electronics,19,80.0,1520.0,4,2023,Youth,High
TX041721,2023-11-24,CUST2780,Female,48,Beauty,6,467.0,2802.0,4,2023,Middle Aged,High
TX041722,2023-11-24,CUST7746,Male,69,Beauty,11,489.0,5379.0,4,2023,Retired,High
TX041723,2023-11-24,CUST3045,Male,23,Clothing,4,478.0,1912.0,4,2023,Teenager,High
TX041724,2023-11-24,CUST3348,Male,65,Clothing,1,211.0,211.0,4,2023,Retired,Medium
TX041725,2023-11-24,CUST2288,Female,27,Clothing,8,91.0,728.0,4,2023,Youth,High
TX041726,2023-11-24,CUST5393,Male,46,Beauty,2,304.0,608.0,4,2023,Middle Aged,High
TX041727,2023-11-24,CUST6039,Female,32,Books,3,117.0,351.0,4,2023,Youth,Medium
TX041728,2023-11-24,CUST7431,Male,20,Books,14,99.0,1386.0,4,2023,Teenager,High
TX041729,2023-11-24,CUST7304,Female,22,Groceries,10,246.0,2460.0,4,2023,Teenager,High
TX041730,2023-11-24,CUST5585,Female,19,Beauty,2,206.0,412.0,4,2023,Teenager,Medium
TX041731,2023-11-24,CUST0870,Male,42,Groceries,19,500.0,9500.0,4,2023,Middle Aged,High
TX041732,2023-11-24,CUST1931,Female,19,Beauty,2,176.0,352.0,4,2023,Teenager,Medium
TX041733,2023-11-24,CUST3161,Female,55,Groceries,5,199.0,995.0,4,2023,Middle Aged,High
TX041734,2023-11-24,CUST5989,Female,31,Groceries,3,353.0,1059.0,4,2023,Youth,High
TX041735,2023-11-24,CUST8830,Female,37,Sports,6,498.0,2988.0,4,2023,Youth,High
TX041736,2023-11-24,CUST6080,Female,56,Groceries,2,38.0,76.0,4,2023,Middle Aged,Low
TX041737,2023-11-24,CUST0052,Female,31,Clothing,11,77.0,847.0,4,2023,Youth,High
TX041738,2023-11-24,CUST0289,Male,50,Groceries,7,484.0,3388.0,4,2023,Middle Aged,High
TX041739,2023-11-24,CUST7805,Female,28,Clothing,13,289.0,3757.0,4,2023,Youth,High
TX041740,2023-11-24,CUST9162,Male,24,Groceries,4,321.0,1284.0,4,2023,Teenager,High
TX041741,2023-11-24,CUST4303,Male,68,Groceries,14,239.0,3346.0,4,2023,Retired,High
TX041742,2023-11-24,CUST7199,Male,21,Groceries,16,420.0,6720.0,4,2023,Teenager,High
TX041743,2023-11-24,CUST5769,Female,44,Groceries,10,82.0,820.0,4,2023,Middle Aged,High
TX041744,2023-11-24,CUST8042,Female,39,Sports,12,10.0,120.0,4,2023,Youth,Medium
TX041745,2023-11-24,CUST4273,Female,70,Electronics,15,177.0,2655.0,4,2023,Retired,High
TX041746,2023-11-24,CUST4886,Female,53,Groceries,10,190.0,1900.0,4,2023,Middle Aged,High
TX041747,2023-11-24,CUST2780,Male,52,Clothing,13,136.0,1768.0,4,2023,Middle Aged,High
TX041748,2023-11-24,CUST0234,Male,34,Books,20,371.0,7420.0,4,2023,Youth,High
TX041749,2023-11-24,CUST8365,Female,51,Books,17,415.0,7055.0,4,2023,Middle Aged,High
TX041750,2023-11-24,CUST6929,Female,42,Books,11,331.0,3641.0,4,2023,Middle Aged,High
TX041751,2023-11-24,CUST1700,Female,42,Groceries,2,291.0,582.0,4,2023,Middle Aged,High
TX041752,2023-11-24,CUST3960,Male,57,Sports,17,186.0,3162.0,4,2023,Middle Aged,High
TX041753,2023-11-24,CUST8500,Female,69,Clothing,12,117.0,1404.0,4,2023,Retired,High
TX041754,2023-11-24,CUST0493,Male,65,Clothing,16,313.0,5008.0,4,2023,Retired,High
TX041755,2023-11-24,CUST0992,Male,24,Groceries,17,314.0,5338.0,4,2023,Teenager,High
TX041756,2023-11-24,CUST0067,Male,37,Sports,1,29.0,29.0,4,2023,Youth,Low
TX041757,2023-11-24,CUST9435,Male,31,Books,10,94.0,940.0,4,2023,Youth,High
TX041758,2023-11-24,CUST5815,Male,66,Clothing,6,471.0,2826.0,4,2023,Retired,High
TX041759,2023-11-24,CUST1368,Male,69,Beauty,17,36.0,612.0,4,2023,Retired,High
TX041760,2023-11-24,CUST4670,Female,62,Beauty,11,161.0,1771.0,4,2023,Retired,High
TX041761,2023-11-24,CUST7579,Male,37,Electronics,12,212.0,2544.0,4,2023,Youth,High
TX041762,2023-11-24,CUST6332,Female,57,Sports,14,347.0,4858.0,4,2023,Middle Aged,High
TX041763,2023-11-24,CUST9458,Female,28,Books,13,250.0,3250.0,4,2023,Youth,High
TX041764,2023-11-24,CUST9308,Female,64,Beauty,2,304.0,608.0,4,2023,Retired,High
TX041765,2023-11-24,CUST2633,Male,54,Books,3,113.0,339.0,4,2023,Middle Aged,Medium
TX041766,2023-11-24,CUST7454,Male,50,Electronics,11,86.0,946.0,4,2023,Middle Aged,High
TX041767,2023-11-24,CUST9316,Male,66,Books,19,175.0,3325.0,4,2023,Retired,High
TX041768,2023-11-24,CUST6124,Male,43,Books,12,334.0,4008.0,4,2023,Middle Aged,High
TX041769,2023-11-24,CUST4810,Male,44,Sports,16,386.0,6176.0,4,2023,Middle Aged,High
TX041770,2023-11-24,CUST5669,Male,35,Groceries,6,319.0,1914.0,4,2023,Youth,High
TX041771,2023-11-24,CUST5631,Male,57,Groceries,10,407.0,4070.0,4,2023,Middle Aged,High
TX041772,2023-11-24,CUST8746,Male,18,Electronics,7,83.0,581.0,4,2023,,High
TX041773,2023-11-24,CUST2328,Male,65,Books,11,292.0,3212.0,4,2023,Retired,High
TX041774,2023-11-24,CUST6012,Male,25,Electronics,1,384.0,384.0,4,2023,Teenager,Medium
TX041775,2023-11-24,CUST9240,Male,44,Electronics,16,47.0,752.0,4,2023,Middle Aged,High
TX041776,2023-11-24,CUST6628,Male,34,Books,1,68.0,68.0,4,2023,Youth,Low
TX041777,2023-11-24,CUST9610,Male,35,Electronics,18,192.0,3456.0,4,2023,Youth,High
TX041778,2023-11-24,CUST5143,Male,33,Electronics,3,159.0,477.0,4,2023,Youth,Medium
TX041779,2023-11-24,CUST6708,Female,60,Beauty,11,62.0,682.0,4,2023,Middle Aged,High
TX041780,2023-11-24,CUST0411,Male,67,Clothing,1,219.0,219.0,4,2023,Retired,Medium
TX041781,2023-11-24,CUST1309,Male,45,Groceries,12,128.0,1536.0,4,2023,Middle Aged,High
TX041782,2023-11-24,CUST6446,Male,55,Books,14,230.0,3220.0,4,2023,Middle Aged,High
TX041783,2023-11-24,CUST1391,Female,24,Beauty,13,388.0,5044.0,4,2023,Teenager,High
TX041784,2023-11-24,CUST6195,Female,58,Beauty,3,287.0,861.0,4,2023,Middle Aged,High
TX041785,2023-11-24,CUST7056,Male,34,Books,8,362.0,2896.0,4,2023,Youth,High
TX041786,2023-11-24,CUST5312,Male,20,Sports,15,461.0,6915.0,4,2023,Teenager,High
TX041787,2023-11-24,CUST0193,Male,69,Beauty,18,170.0,3060.0,4,2023,Retired,High
TX041788,2023-11-24,CUST7575,Male,40,Books,16,210.0,3360.0,4,2023,Youth,High
TX041789,2023-11-24,CUST3149,Female,68,Groceries,12,278.0,3336.0,4,2023,Retired,High
TX041790,2023-11-24,CUST5711,Female,29,Beauty,1,227.0,227.0,4,2023,Youth,Medium
TX041791,2023-11-24,CUST1873,Male,49,Books,13,239.0,3107.0,4,2023,Middle Aged,High
TX041792,2023-11-24,CUST6900,Male,21,Sports,13,292.0,3796.0,4,2023,Teenager,High
TX041793,2023-11-24,CUST6833,Male,40,Electronics,2,475.0,950.0,4,2023,Youth,High
TX041794,2023-11-24,CUST0062,Male,62,Books,12,492.0,5904.0,4,2023,Retired,High
TX041795,2023-11-24,CUST4877,Female,24,Books,6,117.0,702.0,4,2023,Teenager,High
TX041796,2023-11-24,CUST4733,Female,67,Sports,19,234.0,4446.0,4,2023,Retired,High
TX041797,2023-11-24,CUST5695,Female,27,Clothing,4,309.0,1236.0,4,2023,Youth,High
TX041798,2023-11-24,CUST1344,Female,46,Groceries,18,444.0,7992.0,4,2023,Middle Aged,High
TX041799,2023-11-24,CUST6033,Female,53,Clothing,5,399.0,1995.0,4,2023,Middle Aged,High
TX041800,2023-11-24,CUST4736,Male,31,Electronics,10,358.0,3580.0,4,2023,Youth,High
TX041801,2023-11-24,CUST0731,Male,19,Sports,15,97.0,1455.0,4,2023,Teenager,High
TX041802,2023-11-24,CUST9487,Male,47,Books,3,114.0,342.0,4,2023,Middle Aged,Medium
TX041803,2023-11-24,CUST0804,Female,19,Books,16,187.0,2992.0,4,2023,Teenager,High
TX041804,2023-11-24,CUST3972,Male,19,Groceries,3,370.0,1110.0,4,2023,Teenager,High
TX041805,2023-11-24,CUST9142,Male,27,Books,18,409.0,7362.0,4,2023,Youth,High
TX041806,2023-11-24,CUST1376,Male,58,Electronics,4,80.0,320.0,4,2023,Middle Aged,Medium
TX041807,2023-11-24,CUST0061,Male,35,Beauty,4,80.0,320.0,4,2023,Youth,Medium
TX041808,2023-11-24,CUST9785,Male,46,Beauty,18,367.0,6606.0,4,2023,Middle Aged,High
TX041809,2023-11-24,CUST0482,Female,37,Sports,8,150.0,1200.0,4,2023,Youth,High
TX041810,2023-11-24,CUST0958,Male,29,Beauty,14,62.0,868.0,4,2023,Youth,High
TX041811,2023-11-24,CUST1341,Male,62,Books,7,462.0,3234.0,4,2023,Retired,High
TX041812,2023-11-24,CUST4794,Female,33,Beauty,7,264.0,1848.0,4,2023,Youth,High
TX041813,2023-11-24,CUST0777,Female,57,Sports,8,33.0,264.0,4,2023,Middle Aged,Medium
TX041814,2023-11-24,CUST1134,Female,43,Beauty,11,412.0,4532.0,4,2023,Middle Aged,High
TX041815,2023-11-24,CUST0058,Male,64,Beauty,4,327.0,1308.0,4,2023,Retired,High
TX041816,2023-11-24,CUST0992,Female,61,Sports,11,434.0,4774.0,4,2023,Retired,High
TX041817,2023-11-24,CUST9197,Male,22,Books,20,164.0,3280.0,4,2023,Teenager,High
TX041818,2023-11-24,CUST2801,Male,47,Beauty,3,155.0,465.0,4,2023,Middle Aged,Medium
TX041819,2023-11-24,CUST2878,Male,64,Groceries,18,345.0,6210.0,4,2023,Retired,High
TX041820,2023-11-24,CUST7727,Male,45,Beauty,16,196.0,3136.0,4,2023,Middle Aged,High
TX041821,2023-11-24,CUST6698,Female,51,Beauty,15,160.0,2400.0,4,2023,Middle Aged,High
TX041822,2023-11-24,CUST8538,Male,25,Electronics,19,485.0,9215.0,4,2023,Teenager,High
TX041823,2023-11-24,CUST2976,Female,49,Electronics,17,436.0,7412.0,4,2023,Middle Aged,High
TX041824,2023-11-24,CUST7053,Male,57,Electronics,8,144.0,1152.0,4,2023,Middle Aged,High
TX041825,2023-11-24,CUST5720,Female,58,Books,19,329.0,6251.0,4,2023,Middle Aged,High
TX041826,2023-11-24,CUST6716,Female,48,Sports,15,328.0,4920.0,4,2023,Middle Aged,High
TX041827,2023-11-24,CUST3484,Male,66,Electronics,9,198.0,1782.0,4,2023,Retired,High
TX041828,2023-11-24,CUST0424,Female,33,Electronics,18,487.0,8766.0,4,2023,Youth,High
TX041829,2023-11-24,CUST7441,Male,56,Beauty,12,63.0,756.0,4,2023,Middle Aged,High
TX041830,2023-11-24,CUST3301,Female,33,Books,12,81.0,972.0,4,2023,Youth,High
TX041831,2023-11-24,CUST4040,Female,58,Electronics,11,23.0,253.0,4,2023,Middle Aged,Medium
TX041832,2023-11-24,CUST1024,Male,35,Beauty,8,34.0,272.0,4,2023,Youth,Medium
TX041833,2023-11-24,CUST2298,Male,26,Groceries,2,29.0,58.0,4,2023,Youth,Low
TX041834,2023-11-24,CUST7590,Male,54,Books,3,210.0,630.0,4,2023,Middle Aged,High
TX041835,2023-11-24,CUST6935,Male,64,Sports,3,248.0,744.0,4,2023,Retired,High
TX041836,2023-11-24,CUST7690,Female,34,Clothing,6,67.0,402.0,4,2023,Youth,Medium
TX041837,2023-11-24,CUST5189,Male,29,Groceries,10,369.0,3690.0,4,2023,Youth,High
TX041838,2023-11-24,CUST2257,Female,35,Sports,13,148.0,1924.0,4,2023,Youth,High
TX041839,2023-11-24,CUST3574,Male,23,Sports,20,260.0,5200.0,4,2023,Teenager,High
TX041840,2023-11-24,CUST1949,Male,34,Groceries,2,215.0,430.0,4,2023,Youth,Medium
TX041841,2023-11-24,CUST4194,Female,56,Sports,5,152.0,760.0,4,2023,Middle Aged,High
TX041842,2023-11-24,CUST4321,Male,27,Electronics,6,442.0,2652.0,4,2023,Youth,High
TX041843,2023-11-24,CUST5968,Male,64,Books,9,30.0,270.0,4,2023,Retired,Medium
TX041844,2023-11-24,CUST3004,Male,27,Books,3,305.0,915.0,4,2023,Youth,High
TX041845,2023-11-24,CUST3482,Male,30,Books,2,100.0,200.0,4,2023,Youth,Medium
TX041846,2023-11-24,CUST8418,Female,25,Electronics,7,146.0,1022.0,4,2023,Teenager,High
TX041847,2023-11-24,CUST1490,Female,37,Books,12,310.0,3720.0,4,2023,Youth,High
TX041848,2023-11-24,CUST7106,Male,63,Sports,13,36.0,468.0,4,2023,Retired,Medium
TX041849,2023-11-24,CUST4948,Female,25,Electronics,17,462.0,7854.0,4,2023,Teenager,High
TX041850,2023-11-24,CUST8692,Male,23,Beauty,3,244.0,732.0,4,2023,Teenager,High
TX041851,2023-11-24,CUST7620,Male,49,Clothing,19,486.0,9234.0,4,2023,Middle Aged,High
TX041852,2023-11-24,CUST0750,Female,54,Electronics,6,356.0,2136.0,4,2023,Middle Aged,High
TX041853,2023-11-24,CUST8440,Male,65,Sports,13,217.0,2821.0,4,2023,Retired,High
TX041854,2023-11-24,CUST4911,Female,67,Groceries,5,480.0,2400.0,4,2023,Retired,High
TX041855,2023-11-24,CUST0758,Male,65,Sports,19,307.0,5833.0,4,2023,Retired,High
TX041856,2023-11-24,CUST2642,Female,31,Electronics,2,76.0,152.0,4,2023,Youth,Medium
TX041857,2023-11-24,CUST1019,Female,55,Groceries,16,128.0,2048.0,4,2023,Middle Aged,High
TX041858,2023-11-24,CUST3343,Female,59,Sports,3,302.0,906.0,4,2023,Middle Aged,High
TX041859,2023-11-24,CUST7180,Male,19,Books,15,186.0,2790.0,4,2023,Teenager,High
TX041860,2023-11-24,CUST9660,Female,70,Clothing,8,435.0,3480.0,4,2023,Retired,High
TX041861,2023-11-24,CUST5766,Male,40,Sports,4,173.0,692.0,4,2023,Youth,High
TX041862,2023-11-24,CUST4843,Male,69,Groceries,6,353.0,2118.0,4,2023,Retired,High
TX041863,2023-11-24,CUST9601,Male,48,Electronics,12,188.0,2256.0,4,2023,Middle Aged,High
TX041864,2023-11-24,CUST3337,Male,42,Electronics,8,458.0,3664.0,4,2023,Middle Aged,High
TX041865,2023-11-24,CUST7787,Female,36,Books,7,355.0,2485.0,4,2023,Youth,High
TX041866,2023-11-24,CUST8497,Male,26,Clothing,16,374.0,5984.0,4,2023,Youth,High
TX041867,2023-11-24,CUST4131,Female,53,Sports,5,17.0,85.0,4,2023,Middle Aged,Low
TX041868,2023-11-24,CUST3972,Male,55,Groceries,13,124.0,1612.0,4,2023,Middle Aged,High
TX041869,2023-11-24,CUST0457,Female,67,Electronics,13,48.0,624.0,4,2023,Retired,High
TX041870,2023-11-24,CUST8794,Male,41,Electronics,10,311.0,3110.0,4,2023,Middle Aged,High
TX041871,2023-11-24,CUST4597,Male,47,Books,4,37.0,148.0,4,2023,Middle Aged,Medium
TX041872,2023-11-24,CUST7631,Female,36,Electronics,9,102.0,918.0,4,2023,Youth,High
TX041873,2023-11-24,CUST5601,Female,34,Electronics,7,378.0,2646.0,4,2023,Youth,High
TX041874,2023-11-24,CUST8426,Male,18,Books,20,297.0,5940.0,4,2023,,High
TX041875,2023-11-24,CUST5554,Female,66,Groceries,15,315.0,4725.0,4,2023,Retired,High
TX041876,2023-11-24,CUST8960,Male,18,Electronics,20,354.0,7080.0,4,2023,,High
TX041877,2023-11-24,CUST7636,Male,39,Books,3,317.0,951.0,4,2023,Youth,High
TX041878,2023-11-24,CUST9915,Female,19,Electronics,13,206.0,2678.0,4,2023,Teenager,High
TX041879,2023-11-24,CUST8739,Male,45,Beauty,16,469.0,7504.0,4,2023,Middle Aged,High
TX041880,2023-11-24,CUST9654,Female,63,Electronics,15,78.0,1170.0,4,2023,Retired,High
TX041881,2023-11-24,CUST4400,Male,53,Books,8,485.0,3880.0,4,2023,Middle Aged,High
TX041882,2023-11-24,CUST4386,Female,47,Clothing,4,191.0,764.0,4,2023,Middle Aged,High
TX041883,2023-11-24,CUST1270,Female,59,Groceries,12,27.0,324.0,4,2023,Middle Aged,Medium
TX041884,2023-11-24,CUST6345,Male,59,Books,14,144.0,2016.0,4,2023,Middle Aged,High
TX041885,2023-11-24,CUST5228,Female,46,Groceries,1,468.0,468.0,4,2023,Middle Aged,Medium
TX041886,2023-11-24,CUST7886,Male,28,Books,6,124.0,744.0,4,2023,Youth,High
TX041887,2023-11-24,CUST7494,Female,70,Books,18,202.0,3636.0,4,2023,Retired,High
TX041888,2023-11-24,CUST6208,Male,48,Beauty,20,477.0,9540.0,4,2023,Middle Aged,High
TX041889,2023-11-24,CUST4378,Male,49,Groceries,15,286.0,4290.0,4,2023,Middle Aged,High
TX041890,2023-11-24,CUST5971,Female,19,Beauty,2,86.0,172.0,4,2023,Teenager,Medium
TX041891,2023-11-24,CUST0860,Female,56,Sports,6,468.0,2808.0,4,2023,Middle Aged,High
TX041892,2023-11-24,CUST6703,Female,26,Clothing,9,377.0,3393.0,4,2023,Youth,High
TX041893,2023-11-24,CUST6052,Female,64,Beauty,2,116.0,232.0,4,2023,Retired,Medium
TX041894,2023-11-24,CUST0550,Female,42,Electronics,14,72.0,1008.0,4,2023,Middle Aged,High
TX041895,2023-11-24,CUST0648,Male,59,Clothing,8,493.0,3944.0,4,2023,Middle Aged,High
TX041896,2023-11-24,CUST3003,Female,70,Clothing,7,379.0,2653.0,4,2023,Retired,High
TX041897,2023-11-24,CUST9553,Female,50,Groceries,14,335.0,4690.0,4,2023,Middle Aged,High
TX041898,2023-11-24,CUST2537,Female,59,Groceries,14,189.0,2646.0,4,2023,Middle Aged,High
TX041899,2023-11-24,CUST2132,Female,41,Electronics,20,246.0,4920.0,4,2023,Middle Aged,High
TX041900,2023-11-24,CUST2065,Male,67,Sports,13,492.0,6396.0,4,2023,Retired,High
TX041901,2023-11-24,CUST6134,Female,20,Beauty,8,454.0,3632.0,4,2023,Teenager,High
TX041902,2023-11-24,CUST6880,Female,61,Clothing,18,132.0,2376.0,4,2023,Retired,High
TX041903,2023-11-24,CUST7452,Male,22,Sports,10,26.0,260.0,4,2023,Teenager,Medium
TX041904,2023-11-24,CUST2079,Female,70,Electronics,8,135.0,1080.0,4,2023,Retired,High
TX041905,2023-11-24,CUST9024,Male,46,Clothing,6,173.0,1038.0,4,2023,Middle Aged,High
TX041906,2023-11-24,CUST8373,Male,29,Groceries,12,25.0,300.0,4,2023,Youth,Medium
TX041907,2023-11-24,CUST6653,Male,35,Groceries,16,47.0,752.0,4,2023,Youth,High
TX041908,2023-11-24,CUST9191,Female,21,Beauty,11,441.0,4851.0,4,2023,Teenager,High
TX041909,2023-11-24,CUST2258,Female,40,Clothing,9,206.0,1854.0,4,2023,Youth,High
TX041910,2023-11-24,CUST2373,Male,62,Books,1,60.0,60.0,4,2023,Retired,Low
TX041911,2023-11-24,CUST6036,Female,33,Electronics,19,114.0,2166.0,4,2023,Youth,High
TX041912,2023-11-24,CUST5802,Male,37,Beauty,14,14.0,196.0,4,2023,Youth,Medium
TX041913,2023-11-24,CUST6186,Female,47,Groceries,15,310.0,4650.0,4,2023,Middle Aged,High
TX041914,2023-11-24,CUST3168,Female,28,Beauty,15,161.0,2415.0,4,2023,Youth,High
TX041915,2023-11-24,CUST1375,Male,29,Groceries,11,471.0,5181.0,4,2023,Youth,High
TX041916,2023-11-24,CUST1233,Male,66,Beauty,9,258.0,2322.0,4,2023,Retired,High
TX041917,2023-11-24,CUST8568,Male,27,Groceries,9,422.0,3798.0,4,2023,Youth,High
TX041918,2023-11-24,CUST3211,Male,61,Electronics,3,427.0,1281.0,4,2023,Retired,High
TX041919,2023-11-24,CUST1780,Male,30,Sports,7,246.0,1722.0,4,2023,Youth,High
TX041920,2023-11-24,CUST5128,Male,54,Sports,3,348.0,1044.0,4,2023,Middle Aged,High
TX041921,2023-11-24,CUST4524,Male,21,Books,1,463.0,463.0,4,2023,Teenager,Medium
TX041922,2023-11-24,CUST4780,Male,37,Books,17,198.0,3366.0,4,2023,Youth,High
TX041923,2023-11-24,CUST2232,Female,27,Books,2,263.0,526.0,4,2023,Youth,High
TX041924,2023-11-24,CUST1587,Female,37,Electronics,13,181.0,2353.0,4,2023,Youth,High
TX041925,2023-11-24,CUST4667,Male,35,Electronics,16,478.0,7648.0,4,2023,Youth,High
TX041926,2023-11-24,CUST9989,Female,48,Clothing,14,458.0,6412.0,4,2023,Middle Aged,High
TX041927,2023-11-24,CUST1295,Female,23,Books,10,265.0,2650.0,4,2023,Teenager,High
TX041928,2023-11-24,CUST0193,Female,30,Beauty,18,316.0,5688.0,4,2023,Youth,High
TX041929,2023-11-24,CUST5193,Male,50,Clothing,4,153.0,612.0,4,2023,Middle Aged,High
TX041930,2023-11-24,CUST3008,Female,70,Electronics,5,284.0,1420.0,4,2023,Retired,High
TX041931,2023-11-24,CUST7429,Female,42,Beauty,3,355.0,1065.0,4,2023,Middle Aged,High
TX041932,2023-11-24,CUST3894,Male,64,Groceries,14,194.0,2716.0,4,2023,Retired,High
TX041933,2023-11-24,CUST3973,Male,51,Beauty,6,113.0,678.0,4,2023,Middle Aged,High
TX041934,2023-11-24,CUST6180,Male,57,Groceries,18,499.0,8982.0,4,2023,Middle Aged,High
TX041935,2023-11-24,CUST1189,Female,47,Electronics,4,199.0,796.0,4,2023,Middle Aged,High
TX041936,2023-11-24,CUST3794,Male,18,Electronics,8,432.0,3456.0,4,2023,,High
TX041937,2023-11-24,CUST7386,Female,21,Clothing,8,99.0,792.0,4,2023,Teenager,High
TX041938,2023-11-24,CUST1265,Male,51,Clothing,19,64.0,1216.0,4,2023,Middle Aged,High
TX041939,2023-11-24,CUST8137,Male,36,Beauty,4,64.0,256.0,4,2023,Youth,Medium
TX041940,2023-11-24,CUST5124,Female,67,Electronics,20,184.0,3680.0,4,2023,Retired,High
TX041941,2023-11-24,CUST2299,Male,18,Clothing,3,407.0,1221.0,4,2023,,High
TX041942,2023-11-24,CUST7200,Male,61,Sports,16,326.0,5216.0,4,2023,Retired,High
TX041943,2023-11-24,CUST4237,Male,56,Sports,2,485.0,970.0,4,2023,Middle Aged,High
TX041944,2023-11-24,CUST7995,Male,60,Books,20,288.0,5760.0,4,2023,Middle Aged,High
TX041945,2023-11-24,CUST4523,Male,31,Books,20,292.0,5840.0,4,2023,Youth,High
TX041946,2023-11-24,CUST9029,Male,36,Groceries,16,143.0,2288.0,4,2023,Youth,High
TX041947,2023-11-24,CUST9477,Female,49,Beauty,17,271.0,4607.0,4,2023,Middle Aged,High
TX041948,2023-11-24,CUST5768,Male,58,Sports,19,200.0,3800.0,4,2023,Middle Aged,High
TX041949,2023-11-24,CUST2187,Female,68,Groceries,11,323.0,3553.0,4,2023,Retired,High
TX041950,2023-11-24,CUST5857,Female,34,Groceries,4,427.0,1708.0,4,2023,Youth,High
TX041951,2023-11-24,CUST9698,Male,42,Books,5,349.0,1745.0,4,2023,Middle Aged,High
TX041952,2023-11-24,CUST6082,Female,23,Sports,5,395.0,1975.0,4,2023,Teenager,High
TX041953,2023-11-24,CUST8413,Male,70,Beauty,5,292.0,1460.0,4,2023,Retired,High
TX041954,2023-11-24,CUST7757,Female,32,Sports,16,268.0,4288.0,4,2023,Youth,High
TX041955,2023-11-24,CUST9207,Female,36,Clothing,18,383.0,6894.0,4,2023,Youth,High
TX041956,2023-11-24,CUST3702,Female,43,Beauty,17,234.0,3978.0,4,2023,Middle Aged,High
TX041957,2023-11-24,CUST9165,Male,48,Sports,9,223.0,2007.0,4,2023,Middle Aged,High
TX041958,2023-11-24,CUST7402,Male,38,Beauty,7,125.0,875.0,4,2023,Youth,High
TX041959,2023-11-24,CUST5873,Male,42,Sports,15,68.0,1020.0,4,2023,Middle Aged,High
TX041960,2023-11-24,CUST2080,Female,46,Sports,20,444.0,8880.0,4,2023,Middle Aged,High
TX041961,2023-11-24,CUST1967,Female,50,Books,1,40.0,40.0,4,2023,Middle Aged,Low
TX041962,2023-11-24,CUST6439,Male,69,Sports,10,462.0,4620.0,4,2023,Retired,High
TX041963,2023-11-24,CUST9765,Female,28,Electronics,7,458.0,3206.0,4,2023,Youth,High
TX041964,2023-11-24,CUST8925,Female,53,Books,10,69.0,690.0,4,2023,Middle Aged,High
TX041965,2023-11-24,CUST4055,Female,60,Clothing,10,102.0,1020.0,4,2023,Middle Aged,High
TX041966,2023-11-24,CUST8416,Female,20,Groceries,4,108.0,432.0,4,2023,Teenager,Medium
TX041967,2023-11-24,CUST0223,Male,20,Beauty,8,248.0,1984.0,4,2023,Teenager,High
TX041968,2023-11-24,CUST6845,Female,28,Sports,17,376.0,6392.0,4,2023,Youth,High
TX041969,2023-11-24,CUST2225,Female,21,Clothing,4,199.0,796.0,4,2023,Teenager,High
TX041970,2023-11-24,CUST3920,Female,62,Sports,14,98.0,1372.0,4,2023,Retired,High
TX041971,2023-11-24,CUST1861,Female,62,Clothing,20,203.0,4060.0,4,2023,Retired,High
TX041972,2023-11-24,CUST1563,Female,22,Electronics,3,432.0,1296.0,4,2023,Teenager,High
TX041973,2023-11-24,CUST1179,Female,34,Sports,19,466.0,8854.0,4,2023,Youth,High
TX041974,2023-11-24,CUST3873,Male,42,Electronics,6,480.0,2880.0,4,2023,Middle Aged,High
TX041975,2023-11-24,CUST9430,Female,50,Clothing,14,426.0,5964.0,4,2023,Middle Aged,High
TX041976,2023-11-24,CUST8246,Male,48,Sports,9,74.0,666.0,4,2023,Middle Aged,High
TX041977,2023-11-24,CUST2170,Male,68,Clothing,7,320.0,2240.0,4,2023,Retired,High
TX041978,2023-11-24,CUST6352,Male,56,Electronics,14,314.0,4396.0,4,2023,Middle Aged,High
TX041979,2023-11-24,CUST1569,Male,42,Books,8,209.0,1672.0,4,2023,Middle Aged,High
TX041980,2023-11-24,CUST3530,Male,57,Clothing,15,443.0,6645.0,4,2023,Middle Aged,High
TX041981,2023-11-24,CUST3562,Male,70,Sports,18,439.0,7902.0,4,2023,Retired,High
TX041982,2023-11-24,CUST7792,Male,51,Sports,5,61.0,305.0,4,2023,Middle Aged,Medium
TX041983,2023-11-24,CUST1066,Male,29,Sports,1,251.0,251.0,4,2023,Youth,Medium
TX041984,2023-11-24,CUST1501,Female,64,Sports,13,50.0,650.0,4,2023,Retired,High
TX041985,2023-11-24,CUST6854,Female,48,Electronics,2,473.0,946.0,4,2023,Middle Aged,High
TX041986,2023-11-24,CUST2836,Male,27,Beauty,7,351.0,2457.0,4,2023,Youth,High
TX041987,2023-11-24,CUST3129,Female,54,Beauty,19,46.0,874.0,4,2023,Middle Aged,High
TX041988,2023-11-24,CUST3346,Female,50,Books,14,275.0,3850.0,4,2023,Middle Aged,High
TX041989,2023-11-24,CUST1458,Male,28,Beauty,12,141.0,1692.0,4,2023,Youth,High
TX041990,2023-11-24,CUST3697,Female,50,Clothing,19,397.0,7543.0,4,2023,Middle Aged,High
TX041991,2023-11-24,CUST8414,Female,24,Beauty,1,331.0,331.0,4,2023,Teenager,Medium
TX041992,2023-11-24,CUST0690,Female,42,Sports,10,167.0,1670.0,4,2023,Middle Aged,High
TX041993,2023-11-24,CUST1710,Male,35,Sports,11,152.0,1672.0,4,2023,Youth,High
TX041994,2023-11-24,CUST9071,Male,46,Clothing,15,145.0,2175.0,4,2023,Middle Aged,High
TX041995,2023-11-24,CUST4807,Male,24,Groceries,5,288.0,1440.0,4,2023,Teenager,High
TX041996,2023-11-24,CUST3706,Male,33,Books,10,317.0,3170.0,4,2023,Youth,High
TX041997,2023-11-24,CUST5322,Female,33,Beauty,2,288.0,576.0,4,2023,Youth,High
TX041998,2023-11-24,CUST0377,Female,18,Electronics,7,315.0,2205.0,4,2023,,High
TX041999,2023-11-24,CUST5290,Female,27,Beauty,11,464.0,5104.0,4,2023,Youth,High
TX042000,2023-11-24,CUST2608,Male,33,Books,15,458.0,6870.0,4,2023,Youth,High
TX042001,2023-11-24,CUST8124,Male,29,Beauty,5,116.0,580.0,4,2023,Youth,High
TX042002,2023-11-24,CUST5320,Male,61,Electronics,7,386.0,2702.0,4,2023,Retired,High
TX042003,2023-11-24,CUST0837,Male,65,Beauty,18,422.0,7596.0,4,2023,Retired,High
TX042004,2023-11-24,CUST5195,Male,63,Sports,8,373.0,2984.0,4,2023,Retired,High
TX042005,2023-11-24,CUST8378,Female,42,Books,10,372.0,3720.0,4,2023,Middle Aged,High
TX042006,2023-11-24,CUST6888,Female,65,Sports,3,222.0,666.0,4,2023,Retired,High
TX042007,2023-11-24,CUST2660,Male,62,Electronics,12,388.0,4656.0,4,2023,Retired,High
TX042008,2023-11-24,CUST3090,Male,34,Sports,5,247.0,1235.0,4,2023,Youth,High
TX042009,2023-11-24,CUST9662,Female,47,Clothing,5,499.0,2495.0,4,2023,Middle Aged,High
TX042010,2023-11-24,CUST0561,Male,62,Beauty,8,401.0,3208.0,4,2023,Retired,High
TX042011,2023-11-24,CUST1174,Female,36,Groceries,9,11.0,99.0,4,2023,Youth,Low
TX042012,2023-11-24,CUST1242,Male,65,Beauty,3,68.0,204.0,4,2023,Retired,Medium
TX042013,2023-11-24,CUST7790,Male,63,Books,9,113.0,1017.0,4,2023,Retired,High
TX042014,2023-11-24,CUST7629,Male,69,Books,19,60.0,1140.0,4,2023,Retired,High
TX042015,2023-11-24,CUST8628,Male,36,Clothing,7,300.0,2100.0,4,2023,Youth,High
TX042016,2023-11-24,CUST6065,Male,36,Electronics,9,196.0,1764.0,4,2023,Youth,High
TX042017,2023-11-24,CUST6764,Male,34,Sports,16,108.0,1728.0,4,2023,Youth,High
TX042018,2023-11-24,CUST5260,Male,66,Clothing,12,218.0,2616.0,4,2023,Retired,High
TX042019,2023-11-24,CUST7269,Female,50,Groceries,6,296.0,1776.0,4,2023,Middle Aged,High
TX042020,2023-11-24,CUST6624,Male,31,Electronics,5,53.0,265.0,4,2023,Youth,Medium
TX042021,2023-11-24,CUST9704,Male,46,Clothing,19,243.0,4617.0,4,2023,Middle Aged,High
TX042022,2023-11-24,CUST0160,Female,34,Clothing,8,173.0,1384.0,4,2023,Youth,High
TX042023,2023-11-24,CUST6414,Female,48,Books,20,482.0,9640.0,4,2023,Middle Aged,High
TX042024,2023-11-24,CUST6188,Male,50,Beauty,17,35.0,595.0,4,2023,Middle Aged,High
TX042025,2023-11-24,CUST8334,Male,43,Groceries,9,297.0,2673.0,4,2023,Middle Aged,High
TX042026,2023-11-24,CUST0540,Male,30,Books,7,405.0,2835.0,4,2023,Youth,High
TX042027,2023-11-24,CUST9805,Male,35,Sports,8,324.0,2592.0,4,2023,Youth,High
TX042028,2023-11-24,CUST3217,Male,55,Groceries,8,384.0,3072.0,4,2023,Middle Aged,High
TX042029,2023-11-24,CUST9644,Female,30,Electronics,13,143.0,1859.0,4,2023,Youth,High
TX042030,2023-11-24,CUST8716,Female,41,Clothing,10,493.0,4930.0,4,2023,Middle Aged,High
TX042031,2023-11-24,CUST2403,Female,28,Beauty,3,382.0,1146.0,4,2023,Youth,High
TX042032,2023-11-24,CUST8439,Male,62,Beauty,4,325.0,1300.0,4,2023,Retired,High
TX042033,2023-11-24,CUST7459,Male,42,Beauty,4,76.0,304.0,4,2023,Middle Aged,Medium
TX042034,2023-11-24,CUST7753,Male,21,Clothing,6,163.0,978.0,4,2023,Teenager,High
TX042035,2023-11-24,CUST3116,Male,52,Clothing,6,55.0,330.0,4,2023,Middle Aged,Medium
TX042036,2023-11-24,CUST8935,Male,64,Sports,3,277.0,831.0,4,2023,Retired,High
TX042037,2023-11-24,CUST9831,Male,42,Groceries,18,32.0,576.0,4,2023,Middle Aged,High
TX042038,2023-11-24,CUST6720,Male,37,Groceries,18,278.0,5004.0,4,2023,Youth,High
TX042039,2023-11-24,CUST1394,Male,31,Clothing,17,472.0,8024.0,4,2023,Youth,High
TX042040,2023-11-24,CUST0195,Male,23,Clothing,6,10.0,60.0,4,2023,Teenager,Low
TX042041,2023-11-24,CUST5335,Female,66,Sports,20,500.0,10000.0,4,2023,Retired,High
TX042042,2023-11-24,CUST0677,Female,31,Books,7,487.0,3409.0,4,2023,Youth,High
TX042043,2023-11-24,CUST3689,Male,30,Sports,8,421.0,3368.0,4,2023,Youth,High
TX042044,2023-11-24,CUST8385,Male,36,Books,20,156.0,3120.0,4,2023,Youth,High
TX042045,2023-11-24,CUST9989,Male,45,Sports,17,410.0,6970.0,4,2023,Middle Aged,High
TX042046,2023-11-24,CUST0646,Female,23,Clothing,11,226.0,2486.0,4,2023,Teenager,High
TX042047,2023-11-24,CUST6302,Female,42,Clothing,11,143.0,1573.0,4,2023,Middle Aged,High
TX042048,2023-11-24,CUST3890,Female,53,Groceries,20,344.0,6880.0,4,2023,Middle Aged,High
TX042049,2023-11-24,CUST2257,Female,68,Clothing,17,372.0,6324.0,4,2023,Retired,High
TX042050,2023-11-24,CUST4257,Male,53,Electronics,12,113.0,1356.0,4,2023,Middle Aged,High
TX042051,2023-11-24,CUST7592,Male,44,Electronics,16,348.0,5568.0,4,2023,Middle Aged,High
TX042052,2023-11-24,CUST0457,Female,19,Books,20,267.0,5340.0,4,2023,Teenager,High
TX042053,2023-11-24,CUST7062,Male,37,Beauty,13,379.0,4927.0,4,2023,Youth,High
TX042054,2023-11-24,CUST2538,Female,68,Electronics,15,206.0,3090.0,4,2023,Retired,High
TX042055,2023-11-24,CUST3892,Male,23,Groceries,18,270.0,4860.0,4,2023,Teenager,High
TX042056,2023-11-24,CUST8005,Female,21,Books,1,462.0,462.0,4,2023,Teenager,Medium
TX042057,2023-11-24,CUST5093,Male,42,Sports,16,56.0,896.0,4,2023,Middle Aged,High
TX042058,2023-11-24,CUST5931,Female,52,Electronics,16,434.0,6944.0,4,2023,Middle Aged,High
TX042059,2023-11-24,CUST2748,Male,28,Beauty,12,73.0,876.0,4,2023,Youth,High
TX042060,2023-11-24,CUST7423,Male,48,Clothing,2,139.0,278.0,4,2023,Middle Aged,Medium
TX042061,2023-11-24,CUST9421,Male,44,Beauty,16,252.0,4032.0,4,2023,Middle Aged,High
TX042062,2023-11-24,CUST4755,Female,44,Books,9,61.0,549.0,4,2023,Middle Aged,High
TX042063,2023-11-24,CUST1059,Female,32,Books,1,219.0,219.0,4,2023,Youth,Medium
TX042064,2023-11-24,CUST5398,Female,42,Books,1,245.0,245.0,4,2023,Middle Aged,Medium
TX042065,2023-11-24,CUST0815,Male,28,Electronics,6,443.0,2658.0,4,2023,Youth,High
TX042066,2023-11-24,CUST0950,Female,45,Sports,12,499.0,5988.0,4,2023,Middle Aged,High
TX042067,2023-11-24,CUST6143,Male,53,Books,13,69.0,897.0,4,2023,Middle Aged,High
TX042068,2023-11-24,CUST2233,Male,65,Electronics,10,261.0,2610.0,4,2023,Retired,High
TX042069,2023-11-24,CUST8438,Female,25,Groceries,11,281.0,3091.0,4,2023,Teenager,High
TX042070,2023-11-24,CUST3069,Male,19,Sports,2,379.0,758.0,4,2023,Teenager,High
TX042071,2023-11-24,CUST0231,Female,25,Groceries,7,471.0,3297.0,4,2023,Teenager,High
TX042072,2023-11-24,CUST0734,Male,48,Books,12,467.0,5604.0,4,2023,Middle Aged,High
TX042073,2023-11-24,CUST2124,Female,22,Clothing,14,171.0,2394.0,4,2023,Teenager,High
TX042074,2023-11-24,CUST0049,Male,24,Sports,5,286.0,1430.0,4,2023,Teenager,High
TX042075,2023-11-24,CUST6349,Female,61,Groceries,2,162.0,324.0,4,2023,Retired,Medium
TX042076,2023-11-24,CUST7348,Female,31,Books,1,237.0,237.0,4,2023,Youth,Medium
TX042077,2023-11-24,CUST8677,Male,25,Electronics,14,131.0,1834.0,4,2023,Teenager,High
TX042078,2023-11-24,CUST9685,Male,24,Electronics,4,197.0,788.0,4,2023,Teenager,High
TX042079,2023-11-24,CUST7782,Female,36,Electronics,11,103.0,1133.0,4,2023,Youth,High
TX042080,2023-11-24,CUST5395,Male,51,Electronics,3,450.0,1350.0,4,2023,Middle Aged,High
TX042081,2023-11-24,CUST2439,Male,56,Beauty,8,103.0,824.0,4,2023,Middle Aged,High
TX042082,2023-11-24,CUST2788,Male,43,Electronics,7,143.0,1001.0,4,2023,Middle Aged,High
TX042083,2023-11-24,CUST4686,Female,39,Electronics,3,290.0,870.0,4,2023,Youth,High
TX042084,2023-11-24,CUST1461,Female,49,Sports,18,306.0,5508.0,4,2023,Middle Aged,High
TX042085,2023-11-24,CUST0241,Male,68,Sports,6,41.0,246.0,4,2023,Retired,Medium
TX042086,2023-11-24,CUST9374,Male,39,Groceries,17,313.0,5321.0,4,2023,Youth,High
TX042087,2023-11-24,CUST6608,Female,38,Electronics,1,402.0,402.0,4,2023,Youth,Medium
TX042088,2023-11-24,CUST5531,Male,31,Beauty,14,230.0,3220.0,4,2023,Youth,High
TX042089,2023-11-24,CUST4281,Female,57,Groceries,3,374.0,1122.0,4,2023,Middle Aged,High
TX042090,2023-11-24,CUST7363,Female,41,Sports,2,299.0,598.0,4,2023,Middle Aged,High
TX042091,2023-11-24,CUST4670,Female,26,Books,13,91.0,1183.0,4,2023,Youth,High
TX042092,2023-11-24,CUST4558,Female,69,Clothing,12,436.0,5232.0,4,2023,Retired,High
TX042093,2023-11-24,CUST3869,Male,40,Sports,11,111.0,1221.0,4,2023,Youth,High
TX042094,2023-11-24,CUST5384,Female,22,Sports,6,12.0,72.0,4,2023,Teenager,Low
TX042095,2023-11-24,CUST7347,Female,61,Books,12,39.0,468.0,4,2023,Retired,Medium
TX042096,2023-11-24,CUST3941,Male,51,Electronics,7,500.0,3500.0,4,2023,Middle Aged,High
TX042097,2023-11-24,CUST4972,Male,58,Electronics,20,261.0,5220.0,4,2023,Middle Aged,High
TX042098,2023-11-24,CUST6197,Male,43,Electronics,8,376.0,3008.0,4,2023,Middle Aged,High
TX042099,2023-11-24,CUST2981,Male,54,Electronics,11,487.0,5357.0,4,2023,Middle Aged,High
TX042100,2023-11-24,CUST3831,Male,34,Electronics,12,86.0,1032.0,4,2023,Youth,High
TX042101,2023-11-24,CUST9218,Female,52,Sports,15,168.0,2520.0,4,2023,Middle Aged,High
TX042102,2023-11-24,CUST5720,Male,27,Groceries,12,123.0,1476.0,4,2023,Youth,High
TX042103,2023-11-24,CUST2849,Female,19,Electronics,2,50.0,100.0,4,2023,Teenager,Low
TX042104,2023-11-24,CUST7661,Female,66,Groceries,11,83.0,913.0,4,2023,Retired,High
TX042105,2023-11-24,CUST8588,Male,42,Beauty,3,386.0,1158.0,4,2023,Middle Aged,High
TX042106,2023-11-24,CUST2296,Female,37,Clothing,5,322.0,1610.0,4,2023,Youth,High
TX042107,2023-11-24,CUST2966,Female,18,Groceries,20,456.0,9120.0,4,2023,,High
TX042108,2023-11-24,CUST8981,Female,28,Clothing,2,158.0,316.0,4,2023,Youth,Medium
TX042109,2023-11-24,CUST2971,Female,43,Electronics,10,103.0,1030.0,4,2023,Middle Aged,High
TX042110,2023-11-24,CUST8701,Female,52,Groceries,1,435.0,435.0,4,2023,Middle Aged,Medium
TX042111,2023-11-24,CUST5158,Male,32,Books,5,383.0,1915.0,4,2023,Youth,High
TX042112,2023-11-24,CUST6306,Male,49,Electronics,20,267.0,5340.0,4,2023,Middle Aged,High
TX042113,2023-11-24,CUST0839,Female,35,Sports,12,448.0,5376.0,4,2023,Youth,High
TX042114,2023-11-24,CUST3761,Female,45,Clothing,3,227.0,681.0,4,2023,Middle Aged,High
TX042115,2023-11-24,CUST1200,Male,58,Sports,17,48.0,816.0,4,2023,Middle Aged,High
TX042116,2023-11-24,CUST2050,Female,41,Sports,10,383.0,3830.0,4,2023,Middle Aged,High
TX042117,2023-11-24,CUST7360,Female,49,Sports,5,444.0,2220.0,4,2023,Middle Aged,High
TX042118,2023-11-24,CUST2551,Male,20,Electronics,5,408.0,2040.0,4,2023,Teenager,High
TX042119,2023-11-24,CUST9146,Male,69,Electronics,1,340.0,340.0,4,2023,Retired,Medium
TX042120,2023-11-24,CUST0191,Female,66,Groceries,11,169.0,1859.0,4,2023,Retired,High
TX042121,2023-11-24,CUST6953,Female,19,Electronics,10,352.0,3520.0,4,2023,Teenager,High
TX042122,2023-11-24,CUST6863,Male,29,Groceries,9,437.0,3933.0,4,2023,Youth,High
TX042123,2023-11-24,CUST1734,Male,67,Clothing,19,264.0,5016.0,4,2023,Retired,High
TX042124,2023-11-24,CUST4044,Female,25,Books,11,345.0,3795.0,4,2023,Teenager,High
TX042125,2023-11-24,CUST2125,Female,24,Books,9,497.0,4473.0,4,2023,Teenager,High
TX042126,2023-11-24,CUST5570,Female,45,Groceries,13,311.0,4043.0,4,2023,Middle Aged,High
TX042127,2023-11-24,CUST4684,Male,20,Sports,10,90.0,900.0,4,2023,Teenager,High
TX042128,2023-11-24,CUST9056,Female,40,Sports,12,147.0,1764.0,4,2023,Youth,High
TX042129,2023-11-24,CUST6289,Male,45,Beauty,15,389.0,5835.0,4,2023,Middle Aged,High
TX042130,2023-11-24,CUST8275,Male,27,Books,17,13.0,221.0,4,2023,Youth,Medium
TX042131,2023-11-24,CUST6343,Female,44,Sports,19,267.0,5073.0,4,2023,Middle Aged,High
TX042132,2023-11-24,CUST7629,Female,49,Sports,9,442.0,3978.0,4,2023,Middle Aged,High
TX042133,2023-11-24,CUST4876,Female,67,Books,19,134.0,2546.0,4,2023,Retired,High
TX042134,2023-11-24,CUST4490,Male,53,Books,15,438.0,6570.0,4,2023,Middle Aged,High
TX042135,2023-11-24,CUST6482,Male,67,Electronics,7,248.0,1736.0,4,2023,Retired,High
TX042136,2023-11-24,CUST1633,Female,28,Sports,4,284.0,1136.0,4,2023,Youth,High
TX042137,2023-11-24,CUST5851,Male,39,Clothing,3,121.0,363.0,4,2023,Youth,Medium
TX042138,2023-11-24,CUST2132,Female,38,Sports,4,133.0,532.0,4,2023,Youth,High
TX042139,2023-11-24,CUST6634,Female,45,Books,11,148.0,1628.0,4,2023,Middle Aged,High
TX042140,2023-11-24,CUST2683,Male,52,Beauty,3,16.0,48.0,4,2023,Middle Aged,Low
TX042141,2023-11-24,CUST8237,Male,64,Clothing,18,434.0,7812.0,4,2023,Retired,High
TX042142,2023-11-24,CUST6051,Male,30,Clothing,15,269.0,4035.0,4,2023,Youth,High
TX042143,2023-11-24,CUST4900,Female,37,Sports,8,472.0,3776.0,4,2023,Youth,High
TX042144,2023-11-24,CUST6489,Male,59,Sports,13,81.0,1053.0,4,2023,Middle Aged,High
TX042145,2023-11-24,CUST2715,Male,53,Groceries,1,463.0,463.0,4,2023,Middle Aged,Medium
TX042146,2023-11-24,CUST2615,Male,62,Sports,20,65.0,1300.0,4,2023,Retired,High
TX042147,2023-11-24,CUST7593,Male,59,Beauty,17,101.0,1717.0,4,2023,Middle Aged,High
TX042148,2023-11-24,CUST0566,Female,39,Sports,20,44.0,880.0,4,2023,Youth,High
TX042149,2023-11-24,CUST8389,Male,35,Electronics,5,44.0,220.0,4,2023,Youth,Medium
TX042150,2023-11-24,CUST4802,Female,64,Groceries,15,288.0,4320.0,4,2023,Retired,High
TX042151,2023-11-24,CUST6602,Female,47,Books,12,326.0,3912.0,4,2023,Middle Aged,High
TX042152,2023-11-24,CUST1465,Female,63,Electronics,5,482.0,2410.0,4,2023,Retired,High
TX042153,2023-11-24,CUST2795,Female,65,Electronics,14,175.0,2450.0,4,2023,Retired,High
TX042154,2023-11-24,CUST4250,Female,35,Sports,2,179.0,358.0,4,2023,Youth,Medium
TX042155,2023-11-24,CUST4862,Female,54,Sports,14,67.0,938.0,4,2023,Middle Aged,High
TX042156,2023-11-24,CUST6318,Female,60,Groceries,3,475.0,1425.0,4,2023,Middle Aged,High
TX042157,2023-11-24,CUST1669,Male,22,Groceries,19,153.0,2907.0,4,2023,Teenager,High
TX042158,2023-11-24,CUST0797,Female,26,Beauty,7,163.0,1141.0,4,2023,Youth,High
TX042159,2023-11-24,CUST6259,Male,55,Clothing,11,102.0,1122.0,4,2023,Middle Aged,High
TX042160,2023-11-24,CUST4738,Female,29,Books,17,136.0,2312.0,4,2023,Youth,High
TX042161,2023-11-24,CUST9716,Female,23,Electronics,6,41.0,246.0,4,2023,Teenager,Medium
TX042162,2023-11-24,CUST8361,Male,56,Beauty,2,311.0,622.0,4,2023,Middle Aged,High
TX042163,2023-11-24,CUST4371,Female,57,Electronics,19,52.0,988.0,4,2023,Middle Aged,High
TX042164,2023-11-24,CUST1944,Female,55,Books,10,205.0,2050.0,4,2023,Middle Aged,High
TX042165,2023-11-24,CUST2328,Female,42,Books,15,184.0,2760.0,4,2023,Middle Aged,High
TX042166,2023-11-24,CUST5033,Female,50,Clothing,13,439.0,5707.0,4,2023,Middle Aged,High
TX042167,2023-11-24,CUST5702,Male,20,Clothing,13,26.0,338.0,4,2023,Teenager,Medium
TX042168,2023-11-24,CUST2096,Male,47,Books,19,61.0,1159.0,4,2023,Middle Aged,High
TX042169,2023-11-24,CUST9900,Female,20,Electronics,20,267.0,5340.0,4,2023,Teenager,High
TX042170,2023-11-24,CUST0267,Female,64,Electronics,12,469.0,5628.0,4,2023,Retired,High
TX042171,2023-11-24,CUST8081,Male,56,Electronics,1,389.0,389.0,4,2023,Middle Aged,Medium
TX042172,2023-11-24,CUST5475,Female,33,Beauty,3,247.0,741.0,4,2023,Youth,High
TX042173,2023-11-24,CUST3503,Female,44,Books,5,390.0,1950.0,4,2023,Middle Aged,High
TX042174,2023-11-24,CUST6449,Female,40,Books,5,271.0,1355.0,4,2023,Youth,High
TX042175,2023-11-24,CUST8374,Male,47,Sports,4,455.0,1820.0,4,2023,Middle Aged,High
TX042176,2023-11-24,CUST5479,Male,19,Groceries,11,169.0,1859.0,4,2023,Teenager,High
TX042177,2023-11-24,CUST9270,Female,44,Groceries,14,177.0,2478.0,4,2023,Middle Aged,High
TX042178,2023-11-24,CUST2265,Female,32,Sports,12,287.0,3444.0,4,2023,Youth,High
TX042179,2023-11-24,CUST2135,Female,50,Groceries,11,499.0,5489.0,4,2023,Middle Aged,High
TX042180,2023-11-24,CUST8354,Male,63,Beauty,6,321.0,1926.0,4,2023,Retired,High
TX042181,2023-11-24,CUST8836,Male,52,Beauty,3,478.0,1434.0,4,2023,Middle Aged,High
TX042182,2023-11-24,CUST0575,Male,35,Sports,15,64.0,960.0,4,2023,Youth,High
TX042183,2023-11-24,CUST9145,Female,67,Clothing,9,484.0,4356.0,4,2023,Retired,High
TX042184,2023-11-24,CUST2467,Female,66,Electronics,4,158.0,632.0,4,2023,Retired,High
TX042185,2023-11-24,CUST8379,Male,27,Clothing,3,381.0,1143.0,4,2023,Youth,High
TX042186,2023-11-24,CUST8727,Female,51,Beauty,14,265.0,3710.0,4,2023,Middle Aged,High
TX042187,2023-11-24,CUST5085,Female,64,Sports,18,10.0,180.0,4,2023,Retired,Medium
TX042188,2023-11-24,CUST9245,Male,22,Electronics,15,66.0,990.0,4,2023,Teenager,High
TX042189,2023-11-24,CUST2465,Male,21,Groceries,10,167.0,1670.0,4,2023,Teenager,High
TX042190,2023-11-24,CUST3607,Male,47,Groceries,3,212.0,636.0,4,2023,Middle Aged,High
TX042191,2023-11-24,CUST3442,Male,40,Sports,4,85.0,340.0,4,2023,Youth,Medium
TX042192,2023-11-24,CUST4174,Male,60,Sports,8,84.0,672.0,4,2023,Middle Aged,High
TX042193,2023-11-24,CUST9063,Male,18,Books,17,190.0,3230.0,4,2023,,High
TX042194,2023-11-24,CUST1670,Male,53,Books,2,433.0,866.0,4,2023,Middle Aged,High
TX042195,2023-11-24,CUST0727,Female,41,Beauty,10,62.0,620.0,4,2023,Middle Aged,High
TX042196,2023-11-24,CUST9450,Female,26,Beauty,1,215.0,215.0,4,2023,Youth,Medium
TX042197,2023-11-24,CUST9500,Female,70,Beauty,8,252.0,2016.0,4,2023,Retired,High
TX042198,2023-11-24,CUST5244,Female,42,Beauty,19,455.0,8645.0,4,2023,Middle Aged,High
TX042199,2023-11-24,CUST6129,Female,51,Clothing,4,454.0,1816.0,4,2023,Middle Aged,High
TX042200,2023-11-24,CUST0716,Female,58,Beauty,3,127.0,381.0,4,2023,Middle Aged,Medium
TX042201,2023-11-24,CUST3746,Male,56,Beauty,4,440.0,1760.0,4,2023,Middle Aged,High
TX042202,2023-11-24,CUST9859,Male,59,Electronics,11,316.0,3476.0,4,2023,Middle Aged,High
TX042203,2023-11-24,CUST2744,Female,30,Sports,18,137.0,2466.0,4,2023,Youth,High
TX042204,2023-11-24,CUST8632,Female,24,Sports,12,243.0,2916.0,4,2023,Teenager,High
TX042205,2023-11-24,CUST1104,Male,61,Groceries,14,424.0,5936.0,4,2023,Retired,High
TX042206,2023-11-24,CUST6896,Male,24,Clothing,15,13.0,195.0,4,2023,Teenager,Medium
TX042207,2023-11-24,CUST8954,Female,22,Beauty,7,416.0,2912.0,4,2023,Teenager,High
TX042208,2023-11-24,CUST7707,Male,30,Electronics,12,162.0,1944.0,4,2023,Youth,High
TX042209,2023-11-24,CUST6159,Female,18,Clothing,1,161.0,161.0,4,2023,,Medium
TX042210,2023-11-24,CUST4735,Female,23,Groceries,16,497.0,7952.0,4,2023,Teenager,High
TX042211,2023-11-24,CUST6465,Female,58,Clothing,2,278.0,556.0,4,2023,Middle Aged,High
TX042212,2023-11-24,CUST6142,Female,60,Groceries,7,390.0,2730.0,4,2023,Middle Aged,High
TX042213,2023-11-24,CUST7206,Female,62,Groceries,5,149.0,745.0,4,2023,Retired,High
TX042214,2023-11-24,CUST9884,Female,62,Books,12,77.0,924.0,4,2023,Retired,High
TX042215,2023-11-24,CUST3287,Male,26,Sports,10,450.0,4500.0,4,2023,Youth,High
TX042216,2023-11-24,CUST8955,Female,26,Groceries,8,107.0,856.0,4,2023,Youth,High
TX042217,2023-11-24,CUST8777,Female,31,Sports,6,201.0,1206.0,4,2023,Youth,High
TX042218,2023-11-24,CUST3284,Female,26,Clothing,6,365.0,2190.0,4,2023,Youth,High
TX042219,2023-11-24,CUST9737,Female,62,Groceries,10,318.0,3180.0,4,2023,Retired,High
TX042220,2023-11-24,CUST3030,Female,56,Sports,7,343.0,2401.0,4,2023,Middle Aged,High
TX042221,2023-11-24,CUST4588,Male,47,Sports,12,59.0,708.0,4,2023,Middle Aged,High
TX042222,2023-11-24,CUST4903,Male,39,Groceries,15,325.0,4875.0,4,2023,Youth,High
TX042223,2023-11-24,CUST4848,Male,61,Electronics,10,102.0,1020.0,4,2023,Retired,High
TX042224,2023-11-24,CUST2918,Female,28,Electronics,4,155.0,620.0,4,2023,Youth,High
TX042225,2023-11-24,CUST7558,Male,64,Clothing,17,291.0,4947.0,4,2023,Retired,High
TX042226,2023-11-24,CUST6055,Female,63,Sports,6,190.0,1140.0,4,2023,Retired,High
TX042227,2023-11-24,CUST1711,Male,19,Beauty,15,452.0,6780.0,4,2023,Teenager,High
TX042228,2023-11-24,CUST9913,Male,25,Groceries,4,297.0,1188.0,4,2023,Teenager,High
TX042229,2023-11-24,CUST0198,Male,19,Sports,18,85.0,1530.0,4,2023,Teenager,High
TX042230,2023-11-24,CUST9448,Female,18,Electronics,14,72.0,1008.0,4,2023,,High
TX042231,2023-11-24,CUST9474,Male,59,Groceries,6,277.0,1662.0,4,2023,Middle Aged,High
TX042232,2023-11-24,CUST4740,Male,25,Books,1,345.0,345.0,4,2023,Teenager,Medium
TX042233,2023-11-24,CUST6901,Female,39,Books,16,500.0,8000.0,4,2023,Youth,High
TX042234,2023-11-24,CUST6879,Female,48,Beauty,18,421.0,7578.0,4,2023,Middle Aged,High
TX042235,2023-11-24,CUST1740,Female,31,Books,16,205.0,3280.0,4,2023,Youth,High
TX042236,2023-11-24,CUST1513,Female,41,Electronics,2,209.0,418.0,4,2023,Middle Aged,Medium
TX042237,2023-11-24,CUST8003,Male,47,Books,19,56.0,1064.0,4,2023,Middle Aged,High
TX042238,2023-11-24,CUST5540,Male,65,Clothing,20,430.0,8600.0,4,2023,Retired,High
TX042239,2023-11-24,CUST0283,Female,68,Clothing,13,331.0,4303.0,4,2023,Retired,High
TX042240,2023-11-24,CUST2993,Male,19,Electronics,17,267.0,4539.0,4,2023,Teenager,High
TX042241,2023-11-24,CUST5473,Female,69,Beauty,13,129.0,1677.0,4,2023,Retired,High
TX042242,2023-11-24,CUST4230,Female,38,Sports,17,141.0,2397.0,4,2023,Youth,High
TX042243,2023-11-24,CUST2885,Female,69,Groceries,11,95.0,1045.0,4,2023,Retired,High
TX042244,2023-11-24,CUST1110,Female,51,Electronics,10,20.0,200.0,4,2023,Middle Aged,Medium
TX042245,2023-11-24,CUST0461,Male,49,Sports,9,333.0,2997.0,4,2023,Middle Aged,High
TX042246,2023-11-24,CUST7444,Female,26,Books,6,220.0,1320.0,4,2023,Youth,High
TX042247,2023-11-24,CUST6303,Female,66,Beauty,4,296.0,1184.0,4,2023,Retired,High
TX042248,2023-11-24,CUST0421,Female,39,Groceries,16,235.0,3760.0,4,2023,Youth,High
TX042249,2023-11-24,CUST6048,Male,70,Sports,16,416.0,6656.0,4,2023,Retired,High
TX042250,2023-11-24,CUST0695,Male,20,Sports,11,495.0,5445.0,4,2023,Teenager,High
TX042251,2023-11-24,CUST8932,Male,64,Electronics,15,80.0,1200.0,4,2023,Retired,High
TX042252,2023-11-24,CUST7486,Male,25,Groceries,11,144.0,1584.0,4,2023,Teenager,High
TX042253,2023-11-24,CUST9881,Female,28,Electronics,20,357.0,7140.0,4,2023,Youth,High
TX042254,2023-11-24,CUST4008,Male,29,Clothing,1,356.0,356.0,4,2023,Youth,Medium
TX042255,2023-11-24,CUST9403,Female,33,Groceries,11,291.0,3201.0,4,2023,Youth,High
TX042256,2023-11-24,CUST8048,Female,46,Sports,19,187.0,3553.0,4,2023,Middle Aged,High
TX042257,2023-11-24,CUST1586,Male,63,Books,4,371.0,1484.0,4,2023,Retired,High
TX042258,2023-11-24,CUST7464,Male,44,Groceries,7,443.0,3101.0,4,2023,Middle Aged,High
TX042259,2023-11-24,CUST8080,Male,68,Clothing,16,344.0,5504.0,4,2023,Retired,High
TX042260,2023-11-24,CUST0936,Male,35,Clothing,17,80.0,1360.0,4,2023,Youth,High
TX042261,2023-11-24,CUST8412,Male,21,Electronics,16,466.0,7456.0,4,2023,Teenager,High
TX042262,2023-11-24,CUST7800,Female,57,Sports,4,157.0,628.0,4,2023,Middle Aged,High
TX042263,2023-11-24,CUST9185,Male,19,Sports,10,66.0,660.0,4,2023,Teenager,High
TX042264,2023-11-24,CUST3935,Male,68,Groceries,7,276.0,1932.0,4,2023,Retired,High
TX042265,2023-11-24,CUST4758,Male,36,Clothing,11,49.0,539.0,4,2023,Youth,High
TX042266,2023-11-24,CUST4986,Female,37,Sports,20,486.0,9720.0,4,2023,Youth,High
TX042267,2023-11-24,CUST7125,Male,67,Electronics,17,139.0,2363.0,4,2023,Retired,High
TX042268,2023-11-24,CUST2520,Female,69,Books,8,411.0,3288.0,4,2023,Retired,High
TX042269,2023-11-24,CUST1443,Male,19,Sports,10,241.0,2410.0,4,2023,Teenager,High
TX042270,2023-11-24,CUST7228,Male,22,Clothing,16,11.0,176.0,4,2023,Teenager,Medium
TX042271,2023-11-24,CUST0948,Female,49,Sports,18,50.0,900.0,4,2023,Middle Aged,High
TX042272,2023-11-24,CUST8060,Male,29,Beauty,2,348.0,696.0,4,2023,Youth,High
TX042273,2023-11-24,CUST6159,Female,28,Groceries,3,68.0,204.0,4,2023,Youth,Medium
TX042274,2023-11-24,CUST5411,Male,28,Electronics,14,364.0,5096.0,4,2023,Youth,High
TX042275,2023-11-24,CUST1861,Male,47,Books,17,148.0,2516.0,4,2023,Middle Aged,High
TX042276,2023-11-24,CUST6013,Male,66,Clothing,14,471.0,6594.0,4,2023,Retired,High
TX042277,2023-11-24,CUST4690,Male,22,Sports,2,31.0,62.0,4,2023,Teenager,Low
TX042278,2023-11-24,CUST8030,Female,28,Sports,20,164.0,3280.0,4,2023,Youth,High
TX042279,2023-11-24,CUST0076,Female,63,Beauty,18,277.0,4986.0,4,2023,Retired,High
TX042280,2023-11-24,CUST0766,Male,66,Groceries,16,214.0,3424.0,4,2023,Retired,High
TX042281,2023-11-24,CUST5624,Male,61,Beauty,8,303.0,2424.0,4,2023,Retired,High
TX042282,2023-11-24,CUST6605,Female,38,Groceries,14,121.0,1694.0,4,2023,Youth,High
TX042283,2023-11-24,CUST0148,Female,54,Electronics,9,142.0,1278.0,4,2023,Middle Aged,High
TX042284,2023-11-24,CUST2005,Female,18,Books,17,498.0,8466.0,4,2023,,High
TX042285,2023-11-24,CUST7660,Male,56,Electronics,17,436.0,7412.0,4,2023,Middle Aged,High
TX042286,2023-11-24,CUST4988,Male,67,Clothing,16,105.0,1680.0,4,2023,Retired,High
TX042287,2023-11-24,CUST2563,Male,59,Sports,10,423.0,4230.0,4,2023,Middle Aged,High
TX042288,2023-11-24,CUST9500,Female,34,Electronics,3,267.0,801.0,4,2023,Youth,High
TX042289,2023-11-24,CUST5529,Female,36,Electronics,6,332.0,1992.0,4,2023,Youth,High
TX042290,2023-11-24,CUST6959,Female,38,Electronics,9,148.0,1332.0,4,2023,Youth,High
TX042291,2023-11-24,CUST1220,Female,66,Sports,3,293.0,879.0,4,2023,Retired,High
TX042292,2023-11-24,CUST3548,Male,45,Groceries,18,20.0,360.0,4,2023,Middle Aged,Medium
TX042293,2023-11-24,CUST3758,Female,18,Groceries,10,459.0,4590.0,4,2023,,High
TX042294,2023-11-24,CUST8849,Female,41,Groceries,3,395.0,1185.0,4,2023,Middle Aged,High
TX042295,2023-11-24,CUST5429,Male,40,Electronics,10,96.0,960.0,4,2023,Youth,High
TX042296,2023-11-24,CUST9807,Male,70,Books,15,157.0,2355.0,4,2023,Retired,High
TX042297,2023-11-24,CUST1060,Female,65,Beauty,4,184.0,736.0,4,2023,Retired,High
TX042298,2023-11-24,CUST2509,Female,64,Electronics,7,132.0,924.0,4,2023,Retired,High
TX042299,2023-11-24,CUST8877,Female,70,Groceries,13,23.0,299.0,4,2023,Retired,Medium
TX042300,2023-11-24,CUST9393,Female,42,Electronics,14,275.0,3850.0,4,2023,Middle Aged,High
TX042301,2023-11-24,CUST3129,Male,63,Groceries,2,288.0,576.0,4,2023,Retired,High
TX042302,2023-11-24,CUST2246,Male,63,Beauty,3,455.0,1365.0,4,2023,Retired,High
TX042303,2023-11-24,CUST9509,Male,45,Beauty,13,490.0,6370.0,4,2023,Middle Aged,High
TX042304,2023-11-24,CUST0429,Female,33,Electronics,6,340.0,2040.0,4,2023,Youth,High
TX042305,2023-11-24,CUST0230,Male,66,Beauty,9,256.0,2304.0,4,2023,Retired,High
TX042306,2023-11-24,CUST4861,Male,45,Electronics,9,413.0,3717.0,4,2023,Middle Aged,High
TX042307,2023-11-24,CUST5846,Female,65,Electronics,4,137.0,548.0,4,2023,Retired,High
TX042308,2023-11-24,CUST6863,Female,32,Beauty,6,193.0,1158.0,4,2023,Youth,High
TX042309,2023-11-24,CUST1790,Male,62,Clothing,16,163.0,2608.0,4,2023,Retired,High
TX042310,2023-11-24,CUST0866,Male,70,Clothing,4,320.0,1280.0,4,2023,Retired,High
TX042311,2023-11-24,CUST4419,Male,50,Clothing,6,412.0,2472.0,4,2023,Middle Aged,High
TX042312,2023-11-24,CUST3132,Female,36,Groceries,7,393.0,2751.0,4,2023,Youth,High
TX042313,2023-11-24,CUST4202,Male,38,Books,6,279.0,1674.0,4,2023,Youth,High
TX042314,2023-11-24,CUST0004,Male,39,Clothing,3,479.0,1437.0,4,2023,Youth,High
TX042315,2023-11-24,CUST8183,Female,31,Books,9,439.0,3951.0,4,2023,Youth,High
TX042316,2023-11-24,CUST4606,Female,36,Sports,14,109.0,1526.0,4,2023,Youth,High
TX042317,2023-11-24,CUST9456,Male,42,Books,3,380.0,1140.0,4,2023,Middle Aged,High
TX042318,2023-11-24,CUST5426,Male,70,Clothing,10,337.0,3370.0,4,2023,Retired,High
TX042319,2023-11-24,CUST6025,Female,64,Clothing,16,254.0,4064.0,4,2023,Retired,High
TX042320,2023-11-24,CUST8613,Male,43,Beauty,6,202.0,1212.0,4,2023,Middle Aged,High
TX042321,2023-11-24,CUST0066,Female,58,Books,4,254.0,1016.0,4,2023,Middle Aged,High
TX042322,2023-11-24,CUST7160,Female,61,Electronics,8,304.0,2432.0,4,2023,Retired,High
TX042323,2023-11-24,CUST3081,Female,58,Sports,12,184.0,2208.0,4,2023,Middle Aged,High
TX042324,2023-11-24,CUST6632,Female,60,Books,10,296.0,2960.0,4,2023,Middle Aged,High
TX042325,2023-11-24,CUST6551,Male,19,Clothing,11,297.0,3267.0,4,2023,Teenager,High
TX042326,2023-11-24,CUST7164,Female,32,Clothing,13,258.0,3354.0,4,2023,Youth,High
TX042327,2023-11-24,CUST7381,Male,31,Beauty,18,242.0,4356.0,4,2023,Youth,High
TX042328,2023-11-24,CUST9219,Male,63,Clothing,18,309.0,5562.0,4,2023,Retired,High
TX042329,2023-11-24,CUST5407,Female,65,Beauty,18,208.0,3744.0,4,2023,Retired,High
TX042330,2023-11-24,CUST1725,Male,30,Beauty,9,63.0,567.0,4,2023,Youth,High
TX042331,2023-11-24,CUST3410,Female,47,Groceries,10,70.0,700.0,4,2023,Middle Aged,High
TX042332,2023-11-24,CUST6506,Male,63,Electronics,1,399.0,399.0,4,2023,Retired,Medium
TX042333,2023-11-24,CUST9209,Female,47,Books,2,18.0,36.0,4,2023,Middle Aged,Low
TX042334,2023-11-24,CUST5888,Female,37,Beauty,9,432.0,3888.0,4,2023,Youth,High
TX042335,2023-11-24,CUST5785,Female,32,Electronics,18,480.0,8640.0,4,2023,Youth,High
TX042336,2023-11-24,CUST6032,Male,62,Books,13,231.0,3003.0,4,2023,Retired,High
TX042337,2023-11-24,CUST5284,Female,52,Clothing,9,104.0,936.0,4,2023,Middle Aged,High
TX042338,2023-11-24,CUST4845,Female,66,Clothing,14,137.0,1918.0,4,2023,Retired,High
TX042339,2023-11-24,CUST4613,Female,27,Beauty,6,291.0,1746.0,4,2023,Youth,High
TX042340,2023-11-24,CUST1108,Male,58,Books,14,72.0,1008.0,4,2023,Middle Aged,High
TX042341,2023-11-24,CUST7679,Female,51,Clothing,20,467.0,9340.0,4,2023,Middle Aged,High
TX042342,2023-11-24,CUST3355,Female,48,Groceries,16,315.0,5040.0,4,2023,Middle Aged,High
TX042343,2023-11-24,CUST4204,Female,48,Beauty,15,282.0,4230.0,4,2023,Middle Aged,High
TX042344,2023-11-24,CUST0434,Female,63,Groceries,19,394.0,7486.0,4,2023,Retired,High
TX042345,2023-11-24,CUST1832,Male,42,Beauty,12,119.0,1428.0,4,2023,Middle Aged,High
TX042346,2023-11-24,CUST5893,Male,67,Electronics,18,331.0,5958.0,4,2023,Retired,High
TX042347,2023-11-24,CUST4423,Female,21,Beauty,4,423.0,1692.0,4,2023,Teenager,High
TX042348,2023-11-24,CUST7908,Male,35,Groceries,13,244.0,3172.0,4,2023,Youth,High
TX042349,2023-11-24,CUST4328,Male,24,Groceries,4,114.0,456.0,4,2023,Teenager,Medium
TX042350,2023-11-24,CUST6231,Male,65,Electronics,18,76.0,1368.0,4,2023,Retired,High
TX042351,2023-11-24,CUST9865,Male,27,Beauty,14,123.0,1722.0,4,2023,Youth,High
TX042352,2023-11-24,CUST3212,Female,35,Beauty,1,175.0,175.0,4,2023,Youth,Medium
TX042353,2023-11-24,CUST1332,Male,31,Beauty,13,465.0,6045.0,4,2023,Youth,High
TX042354,2023-11-24,CUST9383,Male,41,Clothing,16,156.0,2496.0,4,2023,Middle Aged,High
TX042355,2023-11-24,CUST4482,Male,31,Electronics,20,340.0,6800.0,4,2023,Youth,High
TX042356,2023-11-24,CUST8298,Female,27,Books,15,297.0,4455.0,4,2023,Youth,High
TX042357,2023-11-24,CUST0760,Female,58,Clothing,9,370.0,3330.0,4,2023,Middle Aged,High
TX042358,2023-11-24,CUST0288,Male,27,Electronics,15,113.0,1695.0,4,2023,Youth,High
TX042359,2023-11-24,CUST2997,Male,20,Clothing,19,305.0,5795.0,4,2023,Teenager,High
TX042360,2023-11-24,CUST7598,Male,63,Clothing,9,387.0,3483.0,4,2023,Retired,High
TX042361,2023-11-24,CUST0419,Female,51,Clothing,9,117.0,1053.0,4,2023,Middle Aged,High
TX042362,2023-11-24,CUST9081,Female,28,Clothing,13,20.0,260.0,4,2023,Youth,Medium
TX042363,2023-11-24,CUST6208,Female,51,Beauty,7,218.0,1526.0,4,2023,Middle Aged,High
TX042364,2023-11-24,CUST2352,Female,53,Sports,12,184.0,2208.0,4,2023,Middle Aged,High
TX042365,2023-11-24,CUST6154,Female,18,Books,12,116.0,1392.0,4,2023,,High
TX042366,2023-11-24,CUST5663,Female,49,Clothing,9,315.0,2835.0,4,2023,Middle Aged,High
TX042367,2023-11-24,CUST9252,Female,49,Clothing,9,382.0,3438.0,4,2023,Middle Aged,High
TX042368,2023-11-24,CUST2670,Male,57,Clothing,20,324.0,6480.0,4,2023,Middle Aged,High
TX042369,2023-11-24,CUST8975,Male,47,Clothing,5,187.0,935.0,4,2023,Middle Aged,High
TX042370,2023-11-24,CUST6328,Male,32,Books,11,35.0,385.0,4,2023,Youth,Medium
TX042371,2023-11-24,CUST2229,Female,40,Books,3,29.0,87.0,4,2023,Youth,Low
TX042372,2023-11-24,CUST3472,Female,64,Clothing,19,26.0,494.0,4,2023,Retired,Medium
TX042373,2023-11-24,CUST4738,Male,24,Books,13,310.0,4030.0,4,2023,Teenager,High
TX042374,2023-11-24,CUST5921,Female,22,Sports,17,452.0,7684.0,4,2023,Teenager,High
TX042375,2023-11-24,CUST2653,Male,21,Books,13,64.0,832.0,4,2023,Teenager,High
TX042376,2023-11-24,CUST7593,Female,48,Beauty,7,23.0,161.0,4,2023,Middle Aged,Medium
TX042377,2023-11-24,CUST1224,Male,38,Books,20,312.0,6240.0,4,2023,Youth,High
TX042378,2023-11-24,CUST6484,Female,25,Books,6,58.0,348.0,4,2023,Teenager,Medium
TX042379,2023-11-24,CUST3755,Female,18,Beauty,19,465.0,8835.0,4,2023,,High
TX042380,2023-11-24,CUST5686,Male,33,Sports,4,131.0,524.0,4,2023,Youth,High
TX042381,2023-11-24,CUST4045,Male,50,Beauty,18,196.0,3528.0,4,2023,Middle Aged,High
TX042382,2023-11-24,CUST2694,Female,46,Electronics,5,461.0,2305.0,4,2023,Middle Aged,High
TX042383,2023-11-24,CUST0788,Female,52,Electronics,10,486.0,4860.0,4,2023,Middle Aged,High
TX042384,2023-11-24,CUST5904,Female,29,Groceries,10,63.0,630.0,4,2023,Youth,High
TX042385,2023-11-24,CUST7463,Male,45,Clothing,2,230.0,460.0,4,2023,Middle Aged,Medium
TX042386,2023-11-24,CUST3920,Female,60,Electronics,13,139.0,1807.0,4,2023,Middle Aged,High
TX042387,2023-11-24,CUST5117,Female,70,Sports,14,483.0,6762.0,4,2023,Retired,High
TX042388,2023-11-24,CUST1527,Male,38,Sports,12,251.0,3012.0,4,2023,Youth,High
TX042389,2023-11-24,CUST8051,Female,53,Sports,7,457.0,3199.0,4,2023,Middle Aged,High
TX042390,2023-11-24,CUST8490,Male,44,Sports,4,380.0,1520.0,4,2023,Middle Aged,High
TX042391,2023-11-24,CUST9087,Male,25,Books,14,478.0,6692.0,4,2023,Teenager,High
TX042392,2023-11-24,CUST1202,Male,26,Beauty,20,176.0,3520.0,4,2023,Youth,High
TX042393,2023-11-24,CUST1240,Male,22,Beauty,2,196.0,392.0,4,2023,Teenager,Medium
TX042394,2023-11-24,CUST1429,Male,69,Electronics,4,192.0,768.0,4,2023,Retired,High
TX042395,2023-11-24,CUST1706,Female,25,Books,20,262.0,5240.0,4,2023,Teenager,High
TX042396,2023-11-24,CUST1963,Female,24,Books,9,111.0,999.0,4,2023,Teenager,High
TX042397,2023-11-24,CUST3841,Male,69,Books,11,63.0,693.0,4,2023,Retired,High
TX042398,2023-11-24,CUST7534,Female,29,Electronics,11,247.0,2717.0,4,2023,Youth,High
TX042399,2023-11-24,CUST3170,Male,27,Groceries,3,475.0,1425.0,4,2023,Youth,High
TX042400,2023-11-24,CUST7404,Female,26,Clothing,20,44.0,880.0,4,2023,Youth,High
TX042401,2023-11-24,CUST1188,Female,59,Books,9,306.0,2754.0,4,2023,Middle Aged,High
TX042402,2023-11-24,CUST7754,Female,66,Beauty,9,161.0,1449.0,4,2023,Retired,High
TX042403,2023-11-24,CUST6006,Female,67,Books,5,331.0,1655.0,4,2023,Retired,High
TX042404,2023-11-24,CUST8842,Male,48,Groceries,18,445.0,8010.0,4,2023,Middle Aged,High
TX042405,2023-11-24,CUST1490,Female,30,Books,14,102.0,1428.0,4,2023,Youth,High
TX042406,2023-11-24,CUST9993,Female,27,Clothing,1,148.0,148.0,4,2023,Youth,Medium
TX042407,2023-11-24,CUST9292,Male,55,Beauty,11,308.0,3388.0,4,2023,Middle Aged,High
TX042408,2023-11-24,CUST6426,Male,22,Beauty,11,196.0,2156.0,4,2023,Teenager,High
TX042409,2023-11-24,CUST1235,Female,36,Beauty,12,73.0,876.0,4,2023,Youth,High
TX042410,2023-11-24,CUST6429,Female,18,Electronics,9,37.0,333.0,4,2023,,Medium
TX042411,2023-11-24,CUST0196,Male,39,Sports,19,34.0,646.0,4,2023,Youth,High
TX042412,2023-11-24,CUST1432,Female,32,Sports,2,48.0,96.0,4,2023,Youth,Low
TX042413,2023-11-24,CUST4655,Male,33,Groceries,18,461.0,8298.0,4,2023,Youth,High
TX042414,2023-11-24,CUST7161,Male,32,Groceries,8,345.0,2760.0,4,2023,Youth,High
TX042415,2023-11-24,CUST2656,Male,51,Electronics,8,84.0,672.0,4,2023,Middle Aged,High
TX042416,2023-11-24,CUST7720,Female,26,Beauty,15,389.0,5835.0,4,2023,Youth,High
TX042417,2023-11-24,CUST3615,Male,52,Electronics,14,30.0,420.0,4,2023,Middle Aged,Medium
TX042418,2023-11-24,CUST4262,Male,33,Electronics,19,183.0,3477.0,4,2023,Youth,High
TX042419,2023-11-24,CUST2804,Male,29,Sports,5,111.0,555.0,4,2023,Youth,High
TX042420,2023-11-24,CUST9440,Male,54,Groceries,12,449.0,5388.0,4,2023,Middle Aged,High
TX042421,2023-11-24,CUST8476,Female,40,Beauty,13,281.0,3653.0,4,2023,Youth,High
TX042422,2023-11-24,CUST0923,Male,39,Books,9,260.0,2340.0,4,2023,Youth,High
TX042423,2023-11-24,CUST7974,Male,46,Books,19,297.0,5643.0,4,2023,Middle Aged,High
TX042424,2023-11-24,CUST1428,Female,29,Sports,9,290.0,2610.0,4,2023,Youth,High
TX042425,2023-11-24,CUST2500,Female,65,Groceries,16,441.0,7056.0,4,2023,Retired,High
TX042426,2023-11-24,CUST7780,Male,38,Electronics,14,184.0,2576.0,4,2023,Youth,High
TX042427,2023-11-24,CUST9237,Male,32,Clothing,5,93.0,465.0,4,2023,Youth,Medium
TX042428,2023-11-24,CUST1319,Female,64,Beauty,19,102.0,1938.0,4,2023,Retired,High
TX042429,2023-11-24,CUST6768,Male,51,Clothing,9,182.0,1638.0,4,2023,Middle Aged,High
TX042430,2023-11-24,CUST6341,Female,51,Clothing,16,335.0,5360.0,4,2023,Middle Aged,High
TX042431,2023-11-24,CUST6381,Male,47,Clothing,12,496.0,5952.0,4,2023,Middle Aged,High
TX042432,2023-11-24,CUST8603,Male,34,Groceries,11,65.0,715.0,4,2023,Youth,High
TX042433,2023-11-24,CUST9791,Female,28,Electronics,13,25.0,325.0,4,2023,Youth,Medium
TX042434,2023-11-24,CUST7720,Male,18,Sports,2,119.0,238.0,4,2023,,Medium
TX042435,2023-11-24,CUST2230,Female,48,Beauty,14,88.0,1232.0,4,2023,Middle Aged,High
TX042436,2023-11-24,CUST2803,Male,26,Clothing,9,314.0,2826.0,4,2023,Youth,High
TX042437,2023-11-24,CUST5079,Female,49,Sports,8,77.0,616.0,4,2023,Middle Aged,High
TX042438,2023-11-24,CUST2782,Male,38,Beauty,20,384.0,7680.0,4,2023,Youth,High
TX042439,2023-11-24,CUST5099,Male,31,Books,2,389.0,778.0,4,2023,Youth,High
TX042440,2023-11-24,CUST9196,Female,25,Sports,15,434.0,6510.0,4,2023,Teenager,High
TX042441,2023-11-24,CUST4055,Male,66,Books,15,468.0,7020.0,4,2023,Retired,High
TX042442,2023-11-24,CUST7182,Male,63,Books,2,381.0,762.0,4,2023,Retired,High
TX042443,2023-11-24,CUST7765,Male,65,Electronics,2,84.0,168.0,4,2023,Retired,Medium
TX042444,2023-11-24,CUST5747,Male,44,Sports,1,120.0,120.0,4,2023,Middle Aged,Medium
TX042445,2023-11-24,CUST1629,Male,28,Books,4,142.0,568.0,4,2023,Youth,High
TX042446,2023-11-24,CUST8664,Male,31,Sports,13,332.0,4316.0,4,2023,Youth,High
TX042447,2023-11-24,CUST0447,Male,44,Electronics,14,45.0,630.0,4,2023,Middle Aged,High
TX042448,2023-11-24,CUST1929,Female,49,Groceries,19,474.0,9006.0,4,2023,Middle Aged,High
TX042449,2023-11-24,CUST3307,Male,36,Sports,11,152.0,1672.0,4,2023,Youth,High
TX042450,2023-11-24,CUST1954,Female,63,Electronics,4,53.0,212.0,4,2023,Retired,Medium
TX042451,2023-11-24,CUST6431,Female,30,Beauty,8,410.0,3280.0,4,2023,Youth,High
TX042452,2023-11-24,CUST1620,Male,60,Groceries,7,122.0,854.0,4,2023,Middle Aged,High
TX042453,2023-11-24,CUST0111,Female,27,Sports,9,401.0,3609.0,4,2023,Youth,High
TX042454,2023-11-24,CUST2492,Female,48,Groceries,5,146.0,730.0,4,2023,Middle Aged,High
TX042455,2023-11-24,CUST3845,Female,27,Sports,8,341.0,2728.0,4,2023,Youth,High
TX042456,2023-11-24,CUST2442,Female,66,Groceries,11,375.0,4125.0,4,2023,Retired,High
TX042457,2023-11-24,CUST5013,Male,44,Groceries,12,479.0,5748.0,4,2023,Middle Aged,High
TX042458,2023-11-24,CUST3207,Male,65,Books,13,435.0,5655.0,4,2023,Retired,High
TX042459,2023-11-24,CUST8524,Female,39,Clothing,2,293.0,586.0,4,2023,Youth,High
TX042460,2023-11-24,CUST5005,Male,50,Clothing,3,236.0,708.0,4,2023,Middle Aged,High
TX042461,2023-11-24,CUST6248,Female,20,Books,10,28.0,280.0,4,2023,Teenager,Medium
TX042462,2023-11-24,CUST8357,Male,70,Groceries,8,385.0,3080.0,4,2023,Retired,High
TX042463,2023-11-24,CUST2642,Male,47,Clothing,10,299.0,2990.0,4,2023,Middle Aged,High
TX042464,2023-11-24,CUST5016,Female,63,Sports,16,486.0,7776.0,4,2023,Retired,High
TX042465,2023-11-24,CUST2527,Male,54,Books,20,248.0,4960.0,4,2023,Middle Aged,High
TX042466,2023-11-24,CUST6458,Male,65,Electronics,18,246.0,4428.0,4,2023,Retired,High
TX042467,2023-11-24,CUST3092,Male,52,Beauty,9,315.0,2835.0,4,2023,Middle Aged,High
TX042468,2023-11-24,CUST5084,Male,62,Sports,11,110.0,1210.0,4,2023,Retired,High
TX042469,2023-11-24,CUST9659,Male,24,Clothing,11,437.0,4807.0,4,2023,Teenager,High
TX042470,2023-11-24,CUST9821,Female,27,Sports,1,456.0,456.0,4,2023,Youth,Medium
TX042471,2023-11-24,CUST3038,Male,51,Groceries,10,39.0,390.0,4,2023,Middle Aged,Medium
TX042472,2023-11-24,CUST1243,Male,26,Sports,12,98.0,1176.0,4,2023,Youth,High
TX042473,2023-11-24,CUST5331,Female,66,Electronics,3,133.0,399.0,4,2023,Retired,Medium
TX042474,2023-11-24,CUST8591,Male,63,Books,10,198.0,1980.0,4,2023,Retired,High
TX042475,2023-11-24,CUST9849,Female,25,Beauty,3,309.0,927.0,4,2023,Teenager,High
TX042476,2023-11-24,CUST7938,Female,69,Groceries,18,491.0,8838.0,4,2023,Retired,High
TX042477,2023-11-24,CUST1207,Male,21,Electronics,5,220.0,1100.0,4,2023,Teenager,High
TX042478,2023-11-24,CUST1726,Male,29,Electronics,19,473.0,8987.0,4,2023,Youth,High
TX042479,2023-11-24,CUST3647,Male,68,Clothing,15,476.0,7140.0,4,2023,Retired,High
TX042480,2023-11-24,CUST7487,Male,60,Sports,11,443.0,4873.0,4,2023,Middle Aged,High
TX042481,2023-11-24,CUST7993,Male,22,Groceries,15,208.0,3120.0,4,2023,Teenager,High
TX042482,2023-11-24,CUST3408,Male,21,Beauty,7,371.0,2597.0,4,2023,Teenager,High
TX042483,2023-11-24,CUST7053,Male,57,Beauty,12,339.0,4068.0,4,2023,Middle Aged,High
TX042484,2023-11-24,CUST4615,Female,37,Clothing,15,218.0,3270.0,4,2023,Youth,High
TX042485,2023-11-24,CUST5224,Male,55,Electronics,3,415.0,1245.0,4,2023,Middle Aged,High
TX042486,2023-11-24,CUST6172,Female,18,Electronics,18,469.0,8442.0,4,2023,,High
TX042487,2023-11-24,CUST0646,Male,62,Electronics,7,343.0,2401.0,4,2023,Retired,High
TX042488,2023-11-24,CUST6953,Female,64,Groceries,20,381.0,7620.0,4,2023,Retired,High
TX042489,2023-11-24,CUST2249,Female,64,Groceries,4,159.0,636.0,4,2023,Retired,High
TX042490,2023-11-24,CUST3815,Female,38,Sports,11,405.0,4455.0,4,2023,Youth,High
TX042491,2023-11-24,CUST7246,Female,37,Electronics,3,38.0,114.0,4,2023,Youth,Medium
TX042492,2023-11-24,CUST9165,Female,51,Sports,7,25.0,175.0,4,2023,Middle Aged,Medium
TX042493,2023-11-24,CUST1523,Male,21,Groceries,1,158.0,158.0,4,2023,Teenager,Medium
TX042494,2023-11-24,CUST2283,Female,67,Clothing,2,230.0,460.0,4,2023,Retired,Medium
TX042495,2023-11-24,CUST5232,Male,52,Groceries,3,400.0,1200.0,4,2023,Middle Aged,High
TX042496,2023-11-24,CUST1644,Female,25,Electronics,1,95.0,95.0,4,2023,Teenager,Low
TX042497,2023-11-24,CUST7888,Male,54,Books,13,304.0,3952.0,4,2023,Middle Aged,High
TX042498,2023-11-24,CUST5952,Female,53,Books,17,160.0,2720.0,4,2023,Middle Aged,High
TX042499,2023-11-24,CUST1816,Male,56,Clothing,20,380.0,7600.0,4,2023,Middle Aged,High
TX042500,2023-11-24,CUST1650,Female,70,Books,4,441.0,1764.0,4,2023,Retired,High
TX042501,2023-11-24,CUST6724,Female,57,Electronics,7,308.0,2156.0,4,2023,Middle Aged,High
TX042502,2023-11-24,CUST0193,Female,40,Books,13,274.0,3562.0,4,2023,Youth,High
TX042503,2023-11-24,CUST1557,Male,29,Electronics,20,223.0,4460.0,4,2023,Youth,High
TX042504,2023-11-24,CUST5582,Female,69,Beauty,11,313.0,3443.0,4,2023,Retired,High
TX042505,2023-11-24,CUST5438,Male,35,Beauty,6,186.0,1116.0,4,2023,Youth,High
TX042506,2023-11-24,CUST6154,Female,57,Clothing,15,81.0,1215.0,4,2023,Middle Aged,High
TX042507,2023-11-24,CUST9723,Male,47,Sports,2,101.0,202.0,4,2023,Middle Aged,Medium
TX042508,2023-11-24,CUST9423,Male,31,Clothing,8,500.0,4000.0,4,2023,Youth,High
TX042509,2023-11-24,CUST0169,Female,36,Groceries,7,81.0,567.0,4,2023,Youth,High
TX042510,2023-11-24,CUST6865,Male,42,Sports,20,173.0,3460.0,4,2023,Middle Aged,High
TX042511,2023-11-24,CUST5021,Female,67,Books,18,211.0,3798.0,4,2023,Retired,High
TX042512,2023-11-24,CUST9627,Male,51,Electronics,16,182.0,2912.0,4,2023,Middle Aged,High
TX042513,2023-11-24,CUST6007,Female,62,Electronics,18,254.0,4572.0,4,2023,Retired,High
TX042514,2023-11-24,CUST2472,Female,56,Sports,9,221.0,1989.0,4,2023,Middle Aged,High
TX042515,2023-11-24,CUST8275,Female,52,Beauty,10,71.0,710.0,4,2023,Middle Aged,High
TX042516,2023-11-24,CUST9163,Male,30,Electronics,11,458.0,5038.0,4,2023,Youth,High
TX042517,2023-11-24,CUST2861,Female,39,Groceries,2,108.0,216.0,4,2023,Youth,Medium
TX042518,2023-11-24,CUST1118,Male,54,Clothing,10,123.0,1230.0,4,2023,Middle Aged,High
TX042519,2023-11-24,CUST1850,Male,33,Groceries,20,364.0,7280.0,4,2023,Youth,High
TX042520,2023-11-24,CUST3207,Female,70,Books,1,392.0,392.0,4,2023,Retired,Medium
TX042521,2023-11-24,CUST4657,Male,25,Books,16,146.0,2336.0,4,2023,Teenager,High
TX042522,2023-11-24,CUST0315,Female,61,Clothing,13,256.0,3328.0,4,2023,Retired,High
TX042523,2023-11-24,CUST9911,Female,37,Sports,11,297.0,3267.0,4,2023,Youth,High
TX042524,2023-11-24,CUST7009,Male,43,Electronics,13,38.0,494.0,4,2023,Middle Aged,Medium
TX042525,2023-11-24,CUST9872,Female,23,Beauty,9,116.0,1044.0,4,2023,Teenager,High
TX042526,2023-11-24,CUST3893,Male,68,Clothing,9,107.0,963.0,4,2023,Retired,High
TX042527,2023-11-24,CUST0862,Female,70,Sports,14,278.0,3892.0,4,2023,Retired,High
TX042528,2023-11-24,CUST1288,Male,23,Clothing,7,169.0,1183.0,4,2023,Teenager,High
TX042529,2023-11-24,CUST5761,Male,70,Clothing,7,110.0,770.0,4,2023,Retired,High
TX042530,2023-11-24,CUST0792,Female,54,Clothing,18,483.0,8694.0,4,2023,Middle Aged,High
TX042531,2023-11-24,CUST4913,Male,37,Clothing,18,342.0,6156.0,4,2023,Youth,High
TX042532,2023-11-24,CUST8645,Female,69,Beauty,5,440.0,2200.0,4,2023,Retired,High
TX042533,2023-11-24,CUST0885,Female,61,Sports,6,476.0,2856.0,4,2023,Retired,High
TX042534,2023-11-24,CUST8340,Male,59,Electronics,1,409.0,409.0,4,2023,Middle Aged,Medium
TX042535,2023-11-24,CUST9041,Male,36,Groceries,14,64.0,896.0,4,2023,Youth,High
TX042536,2023-11-24,CUST3672,Male,25,Sports,18,403.0,7254.0,4,2023,Teenager,High
TX042537,2023-11-24,CUST3386,Male,48,Groceries,1,488.0,488.0,4,2023,Middle Aged,Medium
TX042538,2023-11-24,CUST4188,Male,26,Groceries,11,144.0,1584.0,4,2023,Youth,High
TX042539,2023-11-24,CUST3448,Female,55,Clothing,17,307.0,5219.0,4,2023,Middle Aged,High
TX042540,2023-11-24,CUST7815,Female,18,Clothing,14,122.0,1708.0,4,2023,,High
TX042541,2023-11-24,CUST0682,Female,42,Beauty,1,383.0,383.0,4,2023,Middle Aged,Medium
TX042542,2023-11-24,CUST1505,Male,55,Beauty,6,233.0,1398.0,4,2023,Middle Aged,High
TX042543,2023-11-24,CUST0527,Female,58,Beauty,16,126.0,2016.0,4,2023,Middle Aged,High
TX042544,2023-11-24,CUST9961,Male,36,Sports,18,357.0,6426.0,4,2023,Youth,High
TX042545,2023-11-24,CUST9502,Male,66,Groceries,20,258.0,5160.0,4,2023,Retired,High
TX042546,2023-11-24,CUST8715,Female,36,Electronics,6,214.0,1284.0,4,2023,Youth,High
TX042547,2023-11-24,CUST1079,Female,26,Clothing,3,457.0,1371.0,4,2023,Youth,High
TX042548,2023-11-24,CUST5521,Male,36,Books,8,76.0,608.0,4,2023,Youth,High
TX042549,2023-11-24,CUST8073,Female,44,Electronics,16,290.0,4640.0,4,2023,Middle Aged,High
TX042550,2023-11-24,CUST2636,Female,22,Clothing,4,313.0,1252.0,4,2023,Teenager,High
TX042551,2023-11-24,CUST8417,Male,49,Sports,11,23.0,253.0,4,2023,Middle Aged,Medium
TX042552,2023-11-24,CUST6173,Female,51,Electronics,17,352.0,5984.0,4,2023,Middle Aged,High
TX042553,2023-11-24,CUST6299,Female,33,Books,7,250.0,1750.0,4,2023,Youth,High
TX042554,2023-11-24,CUST4591,Female,33,Clothing,16,308.0,4928.0,4,2023,Youth,High
TX042555,2023-11-24,CUST1036,Female,18,Clothing,20,496.0,9920.0,4,2023,,High
TX042556,2023-11-24,CUST8392,Male,43,Sports,20,174.0,3480.0,4,2023,Middle Aged,High
TX042557,2023-11-24,CUST8880,Male,49,Groceries,16,429.0,6864.0,4,2023,Middle Aged,High
TX042558,2023-11-24,CUST3735,Female,51,Clothing,18,360.0,6480.0,4,2023,Middle Aged,High
TX042559,2023-11-24,CUST4062,Female,39,Beauty,14,334.0,4676.0,4,2023,Youth,High
TX042560,2023-11-24,CUST6987,Female,56,Clothing,18,458.0,8244.0,4,2023,Middle Aged,High
TX042561,2023-11-24,CUST3014,Male,30,Books,18,212.0,3816.0,4,2023,Youth,High
TX042562,2023-11-24,CUST5296,Male,20,Books,5,357.0,1785.0,4,2023,Teenager,High
TX042563,2023-11-24,CUST8109,Female,50,Beauty,20,406.0,8120.0,4,2023,Middle Aged,High
TX042564,2023-11-24,CUST5963,Male,31,Beauty,18,185.0,3330.0,4,2023,Youth,High
TX042565,2023-11-24,CUST6209,Female,36,Clothing,12,277.0,3324.0,4,2023,Youth,High
TX042566,2023-11-24,CUST8544,Female,23,Clothing,3,192.0,576.0,4,2023,Teenager,High
TX042567,2023-11-24,CUST6068,Male,50,Sports,8,172.0,1376.0,4,2023,Middle Aged,High
TX042568,2023-11-24,CUST2256,Male,70,Clothing,6,75.0,450.0,4,2023,Retired,Medium
TX042569,2023-11-24,CUST6765,Male,44,Clothing,5,21.0,105.0,4,2023,Middle Aged,Medium
TX042570,2023-11-24,CUST7249,Female,21,Sports,19,173.0,3287.0,4,2023,Teenager,High
TX042571,2023-11-24,CUST5237,Female,51,Groceries,14,134.0,1876.0,4,2023,Middle Aged,High
TX042572,2023-11-24,CUST0240,Male,20,Books,8,78.0,624.0,4,2023,Teenager,High
TX042573,2023-11-24,CUST8958,Male,31,Electronics,4,102.0,408.0,4,2023,Youth,Medium
TX042574,2023-11-24,CUST2706,Male,36,Sports,10,110.0,1100.0,4,2023,Youth,High
TX042575,2023-11-24,CUST2371,Female,51,Groceries,2,216.0,432.0,4,2023,Middle Aged,Medium
TX042576,2023-11-24,CUST7155,Male,26,Sports,2,29.0,58.0,4,2023,Youth,Low
TX042577,2023-11-24,CUST9873,Male,22,Electronics,18,95.0,1710.0,4,2023,Teenager,High
TX042578,2023-11-24,CUST3040,Male,48,Books,15,73.0,1095.0,4,2023,Middle Aged,High
TX042579,2023-11-24,CUST4678,Male,31,Electronics,8,235.0,1880.0,4,2023,Youth,High
TX042580,2023-11-24,CUST2684,Female,43,Groceries,12,311.0,3732.0,4,2023,Middle Aged,High
TX042581,2023-11-24,CUST0617,Female,44,Books,1,423.0,423.0,4,2023,Middle Aged,Medium
TX042582,2023-11-24,CUST3204,Male,65,Beauty,19,165.0,3135.0,4,2023,Retired,High
TX042583,2023-11-24,CUST2111,Male,48,Books,12,368.0,4416.0,4,2023,Middle Aged,High
TX042584,2023-11-24,CUST8111,Male,25,Books,4,426.0,1704.0,4,2023,Teenager,High
TX042585,2023-11-24,CUST3055,Male,32,Electronics,14,97.0,1358.0,4,2023,Youth,High
TX042586,2023-11-24,CUST5884,Female,42,Electronics,7,389.0,2723.0,4,2023,Middle Aged,High
TX042587,2023-11-24,CUST9902,Female,47,Clothing,3,298.0,894.0,4,2023,Middle Aged,High
TX042588,2023-11-24,CUST5845,Female,45,Groceries,5,283.0,1415.0,4,2023,Middle Aged,High
TX042589,2023-11-24,CUST1167,Male,30,Clothing,13,106.0,1378.0,4,2023,Youth,High
TX042590,2023-11-24,CUST0761,Female,42,Groceries,6,150.0,900.0,4,2023,Middle Aged,High
TX042591,2023-11-24,CUST7050,Male,60,Books,16,296.0,4736.0,4,2023,Middle Aged,High
TX042592,2023-11-24,CUST0907,Male,58,Books,17,139.0,2363.0,4,2023,Middle Aged,High
TX042593,2023-11-24,CUST6495,Female,64,Books,1,38.0,38.0,4,2023,Retired,Low
TX042594,2023-11-24,CUST9031,Male,44,Books,3,179.0,537.0,4,2023,Middle Aged,High
TX042595,2023-11-24,CUST3266,Male,18,Electronics,1,281.0,281.0,4,2023,,Medium
TX042596,2023-11-24,CUST2466,Male,67,Sports,3,303.0,909.0,4,2023,Retired,High
TX042597,2023-11-24,CUST9921,Male,66,Books,17,21.0,357.0,4,2023,Retired,Medium
TX042598,2023-11-24,CUST3709,Male,67,Electronics,3,307.0,921.0,4,2023,Retired,High
TX042599,2023-11-24,CUST7666,Male,23,Beauty,15,296.0,4440.0,4,2023,Teenager,High
TX042600,2023-11-24,CUST2640,Female,54,Sports,13,310.0,4030.0,4,2023,Middle Aged,High
TX042601,2023-11-24,CUST9523,Male,42,Clothing,11,158.0,1738.0,4,2023,Middle Aged,High
TX042602,2023-11-24,CUST7529,Female,63,Electronics,16,135.0,2160.0,4,2023,Retired,High
TX042603,2023-11-24,CUST6365,Female,67,Groceries,1,101.0,101.0,4,2023,Retired,Medium
TX042604,2023-11-24,CUST5155,Female,51,Clothing,3,215.0,645.0,4,2023,Middle Aged,High
TX042605,2023-11-24,CUST9986,Female,29,Clothing,17,222.0,3774.0,4,2023,Youth,High
TX042606,2023-11-24,CUST7117,Female,68,Electronics,4,415.0,1660.0,4,2023,Retired,High
TX042607,2023-11-24,CUST1188,Female,57,Clothing,8,162.0,1296.0,4,2023,Middle Aged,High
TX042608,2023-11-24,CUST9237,Female,34,Books,18,268.0,4824.0,4,2023,Youth,High
TX042609,2023-11-24,CUST0739,Female,44,Electronics,16,390.0,6240.0,4,2023,Middle Aged,High
TX042610,2023-11-24,CUST2675,Male,33,Electronics,10,253.0,2530.0,4,2023,Youth,High
TX042611,2023-11-24,CUST3220,Female,41,Electronics,6,361.0,2166.0,4,2023,Middle Aged,High
TX042612,2023-11-24,CUST7694,Male,39,Electronics,2,261.0,522.0,4,2023,Youth,High
TX042613,2023-11-24,CUST2276,Female,34,Groceries,13,89.0,1157.0,4,2023,Youth,High
TX042614,2023-11-24,CUST6242,Female,58,Groceries,18,439.0,7902.0,4,2023,Middle Aged,High
TX042615,2023-11-24,CUST2976,Female,25,Sports,12,282.0,3384.0,4,2023,Teenager,High
TX042616,2023-11-24,CUST4064,Female,45,Groceries,1,202.0,202.0,4,2023,Middle Aged,Medium
TX042617,2023-11-24,CUST8687,Female,24,Electronics,5,290.0,1450.0,4,2023,Teenager,High
TX042618,2023-11-24,CUST2213,Female,60,Groceries,15,499.0,7485.0,4,2023,Middle Aged,High
TX042619,2023-11-24,CUST8047,Male,67,Beauty,7,278.0,1946.0,4,2023,Retired,High
TX042620,2023-11-24,CUST1481,Male,54,Electronics,6,129.0,774.0,4,2023,Middle Aged,High
TX042621,2023-11-24,CUST6293,Female,58,Groceries,2,497.0,994.0,4,2023,Middle Aged,High
TX042622,2023-11-24,CUST8425,Female,58,Groceries,10,227.0,2270.0,4,2023,Middle Aged,High
TX042623,2023-11-24,CUST0698,Female,67,Electronics,13,81.0,1053.0,4,2023,Retired,High
TX042624,2023-11-24,CUST4020,Female,23,Electronics,5,56.0,280.0,4,2023,Teenager,Medium
TX042625,2023-11-24,CUST0175,Female,46,Clothing,16,496.0,7936.0,4,2023,Middle Aged,High
TX042626,2023-11-24,CUST7898,Male,26,Beauty,18,121.0,2178.0,4,2023,Youth,High
TX042627,2023-11-24,CUST6619,Female,68,Beauty,1,394.0,394.0,4,2023,Retired,Medium
TX042628,2023-11-24,CUST3471,Female,38,Groceries,9,485.0,4365.0,4,2023,Youth,High
TX042629,2023-11-24,CUST8064,Male,24,Clothing,4,90.0,360.0,4,2023,Teenager,Medium
TX042630,2023-11-24,CUST6860,Female,61,Groceries,15,107.0,1605.0,4,2023,Retired,High
TX042631,2023-11-24,CUST1594,Male,69,Clothing,18,83.0,1494.0,4,2023,Retired,High
TX042632,2023-11-24,CUST7257,Male,65,Beauty,12,306.0,3672.0,4,2023,Retired,High
TX042633,2023-11-24,CUST2956,Female,69,Sports,7,128.0,896.0,4,2023,Retired,High
TX042634,2023-11-24,CUST8515,Male,29,Beauty,4,226.0,904.0,4,2023,Youth,High
TX042635,2023-11-24,CUST9810,Female,40,Sports,3,73.0,219.0,4,2023,Youth,Medium
TX042636,2023-11-24,CUST7444,Male,34,Books,11,122.0,1342.0,4,2023,Youth,High
TX042637,2023-11-24,CUST9341,Female,59,Sports,12,116.0,1392.0,4,2023,Middle Aged,High
TX042638,2023-11-24,CUST5192,Female,57,Books,6,431.0,2586.0,4,2023,Middle Aged,High
TX042639,2023-11-24,CUST2592,Male,22,Beauty,11,478.0,5258.0,4,2023,Teenager,High
TX042640,2023-11-24,CUST1213,Female,54,Electronics,1,199.0,199.0,4,2023,Middle Aged,Medium
TX042641,2023-11-24,CUST5918,Female,28,Books,1,57.0,57.0,4,2023,Youth,Low
TX042642,2023-11-24,CUST7720,Female,58,Clothing,13,340.0,4420.0,4,2023,Middle Aged,High
TX042643,2023-11-24,CUST7738,Female,66,Books,13,263.0,3419.0,4,2023,Retired,High
TX042644,2023-11-24,CUST9724,Male,43,Clothing,2,333.0,666.0,4,2023,Middle Aged,High
TX042645,2023-11-24,CUST3914,Female,26,Books,7,445.0,3115.0,4,2023,Youth,High
TX042646,2023-11-24,CUST0650,Female,53,Electronics,9,141.0,1269.0,4,2023,Middle Aged,High
TX042647,2023-11-24,CUST9048,Male,38,Electronics,17,443.0,7531.0,4,2023,Youth,High
TX042648,2023-11-24,CUST8020,Female,46,Groceries,18,367.0,6606.0,4,2023,Middle Aged,High
TX042649,2023-11-24,CUST0309,Male,39,Beauty,9,80.0,720.0,4,2023,Youth,High
TX042650,2023-11-24,CUST3588,Male,39,Beauty,14,356.0,4984.0,4,2023,Youth,High
TX042651,2023-11-24,CUST6885,Female,53,Electronics,3,389.0,1167.0,4,2023,Middle Aged,High
TX042652,2023-11-24,CUST1887,Male,40,Clothing,6,212.0,1272.0,4,2023,Youth,High
TX042653,2023-11-24,CUST3192,Female,36,Sports,5,76.0,380.0,4,2023,Youth,Medium
TX042654,2023-11-24,CUST1442,Male,64,Clothing,7,170.0,1190.0,4,2023,Retired,High
TX042655,2023-11-24,CUST7760,Female,29,Sports,18,493.0,8874.0,4,2023,Youth,High
TX042656,2023-11-24,CUST0274,Male,62,Groceries,19,386.0,7334.0,4,2023,Retired,High
TX042657,2023-11-24,CUST5460,Female,63,Books,20,92.0,1840.0,4,2023,Retired,High
TX042658,2023-11-24,CUST8994,Male,64,Sports,11,339.0,3729.0,4,2023,Retired,High
TX042659,2023-11-24,CUST4873,Female,44,Beauty,14,477.0,6678.0,4,2023,Middle Aged,High
TX042660,2023-11-24,CUST7973,Female,57,Books,15,481.0,7215.0,4,2023,Middle Aged,High
TX042661,2023-11-24,CUST4212,Female,29,Electronics,7,416.0,2912.0,4,2023,Youth,High
TX042662,2023-11-24,CUST7762,Female,70,Beauty,1,140.0,140.0,4,2023,Retired,Medium
TX042663,2023-11-24,CUST6828,Female,42,Clothing,13,500.0,6500.0,4,2023,Middle Aged,High
TX042664,2023-11-24,CUST8718,Female,51,Beauty,3,300.0,900.0,4,2023,Middle Aged,High
TX042665,2023-11-24,CUST6567,Female,48,Beauty,9,154.0,1386.0,4,2023,Middle Aged,High
TX042666,2023-11-24,CUST2423,Male,59,Groceries,1,225.0,225.0,4,2023,Middle Aged,Medium
TX042667,2023-11-24,CUST4422,Male,50,Sports,5,303.0,1515.0,4,2023,Middle Aged,High
TX042668,2023-11-24,CUST9267,Female,19,Beauty,9,320.0,2880.0,4,2023,Teenager,High
TX042669,2023-11-24,CUST6352,Female,18,Clothing,8,358.0,2864.0,4,2023,,High
TX042670,2023-11-24,CUST9103,Female,58,Clothing,8,230.0,1840.0,4,2023,Middle Aged,High
TX042671,2023-11-24,CUST1597,Female,54,Electronics,16,330.0,5280.0,4,2023,Middle Aged,High
TX042672,2023-11-24,CUST3042,Female,68,Books,1,117.0,117.0,4,2023,Retired,Medium
TX042673,2023-11-24,CUST2003,Female,42,Books,18,251.0,4518.0,4,2023,Middle Aged,High
TX042674,2023-11-24,CUST8272,Female,60,Sports,13,432.0,5616.0,4,2023,Middle Aged,High
TX042675,2023-11-24,CUST0678,Female,56,Electronics,13,101.0,1313.0,4,2023,Middle Aged,High
TX042676,2023-11-24,CUST8076,Male,20,Groceries,12,430.0,5160.0,4,2023,Teenager,High
TX042677,2023-11-24,CUST8225,Male,37,Books,5,88.0,440.0,4,2023,Youth,Medium
TX042678,2023-11-24,CUST8598,Male,33,Books,3,81.0,243.0,4,2023,Youth,Medium
TX042679,2023-11-24,CUST1293,Male,59,Clothing,11,120.0,1320.0,4,2023,Middle Aged,High
TX042680,2023-11-24,CUST4921,Male,37,Clothing,15,453.0,6795.0,4,2023,Youth,High
TX042681,2023-11-24,CUST0728,Female,25,Electronics,7,12.0,84.0,4,2023,Teenager,Low
TX042682,2023-11-24,CUST2870,Female,66,Clothing,15,52.0,780.0,4,2023,Retired,High
TX042683,2023-11-24,CUST3868,Male,20,Groceries,20,178.0,3560.0,4,2023,Teenager,High
TX042684,2023-11-24,CUST0133,Female,67,Electronics,16,289.0,4624.0,4,2023,Retired,High
TX042685,2023-11-24,CUST6183,Male,40,Beauty,19,172.0,3268.0,4,2023,Youth,High
TX042686,2023-11-24,CUST1741,Female,60,Sports,11,89.0,979.0,4,2023,Middle Aged,High
TX042687,2023-11-24,CUST9227,Female,39,Sports,19,423.0,8037.0,4,2023,Youth,High
TX042688,2023-11-24,CUST8288,Female,42,Electronics,4,220.0,880.0,4,2023,Middle Aged,High
TX042689,2023-11-24,CUST8956,Male,42,Clothing,3,374.0,1122.0,4,2023,Middle Aged,High
TX042690,2023-11-24,CUST2326,Male,19,Electronics,6,462.0,2772.0,4,2023,Teenager,High
TX042691,2023-11-24,CUST3180,Male,64,Books,17,20.0,340.0,4,2023,Retired,Medium
TX042692,2023-11-24,CUST0212,Female,44,Books,3,162.0,486.0,4,2023,Middle Aged,Medium
TX042693,2023-11-24,CUST4032,Male,39,Electronics,19,117.0,2223.0,4,2023,Youth,High
TX042694,2023-11-24,CUST2660,Male,22,Sports,7,463.0,3241.0,4,2023,Teenager,High
TX042695,2023-11-24,CUST7239,Male,62,Beauty,8,213.0,1704.0,4,2023,Retired,High
TX042696,2023-11-24,CUST6492,Male,42,Electronics,20,26.0,520.0,4,2023,Middle Aged,High
TX042697,2023-11-24,CUST1310,Male,69,Groceries,6,52.0,312.0,4,2023,Retired,Medium
TX042698,2023-11-24,CUST8141,Female,70,Sports,15,379.0,5685.0,4,2023,Retired,High
TX042699,2023-11-24,CUST7219,Male,20,Clothing,18,470.0,8460.0,4,2023,Teenager,High
TX042700,2023-11-24,CUST8033,Female,38,Beauty,5,335.0,1675.0,4,2023,Youth,High
TX042701,2023-11-24,CUST0304,Female,52,Clothing,2,494.0,988.0,4,2023,Middle Aged,High
TX042702,2023-11-24,CUST3820,Male,29,Clothing,10,482.0,4820.0,4,2023,Youth,High
TX042703,2023-11-24,CUST1947,Female,62,Sports,4,70.0,280.0,4,2023,Retired,Medium
TX042704,2023-11-24,CUST9020,Male,40,Electronics,4,319.0,1276.0,4,2023,Youth,High
TX042705,2023-11-24,CUST5665,Male,33,Electronics,10,15.0,150.0,4,2023,Youth,Medium
TX042706,2023-11-24,CUST9412,Male,47,Groceries,16,354.0,5664.0,4,2023,Middle Aged,High
TX042707,2023-11-24,CUST4496,Female,55,Clothing,15,17.0,255.0,4,2023,Middle Aged,Medium
TX042708,2023-11-24,CUST3515,Female,35,Books,11,354.0,3894.0,4,2023,Youth,High
TX042709,2023-11-24,CUST0182,Female,19,Beauty,6,73.0,438.0,4,2023,Teenager,Medium
TX042710,2023-11-24,CUST9689,Male,68,Sports,15,443.0,6645.0,4,2023,Retired,High
TX042711,2023-11-24,CUST1157,Female,59,Electronics,3,111.0,333.0,4,2023,Middle Aged,Medium
TX042712,2023-11-24,CUST0802,Female,26,Groceries,11,82.0,902.0,4,2023,Youth,High
TX042713,2023-11-24,CUST6124,Female,63,Sports,10,253.0,2530.0,4,2023,Retired,High
TX042714,2023-11-24,CUST3964,Female,57,Electronics,7,263.0,1841.0,4,2023,Middle Aged,High
TX042715,2023-11-24,CUST6730,Male,49,Books,7,134.0,938.0,4,2023,Middle Aged,High
TX042716,2023-11-24,CUST1538,Male,37,Books,6,445.0,2670.0,4,2023,Youth,High
TX042717,2023-11-24,CUST1003,Female,27,Electronics,9,24.0,216.0,4,2023,Youth,Medium
TX042718,2023-11-24,CUST8632,Male,37,Electronics,7,316.0,2212.0,4,2023,Youth,High
TX042719,2023-11-24,CUST1711,Female,69,Electronics,17,487.0,8279.0,4,2023,Retired,High
TX042720,2023-11-24,CUST1991,Female,34,Groceries,8,25.0,200.0,4,2023,Youth,Medium
TX042721,2023-11-24,CUST0900,Female,40,Electronics,3,364.0,1092.0,4,2023,Youth,High
TX042722,2023-11-24,CUST1403,Female,38,Beauty,5,82.0,410.0,4,2023,Youth,Medium
TX042723,2023-11-24,CUST1717,Female,34,Electronics,14,75.0,1050.0,4,2023,Youth,High
TX042724,2023-11-24,CUST5840,Male,48,Sports,18,183.0,3294.0,4,2023,Middle Aged,High
TX042725,2023-11-24,CUST1881,Male,45,Sports,6,364.0,2184.0,4,2023,Middle Aged,High
TX042726,2023-11-24,CUST2649,Male,65,Sports,1,429.0,429.0,4,2023,Retired,Medium
TX042727,2023-11-24,CUST5582,Male,54,Beauty,15,315.0,4725.0,4,2023,Middle Aged,High
TX042728,2023-11-24,CUST9124,Male,59,Sports,3,403.0,1209.0,4,2023,Middle Aged,High
TX042729,2023-11-24,CUST3271,Female,32,Electronics,19,225.0,4275.0,4,2023,Youth,High
TX042730,2023-11-24,CUST7954,Female,49,Electronics,4,120.0,480.0,4,2023,Middle Aged,Medium
TX042731,2023-11-24,CUST8039,Male,60,Books,9,231.0,2079.0,4,2023,Middle Aged,High
TX042732,2023-11-24,CUST6106,Male,63,Clothing,6,313.0,1878.0,4,2023,Retired,High
TX042733,2023-11-24,CUST9647,Female,65,Sports,16,466.0,7456.0,4,2023,Retired,High
TX042734,2023-11-24,CUST7409,Female,55,Groceries,12,143.0,1716.0,4,2023,Middle Aged,High
TX042735,2023-11-24,CUST9026,Female,70,Clothing,10,381.0,3810.0,4,2023,Retired,High
TX042736,2023-11-24,CUST6872,Female,48,Clothing,7,325.0,2275.0,4,2023,Middle Aged,High
TX042737,2023-11-24,CUST4580,Male,42,Electronics,10,71.0,710.0,4,2023,Middle Aged,High
TX042738,2023-11-24,CUST9045,Female,23,Groceries,18,227.0,4086.0,4,2023,Teenager,High
TX042739,2023-11-24,CUST2417,Female,29,Electronics,9,499.0,4491.0,4,2023,Youth,High
TX042740,2023-11-24,CUST6386,Female,69,Sports,1,31.0,31.0,4,2023,Retired,Low
TX042741,2023-11-24,CUST3825,Male,63,Beauty,18,184.0,3312.0,4,2023,Retired,High
TX042742,2023-11-24,CUST5789,Male,57,Clothing,14,406.0,5684.0,4,2023,Middle Aged,High
TX042743,2023-11-24,CUST2521,Female,42,Beauty,18,15.0,270.0,4,2023,Middle Aged,Medium
TX042744,2023-11-24,CUST6195,Male,26,Sports,6,301.0,1806.0,4,2023,Youth,High
TX042745,2023-11-24,CUST9772,Male,25,Books,17,76.0,1292.0,4,2023,Teenager,High
TX042746,2023-11-24,CUST9988,Female,35,Beauty,3,149.0,447.0,4,2023,Youth,Medium
TX042747,2023-11-24,CUST4665,Female,46,Electronics,4,332.0,1328.0,4,2023,Middle Aged,High
TX042748,2023-11-24,CUST2756,Male,32,Books,17,219.0,3723.0,4,2023,Youth,High
TX042749,2023-11-24,CUST5501,Female,56,Beauty,10,421.0,4210.0,4,2023,Middle Aged,High
TX042750,2023-11-24,CUST4099,Female,63,Groceries,1,414.0,414.0,4,2023,Retired,Medium
TX042751,2023-11-24,CUST3531,Male,55,Books,1,54.0,54.0,4,2023,Middle Aged,Low
TX042752,2023-11-24,CUST3674,Male,28,Sports,2,470.0,940.0,4,2023,Youth,High
TX042753,2023-11-24,CUST3778,Male,60,Sports,6,450.0,2700.0,4,2023,Middle Aged,High
TX042754,2023-11-24,CUST4745,Male,33,Clothing,4,166.0,664.0,4,2023,Youth,High
TX042755,2023-11-24,CUST2840,Female,35,Groceries,10,151.0,1510.0,4,2023,Youth,High
TX042756,2023-11-24,CUST0647,Female,59,Groceries,9,462.0,4158.0,4,2023,Middle Aged,High
TX042757,2023-11-24,CUST6757,Male,18,Clothing,19,308.0,5852.0,4,2023,,High
TX042758,2023-11-24,CUST5320,Female,37,Clothing,20,94.0,1880.0,4,2023,Youth,High
TX042759,2023-11-24,CUST8569,Female,60,Beauty,8,265.0,2120.0,4,2023,Middle Aged,High
TX042760,2023-11-24,CUST7993,Male,61,Groceries,14,290.0,4060.0,4,2023,Retired,High
TX042761,2023-11-24,CUST1458,Male,47,Beauty,10,315.0,3150.0,4,2023,Middle Aged,High
TX042762,2023-11-24,CUST4764,Male,34,Clothing,16,170.0,2720.0,4,2023,Youth,High
TX042763,2023-11-24,CUST9940,Male,51,Groceries,20,342.0,6840.0,4,2023,Middle Aged,High
TX042764,2023-11-24,CUST1574,Male,46,Clothing,7,462.0,3234.0,4,2023,Middle Aged,High
TX042765,2023-11-24,CUST8955,Female,56,Groceries,2,110.0,220.0,4,2023,Middle Aged,Medium
TX042766,2023-11-24,CUST4130,Female,19,Books,14,96.0,1344.0,4,2023,Teenager,High
TX042767,2023-11-24,CUST3326,Male,27,Electronics,7,35.0,245.0,4,2023,Youth,Medium
TX042768,2023-11-24,CUST3312,Male,23,Books,19,13.0,247.0,4,2023,Teenager,Medium
TX042769,2023-11-24,CUST0454,Male,46,Electronics,15,64.0,960.0,4,2023,Middle Aged,High
TX042770,2023-11-24,CUST7508,Female,40,Electronics,5,339.0,1695.0,4,2023,Youth,High
TX042771,2023-11-24,CUST9632,Female,24,Groceries,16,96.0,1536.0,4,2023,Teenager,High
TX042772,2023-11-24,CUST1183,Female,22,Books,17,54.0,918.0,4,2023,Teenager,High
TX042773,2023-11-24,CUST1063,Male,34,Sports,4,144.0,576.0,4,2023,Youth,High
TX042774,2023-11-24,CUST5238,Female,68,Electronics,16,474.0,7584.0,4,2023,Retired,High
TX042775,2023-11-24,CUST6621,Male,37,Beauty,18,474.0,8532.0,4,2023,Youth,High
TX042776,2023-11-24,CUST5102,Female,59,Groceries,8,435.0,3480.0,4,2023,Middle Aged,High
TX042777,2023-11-24,CUST8721,Female,18,Electronics,14,233.0,3262.0,4,2023,,High
TX042778,2023-11-24,CUST1542,Male,25,Books,8,256.0,2048.0,4,2023,Teenager,High
TX042779,2023-11-24,CUST2340,Male,45,Beauty,7,41.0,287.0,4,2023,Middle Aged,Medium
TX042780,2023-11-24,CUST0426,Female,49,Books,11,279.0,3069.0,4,2023,Middle Aged,High
TX042781,2023-11-24,CUST0385,Female,24,Electronics,20,67.0,1340.0,4,2023,Teenager,High
TX042782,2023-11-24,CUST2730,Female,55,Beauty,14,430.0,6020.0,4,2023,Middle Aged,High
TX042783,2023-11-24,CUST2359,Male,59,Electronics,15,130.0,1950.0,4,2023,Middle Aged,High
TX042784,2023-11-24,CUST7644,Male,40,Books,20,280.0,5600.0,4,2023,Youth,High
TX042785,2023-11-24,CUST1656,Male,26,Books,17,329.0,5593.0,4,2023,Youth,High
TX042786,2023-11-24,CUST3019,Female,56,Books,1,56.0,56.0,4,2023,Middle Aged,Low
TX042787,2023-11-24,CUST4259,Male,20,Clothing,16,42.0,672.0,4,2023,Teenager,High
TX042788,2023-11-24,CUST5369,Female,24,Electronics,15,292.0,4380.0,4,2023,Teenager,High
TX042789,2023-11-24,CUST2024,Male,57,Books,13,118.0,1534.0,4,2023,Middle Aged,High
TX042790,2023-11-24,CUST3033,Female,63,Clothing,14,284.0,3976.0,4,2023,Retired,High
TX042791,2023-11-24,CUST3876,Female,51,Books,16,26.0,416.0,4,2023,Middle Aged,Medium
TX042792,2023-11-24,CUST7032,Male,53,Groceries,11,170.0,1870.0,4,2023,Middle Aged,High
TX042793,2023-11-24,CUST3469,Male,44,Electronics,13,271.0,3523.0,4,2023,Middle Aged,High
TX042794,2023-11-24,CUST3098,Male,29,Books,14,256.0,3584.0,4,2023,Youth,High
TX042795,2023-11-24,CUST0793,Female,62,Groceries,13,466.0,6058.0,4,2023,Retired,High
TX042796,2023-11-24,CUST5438,Female,38,Beauty,12,490.0,5880.0,4,2023,Youth,High
TX042797,2023-11-24,CUST2866,Female,59,Electronics,15,384.0,5760.0,4,2023,Middle Aged,High
TX042798,2023-11-24,CUST2491,Female,23,Sports,7,314.0,2198.0,4,2023,Teenager,High
TX042799,2023-11-24,CUST0284,Female,64,Beauty,20,442.0,8840.0,4,2023,Retired,High
TX042800,2023-11-24,CUST8992,Male,19,Clothing,18,88.0,1584.0,4,2023,Teenager,High
TX042801,2023-11-24,CUST9300,Female,46,Electronics,20,262.0,5240.0,4,2023,Middle Aged,High
TX042802,2023-11-24,CUST9057,Male,32,Books,20,372.0,7440.0,4,2023,Youth,High
TX042803,2023-11-24,CUST4089,Female,34,Sports,6,278.0,1668.0,4,2023,Youth,High
TX042804,2023-11-24,CUST0555,Female,64,Books,17,305.0,5185.0,4,2023,Retired,High
TX042805,2023-11-24,CUST0403,Female,62,Groceries,13,37.0,481.0,4,2023,Retired,Medium
TX042806,2023-11-24,CUST5150,Male,55,Clothing,16,247.0,3952.0,4,2023,Middle Aged,High
TX042807,2023-11-24,CUST6320,Male,68,Books,8,284.0,2272.0,4,2023,Retired,High
TX042808,2023-11-24,CUST9099,Male,51,Books,14,218.0,3052.0,4,2023,Middle Aged,High
TX042809,2023-11-24,CUST9257,Female,48,Sports,3,346.0,1038.0,4,2023,Middle Aged,High
TX042810,2023-11-24,CUST1769,Male,48,Books,12,204.0,2448.0,4,2023,Middle Aged,High
TX042811,2023-11-24,CUST4748,Male,26,Sports,11,318.0,3498.0,4,2023,Youth,High
TX042812,2023-11-24,CUST7107,Male,64,Clothing,5,422.0,2110.0,4,2023,Retired,High
TX042813,2023-11-24,CUST2463,Male,61,Books,16,179.0,2864.0,4,2023,Retired,High
TX042814,2023-11-24,CUST4128,Female,32,Groceries,7,472.0,3304.0,4,2023,Youth,High
TX042815,2023-11-24,CUST3339,Male,68,Electronics,7,140.0,980.0,4,2023,Retired,High
TX042816,2023-11-24,CUST1252,Male,51,Beauty,16,82.0,1312.0,4,2023,Middle Aged,High
TX042817,2023-11-24,CUST1903,Male,69,Books,17,177.0,3009.0,4,2023,Retired,High
TX042818,2023-11-24,CUST7773,Male,66,Electronics,12,440.0,5280.0,4,2023,Retired,High
TX042819,2023-11-24,CUST7188,Female,44,Clothing,18,316.0,5688.0,4,2023,Middle Aged,High
TX042820,2023-11-24,CUST3950,Female,43,Electronics,10,170.0,1700.0,4,2023,Middle Aged,High
TX042821,2023-11-24,CUST6181,Male,36,Sports,4,17.0,68.0,4,2023,Youth,Low
TX042822,2023-11-24,CUST0681,Female,48,Clothing,18,64.0,1152.0,4,2023,Middle Aged,High
TX042823,2023-11-24,CUST0881,Male,36,Beauty,14,184.0,2576.0,4,2023,Youth,High
TX042824,2023-11-24,CUST1941,Male,43,Beauty,11,138.0,1518.0,4,2023,Middle Aged,High
TX042825,2023-11-24,CUST1428,Male,25,Groceries,20,487.0,9740.0,4,2023,Teenager,High
TX042826,2023-11-24,CUST4650,Female,66,Groceries,20,422.0,8440.0,4,2023,Retired,High
TX042827,2023-11-24,CUST7991,Female,27,Clothing,19,19.0,361.0,4,2023,Youth,Medium
TX042828,2023-11-24,CUST4829,Female,37,Books,17,270.0,4590.0,4,2023,Youth,High
TX042829,2023-11-24,CUST6877,Female,30,Clothing,13,29.0,377.0,4,2023,Youth,Medium
TX042830,2023-11-24,CUST1149,Male,58,Electronics,20,350.0,7000.0,4,2023,Middle Aged,High
TX042831,2023-11-24,CUST2005,Male,35,Sports,7,173.0,1211.0,4,2023,Youth,High
TX042832,2023-11-24,CUST4552,Female,27,Beauty,16,360.0,5760.0,4,2023,Youth,High
TX042833,2023-11-24,CUST7029,Female,40,Electronics,20,392.0,7840.0,4,2023,Youth,High
TX042834,2023-11-24,CUST4494,Male,54,Sports,2,132.0,264.0,4,2023,Middle Aged,Medium
TX042835,2023-11-24,CUST5629,Female,43,Clothing,10,248.0,2480.0,4,2023,Middle Aged,High
TX042836,2023-11-24,CUST3024,Female,24,Books,10,411.0,4110.0,4,2023,Teenager,High
TX042837,2023-11-24,CUST2597,Male,49,Beauty,10,342.0,3420.0,4,2023,Middle Aged,High
TX042838,2023-11-24,CUST8573,Male,58,Sports,3,34.0,102.0,4,2023,Middle Aged,Medium
TX042839,2023-11-24,CUST0967,Female,40,Sports,18,464.0,8352.0,4,2023,Youth,High
TX042840,2023-11-24,CUST9075,Female,20,Clothing,2,220.0,440.0,4,2023,Teenager,Medium
TX042841,2023-11-24,CUST2742,Female,67,Sports,12,88.0,1056.0,4,2023,Retired,High
TX042842,2023-11-24,CUST2861,Female,28,Groceries,14,368.0,5152.0,4,2023,Youth,High
TX042843,2023-11-24,CUST9469,Female,30,Books,10,251.0,2510.0,4,2023,Youth,High
TX042844,2023-11-24,CUST7687,Female,57,Books,6,25.0,150.0,4,2023,Middle Aged,Medium
TX042845,2023-11-24,CUST2370,Female,60,Clothing,11,161.0,1771.0,4,2023,Middle Aged,High
TX042846,2023-11-24,CUST4099,Female,49,Groceries,16,69.0,1104.0,4,2023,Middle Aged,High
TX042847,2023-11-24,CUST6812,Male,35,Groceries,9,130.0,1170.0,4,2023,Youth,High
TX042848,2023-11-24,CUST2286,Male,44,Groceries,11,47.0,517.0,4,2023,Middle Aged,High
TX042849,2023-11-24,CUST2540,Male,31,Groceries,18,130.0,2340.0,4,2023,Youth,High
TX042850,2023-11-24,CUST9629,Female,39,Beauty,9,464.0,4176.0,4,2023,Youth,High
TX042851,2023-11-24,CUST6289,Male,56,Books,9,70.0,630.0,4,2023,Middle Aged,High
TX042852,2023-11-24,CUST9602,Male,25,Groceries,1,252.0,252.0,4,2023,Teenager,Medium
TX042853,2023-11-24,CUST3953,Female,46,Electronics,18,235.0,4230.0,4,2023,Middle Aged,High
TX042854,2023-11-24,CUST1623,Male,48,Sports,5,68.0,340.0,4,2023,Middle Aged,Medium
TX042855,2023-11-24,CUST6416,Female,58,Groceries,11,471.0,5181.0,4,2023,Middle Aged,High
TX042856,2023-11-24,CUST3475,Male,19,Books,6,50.0,300.0,4,2023,Teenager,Medium
TX042857,2023-11-24,CUST8988,Female,70,Clothing,11,320.0,3520.0,4,2023,Retired,High
TX042858,2023-11-24,CUST5845,Male,52,Groceries,17,370.0,6290.0,4,2023,Middle Aged,High
TX042859,2023-11-24,CUST6455,Female,22,Beauty,10,301.0,3010.0,4,2023,Teenager,High
TX042860,2023-11-24,CUST5897,Male,25,Electronics,4,395.0,1580.0,4,2023,Teenager,High
TX042861,2023-11-24,CUST7079,Female,29,Books,15,495.0,7425.0,4,2023,Youth,High
TX042862,2023-11-24,CUST6433,Female,60,Groceries,8,299.0,2392.0,4,2023,Middle Aged,High
TX042863,2023-11-24,CUST5883,Male,37,Electronics,16,34.0,544.0,4,2023,Youth,High
TX042864,2023-11-24,CUST0965,Female,53,Clothing,1,143.0,143.0,4,2023,Middle Aged,Medium
TX042865,2023-11-24,CUST1857,Male,35,Books,9,180.0,1620.0,4,2023,Youth,High
TX042866,2023-11-24,CUST6178,Male,40,Electronics,13,197.0,2561.0,4,2023,Youth,High
TX042867,2023-11-24,CUST4447,Male,39,Books,1,346.0,346.0,4,2023,Youth,Medium
TX042868,2023-11-24,CUST6343,Male,24,Sports,17,385.0,6545.0,4,2023,Teenager,High
TX042869,2023-11-24,CUST4784,Female,19,Books,12,107.0,1284.0,4,2023,Teenager,High
TX042870,2023-11-24,CUST7729,Male,46,Clothing,3,292.0,876.0,4,2023,Middle Aged,High
TX042871,2023-11-24,CUST1703,Female,35,Sports,7,435.0,3045.0,4,2023,Youth,High
TX042872,2023-11-24,CUST5085,Male,38,Clothing,8,496.0,3968.0,4,2023,Youth,High
TX042873,2023-11-24,CUST4273,Female,21,Clothing,20,201.0,4020.0,4,2023,Teenager,High
TX042874,2023-11-24,CUST7903,Female,34,Sports,20,18.0,360.0,4,2023,Youth,Medium
TX042875,2023-11-24,CUST8401,Female,46,Clothing,11,493.0,5423.0,4,2023,Middle Aged,High
TX042876,2023-11-24,CUST7442,Female,54,Clothing,13,412.0,5356.0,4,2023,Middle Aged,High
TX042877,2023-11-24,CUST0296,Male,42,Clothing,13,175.0,2275.0,4,2023,Middle Aged,High
TX042878,2023-11-24,CUST4708,Female,59,Electronics,7,389.0,2723.0,4,2023,Middle Aged,High
TX042879,2023-11-24,CUST0423,Male,30,Sports,10,118.0,1180.0,4,2023,Youth,High
TX042880,2023-11-24,CUST4024,Male,63,Books,14,82.0,1148.0,4,2023,Retired,High
TX042881,2023-11-24,CUST4888,Female,39,Books,12,99.0,1188.0,4,2023,Youth,High
TX042882,2023-11-24,CUST0350,Female,31,Electronics,20,249.0,4980.0,4,2023,Youth,High
TX042883,2023-11-24,CUST0110,Female,48,Beauty,12,75.0,900.0,4,2023,Middle Aged,High
TX042884,2023-11-24,CUST9140,Female,51,Books,17,270.0,4590.0,4,2023,Middle Aged,High
TX042885,2023-11-24,CUST3083,Female,38,Clothing,7,375.0,2625.0,4,2023,Youth,High
TX042886,2023-11-24,CUST1269,Male,45,Clothing,17,136.0,2312.0,4,2023,Middle Aged,High
TX042887,2023-11-24,CUST2395,Female,57,Groceries,2,458.0,916.0,4,2023,Middle Aged,High
TX042888,2023-11-24,CUST9926,Male,33,Beauty,15,109.0,1635.0,4,2023,Youth,High
TX042889,2023-11-24,CUST2211,Female,60,Clothing,19,480.0,9120.0,4,2023,Middle Aged,High
TX042890,2023-11-24,CUST0658,Female,26,Electronics,12,130.0,1560.0,4,2023,Youth,High
TX042891,2023-11-24,CUST3566,Female,43,Groceries,12,439.0,5268.0,4,2023,Middle Aged,High
TX042892,2023-11-24,CUST6237,Female,54,Clothing,3,151.0,453.0,4,2023,Middle Aged,Medium
TX042893,2023-11-24,CUST0980,Female,45,Books,6,262.0,1572.0,4,2023,Middle Aged,High
TX042894,2023-11-24,CUST1066,Male,56,Sports,14,169.0,2366.0,4,2023,Middle Aged,High
TX042895,2023-11-24,CUST9849,Female,60,Electronics,3,475.0,1425.0,4,2023,Middle Aged,High
TX042896,2023-11-24,CUST1610,Male,33,Electronics,1,68.0,68.0,4,2023,Youth,Low
TX042897,2023-11-24,CUST2551,Female,22,Clothing,19,38.0,722.0,4,2023,Teenager,High
TX042898,2023-11-24,CUST9609,Female,39,Books,12,281.0,3372.0,4,2023,Youth,High
TX042899,2023-11-24,CUST4708,Male,29,Electronics,11,71.0,781.0,4,2023,Youth,High
TX042900,2023-11-24,CUST0021,Male,58,Groceries,10,275.0,2750.0,4,2023,Middle Aged,High
TX042901,2023-11-24,CUST5390,Male,24,Electronics,16,218.0,3488.0,4,2023,Teenager,High
TX042902,2023-11-24,CUST3839,Female,59,Sports,4,467.0,1868.0,4,2023,Middle Aged,High
TX042903,2023-11-24,CUST1202,Female,23,Clothing,9,180.0,1620.0,4,2023,Teenager,High
TX042904,2023-11-24,CUST1106,Male,19,Electronics,19,272.0,5168.0,4,2023,Teenager,High
TX042905,2023-11-24,CUST8457,Male,36,Clothing,19,29.0,551.0,4,2023,Youth,High
TX042906,2023-11-24,CUST0489,Male,39,Books,4,217.0,868.0,4,2023,Youth,High
TX042907,2023-11-24,CUST7382,Female,57,Beauty,5,413.0,2065.0,4,2023,Middle Aged,High
TX042908,2023-11-24,CUST8925,Female,55,Electronics,19,478.0,9082.0,4,2023,Middle Aged,High
TX042909,2023-11-24,CUST9608,Male,29,Electronics,16,123.0,1968.0,4,2023,Youth,High
TX042910,2023-11-24,CUST3896,Male,42,Books,20,363.0,7260.0,4,2023,Middle Aged,High
TX042911,2023-11-24,CUST1956,Male,46,Groceries,7,322.0,2254.0,4,2023,Middle Aged,High
TX042912,2023-11-24,CUST5493,Male,47,Beauty,12,449.0,5388.0,4,2023,Middle Aged,High
TX042913,2023-11-24,CUST1478,Female,46,Beauty,10,418.0,4180.0,4,2023,Middle Aged,High
TX042914,2023-11-24,CUST3784,Male,53,Books,15,498.0,7470.0,4,2023,Middle Aged,High
TX042915,2023-11-24,CUST6156,Female,43,Groceries,9,108.0,972.0,4,2023,Middle Aged,High
TX042916,2023-11-24,CUST6614,Female,24,Groceries,6,487.0,2922.0,4,2023,Teenager,High
TX042917,2023-11-24,CUST1070,Male,46,Books,16,245.0,3920.0,4,2023,Middle Aged,High
TX042918,2023-11-24,CUST4573,Male,67,Beauty,2,242.0,484.0,4,2023,Retired,Medium
TX042919,2023-11-24,CUST5548,Male,20,Beauty,6,324.0,1944.0,4,2023,Teenager,High
TX042920,2023-11-24,CUST2669,Male,39,Beauty,8,266.0,2128.0,4,2023,Youth,High
TX042921,2023-11-24,CUST4854,Male,66,Groceries,9,341.0,3069.0,4,2023,Retired,High
TX042922,2023-11-24,CUST9883,Male,20,Beauty,2,104.0,208.0,4,2023,Teenager,Medium
TX042923,2023-11-24,CUST9693,Female,65,Clothing,19,176.0,3344.0,4,2023,Retired,High
TX042924,2023-11-24,CUST7797,Male,28,Beauty,2,201.0,402.0,4,2023,Youth,Medium
TX042925,2023-11-24,CUST3519,Female,65,Sports,1,413.0,413.0,4,2023,Retired,Medium
TX042926,2023-11-24,CUST8314,Female,54,Books,7,360.0,2520.0,4,2023,Middle Aged,High
TX042927,2023-11-24,CUST9852,Male,26,Electronics,12,187.0,2244.0,4,2023,Youth,High
TX042928,2023-11-24,CUST9161,Female,43,Sports,10,259.0,2590.0,4,2023,Middle Aged,High
TX042929,2023-11-24,CUST2730,Female,55,Groceries,15,246.0,3690.0,4,2023,Middle Aged,High
TX042930,2023-11-24,CUST2058,Female,48,Beauty,12,351.0,4212.0,4,2023,Middle Aged,High
TX042931,2023-11-24,CUST4997,Female,36,Books,7,225.0,1575.0,4,2023,Youth,High
TX042932,2023-11-24,CUST8453,Female,58,Beauty,17,137.0,2329.0,4,2023,Middle Aged,High
TX042933,2023-11-24,CUST9000,Female,51,Clothing,2,195.0,390.0,4,2023,Middle Aged,Medium
TX042934,2023-11-24,CUST1114,Female,48,Books,20,274.0,5480.0,4,2023,Middle Aged,High
TX042935,2023-11-24,CUST3553,Male,51,Clothing,14,139.0,1946.0,4,2023,Middle Aged,High
TX042936,2023-11-24,CUST0424,Female,60,Clothing,17,401.0,6817.0,4,2023,Middle Aged,High
TX042937,2023-11-24,CUST4623,Male,63,Books,13,159.0,2067.0,4,2023,Retired,High
TX042938,2023-11-24,CUST1745,Male,56,Clothing,13,264.0,3432.0,4,2023,Middle Aged,High
TX042939,2023-11-24,CUST3601,Female,69,Beauty,19,32.0,608.0,4,2023,Retired,High
TX042940,2023-11-24,CUST1094,Male,18,Groceries,11,434.0,4774.0,4,2023,,High
TX042941,2023-11-24,CUST7230,Male,58,Books,9,435.0,3915.0,4,2023,Middle Aged,High
TX042942,2023-11-24,CUST9531,Male,52,Beauty,7,22.0,154.0,4,2023,Middle Aged,Medium
TX042943,2023-11-24,CUST7831,Female,32,Electronics,9,38.0,342.0,4,2023,Youth,Medium
TX042944,2023-11-24,CUST5964,Male,48,Clothing,6,132.0,792.0,4,2023,Middle Aged,High
TX042945,2023-11-24,CUST4825,Female,60,Beauty,14,191.0,2674.0,4,2023,Middle Aged,High
TX042946,2023-11-24,CUST9976,Male,55,Books,15,396.0,5940.0,4,2023,Middle Aged,High
TX042947,2023-11-24,CUST5351,Male,32,Books,20,242.0,4840.0,4,2023,Youth,High
TX042948,2023-11-24,CUST9013,Female,34,Electronics,5,80.0,400.0,4,2023,Youth,Medium
TX042949,2023-11-24,CUST0590,Female,61,Clothing,8,268.0,2144.0,4,2023,Retired,High
TX042950,2023-11-24,CUST7407,Male,53,Groceries,15,23.0,345.0,4,2023,Middle Aged,Medium
TX042951,2023-11-24,CUST7868,Female,32,Clothing,12,261.0,3132.0,4,2023,Youth,High
TX042952,2023-11-24,CUST9388,Female,22,Groceries,17,11.0,187.0,4,2023,Teenager,Medium
TX042953,2023-11-24,CUST0096,Female,55,Groceries,7,92.0,644.0,4,2023,Middle Aged,High
TX042954,2023-11-24,CUST7614,Female,61,Books,18,16.0,288.0,4,2023,Retired,Medium
TX042955,2023-11-24,CUST1364,Male,38,Groceries,8,384.0,3072.0,4,2023,Youth,High
TX042956,2023-11-24,CUST9193,Male,69,Sports,12,353.0,4236.0,4,2023,Retired,High
TX042957,2023-11-24,CUST3690,Female,44,Books,7,414.0,2898.0,4,2023,Middle Aged,High
TX042958,2023-11-24,CUST3767,Male,64,Books,20,154.0,3080.0,4,2023,Retired,High
TX042959,2023-11-24,CUST3728,Male,25,Sports,11,361.0,3971.0,4,2023,Teenager,High
TX042960,2023-11-24,CUST1332,Male,63,Sports,1,96.0,96.0,4,2023,Retired,Low
TX042961,2023-11-24,CUST6651,Female,21,Sports,12,362.0,4344.0,4,2023,Teenager,High
TX042962,2023-11-24,CUST0174,Female,19,Books,5,247.0,1235.0,4,2023,Teenager,High
TX042963,2023-11-24,CUST7008,Female,47,Books,9,416.0,3744.0,4,2023,Middle Aged,High
TX042964,2023-11-24,CUST0346,Female,38,Books,1,250.0,250.0,4,2023,Youth,Medium
TX042965,2023-11-24,CUST6263,Male,35,Sports,5,34.0,170.0,4,2023,Youth,Medium
TX042966,2023-11-24,CUST0905,Male,53,Books,9,429.0,3861.0,4,2023,Middle Aged,High
TX042967,2023-11-24,CUST3164,Female,69,Clothing,18,278.0,5004.0,4,2023,Retired,High
TX042968,2023-11-24,CUST1735,Male,23,Beauty,19,146.0,2774.0,4,2023,Teenager,High
TX042969,2023-11-24,CUST9578,Male,59,Groceries,1,468.0,468.0,4,2023,Middle Aged,Medium
TX042970,2023-11-24,CUST4330,Female,34,Books,12,397.0,4764.0,4,2023,Youth,High
TX042971,2023-11-24,CUST3375,Male,65,Books,2,22.0,44.0,4,2023,Retired,Low
TX042972,2023-11-24,CUST1093,Female,52,Clothing,10,451.0,4510.0,4,2023,Middle Aged,High
TX042973,2023-11-24,CUST0867,Female,57,Books,18,95.0,1710.0,4,2023,Middle Aged,High
TX042974,2023-11-24,CUST1771,Male,64,Sports,15,361.0,5415.0,4,2023,Retired,High
TX042975,2023-11-24,CUST1298,Female,43,Groceries,17,460.0,7820.0,4,2023,Middle Aged,High
TX042976,2023-11-24,CUST1654,Male,36,Electronics,2,428.0,856.0,4,2023,Youth,High
TX042977,2023-11-24,CUST1341,Male,29,Sports,3,285.0,855.0,4,2023,Youth,High
TX042978,2023-11-24,CUST3193,Male,40,Beauty,3,165.0,495.0,4,2023,Youth,Medium
TX042979,2023-11-24,CUST0838,Male,26,Clothing,3,155.0,465.0,4,2023,Youth,Medium
TX042980,2023-11-24,CUST2276,Female,46,Electronics,11,47.0,517.0,4,2023,Middle Aged,High
TX042981,2023-11-24,CUST1456,Female,54,Groceries,11,123.0,1353.0,4,2023,Middle Aged,High
TX042982,2023-11-24,CUST9048,Female,55,Sports,11,263.0,2893.0,4,2023,Middle Aged,High
TX042983,2023-11-24,CUST1230,Male,60,Sports,8,62.0,496.0,4,2023,Middle Aged,Medium
TX042984,2023-11-24,CUST3867,Male,34,Clothing,18,52.0,936.0,4,2023,Youth,High
TX042985,2023-11-24,CUST5767,Female,52,Groceries,8,16.0,128.0,4,2023,Middle Aged,Medium
TX042986,2023-11-24,CUST7890,Female,45,Books,9,14.0,126.0,4,2023,Middle Aged,Medium
TX042987,2023-11-24,CUST5688,Male,56,Electronics,19,25.0,475.0,4,2023,Middle Aged,Medium
TX042988,2023-11-24,CUST8431,Male,65,Books,6,383.0,2298.0,4,2023,Retired,High
TX042989,2023-11-24,CUST8620,Male,69,Groceries,5,429.0,2145.0,4,2023,Retired,High
TX042990,2023-11-24,CUST2671,Female,53,Sports,8,44.0,352.0,4,2023,Middle Aged,Medium
TX042991,2023-11-24,CUST0435,Female,37,Books,11,238.0,2618.0,4,2023,Youth,High
TX042992,2023-11-24,CUST2068,Male,67,Sports,19,68.0,1292.0,4,2023,Retired,High
TX042993,2023-11-24,CUST2775,Female,51,Sports,9,93.0,837.0,4,2023,Middle Aged,High
TX042994,2023-11-24,CUST0583,Male,21,Clothing,9,114.0,1026.0,4,2023,Teenager,High
TX042995,2023-11-24,CUST8287,Male,69,Beauty,19,141.0,2679.0,4,2023,Retired,High
TX042996,2023-11-24,CUST8499,Male,27,Books,15,193.0,2895.0,4,2023,Youth,High
TX042997,2023-11-24,CUST2142,Female,63,Groceries,11,156.0,1716.0,4,2023,Retired,High
TX042998,2023-11-24,CUST9363,Female,44,Groceries,4,322.0,1288.0,4,2023,Middle Aged,High
TX042999,2023-11-24,CUST7928,Female,26,Beauty,19,352.0,6688.0,4,2023,Youth,High
TX043000,2023-11-24,CUST5554,Male,51,Books,4,111.0,444.0,4,2023,Middle Aged,Medium
TX043001,2023-11-24,CUST1475,Female,34,Groceries,13,407.0,5291.0,4,2023,Youth,High
TX043002,2023-11-24,CUST6868,Female,43,Groceries,13,487.0,6331.0,4,2023,Middle Aged,High
TX043003,2023-11-24,CUST1156,Male,44,Books,10,124.0,1240.0,4,2023,Middle Aged,High
TX043004,2023-11-24,CUST0196,Male,57,Beauty,4,79.0,316.0,4,2023,Middle Aged,Medium
TX043005,2023-11-24,CUST0243,Male,66,Clothing,18,151.0,2718.0,4,2023,Retired,High
TX043006,2023-11-24,CUST3885,Female,40,Groceries,7,35.0,245.0,4,2023,Youth,Medium
TX043007,2023-11-24,CUST0380,Female,26,Beauty,16,462.0,7392.0,4,2023,Youth,High
TX043008,2023-11-24,CUST8335,Female,70,Electronics,4,399.0,1596.0,4,2023,Retired,High
TX043009,2023-11-24,CUST5094,Male,47,Books,10,46.0,460.0,4,2023,Middle Aged,Medium
TX043010,2023-11-24,CUST3476,Female,21,Beauty,2,410.0,820.0,4,2023,Teenager,High
TX043011,2023-11-24,CUST6890,Male,34,Groceries,12,464.0,5568.0,4,2023,Youth,High
TX043012,2023-11-24,CUST3438,Male,28,Beauty,3,399.0,1197.0,4,2023,Youth,High
TX043013,2023-11-24,CUST6351,Male,32,Books,17,78.0,1326.0,4,2023,Youth,High
TX043014,2023-11-24,CUST0958,Female,22,Groceries,14,365.0,5110.0,4,2023,Teenager,High
TX043015,2023-11-24,CUST6391,Female,36,Clothing,2,18.0,36.0,4,2023,Youth,Low
TX043016,2023-11-24,CUST8971,Female,40,Sports,16,360.0,5760.0,4,2023,Youth,High
TX043017,2023-11-24,CUST7344,Female,59,Beauty,4,30.0,120.0,4,2023,Middle Aged,Medium
TX043018,2023-11-24,CUST2507,Male,63,Books,17,86.0,1462.0,4,2023,Retired,High
TX043019,2023-11-24,CUST4357,Male,57,Beauty,11,181.0,1991.0,4,2023,Middle Aged,High
TX043020,2023-11-24,CUST9254,Male,65,Sports,10,77.0,770.0,4,2023,Retired,High
TX043021,2023-11-24,CUST0387,Male,45,Electronics,13,499.0,6487.0,4,2023,Middle Aged,High
TX043022,2023-11-24,CUST8970,Female,27,Beauty,19,450.0,8550.0,4,2023,Youth,High
TX043023,2023-11-24,CUST5598,Male,61,Groceries,3,101.0,303.0,4,2023,Retired,Medium
TX043024,2023-11-24,CUST6202,Male,32,Sports,7,452.0,3164.0,4,2023,Youth,High
TX043025,2023-11-24,CUST1197,Female,48,Clothing,10,244.0,2440.0,4,2023,Middle Aged,High
TX043026,2023-11-24,CUST6444,Male,31,Clothing,4,30.0,120.0,4,2023,Youth,Medium
TX043027,2023-11-24,CUST6915,Male,47,Electronics,7,367.0,2569.0,4,2023,Middle Aged,High
TX043028,2023-11-24,CUST7917,Female,32,Sports,4,256.0,1024.0,4,2023,Youth,High
TX043029,2023-11-24,CUST8935,Female,51,Clothing,15,213.0,3195.0,4,2023,Middle Aged,High
TX043030,2023-11-24,CUST9891,Female,42,Groceries,19,401.0,7619.0,4,2023,Middle Aged,High
TX043031,2023-11-24,CUST2031,Female,57,Clothing,7,292.0,2044.0,4,2023,Middle Aged,High
TX043032,2023-11-24,CUST5120,Male,46,Groceries,1,154.0,154.0,4,2023,Middle Aged,Medium
TX043033,2023-11-24,CUST4803,Female,51,Electronics,1,183.0,183.0,4,2023,Middle Aged,Medium
TX043034,2023-11-24,CUST8626,Male,30,Books,17,286.0,4862.0,4,2023,Youth,High
TX043035,2023-11-24,CUST2257,Female,46,Beauty,1,213.0,213.0,4,2023,Middle Aged,Medium
TX043036,2023-11-24,CUST7812,Female,63,Electronics,20,488.0,9760.0,4,2023,Retired,High
TX043037,2023-11-24,CUST2201,Male,28,Books,1,207.0,207.0,4,2023,Youth,Medium
TX043038,2023-11-24,CUST2313,Male,60,Books,1,76.0,76.0,4,2023,Middle Aged,Low
TX043039,2023-11-24,CUST3379,Male,42,Books,9,328.0,2952.0,4,2023,Middle Aged,High
TX043040,2023-11-24,CUST0074,Male,41,Electronics,19,293.0,5567.0,4,2023,Middle Aged,High
TX043041,2023-11-24,CUST0382,Male,44,Books,5,56.0,280.0,4,2023,Middle Aged,Medium
TX043042,2023-11-24,CUST2781,Male,49,Clothing,14,342.0,4788.0,4,2023,Middle Aged,High
TX043043,2023-11-24,CUST9794,Male,23,Beauty,16,239.0,3824.0,4,2023,Teenager,High
TX043044,2023-11-24,CUST4761,Male,49,Books,2,11.0,22.0,4,2023,Middle Aged,Low
TX043045,2023-11-24,CUST0695,Male,25,Groceries,2,334.0,668.0,4,2023,Teenager,High
TX043046,2023-11-24,CUST0195,Female,64,Clothing,6,61.0,366.0,4,2023,Retired,Medium
TX043047,2023-11-24,CUST6477,Male,46,Groceries,12,141.0,1692.0,4,2023,Middle Aged,High
TX043048,2023-11-24,CUST5670,Female,47,Books,16,25.0,400.0,4,2023,Middle Aged,Medium
TX043049,2023-11-24,CUST3234,Female,29,Books,15,75.0,1125.0,4,2023,Youth,High
TX043050,2023-11-24,CUST2073,Male,22,Groceries,15,288.0,4320.0,4,2023,Teenager,High
TX043051,2023-11-24,CUST9566,Male,29,Electronics,13,451.0,5863.0,4,2023,Youth,High
TX043052,2023-11-24,CUST1020,Male,52,Books,8,342.0,2736.0,4,2023,Middle Aged,High
TX043053,2023-11-24,CUST8507,Male,26,Sports,18,96.0,1728.0,4,2023,Youth,High
TX043054,2023-11-24,CUST2641,Male,41,Groceries,5,159.0,795.0,4,2023,Middle Aged,High
TX043055,2023-11-24,CUST8066,Female,48,Electronics,6,28.0,168.0,4,2023,Middle Aged,Medium
TX043056,2023-11-24,CUST6058,Female,33,Sports,10,176.0,1760.0,4,2023,Youth,High
TX043057,2023-11-24,CUST5812,Female,42,Sports,3,466.0,1398.0,4,2023,Middle Aged,High
TX043058,2023-11-24,CUST9733,Male,49,Groceries,1,252.0,252.0,4,2023,Middle Aged,Medium
TX043059,2023-11-24,CUST9211,Female,32,Beauty,3,474.0,1422.0,4,2023,Youth,High
TX043060,2023-11-24,CUST4775,Female,39,Groceries,10,81.0,810.0,4,2023,Youth,High
TX043061,2023-11-24,CUST0873,Male,36,Sports,1,91.0,91.0,4,2023,Youth,Low
TX043062,2023-11-24,CUST9805,Female,44,Electronics,1,204.0,204.0,4,2023,Middle Aged,Medium
TX043063,2023-11-24,CUST5726,Female,62,Beauty,1,371.0,371.0,4,2023,Retired,Medium
TX043064,2023-11-24,CUST3915,Female,54,Electronics,2,118.0,236.0,4,2023,Middle Aged,Medium
TX043065,2023-11-24,CUST5423,Female,34,Sports,4,109.0,436.0,4,2023,Youth,Medium
TX043066,2023-11-24,CUST2197,Female,24,Beauty,11,378.0,4158.0,4,2023,Teenager,High
TX043067,2023-11-24,CUST1510,Female,69,Clothing,19,225.0,4275.0,4,2023,Retired,High
TX043068,2023-11-24,CUST6080,Female,36,Sports,15,117.0,1755.0,4,2023,Youth,High
TX043069,2023-11-24,CUST6510,Male,44,Clothing,13,455.0,5915.0,4,2023,Middle Aged,High
TX043070,2023-11-24,CUST0242,Male,24,Books,1,15.0,15.0,4,2023,Teenager,Low
TX043071,2023-11-24,CUST2574,Male,29,Books,16,204.0,3264.0,4,2023,Youth,High
TX043072,2023-11-24,CUST5715,Female,48,Sports,1,108.0,108.0,4,2023,Middle Aged,Medium
TX043073,2023-11-24,CUST4373,Female,18,Electronics,15,406.0,6090.0,4,2023,,High
TX043074,2023-11-24,CUST3251,Female,51,Groceries,9,374.0,3366.0,4,2023,Middle Aged,High
TX043075,2023-11-24,CUST6599,Female,41,Clothing,6,110.0,660.0,4,2023,Middle Aged,High
TX043076,2023-11-24,CUST3822,Male,40,Clothing,13,453.0,5889.0,4,2023,Youth,High
TX043077,2023-11-24,CUST7355,Male,51,Groceries,14,335.0,4690.0,4,2023,Middle Aged,High
TX043078,2023-11-24,CUST2616,Female,26,Clothing,18,397.0,7146.0,4,2023,Youth,High
TX043079,2023-11-24,CUST5810,Male,23,Clothing,16,425.0,6800.0,4,2023,Teenager,High
TX043080,2023-11-24,CUST7903,Female,53,Beauty,1,373.0,373.0,4,2023,Middle Aged,Medium
TX043081,2023-11-24,CUST2657,Female,41,Books,14,303.0,4242.0,4,2023,Middle Aged,High
TX043082,2023-11-24,CUST4062,Male,23,Sports,3,353.0,1059.0,4,2023,Teenager,High
TX043083,2023-11-24,CUST2197,Male,48,Groceries,15,225.0,3375.0,4,2023,Middle Aged,High
TX043084,2023-11-24,CUST2043,Female,65,Beauty,9,27.0,243.0,4,2023,Retired,Medium
TX043085,2023-11-24,CUST7857,Male,28,Electronics,8,431.0,3448.0,4,2023,Youth,High
TX043086,2023-11-24,CUST1912,Female,34,Clothing,5,386.0,1930.0,4,2023,Youth,High
TX043087,2023-11-24,CUST5771,Male,43,Clothing,14,354.0,4956.0,4,2023,Middle Aged,High
TX043088,2023-11-24,CUST1879,Male,34,Sports,11,204.0,2244.0,4,2023,Youth,High
TX043089,2023-11-24,CUST0786,Female,59,Electronics,17,292.0,4964.0,4,2023,Middle Aged,High
TX043090,2023-11-24,CUST9580,Female,55,Beauty,5,65.0,325.0,4,2023,Middle Aged,Medium
TX043091,2023-11-24,CUST2907,Male,51,Electronics,10,166.0,1660.0,4,2023,Middle Aged,High
TX043092,2023-11-24,CUST1127,Female,18,Electronics,8,75.0,600.0,4,2023,,High
TX043093,2023-11-24,CUST6991,Male,64,Books,3,175.0,525.0,4,2023,Retired,High
TX043094,2023-11-24,CUST8506,Female,55,Books,4,297.0,1188.0,4,2023,Middle Aged,High
TX043095,2023-11-24,CUST9480,Female,41,Clothing,20,273.0,5460.0,4,2023,Middle Aged,High
TX043096,2023-11-24,CUST5297,Male,27,Books,10,173.0,1730.0,4,2023,Youth,High
TX043097,2023-11-24,CUST5706,Male,31,Clothing,13,416.0,5408.0,4,2023,Youth,High
TX043098,2023-11-24,CUST7500,Male,41,Clothing,6,196.0,1176.0,4,2023,Middle Aged,High
TX043099,2023-11-24,CUST0740,Female,28,Clothing,11,486.0,5346.0,4,2023,Youth,High
TX043100,2023-11-24,CUST5606,Female,35,Sports,10,87.0,870.0,4,2023,Youth,High
TX043101,2023-11-24,CUST6330,Male,61,Groceries,2,422.0,844.0,4,2023,Retired,High
TX043102,2023-11-24,CUST0994,Male,42,Electronics,1,271.0,271.0,4,2023,Middle Aged,Medium
TX043103,2023-11-24,CUST2400,Male,58,Sports,1,282.0,282.0,4,2023,Middle Aged,Medium
TX043104,2023-11-24,CUST1299,Male,34,Sports,18,383.0,6894.0,4,2023,Youth,High
TX043105,2023-11-24,CUST6951,Male,20,Groceries,6,305.0,1830.0,4,2023,Teenager,High
TX043106,2023-11-24,CUST7543,Female,40,Sports,6,268.0,1608.0,4,2023,Youth,High
TX043107,2023-11-24,CUST2158,Male,43,Clothing,6,493.0,2958.0,4,2023,Middle Aged,High
TX043108,2023-11-24,CUST2889,Male,28,Sports,11,189.0,2079.0,4,2023,Youth,High
TX043109,2023-11-24,CUST5189,Female,24,Electronics,4,110.0,440.0,4,2023,Teenager,Medium
TX043110,2023-11-24,CUST0709,Female,27,Beauty,18,210.0,3780.0,4,2023,Youth,High
TX043111,2023-11-24,CUST0588,Female,57,Beauty,5,359.0,1795.0,4,2023,Middle Aged,High
TX043112,2023-11-24,CUST5476,Male,58,Clothing,14,366.0,5124.0,4,2023,Middle Aged,High
TX043113,2023-11-24,CUST8141,Male,19,Clothing,17,254.0,4318.0,4,2023,Teenager,High
TX043114,2023-11-24,CUST0467,Female,21,Clothing,14,302.0,4228.0,4,2023,Teenager,High
TX043115,2023-11-24,CUST7354,Female,70,Groceries,19,255.0,4845.0,4,2023,Retired,High
TX043116,2023-11-24,CUST4892,Female,53,Clothing,4,295.0,1180.0,4,2023,Middle Aged,High
TX043117,2023-11-24,CUST9726,Female,40,Clothing,12,493.0,5916.0,4,2023,Youth,High
TX043118,2023-11-24,CUST9214,Male,63,Books,7,29.0,203.0,4,2023,Retired,Medium
TX043119,2023-11-24,CUST3122,Female,26,Groceries,20,199.0,3980.0,4,2023,Youth,High
TX043120,2023-11-24,CUST5197,Female,29,Electronics,5,320.0,1600.0,4,2023,Youth,High
TX043121,2023-11-24,CUST8802,Female,33,Clothing,7,344.0,2408.0,4,2023,Youth,High
TX043122,2023-11-24,CUST5155,Female,47,Books,12,471.0,5652.0,4,2023,Middle Aged,High
TX043123,2023-11-24,CUST6597,Male,54,Clothing,12,197.0,2364.0,4,2023,Middle Aged,High
TX043124,2023-11-24,CUST8797,Female,69,Beauty,15,330.0,4950.0,4,2023,Retired,High
TX043125,2023-11-24,CUST8814,Male,34,Books,3,385.0,1155.0,4,2023,Youth,High
TX043126,2023-11-24,CUST3796,Female,34,Beauty,4,142.0,568.0,4,2023,Youth,High
TX043127,2023-11-24,CUST4344,Female,24,Sports,15,137.0,2055.0,4,2023,Teenager,High
TX043128,2023-11-24,CUST9047,Male,65,Electronics,20,229.0,4580.0,4,2023,Retired,High
TX043129,2023-11-24,CUST8178,Male,61,Sports,5,343.0,1715.0,4,2023,Retired,High
TX043130,2023-11-24,CUST2071,Female,39,Electronics,2,193.0,386.0,4,2023,Youth,Medium
TX043131,2023-11-24,CUST3351,Male,70,Books,17,191.0,3247.0,4,2023,Retired,High
TX043132,2023-11-24,CUST7609,Male,51,Beauty,17,180.0,3060.0,4,2023,Middle Aged,High
TX043133,2023-11-24,CUST8094,Female,46,Books,14,345.0,4830.0,4,2023,Middle Aged,High
TX043134,2023-11-24,CUST2585,Male,22,Clothing,14,34.0,476.0,4,2023,Teenager,Medium
TX043135,2023-11-24,CUST9760,Female,21,Clothing,9,158.0,1422.0,4,2023,Teenager,High
TX043136,2023-11-24,CUST5404,Male,57,Sports,3,253.0,759.0,4,2023,Middle Aged,High
TX043137,2023-11-24,CUST0302,Male,22,Sports,10,266.0,2660.0,4,2023,Teenager,High
TX043138,2023-11-24,CUST0192,Male,42,Books,1,122.0,122.0,4,2023,Middle Aged,Medium
TX043139,2023-11-24,CUST8578,Male,47,Sports,7,496.0,3472.0,4,2023,Middle Aged,High
TX043140,2023-11-24,CUST6764,Female,70,Groceries,2,305.0,610.0,4,2023,Retired,High
TX043141,2023-11-24,CUST1329,Male,51,Clothing,17,29.0,493.0,4,2023,Middle Aged,Medium
TX043142,2023-11-24,CUST6374,Male,39,Books,1,32.0,32.0,4,2023,Youth,Low
TX043143,2023-11-24,CUST9953,Male,56,Beauty,9,142.0,1278.0,4,2023,Middle Aged,High
TX043144,2023-11-24,CUST3638,Female,22,Beauty,7,35.0,245.0,4,2023,Teenager,Medium
TX043145,2023-11-24,CUST4874,Female,49,Electronics,8,288.0,2304.0,4,2023,Middle Aged,High
TX043146,2023-11-24,CUST4683,Male,64,Groceries,10,188.0,1880.0,4,2023,Retired,High
TX043147,2023-11-24,CUST7968,Female,62,Beauty,14,497.0,6958.0,4,2023,Retired,High
TX043148,2023-11-24,CUST0356,Female,52,Sports,15,86.0,1290.0,4,2023,Middle Aged,High
TX043149,2023-11-24,CUST0758,Female,18,Books,2,52.0,104.0,4,2023,,Medium
TX043150,2023-11-24,CUST6902,Male,61,Electronics,8,312.0,2496.0,4,2023,Retired,High
TX043151,2023-11-24,CUST6650,Female,56,Electronics,13,286.0,3718.0,4,2023,Middle Aged,High
TX043152,2023-11-24,CUST4054,Female,21,Groceries,20,284.0,5680.0,4,2023,Teenager,High
TX043153,2023-11-24,CUST4484,Female,27,Groceries,14,298.0,4172.0,4,2023,Youth,High
TX043154,2023-11-24,CUST0385,Male,51,Beauty,1,214.0,214.0,4,2023,Middle Aged,Medium
TX043155,2023-11-24,CUST9774,Male,42,Groceries,15,118.0,1770.0,4,2023,Middle Aged,High
TX043156,2023-11-24,CUST0403,Female,64,Clothing,16,203.0,3248.0,4,2023,Retired,High
TX043157,2023-11-24,CUST2412,Male,40,Books,14,417.0,5838.0,4,2023,Youth,High
TX043158,2023-11-24,CUST3321,Female,58,Beauty,15,325.0,4875.0,4,2023,Middle Aged,High
TX043159,2023-11-24,CUST0812,Male,49,Clothing,3,253.0,759.0,4,2023,Middle Aged,High
TX043160,2023-11-24,CUST3912,Female,38,Clothing,3,175.0,525.0,4,2023,Youth,High
TX043161,2023-11-24,CUST5842,Male,22,Clothing,18,145.0,2610.0,4,2023,Teenager,High
TX043162,2023-11-24,CUST5036,Female,54,Clothing,9,295.0,2655.0,4,2023,Middle Aged,High
TX043163,2023-11-24,CUST6866,Female,62,Books,18,339.0,6102.0,4,2023,Retired,High
TX043164,2023-11-24,CUST9117,Male,47,Books,1,307.0,307.0,4,2023,Middle Aged,Medium
TX043165,2023-11-24,CUST9529,Male,41,Books,7,125.0,875.0,4,2023,Middle Aged,High
TX043166,2023-11-24,CUST7715,Female,59,Sports,20,280.0,5600.0,4,2023,Middle Aged,High
TX043167,2023-11-24,CUST2807,Male,62,Sports,8,60.0,480.0,4,2023,Retired,Medium
TX043168,2023-11-24,CUST0488,Female,59,Clothing,1,353.0,353.0,4,2023,Middle Aged,Medium
TX043169,2023-11-24,CUST5039,Male,26,Books,8,397.0,3176.0,4,2023,Youth,High
TX043170,2023-11-24,CUST4893,Male,20,Books,16,187.0,2992.0,4,2023,Teenager,High
TX043171,2023-11-24,CUST9785,Male,70,Clothing,9,22.0,198.0,4,2023,Retired,Medium
TX043172,2023-11-24,CUST0989,Female,60,Clothing,1,73.0,73.0,4,2023,Middle Aged,Low
TX043173,2023-11-24,CUST9611,Male,51,Clothing,8,104.0,832.0,4,2023,Middle Aged,High
TX043174,2023-11-24,CUST6046,Male,25,Sports,7,54.0,378.0,4,2023,Teenager,Medium
TX043175,2023-11-24,CUST8188,Male,33,Books,3,497.0,1491.0,4,2023,Youth,High
TX043176,2023-11-24,CUST8776,Male,21,Sports,1,354.0,354.0,4,2023,Teenager,Medium
TX043177,2023-11-24,CUST5811,Female,62,Beauty,13,428.0,5564.0,4,2023,Retired,High
TX043178,2023-11-24,CUST1455,Female,47,Electronics,20,463.0,9260.0,4,2023,Middle Aged,High
TX043179,2023-11-24,CUST9388,Male,47,Books,4,477.0,1908.0,4,2023,Middle Aged,High
TX043180,2023-11-24,CUST1121,Female,35,Beauty,8,101.0,808.0,4,2023,Youth,High
TX043181,2023-11-24,CUST1713,Female,58,Clothing,15,16.0,240.0,4,2023,Middle Aged,Medium
TX043182,2023-11-24,CUST7585,Male,37,Sports,11,112.0,1232.0,4,2023,Youth,High
TX043183,2023-11-24,CUST0636,Male,32,Groceries,2,154.0,308.0,4,2023,Youth,Medium
TX043184,2023-11-24,CUST4159,Male,31,Beauty,9,430.0,3870.0,4,2023,Youth,High
TX043185,2023-11-24,CUST6878,Male,23,Clothing,2,61.0,122.0,4,2023,Teenager,Medium
TX043186,2023-11-24,CUST2369,Male,42,Electronics,19,210.0,3990.0,4,2023,Middle Aged,High
TX043187,2023-11-24,CUST7002,Female,58,Sports,5,15.0,75.0,4,2023,Middle Aged,Low
TX043188,2023-11-24,CUST4887,Male,59,Beauty,1,217.0,217.0,4,2023,Middle Aged,Medium
TX043189,2023-11-24,CUST3869,Female,64,Books,20,432.0,8640.0,4,2023,Retired,High
TX043190,2023-11-24,CUST7384,Female,66,Books,5,354.0,1770.0,4,2023,Retired,High
TX043191,2023-11-24,CUST0202,Male,46,Beauty,14,370.0,5180.0,4,2023,Middle Aged,High
TX043192,2023-11-24,CUST7390,Male,20,Books,20,88.0,1760.0,4,2023,Teenager,High
TX043193,2023-11-24,CUST4877,Female,28,Electronics,1,262.0,262.0,4,2023,Youth,Medium
TX043194,2023-11-24,CUST1679,Male,26,Clothing,17,195.0,3315.0,4,2023,Youth,High
TX043195,2023-11-24,CUST6460,Male,44,Sports,5,188.0,940.0,4,2023,Middle Aged,High
TX043196,2023-11-24,CUST2428,Male,64,Electronics,4,471.0,1884.0,4,2023,Retired,High
TX043197,2023-11-24,CUST8460,Female,40,Books,2,118.0,236.0,4,2023,Youth,Medium
TX043198,2023-11-24,CUST7942,Male,35,Groceries,5,478.0,2390.0,4,2023,Youth,High
TX043199,2023-11-24,CUST0488,Female,45,Beauty,19,301.0,5719.0,4,2023,Middle Aged,High
TX043200,2023-11-24,CUST2866,Male,56,Electronics,10,486.0,4860.0,4,2023,Middle Aged,High
TX043201,2023-11-24,CUST4695,Male,42,Sports,16,99.0,1584.0,4,2023,Middle Aged,High
TX043202,2023-11-24,CUST8876,Female,55,Sports,8,230.0,1840.0,4,2023,Middle Aged,High
TX043203,2023-11-24,CUST6971,Female,27,Electronics,15,333.0,4995.0,4,2023,Youth,High
TX043204,2023-11-24,CUST5155,Male,35,Clothing,17,242.0,4114.0,4,2023,Youth,High
TX043205,2023-11-24,CUST5609,Female,55,Beauty,14,256.0,3584.0,4,2023,Middle Aged,High
TX043206,2023-11-24,CUST1087,Female,46,Sports,2,219.0,438.0,4,2023,Middle Aged,Medium
TX043207,2023-11-24,CUST0581,Female,59,Books,19,216.0,4104.0,4,2023,Middle Aged,High
TX043208,2023-11-24,CUST8645,Male,50,Electronics,18,285.0,5130.0,4,2023,Middle Aged,High
TX043209,2023-11-24,CUST9406,Female,56,Groceries,6,38.0,228.0,4,2023,Middle Aged,Medium
TX043210,2023-11-24,CUST2689,Male,50,Beauty,18,83.0,1494.0,4,2023,Middle Aged,High
TX043211,2023-11-24,CUST6034,Female,26,Electronics,3,471.0,1413.0,4,2023,Youth,High
TX043212,2023-11-24,CUST1331,Female,68,Groceries,1,83.0,83.0,4,2023,Retired,Low
TX043213,2023-11-24,CUST7476,Male,38,Sports,15,344.0,5160.0,4,2023,Youth,High
TX043214,2023-11-24,CUST0533,Female,41,Beauty,12,391.0,4692.0,4,2023,Middle Aged,High
TX043215,2023-11-24,CUST4000,Female,27,Clothing,2,232.0,464.0,4,2023,Youth,Medium
TX043216,2023-11-24,CUST6543,Female,49,Beauty,7,171.0,1197.0,4,2023,Middle Aged,High
TX043217,2023-11-24,CUST2649,Female,31,Books,6,114.0,684.0,4,2023,Youth,High
TX043218,2023-11-24,CUST7488,Male,30,Groceries,1,475.0,475.0,4,2023,Youth,Medium
TX043219,2023-11-24,CUST8661,Male,36,Sports,11,456.0,5016.0,4,2023,Youth,High
TX043220,2023-11-24,CUST3741,Male,29,Groceries,1,298.0,298.0,4,2023,Youth,Medium
TX043221,2023-11-24,CUST7055,Male,50,Beauty,8,128.0,1024.0,4,2023,Middle Aged,High
TX043222,2023-11-24,CUST8301,Female,24,Clothing,11,188.0,2068.0,4,2023,Teenager,High
TX043223,2023-11-24,CUST3386,Female,36,Beauty,5,185.0,925.0,4,2023,Youth,High
TX043224,2023-11-24,CUST1086,Female,61,Groceries,1,111.0,111.0,4,2023,Retired,Medium
TX043225,2023-11-24,CUST5668,Male,65,Clothing,6,293.0,1758.0,4,2023,Retired,High
TX043226,2023-11-24,CUST0952,Female,68,Beauty,4,285.0,1140.0,4,2023,Retired,High
TX043227,2023-11-24,CUST7464,Female,25,Electronics,12,225.0,2700.0,4,2023,Teenager,High
TX043228,2023-11-24,CUST8770,Female,27,Sports,8,234.0,1872.0,4,2023,Youth,High
TX043229,2023-11-24,CUST9870,Male,61,Clothing,12,177.0,2124.0,4,2023,Retired,High
TX043230,2023-11-24,CUST5569,Female,39,Clothing,11,218.0,2398.0,4,2023,Youth,High
TX043231,2023-11-24,CUST9616,Female,45,Books,7,76.0,532.0,4,2023,Middle Aged,High
TX043232,2023-11-24,CUST0253,Male,63,Clothing,17,280.0,4760.0,4,2023,Retired,High
TX043233,2023-11-24,CUST8883,Male,40,Electronics,9,266.0,2394.0,4,2023,Youth,High
TX043234,2023-11-24,CUST8673,Female,39,Beauty,14,407.0,5698.0,4,2023,Youth,High
TX043235,2023-11-24,CUST9724,Male,57,Groceries,9,224.0,2016.0,4,2023,Middle Aged,High
TX043236,2023-11-24,CUST2010,Male,27,Groceries,14,423.0,5922.0,4,2023,Youth,High
TX043237,2023-11-24,CUST3959,Female,35,Electronics,8,480.0,3840.0,4,2023,Youth,High
TX043238,2023-11-24,CUST9538,Male,60,Beauty,7,275.0,1925.0,4,2023,Middle Aged,High
TX043239,2023-11-24,CUST9808,Female,40,Beauty,4,54.0,216.0,4,2023,Youth,Medium
TX043240,2023-11-24,CUST4109,Male,19,Groceries,6,415.0,2490.0,4,2023,Teenager,High
TX043241,2023-11-24,CUST8123,Male,48,Groceries,14,230.0,3220.0,4,2023,Middle Aged,High
TX043242,2023-11-24,CUST3792,Male,51,Sports,11,436.0,4796.0,4,2023,Middle Aged,High
TX043243,2023-11-24,CUST7728,Female,47,Sports,7,410.0,2870.0,4,2023,Middle Aged,High
TX043244,2023-11-24,CUST7926,Female,42,Beauty,14,393.0,5502.0,4,2023,Middle Aged,High
TX043245,2023-11-24,CUST8581,Male,29,Electronics,11,49.0,539.0,4,2023,Youth,High
TX043246,2023-11-24,CUST3464,Female,60,Books,10,260.0,2600.0,4,2023,Middle Aged,High
TX043247,2023-11-24,CUST3142,Male,37,Books,19,353.0,6707.0,4,2023,Youth,High
TX043248,2023-11-24,CUST0743,Male,54,Electronics,17,51.0,867.0,4,2023,Middle Aged,High
TX043249,2023-11-24,CUST3147,Male,70,Beauty,7,364.0,2548.0,4,2023,Retired,High
TX043250,2023-11-24,CUST8067,Female,56,Sports,14,137.0,1918.0,4,2023,Middle Aged,High
TX043251,2023-11-24,CUST2361,Male,29,Books,11,357.0,3927.0,4,2023,Youth,High
TX043252,2023-11-24,CUST7850,Male,63,Electronics,16,109.0,1744.0,4,2023,Retired,High
TX043253,2023-11-24,CUST1237,Female,26,Beauty,13,459.0,5967.0,4,2023,Youth,High
TX043254,2023-11-24,CUST0497,Male,57,Groceries,7,305.0,2135.0,4,2023,Middle Aged,High
TX043255,2023-11-24,CUST1363,Female,46,Electronics,4,155.0,620.0,4,2023,Middle Aged,High
TX043256,2023-11-24,CUST1704,Male,70,Sports,11,101.0,1111.0,4,2023,Retired,High
TX043257,2023-11-24,CUST7598,Female,64,Clothing,13,498.0,6474.0,4,2023,Retired,High
TX043258,2023-11-24,CUST1920,Male,65,Sports,2,480.0,960.0,4,2023,Retired,High
TX043259,2023-11-24,CUST7685,Female,58,Beauty,11,225.0,2475.0,4,2023,Middle Aged,High
TX043260,2023-11-24,CUST9526,Female,23,Books,1,434.0,434.0,4,2023,Teenager,Medium
TX043261,2023-11-24,CUST3527,Female,20,Clothing,5,14.0,70.0,4,2023,Teenager,Low
TX043262,2023-11-24,CUST7023,Female,48,Sports,13,274.0,3562.0,4,2023,Middle Aged,High
TX043263,2023-11-24,CUST0625,Male,51,Books,13,290.0,3770.0,4,2023,Middle Aged,High
TX043264,2023-11-24,CUST7185,Male,38,Clothing,6,75.0,450.0,4,2023,Youth,Medium
TX043265,2023-11-24,CUST0653,Female,37,Books,13,131.0,1703.0,4,2023,Youth,High
TX043266,2023-11-24,CUST1403,Male,37,Groceries,7,412.0,2884.0,4,2023,Youth,High
TX043267,2023-11-24,CUST2078,Female,25,Beauty,12,199.0,2388.0,4,2023,Teenager,High
TX043268,2023-11-24,CUST1619,Female,27,Books,8,190.0,1520.0,4,2023,Youth,High
TX043269,2023-11-24,CUST6430,Female,29,Groceries,16,124.0,1984.0,4,2023,Youth,High
TX043270,2023-11-24,CUST4619,Male,55,Sports,12,89.0,1068.0,4,2023,Middle Aged,High
TX043271,2023-11-24,CUST2555,Female,59,Clothing,16,202.0,3232.0,4,2023,Middle Aged,High
TX043272,2023-11-24,CUST4161,Male,38,Sports,18,366.0,6588.0,4,2023,Youth,High
TX043273,2023-11-24,CUST0726,Female,22,Books,7,334.0,2338.0,4,2023,Teenager,High
TX043274,2023-11-24,CUST2867,Male,19,Clothing,15,477.0,7155.0,4,2023,Teenager,High
TX043275,2023-11-24,CUST9870,Female,65,Sports,2,91.0,182.0,4,2023,Retired,Medium
TX043276,2023-11-24,CUST6804,Female,32,Electronics,3,83.0,249.0,4,2023,Youth,Medium
TX043277,2023-11-24,CUST3986,Male,55,Beauty,15,368.0,5520.0,4,2023,Middle Aged,High
TX043278,2023-11-24,CUST8919,Male,38,Books,8,58.0,464.0,4,2023,Youth,Medium
TX043279,2023-11-24,CUST1551,Female,36,Beauty,14,483.0,6762.0,4,2023,Youth,High
TX043280,2023-11-24,CUST4376,Male,40,Beauty,8,437.0,3496.0,4,2023,Youth,High
TX043281,2023-11-24,CUST0377,Female,22,Groceries,1,319.0,319.0,4,2023,Teenager,Medium
TX043282,2023-11-24,CUST1190,Male,24,Books,16,38.0,608.0,4,2023,Teenager,High
TX043283,2023-11-24,CUST5619,Male,53,Clothing,4,383.0,1532.0,4,2023,Middle Aged,High
TX043284,2023-11-24,CUST6273,Female,27,Electronics,3,75.0,225.0,4,2023,Youth,Medium
TX043285,2023-11-24,CUST1076,Male,47,Beauty,15,163.0,2445.0,4,2023,Middle Aged,High
TX043286,2023-11-24,CUST9442,Female,48,Clothing,20,50.0,1000.0,4,2023,Middle Aged,High
TX043287,2023-11-24,CUST1312,Female,21,Sports,13,447.0,5811.0,4,2023,Teenager,High
TX043288,2023-11-24,CUST3891,Female,30,Books,14,92.0,1288.0,4,2023,Youth,High
TX043289,2023-11-24,CUST5743,Male,37,Groceries,5,290.0,1450.0,4,2023,Youth,High
TX043290,2023-11-24,CUST3809,Male,27,Groceries,15,448.0,6720.0,4,2023,Youth,High
TX043291,2023-11-24,CUST3599,Male,34,Electronics,12,244.0,2928.0,4,2023,Youth,High
TX043292,2023-11-24,CUST6349,Male,62,Electronics,2,482.0,964.0,4,2023,Retired,High
TX043293,2023-11-24,CUST7341,Female,54,Beauty,20,451.0,9020.0,4,2023,Middle Aged,High
TX043294,2023-11-24,CUST6798,Female,29,Beauty,4,93.0,372.0,4,2023,Youth,Medium
TX043295,2023-11-24,CUST5280,Female,31,Clothing,3,54.0,162.0,4,2023,Youth,Medium
TX043296,2023-11-24,CUST4443,Female,40,Books,1,317.0,317.0,4,2023,Youth,Medium
TX043297,2023-11-24,CUST5498,Female,52,Electronics,5,88.0,440.0,4,2023,Middle Aged,Medium
TX043298,2023-11-24,CUST6195,Female,46,Beauty,1,164.0,164.0,4,2023,Middle Aged,Medium
TX043299,2023-11-24,CUST0444,Female,26,Clothing,10,307.0,3070.0,4,2023,Youth,High
TX043300,2023-11-24,CUST8485,Male,42,Sports,11,361.0,3971.0,4,2023,Middle Aged,High
TX043301,2023-11-24,CUST5993,Male,26,Sports,16,468.0,7488.0,4,2023,Youth,High
TX043302,2023-11-24,CUST7995,Male,57,Sports,2,156.0,312.0,4,2023,Middle Aged,Medium
TX043303,2023-11-24,CUST8322,Male,59,Sports,12,80.0,960.0,4,2023,Middle Aged,High
TX043304,2023-11-24,CUST7964,Male,29,Beauty,20,185.0,3700.0,4,2023,Youth,High
TX043305,2023-11-24,CUST1138,Male,69,Clothing,12,130.0,1560.0,4,2023,Retired,High
TX043306,2023-11-24,CUST0556,Male,45,Beauty,9,425.0,3825.0,4,2023,Middle Aged,High
TX043307,2023-11-24,CUST6301,Male,56,Sports,4,299.0,1196.0,4,2023,Middle Aged,High
TX043308,2023-11-24,CUST3603,Male,42,Electronics,4,131.0,524.0,4,2023,Middle Aged,High
TX043309,2023-11-24,CUST3823,Female,65,Groceries,12,253.0,3036.0,4,2023,Retired,High
TX043310,2023-11-24,CUST5372,Male,45,Beauty,18,132.0,2376.0,4,2023,Middle Aged,High
TX043311,2023-11-24,CUST1207,Male,22,Clothing,19,229.0,4351.0,4,2023,Teenager,High
TX043312,2023-11-24,CUST1615,Female,43,Books,18,137.0,2466.0,4,2023,Middle Aged,High
TX043313,2023-11-24,CUST7808,Female,24,Beauty,15,434.0,6510.0,4,2023,Teenager,High
TX043314,2023-11-24,CUST1835,Female,37,Beauty,10,112.0,1120.0,4,2023,Youth,High
TX043315,2023-11-24,CUST5340,Female,61,Books,17,27.0,459.0,4,2023,Retired,Medium
TX043316,2023-11-24,CUST8034,Female,25,Beauty,17,221.0,3757.0,4,2023,Teenager,High
TX043317,2023-11-24,CUST3115,Male,52,Sports,4,264.0,1056.0,4,2023,Middle Aged,High
TX043318,2023-11-24,CUST0300,Female,59,Books,14,477.0,6678.0,4,2023,Middle Aged,High
TX043319,2023-11-24,CUST9907,Male,62,Clothing,8,215.0,1720.0,4,2023,Retired,High
TX043320,2023-11-24,CUST5971,Male,23,Sports,13,240.0,3120.0,4,2023,Teenager,High
TX043321,2023-11-24,CUST7860,Female,35,Books,17,356.0,6052.0,4,2023,Youth,High
TX043322,2023-11-24,CUST1830,Male,58,Electronics,17,103.0,1751.0,4,2023,Middle Aged,High
TX043323,2023-11-24,CUST9372,Male,31,Groceries,14,273.0,3822.0,4,2023,Youth,High
TX043324,2023-11-24,CUST2848,Male,35,Books,4,494.0,1976.0,4,2023,Youth,High
TX043325,2023-11-24,CUST0772,Female,21,Clothing,20,478.0,9560.0,4,2023,Teenager,High
TX043326,2023-11-24,CUST8501,Male,23,Beauty,15,444.0,6660.0,4,2023,Teenager,High
TX043327,2023-11-24,CUST4132,Female,22,Electronics,3,46.0,138.0,4,2023,Teenager,Medium
TX043328,2023-11-24,CUST0631,Female,62,Clothing,7,100.0,700.0,4,2023,Retired,High
TX043329,2023-11-24,CUST9750,Male,44,Electronics,5,353.0,1765.0,4,2023,Middle Aged,High
TX043330,2023-11-24,CUST5505,Female,61,Beauty,17,83.0,1411.0,4,2023,Retired,High
TX043331,2023-11-24,CUST6454,Male,55,Sports,6,42.0,252.0,4,2023,Middle Aged,Medium
TX043332,2023-11-24,CUST6082,Female,34,Clothing,4,349.0,1396.0,4,2023,Youth,High
TX043333,2023-11-24,CUST7477,Male,54,Sports,9,55.0,495.0,4,2023,Middle Aged,Medium
TX043334,2023-11-24,CUST3163,Female,48,Electronics,19,196.0,3724.0,4,2023,Middle Aged,High
TX043335,2023-11-24,CUST8063,Female,28,Sports,8,330.0,2640.0,4,2023,Youth,High
TX043336,2023-11-24,CUST6341,Male,58,Beauty,16,335.0,5360.0,4,2023,Middle Aged,High
TX043337,2023-11-24,CUST5816,Male,28,Sports,6,176.0,1056.0,4,2023,Youth,High
TX043338,2023-11-24,CUST6502,Male,18,Groceries,5,454.0,2270.0,4,2023,,High
TX043339,2023-11-24,CUST1703,Female,53,Beauty,2,426.0,852.0,4,2023,Middle Aged,High
TX043340,2023-11-24,CUST1658,Male,23,Books,11,54.0,594.0,4,2023,Teenager,High
TX043341,2023-11-24,CUST1923,Male,63,Beauty,5,299.0,1495.0,4,2023,Retired,High
TX043342,2023-11-24,CUST0831,Female,45,Sports,18,67.0,1206.0,4,2023,Middle Aged,High
TX043343,2023-11-24,CUST6570,Female,28,Clothing,3,419.0,1257.0,4,2023,Youth,High
TX043344,2023-11-24,CUST4494,Male,52,Books,16,247.0,3952.0,4,2023,Middle Aged,High
TX043345,2023-11-24,CUST4637,Female,68,Clothing,15,424.0,6360.0,4,2023,Retired,High
TX043346,2023-11-24,CUST7922,Female,67,Groceries,8,452.0,3616.0,4,2023,Retired,High
TX043347,2023-11-24,CUST4917,Female,30,Electronics,18,49.0,882.0,4,2023,Youth,High
TX043348,2023-11-24,CUST2973,Female,60,Sports,12,267.0,3204.0,4,2023,Middle Aged,High
TX043349,2023-11-24,CUST3387,Female,64,Groceries,7,37.0,259.0,4,2023,Retired,Medium
TX043350,2023-11-24,CUST4532,Female,70,Books,14,345.0,4830.0,4,2023,Retired,High
TX043351,2023-11-24,CUST9130,Male,68,Sports,14,164.0,2296.0,4,2023,Retired,High
TX043352,2023-11-24,CUST9770,Female,36,Beauty,13,229.0,2977.0,4,2023,Youth,High
TX043353,2023-11-24,CUST7566,Female,33,Electronics,2,295.0,590.0,4,2023,Youth,High
TX043354,2023-11-24,CUST7828,Male,20,Clothing,6,369.0,2214.0,4,2023,Teenager,High
TX043355,2023-11-24,CUST6578,Female,48,Sports,3,105.0,315.0,4,2023,Middle Aged,Medium
TX043356,2023-11-24,CUST9817,Female,64,Books,13,472.0,6136.0,4,2023,Retired,High
TX043357,2023-11-24,CUST9311,Female,69,Electronics,16,316.0,5056.0,4,2023,Retired,High
TX043358,2023-11-24,CUST4189,Male,67,Electronics,6,126.0,756.0,4,2023,Retired,High
TX043359,2023-11-24,CUST5078,Male,22,Sports,5,58.0,290.0,4,2023,Teenager,Medium
TX043360,2023-11-24,CUST2046,Male,18,Beauty,11,398.0,4378.0,4,2023,,High
TX043361,2023-11-24,CUST9651,Female,37,Books,2,67.0,134.0,4,2023,Youth,Medium
TX043362,2023-11-24,CUST1295,Female,54,Groceries,2,139.0,278.0,4,2023,Middle Aged,Medium
TX043363,2023-11-24,CUST0519,Male,30,Books,4,238.0,952.0,4,2023,Youth,High
TX043364,2023-11-24,CUST9357,Female,24,Groceries,14,72.0,1008.0,4,2023,Teenager,High
TX043365,2023-11-24,CUST2687,Male,41,Groceries,19,344.0,6536.0,4,2023,Middle Aged,High
TX043366,2023-11-24,CUST9008,Male,18,Books,7,498.0,3486.0,4,2023,,High
TX043367,2023-11-24,CUST6161,Female,28,Electronics,1,275.0,275.0,4,2023,Youth,Medium
TX043368,2023-11-24,CUST9569,Female,19,Books,19,30.0,570.0,4,2023,Teenager,High
TX043369,2023-11-24,CUST5281,Female,24,Sports,19,78.0,1482.0,4,2023,Teenager,High
TX043370,2023-11-24,CUST6360,Female,47,Sports,15,310.0,4650.0,4,2023,Middle Aged,High
TX043371,2023-11-24,CUST3092,Male,44,Clothing,2,480.0,960.0,4,2023,Middle Aged,High
TX043372,2023-11-24,CUST6200,Male,44,Beauty,20,13.0,260.0,4,2023,Middle Aged,Medium
TX043373,2023-11-24,CUST8710,Male,40,Groceries,12,330.0,3960.0,4,2023,Youth,High
TX043374,2023-11-24,CUST3342,Male,58,Beauty,18,394.0,7092.0,4,2023,Middle Aged,High
TX043375,2023-11-24,CUST0540,Female,19,Clothing,15,433.0,6495.0,4,2023,Teenager,High
TX043376,2023-11-24,CUST4259,Female,69,Beauty,19,75.0,1425.0,4,2023,Retired,High
TX043377,2023-11-24,CUST7571,Male,66,Clothing,16,453.0,7248.0,4,2023,Retired,High
TX043378,2023-11-24,CUST4078,Female,42,Beauty,20,279.0,5580.0,4,2023,Middle Aged,High
TX043379,2023-11-24,CUST5689,Male,39,Sports,20,386.0,7720.0,4,2023,Youth,High
TX043380,2023-11-24,CUST6315,Female,42,Books,10,30.0,300.0,4,2023,Middle Aged,Medium
TX043381,2023-11-24,CUST1456,Female,69,Groceries,17,364.0,6188.0,4,2023,Retired,High
TX043382,2023-11-24,CUST3061,Female,20,Groceries,11,151.0,1661.0,4,2023,Teenager,High
TX043383,2023-11-24,CUST8105,Male,41,Electronics,3,225.0,675.0,4,2023,Middle Aged,High
TX043384,2023-11-24,CUST3784,Male,29,Sports,20,87.0,1740.0,4,2023,Youth,High
TX043385,2023-11-24,CUST4932,Male,64,Groceries,5,53.0,265.0,4,2023,Retired,Medium
TX043386,2023-11-24,CUST4027,Female,68,Sports,17,330.0,5610.0,4,2023,Retired,High
TX043387,2023-11-24,CUST6587,Male,43,Clothing,12,261.0,3132.0,4,2023,Middle Aged,High
TX043388,2023-11-24,CUST0081,Female,50,Electronics,13,441.0,5733.0,4,2023,Middle Aged,High
TX043389,2023-11-24,CUST4023,Female,30,Sports,5,375.0,1875.0,4,2023,Youth,High
TX043390,2023-11-24,CUST2538,Female,62,Sports,10,345.0,3450.0,4,2023,Retired,High
TX043391,2023-11-24,CUST6553,Male,65,Groceries,3,255.0,765.0,4,2023,Retired,High
TX043392,2023-11-24,CUST7827,Male,38,Clothing,18,16.0,288.0,4,2023,Youth,Medium
TX043393,2023-11-24,CUST9175,Female,23,Beauty,18,332.0,5976.0,4,2023,Teenager,High
TX043394,2023-11-24,CUST5221,Male,29,Groceries,4,348.0,1392.0,4,2023,Youth,High
TX043395,2023-11-24,CUST9570,Male,51,Clothing,5,319.0,1595.0,4,2023,Middle Aged,High
TX043396,2023-11-24,CUST0399,Female,62,Electronics,7,433.0,3031.0,4,2023,Retired,High
TX043397,2023-11-24,CUST3390,Female,20,Groceries,19,27.0,513.0,4,2023,Teenager,High
TX043398,2023-11-24,CUST7857,Female,66,Electronics,19,117.0,2223.0,4,2023,Retired,High
TX043399,2023-11-24,CUST6916,Female,53,Clothing,12,46.0,552.0,4,2023,Middle Aged,High
TX043400,2023-11-24,CUST5635,Female,46,Electronics,12,37.0,444.0,4,2023,Middle Aged,Medium
TX043401,2023-11-24,CUST8837,Female,27,Electronics,1,155.0,155.0,4,2023,Youth,Medium
TX043402,2023-11-24,CUST2276,Female,51,Groceries,12,348.0,4176.0,4,2023,Middle Aged,High
TX043403,2023-11-24,CUST0291,Male,55,Books,7,49.0,343.0,4,2023,Middle Aged,Medium
TX043404,2023-11-24,CUST3710,Female,69,Electronics,4,210.0,840.0,4,2023,Retired,High
TX043405,2023-11-24,CUST9177,Female,21,Books,6,406.0,2436.0,4,2023,Teenager,High
TX043406,2023-11-24,CUST2694,Female,27,Beauty,4,460.0,1840.0,4,2023,Youth,High
TX043407,2023-11-24,CUST5887,Male,24,Clothing,18,188.0,3384.0,4,2023,Teenager,High
TX043408,2023-11-24,CUST8584,Male,45,Books,15,139.0,2085.0,4,2023,Middle Aged,High
TX043409,2023-11-24,CUST4508,Female,24,Books,19,103.0,1957.0,4,2023,Teenager,High
TX043410,2023-11-24,CUST7935,Male,21,Beauty,11,320.0,3520.0,4,2023,Teenager,High
TX043411,2023-11-24,CUST1015,Female,37,Groceries,4,153.0,612.0,4,2023,Youth,High
TX043412,2023-11-24,CUST2155,Male,31,Electronics,9,231.0,2079.0,4,2023,Youth,High
TX043413,2023-11-24,CUST8040,Male,42,Books,19,16.0,304.0,4,2023,Middle Aged,Medium
TX043414,2023-11-24,CUST3916,Female,36,Clothing,9,410.0,3690.0,4,2023,Youth,High
TX043415,2023-11-24,CUST7850,Female,63,Books,5,117.0,585.0,4,2023,Retired,High
TX043416,2023-11-24,CUST1545,Female,41,Sports,19,210.0,3990.0,4,2023,Middle Aged,High
TX043417,2023-11-24,CUST7356,Male,33,Books,17,350.0,5950.0,4,2023,Youth,High
TX043418,2023-11-24,CUST8166,Female,49,Books,14,69.0,966.0,4,2023,Middle Aged,High
TX043419,2023-11-24,CUST1870,Male,21,Beauty,14,499.0,6986.0,4,2023,Teenager,High
TX043420,2023-11-24,CUST7595,Male,52,Beauty,6,335.0,2010.0,4,2023,Middle Aged,High
TX043421,2023-11-24,CUST3214,Female,27,Beauty,2,391.0,782.0,4,2023,Youth,High
TX043422,2023-11-24,CUST1913,Female,37,Electronics,15,145.0,2175.0,4,2023,Youth,High
TX043423,2023-11-24,CUST7582,Female,53,Electronics,19,221.0,4199.0,4,2023,Middle Aged,High
TX043424,2023-11-24,CUST7201,Male,53,Electronics,18,410.0,7380.0,4,2023,Middle Aged,High
TX043425,2023-11-24,CUST9428,Male,38,Beauty,8,230.0,1840.0,4,2023,Youth,High
TX043426,2023-11-24,CUST8114,Male,34,Books,10,434.0,4340.0,4,2023,Youth,High
TX043427,2023-11-24,CUST1693,Female,19,Beauty,6,357.0,2142.0,4,2023,Teenager,High
TX043428,2023-11-24,CUST0905,Female,47,Groceries,7,233.0,1631.0,4,2023,Middle Aged,High
TX043429,2023-11-24,CUST3468,Male,37,Electronics,5,393.0,1965.0,4,2023,Youth,High
TX043430,2023-11-24,CUST4422,Male,42,Books,3,301.0,903.0,4,2023,Middle Aged,High
TX043431,2023-11-24,CUST6300,Male,56,Beauty,7,282.0,1974.0,4,2023,Middle Aged,High
TX043432,2023-11-24,CUST5307,Female,20,Sports,6,77.0,462.0,4,2023,Teenager,Medium
TX043433,2023-11-24,CUST3905,Female,29,Books,13,330.0,4290.0,4,2023,Youth,High
TX043434,2023-11-24,CUST3935,Male,31,Clothing,9,59.0,531.0,4,2023,Youth,High
TX043435,2023-11-24,CUST1329,Female,39,Clothing,16,243.0,3888.0,4,2023,Youth,High
TX043436,2023-11-24,CUST1591,Male,36,Clothing,17,439.0,7463.0,4,2023,Youth,High
TX043437,2023-11-24,CUST6008,Female,31,Beauty,10,397.0,3970.0,4,2023,Youth,High
TX043438,2023-11-24,CUST4160,Male,21,Clothing,15,116.0,1740.0,4,2023,Teenager,High
TX043439,2023-11-24,CUST9556,Male,39,Sports,2,310.0,620.0,4,2023,Youth,High
TX043440,2023-11-24,CUST0535,Male,35,Electronics,9,348.0,3132.0,4,2023,Youth,High
TX043441,2023-11-24,CUST6328,Female,33,Electronics,10,175.0,1750.0,4,2023,Youth,High
TX043442,2023-11-24,CUST7962,Female,28,Sports,17,49.0,833.0,4,2023,Youth,High
TX043443,2023-11-24,CUST0781,Female,61,Books,10,281.0,2810.0,4,2023,Retired,High
TX043444,2023-11-24,CUST1550,Female,40,Sports,14,105.0,1470.0,4,2023,Youth,High
TX043445,2023-11-24,CUST7362,Male,49,Books,5,246.0,1230.0,4,2023,Middle Aged,High
TX043446,2023-11-24,CUST2610,Female,19,Electronics,12,297.0,3564.0,4,2023,Teenager,High
TX043447,2023-11-24,CUST0753,Male,48,Clothing,20,236.0,4720.0,4,2023,Middle Aged,High
TX043448,2023-11-24,CUST6842,Male,22,Sports,13,89.0,1157.0,4,2023,Teenager,High
TX043449,2023-11-24,CUST6293,Male,49,Sports,14,342.0,4788.0,4,2023,Middle Aged,High
TX043450,2023-11-24,CUST2437,Male,58,Groceries,18,109.0,1962.0,4,2023,Middle Aged,High
TX043451,2023-11-24,CUST6045,Male,29,Groceries,17,107.0,1819.0,4,2023,Youth,High
TX043452,2023-11-24,CUST5837,Male,63,Clothing,20,396.0,7920.0,4,2023,Retired,High
TX043453,2023-11-24,CUST5769,Female,29,Books,14,128.0,1792.0,4,2023,Youth,High
TX043454,2023-11-24,CUST9896,Female,23,Groceries,19,417.0,7923.0,4,2023,Teenager,High
TX043455,2023-11-24,CUST5371,Male,19,Books,12,209.0,2508.0,4,2023,Teenager,High
TX043456,2023-11-24,CUST2652,Female,20,Books,19,129.0,2451.0,4,2023,Teenager,High
TX043457,2023-11-24,CUST3392,Male,27,Beauty,16,395.0,6320.0,4,2023,Youth,High
TX043458,2023-11-24,CUST7240,Female,35,Beauty,1,147.0,147.0,4,2023,Youth,Medium
TX043459,2023-11-24,CUST9302,Male,47,Clothing,4,31.0,124.0,4,2023,Middle Aged,Medium
TX043460,2023-11-24,CUST8720,Female,64,Electronics,3,198.0,594.0,4,2023,Retired,High
TX043461,2023-11-24,CUST1107,Female,60,Electronics,8,349.0,2792.0,4,2023,Middle Aged,High
TX043462,2023-11-24,CUST0757,Female,47,Books,13,356.0,4628.0,4,2023,Middle Aged,High
TX043463,2023-11-24,CUST2720,Female,21,Books,3,303.0,909.0,4,2023,Teenager,High
TX043464,2023-11-24,CUST9480,Female,51,Electronics,1,310.0,310.0,4,2023,Middle Aged,Medium
TX043465,2023-11-24,CUST2738,Male,50,Electronics,1,148.0,148.0,4,2023,Middle Aged,Medium
TX043466,2023-11-24,CUST4959,Female,67,Groceries,18,270.0,4860.0,4,2023,Retired,High
TX043467,2023-11-24,CUST2259,Female,39,Beauty,15,159.0,2385.0,4,2023,Youth,High
TX043468,2023-11-24,CUST1734,Male,61,Groceries,2,452.0,904.0,4,2023,Retired,High
TX043469,2023-11-24,CUST5060,Male,32,Clothing,10,496.0,4960.0,4,2023,Youth,High
TX043470,2023-11-24,CUST7936,Male,48,Sports,8,277.0,2216.0,4,2023,Middle Aged,High
TX043471,2023-11-24,CUST9547,Male,67,Sports,7,77.0,539.0,4,2023,Retired,High
TX043472,2023-11-24,CUST9205,Female,34,Books,11,453.0,4983.0,4,2023,Youth,High
TX043473,2023-11-24,CUST3322,Female,58,Groceries,9,452.0,4068.0,4,2023,Middle Aged,High
TX043474,2023-11-24,CUST6473,Female,42,Books,12,316.0,3792.0,4,2023,Middle Aged,High
TX043475,2023-11-24,CUST4314,Female,25,Groceries,4,414.0,1656.0,4,2023,Teenager,High
TX043476,2023-11-24,CUST3054,Female,33,Sports,17,244.0,4148.0,4,2023,Youth,High
TX043477,2023-11-24,CUST8580,Female,21,Electronics,6,492.0,2952.0,4,2023,Teenager,High
TX043478,2023-11-24,CUST5459,Male,43,Clothing,1,152.0,152.0,4,2023,Middle Aged,Medium
TX043479,2023-11-24,CUST4663,Female,51,Clothing,9,427.0,3843.0,4,2023,Middle Aged,High
TX043480,2023-11-24,CUST5290,Female,55,Books,17,71.0,1207.0,4,2023,Middle Aged,High
TX043481,2023-11-24,CUST4700,Female,56,Clothing,20,216.0,4320.0,4,2023,Middle Aged,High
TX043482,2023-11-24,CUST3992,Male,55,Clothing,10,60.0,600.0,4,2023,Middle Aged,High
TX043483,2023-11-24,CUST0649,Male,41,Beauty,1,249.0,249.0,4,2023,Middle Aged,Medium
TX043484,2023-11-24,CUST1347,Female,29,Clothing,17,163.0,2771.0,4,2023,Youth,High
TX043485,2023-11-24,CUST8299,Female,18,Sports,10,93.0,930.0,4,2023,,High
TX043486,2023-11-24,CUST0242,Male,23,Sports,2,21.0,42.0,4,2023,Teenager,Low
TX043487,2023-11-24,CUST3743,Male,63,Clothing,8,135.0,1080.0,4,2023,Retired,High
TX043488,2023-11-24,CUST2477,Male,62,Clothing,20,490.0,9800.0,4,2023,Retired,High
TX043489,2023-11-24,CUST2065,Female,54,Groceries,15,239.0,3585.0,4,2023,Middle Aged,High
TX043490,2023-11-24,CUST8396,Female,58,Electronics,16,165.0,2640.0,4,2023,Middle Aged,High
TX043491,2023-11-24,CUST1814,Female,56,Books,6,65.0,390.0,4,2023,Middle Aged,Medium
TX043492,2023-11-24,CUST1097,Female,42,Beauty,19,383.0,7277.0,4,2023,Middle Aged,High
TX043493,2023-11-24,CUST2948,Female,46,Clothing,2,393.0,786.0,4,2023,Middle Aged,High
TX043494,2023-11-24,CUST5377,Male,23,Clothing,8,405.0,3240.0,4,2023,Teenager,High
TX043495,2023-11-24,CUST0480,Female,56,Groceries,12,381.0,4572.0,4,2023,Middle Aged,High
TX043496,2023-11-24,CUST4159,Male,40,Clothing,11,206.0,2266.0,4,2023,Youth,High
TX043497,2023-11-24,CUST5984,Male,24,Clothing,6,224.0,1344.0,4,2023,Teenager,High
TX043498,2023-11-24,CUST8316,Male,56,Groceries,14,335.0,4690.0,4,2023,Middle Aged,High
TX043499,2023-11-24,CUST4960,Male,40,Beauty,8,372.0,2976.0,4,2023,Youth,High
TX043500,2023-11-24,CUST5314,Female,70,Books,1,197.0,197.0,4,2023,Retired,Medium
TX043501,2023-11-24,CUST8786,Female,45,Electronics,17,280.0,4760.0,4,2023,Middle Aged,High
TX043502,2023-11-24,CUST7567,Male,66,Books,15,22.0,330.0,4,2023,Retired,Medium
TX043503,2023-11-24,CUST8966,Female,42,Beauty,4,431.0,1724.0,4,2023,Middle Aged,High
TX043504,2023-11-24,CUST8282,Male,63,Sports,11,277.0,3047.0,4,2023,Retired,High
TX043505,2023-11-24,CUST4378,Male,59,Clothing,9,36.0,324.0,4,2023,Middle Aged,Medium
TX043506,2023-11-24,CUST5105,Female,41,Beauty,1,396.0,396.0,4,2023,Middle Aged,Medium
TX043507,2023-11-24,CUST6455,Male,59,Clothing,8,344.0,2752.0,4,2023,Middle Aged,High
TX043508,2023-11-24,CUST1023,Female,41,Electronics,18,336.0,6048.0,4,2023,Middle Aged,High
TX043509,2023-11-24,CUST7825,Male,40,Groceries,3,56.0,168.0,4,2023,Youth,Medium
TX043510,2023-11-24,CUST3726,Female,59,Electronics,5,232.0,1160.0,4,2023,Middle Aged,High
TX043511,2023-11-24,CUST8285,Female,58,Groceries,4,311.0,1244.0,4,2023,Middle Aged,High
TX043512,2023-11-24,CUST0236,Female,43,Clothing,17,367.0,6239.0,4,2023,Middle Aged,High
TX043513,2023-11-24,CUST0056,Male,67,Beauty,1,118.0,118.0,4,2023,Retired,Medium
TX043514,2023-11-24,CUST5474,Male,22,Clothing,3,433.0,1299.0,4,2023,Teenager,High
TX043515,2023-11-24,CUST6874,Male,18,Books,16,393.0,6288.0,4,2023,,High
TX043516,2023-11-24,CUST8438,Female,39,Groceries,1,487.0,487.0,4,2023,Youth,Medium
TX043517,2023-11-24,CUST8429,Female,28,Groceries,20,459.0,9180.0,4,2023,Youth,High
TX043518,2023-11-24,CUST0754,Male,70,Books,19,382.0,7258.0,4,2023,Retired,High
TX043519,2023-11-24,CUST0320,Female,38,Groceries,15,354.0,5310.0,4,2023,Youth,High
TX043520,2023-11-24,CUST2869,Female,25,Electronics,14,236.0,3304.0,4,2023,Teenager,High
TX043521,2023-11-24,CUST6287,Male,55,Sports,3,60.0,180.0,4,2023,Middle Aged,Medium
TX043522,2023-11-24,CUST2539,Male,21,Groceries,15,167.0,2505.0,4,2023,Teenager,High
TX043523,2023-11-24,CUST1869,Female,68,Books,11,245.0,2695.0,4,2023,Retired,High
TX043524,2023-11-24,CUST1610,Male,68,Clothing,11,495.0,5445.0,4,2023,Retired,High
TX043525,2023-11-24,CUST3979,Male,46,Groceries,8,292.0,2336.0,4,2023,Middle Aged,High
TX043526,2023-11-24,CUST1870,Male,68,Groceries,15,232.0,3480.0,4,2023,Retired,High
TX043527,2023-11-24,CUST6109,Female,36,Electronics,11,325.0,3575.0,4,2023,Youth,High
TX043528,2023-11-24,CUST4135,Male,68,Beauty,18,293.0,5274.0,4,2023,Retired,High
TX043529,2023-11-24,CUST8044,Female,20,Sports,2,199.0,398.0,4,2023,Teenager,Medium
TX043530,2023-11-24,CUST2488,Female,19,Groceries,16,436.0,6976.0,4,2023,Teenager,High
TX043531,2023-11-24,CUST5462,Female,18,Groceries,5,84.0,420.0,4,2023,,Medium
TX043532,2023-11-24,CUST0670,Female,39,Electronics,4,191.0,764.0,4,2023,Youth,High
TX043533,2023-11-24,CUST6939,Male,51,Sports,6,290.0,1740.0,4,2023,Middle Aged,High
TX043534,2023-11-24,CUST6165,Female,25,Books,20,390.0,7800.0,4,2023,Teenager,High
TX043535,2023-11-24,CUST5184,Male,69,Electronics,7,408.0,2856.0,4,2023,Retired,High
TX043536,2023-11-24,CUST7541,Male,50,Electronics,17,180.0,3060.0,4,2023,Middle Aged,High
TX043537,2023-11-24,CUST2072,Female,27,Books,18,377.0,6786.0,4,2023,Youth,High
TX043538,2023-11-24,CUST6739,Female,48,Clothing,20,321.0,6420.0,4,2023,Middle Aged,High
TX043539,2023-11-24,CUST0125,Female,33,Electronics,16,264.0,4224.0,4,2023,Youth,High
TX043540,2023-11-24,CUST9503,Female,24,Groceries,9,215.0,1935.0,4,2023,Teenager,High
TX043541,2023-11-24,CUST1333,Female,40,Books,1,342.0,342.0,4,2023,Youth,Medium
TX043542,2023-11-24,CUST2631,Female,41,Electronics,14,72.0,1008.0,4,2023,Middle Aged,High
TX043543,2023-11-24,CUST2452,Male,50,Beauty,18,484.0,8712.0,4,2023,Middle Aged,High
TX043544,2023-11-24,CUST9354,Male,37,Clothing,20,388.0,7760.0,4,2023,Youth,High
TX043545,2023-11-24,CUST3525,Female,45,Books,6,49.0,294.0,4,2023,Middle Aged,Medium
TX043546,2023-11-24,CUST0080,Male,18,Beauty,4,227.0,908.0,4,2023,,High
TX043547,2023-11-24,CUST8071,Female,66,Groceries,19,160.0,3040.0,4,2023,Retired,High
TX043548,2023-11-24,CUST7300,Female,52,Electronics,5,212.0,1060.0,4,2023,Middle Aged,High
TX043549,2023-11-24,CUST4261,Male,32,Electronics,16,107.0,1712.0,4,2023,Youth,High
TX043550,2023-11-24,CUST8644,Female,64,Books,2,162.0,324.0,4,2023,Retired,Medium
TX043551,2023-11-24,CUST1993,Female,22,Sports,10,143.0,1430.0,4,2023,Teenager,High
TX043552,2023-11-24,CUST6530,Male,46,Groceries,17,165.0,2805.0,4,2023,Middle Aged,High
TX043553,2023-11-24,CUST2481,Female,41,Electronics,4,356.0,1424.0,4,2023,Middle Aged,High
TX043554,2023-11-24,CUST0665,Female,50,Sports,4,341.0,1364.0,4,2023,Middle Aged,High
TX043555,2023-11-24,CUST7785,Female,45,Electronics,14,279.0,3906.0,4,2023,Middle Aged,High
TX043556,2023-11-24,CUST8108,Male,51,Clothing,4,36.0,144.0,4,2023,Middle Aged,Medium
TX043557,2023-11-24,CUST8397,Male,21,Beauty,2,121.0,242.0,4,2023,Teenager,Medium
TX043558,2023-11-24,CUST5484,Female,65,Sports,20,351.0,7020.0,4,2023,Retired,High
TX043559,2023-11-24,CUST4556,Female,69,Beauty,15,412.0,6180.0,4,2023,Retired,High
TX043560,2023-11-24,CUST8770,Male,30,Books,10,291.0,2910.0,4,2023,Youth,High
TX043561,2023-11-24,CUST5638,Female,33,Books,7,138.0,966.0,4,2023,Youth,High
TX043562,2023-11-24,CUST1586,Female,56,Sports,16,429.0,6864.0,4,2023,Middle Aged,High
TX043563,2023-11-24,CUST2353,Male,35,Sports,1,375.0,375.0,4,2023,Youth,Medium
TX043564,2023-11-24,CUST8713,Male,25,Books,17,456.0,7752.0,4,2023,Teenager,High
TX043565,2023-11-24,CUST4894,Female,23,Electronics,5,228.0,1140.0,4,2023,Teenager,High
TX043566,2023-11-24,CUST7285,Male,19,Groceries,12,230.0,2760.0,4,2023,Teenager,High
TX043567,2023-11-24,CUST2530,Female,18,Clothing,11,449.0,4939.0,4,2023,,High
TX043568,2023-11-24,CUST1662,Female,45,Electronics,17,179.0,3043.0,4,2023,Middle Aged,High
TX043569,2023-11-24,CUST8750,Male,28,Groceries,17,467.0,7939.0,4,2023,Youth,High
TX043570,2023-11-24,CUST2193,Female,33,Clothing,16,257.0,4112.0,4,2023,Youth,High
TX043571,2023-11-24,CUST6279,Male,35,Sports,19,86.0,1634.0,4,2023,Youth,High
TX043572,2023-11-24,CUST4415,Male,46,Books,2,81.0,162.0,4,2023,Middle Aged,Medium
TX043573,2023-11-24,CUST0636,Female,65,Groceries,8,485.0,3880.0,4,2023,Retired,High
TX043574,2023-11-24,CUST3357,Female,69,Books,1,212.0,212.0,4,2023,Retired,Medium
TX043575,2023-11-24,CUST0334,Female,33,Groceries,13,428.0,5564.0,4,2023,Youth,High
TX043576,2023-11-24,CUST9951,Female,57,Groceries,19,93.0,1767.0,4,2023,Middle Aged,High
TX043577,2023-11-24,CUST2232,Male,45,Sports,13,139.0,1807.0,4,2023,Middle Aged,High
TX043578,2023-11-24,CUST7080,Female,53,Groceries,2,93.0,186.0,4,2023,Middle Aged,Medium
TX043579,2023-11-24,CUST0861,Male,25,Electronics,16,410.0,6560.0,4,2023,Teenager,High
TX043580,2023-11-24,CUST8599,Male,51,Electronics,15,299.0,4485.0,4,2023,Middle Aged,High
TX043581,2023-11-24,CUST9150,Male,49,Groceries,17,383.0,6511.0,4,2023,Middle Aged,High
TX043582,2023-11-24,CUST0343,Male,54,Sports,6,476.0,2856.0,4,2023,Middle Aged,High
TX043583,2023-11-24,CUST2306,Male,55,Beauty,20,244.0,4880.0,4,2023,Middle Aged,High
TX043584,2023-11-24,CUST7615,Male,58,Clothing,5,121.0,605.0,4,2023,Middle Aged,High
TX043585,2023-11-24,CUST1257,Female,29,Books,7,438.0,3066.0,4,2023,Youth,High
TX043586,2023-11-24,CUST2279,Female,68,Clothing,10,429.0,4290.0,4,2023,Retired,High
TX043587,2023-11-24,CUST1010,Male,24,Sports,16,443.0,7088.0,4,2023,Teenager,High
TX043588,2023-11-24,CUST9410,Male,36,Sports,5,174.0,870.0,4,2023,Youth,High
TX043589,2023-11-24,CUST1061,Female,30,Groceries,6,463.0,2778.0,4,2023,Youth,High
TX043590,2023-11-24,CUST7784,Female,18,Books,13,440.0,5720.0,4,2023,,High
TX043591,2023-11-24,CUST2519,Female,66,Clothing,20,36.0,720.0,4,2023,Retired,High
TX043592,2023-11-24,CUST4128,Female,34,Groceries,1,441.0,441.0,4,2023,Youth,Medium
TX043593,2023-11-24,CUST7375,Female,34,Sports,20,336.0,6720.0,4,2023,Youth,High
TX043594,2023-11-24,CUST4419,Female,37,Electronics,14,73.0,1022.0,4,2023,Youth,High
TX043595,2023-11-24,CUST6414,Male,22,Sports,11,201.0,2211.0,4,2023,Teenager,High
TX043596,2023-11-24,CUST3906,Female,66,Books,4,35.0,140.0,4,2023,Retired,Medium
TX043597,2023-11-24,CUST9271,Male,20,Clothing,11,84.0,924.0,4,2023,Teenager,High
TX043598,2023-11-24,CUST3793,Male,25,Beauty,18,286.0,5148.0,4,2023,Teenager,High
TX043599,2023-11-24,CUST0188,Male,19,Clothing,12,147.0,1764.0,4,2023,Teenager,High
TX043600,2023-11-24,CUST8042,Male,51,Electronics,13,59.0,767.0,4,2023,Middle Aged,High
TX043601,2023-11-24,CUST0955,Male,20,Groceries,8,34.0,272.0,4,2023,Teenager,Medium
TX043602,2023-11-24,CUST0451,Female,31,Beauty,9,425.0,3825.0,4,2023,Youth,High
TX043603,2023-11-24,CUST7723,Male,36,Clothing,2,406.0,812.0,4,2023,Youth,High
TX043604,2023-11-24,CUST8108,Male,36,Groceries,2,219.0,438.0,4,2023,Youth,Medium
TX043605,2023-11-24,CUST4624,Male,59,Beauty,2,370.0,740.0,4,2023,Middle Aged,High
TX043606,2023-11-24,CUST3161,Female,57,Books,20,401.0,8020.0,4,2023,Middle Aged,High
TX043607,2023-11-24,CUST5282,Female,47,Sports,12,287.0,3444.0,4,2023,Middle Aged,High
TX043608,2023-11-24,CUST2477,Male,69,Groceries,14,148.0,2072.0,4,2023,Retired,High
TX043609,2023-11-24,CUST2673,Male,42,Groceries,16,241.0,3856.0,4,2023,Middle Aged,High
TX043610,2023-11-24,CUST8680,Male,24,Clothing,16,27.0,432.0,4,2023,Teenager,Medium
TX043611,2023-11-24,CUST7425,Female,20,Beauty,18,411.0,7398.0,4,2023,Teenager,High
TX043612,2023-11-24,CUST1550,Female,23,Sports,1,197.0,197.0,4,2023,Teenager,Medium
TX043613,2023-11-24,CUST3044,Female,27,Sports,6,125.0,750.0,4,2023,Youth,High
TX043614,2023-11-24,CUST9813,Male,55,Clothing,20,34.0,680.0,4,2023,Middle Aged,High
TX043615,2023-11-24,CUST0134,Male,62,Beauty,15,130.0,1950.0,4,2023,Retired,High
TX043616,2023-11-24,CUST3023,Male,39,Books,10,17.0,170.0,4,2023,Youth,Medium
TX043617,2023-11-24,CUST2718,Male,55,Books,14,83.0,1162.0,4,2023,Middle Aged,High
TX043618,2023-11-24,CUST9256,Male,30,Sports,19,29.0,551.0,4,2023,Youth,High
TX043619,2023-11-24,CUST3400,Female,51,Beauty,12,318.0,3816.0,4,2023,Middle Aged,High
TX043620,2023-11-24,CUST4711,Male,46,Beauty,5,198.0,990.0,4,2023,Middle Aged,High
TX043621,2023-11-24,CUST1944,Male,30,Clothing,20,228.0,4560.0,4,2023,Youth,High
TX043622,2023-11-24,CUST1942,Female,21,Books,1,390.0,390.0,4,2023,Teenager,Medium
TX043623,2023-11-24,CUST7033,Female,64,Sports,7,228.0,1596.0,4,2023,Retired,High
TX043624,2023-11-24,CUST7443,Male,42,Electronics,6,201.0,1206.0,4,2023,Middle Aged,High
TX043625,2023-11-24,CUST1699,Female,62,Clothing,5,99.0,495.0,4,2023,Retired,Medium
TX043626,2023-11-24,CUST8605,Male,58,Electronics,17,58.0,986.0,4,2023,Middle Aged,High
TX043627,2023-11-24,CUST8439,Male,44,Electronics,11,87.0,957.0,4,2023,Middle Aged,High
TX043628,2023-11-24,CUST8890,Female,19,Sports,18,112.0,2016.0,4,2023,Teenager,High
TX043629,2023-11-24,CUST2363,Female,66,Sports,5,49.0,245.0,4,2023,Retired,Medium
TX043630,2023-11-24,CUST0890,Female,63,Groceries,4,490.0,1960.0,4,2023,Retired,High
TX043631,2023-11-24,CUST7289,Female,67,Electronics,20,494.0,9880.0,4,2023,Retired,High
TX043632,2023-11-24,CUST1626,Male,38,Books,20,365.0,7300.0,4,2023,Youth,High
TX043633,2023-11-24,CUST5931,Female,63,Groceries,19,146.0,2774.0,4,2023,Retired,High
TX043634,2023-11-24,CUST9811,Male,69,Beauty,16,383.0,6128.0,4,2023,Retired,High
TX043635,2023-11-24,CUST7975,Male,45,Clothing,18,309.0,5562.0,4,2023,Middle Aged,High
TX043636,2023-11-24,CUST2541,Female,24,Groceries,9,383.0,3447.0,4,2023,Teenager,High
TX043637,2023-11-24,CUST1759,Female,54,Beauty,7,416.0,2912.0,4,2023,Middle Aged,High
TX043638,2023-11-24,CUST6154,Female,64,Clothing,5,253.0,1265.0,4,2023,Retired,High
TX043639,2023-11-24,CUST9282,Female,37,Books,6,387.0,2322.0,4,2023,Youth,High
TX043640,2023-11-24,CUST7356,Female,62,Clothing,15,110.0,1650.0,4,2023,Retired,High
TX043641,2023-11-24,CUST5334,Female,36,Clothing,19,152.0,2888.0,4,2023,Youth,High
TX043642,2023-11-24,CUST3907,Male,68,Books,6,396.0,2376.0,4,2023,Retired,High
TX043643,2023-11-24,CUST2347,Female,54,Electronics,13,144.0,1872.0,4,2023,Middle Aged,High
TX043644,2023-11-24,CUST6386,Male,39,Books,10,355.0,3550.0,4,2023,Youth,High
TX043645,2023-11-24,CUST5913,Female,42,Books,1,67.0,67.0,4,2023,Middle Aged,Low
TX043646,2023-11-24,CUST8429,Male,33,Clothing,15,327.0,4905.0,4,2023,Youth,High
TX043647,2023-11-24,CUST5274,Male,45,Sports,4,337.0,1348.0,4,2023,Middle Aged,High
TX043648,2023-11-24,CUST3121,Male,65,Groceries,16,387.0,6192.0,4,2023,Retired,High
TX043649,2023-11-24,CUST7932,Female,67,Groceries,15,263.0,3945.0,4,2023,Retired,High
TX043650,2023-11-24,CUST7384,Female,42,Electronics,19,277.0,5263.0,4,2023,Middle Aged,High
TX043651,2023-11-24,CUST7316,Male,50,Groceries,4,394.0,1576.0,4,2023,Middle Aged,High
TX043652,2023-11-24,CUST3889,Male,55,Sports,11,146.0,1606.0,4,2023,Middle Aged,High
TX043653,2023-11-24,CUST0770,Female,20,Electronics,19,290.0,5510.0,4,2023,Teenager,High
TX043654,2023-11-24,CUST0260,Female,31,Clothing,18,389.0,7002.0,4,2023,Youth,High
TX043655,2023-11-24,CUST9011,Female,27,Beauty,14,402.0,5628.0,4,2023,Youth,High
TX043656,2023-11-24,CUST4829,Male,37,Electronics,6,307.0,1842.0,4,2023,Youth,High
TX043657,2023-11-24,CUST1422,Male,25,Clothing,3,223.0,669.0,4,2023,Teenager,High
TX043658,2023-11-24,CUST1378,Male,64,Electronics,6,14.0,84.0,4,2023,Retired,Low
TX043659,2023-11-24,CUST5125,Male,69,Beauty,16,172.0,2752.0,4,2023,Retired,High
TX043660,2023-11-24,CUST3538,Female,53,Clothing,11,291.0,3201.0,4,2023,Middle Aged,High
TX043661,2023-11-24,CUST5805,Female,66,Sports,15,392.0,5880.0,4,2023,Retired,High
TX043662,2023-11-24,CUST7238,Female,70,Sports,19,324.0,6156.0,4,2023,Retired,High
TX043663,2023-11-24,CUST7079,Male,59,Clothing,3,195.0,585.0,4,2023,Middle Aged,High
TX043664,2023-11-24,CUST5184,Female,56,Sports,20,228.0,4560.0,4,2023,Middle Aged,High
TX043665,2023-11-24,CUST9780,Male,63,Electronics,11,138.0,1518.0,4,2023,Retired,High
TX043666,2023-11-24,CUST3278,Female,29,Beauty,11,453.0,4983.0,4,2023,Youth,High
TX043667,2023-11-24,CUST3420,Male,33,Electronics,11,425.0,4675.0,4,2023,Youth,High
TX043668,2023-11-24,CUST4449,Male,20,Electronics,3,54.0,162.0,4,2023,Teenager,Medium
TX043669,2023-11-24,CUST4071,Female,36,Beauty,18,262.0,4716.0,4,2023,Youth,High
TX043670,2023-11-24,CUST9807,Female,62,Books,7,268.0,1876.0,4,2023,Retired,High
TX043671,2023-11-24,CUST7722,Female,68,Groceries,4,38.0,152.0,4,2023,Retired,Medium
TX043672,2023-11-24,CUST4723,Female,37,Groceries,1,417.0,417.0,4,2023,Youth,Medium
TX043673,2023-11-24,CUST5233,Female,56,Groceries,4,115.0,460.0,4,2023,Middle Aged,Medium
TX043674,2023-11-24,CUST9906,Male,50,Clothing,9,177.0,1593.0,4,2023,Middle Aged,High
TX043675,2023-11-24,CUST4043,Male,65,Clothing,14,409.0,5726.0,4,2023,Retired,High
TX043676,2023-11-24,CUST4493,Female,28,Clothing,4,295.0,1180.0,4,2023,Youth,High
TX043677,2023-11-24,CUST4990,Male,24,Books,20,357.0,7140.0,4,2023,Teenager,High
TX043678,2023-11-24,CUST5353,Female,35,Electronics,15,297.0,4455.0,4,2023,Youth,High
TX043679,2023-11-24,CUST9881,Female,20,Books,14,496.0,6944.0,4,2023,Teenager,High
TX043680,2023-11-24,CUST4772,Male,22,Electronics,12,381.0,4572.0,4,2023,Teenager,High
TX043681,2023-11-24,CUST3456,Female,51,Books,20,499.0,9980.0,4,2023,Middle Aged,High
TX043682,2023-11-24,CUST0896,Female,52,Books,8,76.0,608.0,4,2023,Middle Aged,High
TX043683,2023-11-24,CUST3902,Male,32,Clothing,7,299.0,2093.0,4,2023,Youth,High
TX043684,2023-11-24,CUST2205,Female,53,Clothing,8,253.0,2024.0,4,2023,Middle Aged,High
TX043685,2023-11-24,CUST9151,Male,39,Books,13,77.0,1001.0,4,2023,Youth,High
TX043686,2023-11-24,CUST7162,Male,66,Beauty,19,418.0,7942.0,4,2023,Retired,High
TX043687,2023-11-24,CUST9169,Female,62,Electronics,14,95.0,1330.0,4,2023,Retired,High
TX043688,2023-11-24,CUST1386,Female,58,Clothing,2,121.0,242.0,4,2023,Middle Aged,Medium
TX043689,2023-11-24,CUST5529,Female,46,Clothing,1,441.0,441.0,4,2023,Middle Aged,Medium
TX043690,2023-11-24,CUST4494,Male,37,Groceries,11,48.0,528.0,4,2023,Youth,High
TX043691,2023-11-24,CUST3769,Male,42,Sports,12,172.0,2064.0,4,2023,Middle Aged,High
TX043692,2023-11-24,CUST4097,Female,57,Electronics,11,306.0,3366.0,4,2023,Middle Aged,High
TX043693,2023-11-24,CUST3699,Male,43,Groceries,2,89.0,178.0,4,2023,Middle Aged,Medium
TX043694,2023-11-24,CUST9223,Male,54,Beauty,7,446.0,3122.0,4,2023,Middle Aged,High
TX043695,2023-11-24,CUST6933,Male,22,Clothing,11,187.0,2057.0,4,2023,Teenager,High
TX043696,2023-11-24,CUST6622,Female,56,Beauty,6,86.0,516.0,4,2023,Middle Aged,High
TX043697,2023-11-24,CUST5248,Female,64,Books,8,175.0,1400.0,4,2023,Retired,High
TX043698,2023-11-24,CUST8125,Male,22,Beauty,15,108.0,1620.0,4,2023,Teenager,High
TX043699,2023-11-24,CUST4445,Male,64,Books,16,379.0,6064.0,4,2023,Retired,High
TX043700,2023-11-24,CUST5248,Female,59,Beauty,9,119.0,1071.0,4,2023,Middle Aged,High
TX043701,2023-11-24,CUST1520,Male,66,Sports,6,399.0,2394.0,4,2023,Retired,High
TX043702,2023-11-24,CUST2200,Female,39,Electronics,4,271.0,1084.0,4,2023,Youth,High
TX043703,2023-11-24,CUST6341,Female,25,Electronics,3,306.0,918.0,4,2023,Teenager,High
TX043704,2023-11-24,CUST4637,Female,57,Groceries,8,34.0,272.0,4,2023,Middle Aged,Medium
TX043705,2023-11-24,CUST6250,Female,60,Electronics,4,460.0,1840.0,4,2023,Middle Aged,High
TX043706,2023-11-24,CUST1095,Female,70,Groceries,12,352.0,4224.0,4,2023,Retired,High
TX043707,2023-11-24,CUST3646,Female,52,Groceries,14,188.0,2632.0,4,2023,Middle Aged,High
TX043708,2023-11-24,CUST2248,Female,57,Electronics,8,23.0,184.0,4,2023,Middle Aged,Medium
TX043709,2023-11-24,CUST1033,Male,69,Sports,18,60.0,1080.0,4,2023,Retired,High
TX043710,2023-11-24,CUST6670,Male,49,Clothing,3,372.0,1116.0,4,2023,Middle Aged,High
TX043711,2023-11-24,CUST7835,Male,38,Sports,2,379.0,758.0,4,2023,Youth,High
TX043712,2023-11-24,CUST3390,Female,64,Groceries,20,25.0,500.0,4,2023,Retired,Medium
TX043713,2023-11-24,CUST8411,Female,56,Clothing,14,215.0,3010.0,4,2023,Middle Aged,High
TX043714,2023-11-24,CUST7778,Male,66,Beauty,5,100.0,500.0,4,2023,Retired,Medium
TX043715,2023-11-24,CUST8587,Male,63,Beauty,2,75.0,150.0,4,2023,Retired,Medium
TX043716,2023-11-24,CUST4211,Male,46,Clothing,10,386.0,3860.0,4,2023,Middle Aged,High
TX043717,2023-11-24,CUST6148,Male,58,Beauty,17,25.0,425.0,4,2023,Middle Aged,Medium
TX043718,2023-11-24,CUST5035,Female,54,Books,13,434.0,5642.0,4,2023,Middle Aged,High
TX043719,2023-11-24,CUST0386,Male,44,Sports,20,313.0,6260.0,4,2023,Middle Aged,High
TX043720,2023-11-24,CUST8672,Female,45,Groceries,15,14.0,210.0,4,2023,Middle Aged,Medium
TX043721,2023-11-24,CUST9749,Female,25,Clothing,11,105.0,1155.0,4,2023,Teenager,High
TX043722,2023-11-24,CUST5290,Female,52,Books,3,32.0,96.0,4,2023,Middle Aged,Low
TX043723,2023-11-24,CUST3343,Female,45,Sports,16,119.0,1904.0,4,2023,Middle Aged,High
TX043724,2023-11-24,CUST0821,Female,28,Beauty,18,204.0,3672.0,4,2023,Youth,High
TX043725,2023-11-24,CUST2663,Male,68,Beauty,10,32.0,320.0,4,2023,Retired,Medium
TX043726,2023-11-24,CUST8310,Female,34,Groceries,9,445.0,4005.0,4,2023,Youth,High
TX043727,2023-11-24,CUST3747,Female,46,Sports,18,236.0,4248.0,4,2023,Middle Aged,High
TX043728,2023-11-24,CUST3329,Female,66,Groceries,20,293.0,5860.0,4,2023,Retired,High
TX043729,2023-11-24,CUST7324,Female,41,Beauty,17,301.0,5117.0,4,2023,Middle Aged,High
TX043730,2023-11-24,CUST8798,Female,40,Clothing,5,327.0,1635.0,4,2023,Youth,High
TX043731,2023-11-24,CUST6650,Male,21,Groceries,10,236.0,2360.0,4,2023,Teenager,High
TX043732,2023-11-24,CUST2095,Female,45,Clothing,1,246.0,246.0,4,2023,Middle Aged,Medium
TX043733,2023-11-24,CUST8888,Female,36,Beauty,12,359.0,4308.0,4,2023,Youth,High
TX043734,2023-11-24,CUST8595,Male,60,Groceries,7,252.0,1764.0,4,2023,Middle Aged,High
TX043735,2023-11-24,CUST4924,Female,37,Sports,17,348.0,5916.0,4,2023,Youth,High
TX043736,2023-11-24,CUST9723,Female,42,Clothing,13,445.0,5785.0,4,2023,Middle Aged,High
TX043737,2023-11-24,CUST9218,Female,59,Beauty,16,18.0,288.0,4,2023,Middle Aged,Medium
TX043738,2023-11-24,CUST3726,Male,70,Electronics,5,310.0,1550.0,4,2023,Retired,High
TX043739,2023-11-24,CUST2912,Female,37,Sports,10,271.0,2710.0,4,2023,Youth,High
TX043740,2023-11-24,CUST2624,Male,23,Sports,18,281.0,5058.0,4,2023,Teenager,High
TX043741,2023-11-24,CUST6763,Female,59,Electronics,13,38.0,494.0,4,2023,Middle Aged,Medium
TX043742,2023-11-24,CUST8610,Female,57,Clothing,1,368.0,368.0,4,2023,Middle Aged,Medium
TX043743,2023-11-24,CUST7600,Male,61,Groceries,15,59.0,885.0,4,2023,Retired,High
TX043744,2023-11-24,CUST8406,Male,38,Electronics,12,210.0,2520.0,4,2023,Youth,High
TX043745,2023-11-24,CUST7353,Female,37,Books,3,172.0,516.0,4,2023,Youth,High
TX043746,2023-11-24,CUST5012,Female,44,Beauty,2,86.0,172.0,4,2023,Middle Aged,Medium
TX043747,2023-11-24,CUST0825,Male,26,Clothing,12,340.0,4080.0,4,2023,Youth,High
TX043748,2023-11-24,CUST3216,Female,42,Books,13,402.0,5226.0,4,2023,Middle Aged,High
TX043749,2023-11-24,CUST3337,Male,54,Books,18,282.0,5076.0,4,2023,Middle Aged,High
TX043750,2023-11-24,CUST1806,Female,64,Clothing,13,319.0,4147.0,4,2023,Retired,High
TX043751,2023-11-24,CUST8190,Male,22,Groceries,5,266.0,1330.0,4,2023,Teenager,High
TX043752,2023-11-24,CUST5890,Male,45,Groceries,14,86.0,1204.0,4,2023,Middle Aged,High
TX043753,2023-11-24,CUST3694,Female,62,Groceries,17,83.0,1411.0,4,2023,Retired,High
TX043754,2023-11-24,CUST7305,Female,45,Sports,11,369.0,4059.0,4,2023,Middle Aged,High
TX043755,2023-11-24,CUST8322,Male,53,Electronics,6,52.0,312.0,4,2023,Middle Aged,Medium
TX043756,2023-11-24,CUST4863,Female,27,Books,2,477.0,954.0,4,2023,Youth,High
TX043757,2023-11-24,CUST8105,Female,36,Sports,2,171.0,342.0,4,2023,Youth,Medium
TX043758,2023-11-24,CUST2579,Male,47,Sports,7,264.0,1848.0,4,2023,Middle Aged,High
TX043759,2023-11-24,CUST2351,Male,51,Sports,9,149.0,1341.0,4,2023,Middle Aged,High
TX043760,2023-11-24,CUST6268,Male,48,Clothing,9,478.0,4302.0,4,2023,Middle Aged,High
TX043761,2023-11-24,CUST7764,Female,47,Beauty,13,435.0,5655.0,4,2023,Middle Aged,High
TX043762,2023-11-24,CUST8643,Male,58,Beauty,8,187.0,1496.0,4,2023,Middle Aged,High
TX043763,2023-11-24,CUST2953,Female,48,Beauty,17,30.0,510.0,4,2023,Middle Aged,High
TX043764,2023-11-24,CUST8662,Male,53,Clothing,20,339.0,6780.0,4,2023,Middle Aged,High
TX043765,2023-11-24,CUST2606,Female,67,Books,6,89.0,534.0,4,2023,Retired,High
TX043766,2023-11-24,CUST4022,Female,40,Groceries,1,385.0,385.0,4,2023,Youth,Medium
TX043767,2023-11-24,CUST0825,Male,45,Groceries,2,129.0,258.0,4,2023,Middle Aged,Medium
TX043768,2023-11-24,CUST0404,Female,23,Sports,2,386.0,772.0,4,2023,Teenager,High
TX043769,2023-11-24,CUST8087,Male,23,Sports,4,452.0,1808.0,4,2023,Teenager,High
TX043770,2023-11-24,CUST2421,Female,49,Sports,10,234.0,2340.0,4,2023,Middle Aged,High
TX043771,2023-11-24,CUST7283,Male,35,Groceries,11,341.0,3751.0,4,2023,Youth,High
TX043772,2023-11-24,CUST7575,Female,41,Beauty,12,130.0,1560.0,4,2023,Middle Aged,High
TX043773,2023-11-24,CUST5220,Female,18,Books,17,209.0,3553.0,4,2023,,High
TX043774,2023-11-24,CUST1270,Male,20,Sports,16,120.0,1920.0,4,2023,Teenager,High
TX043775,2023-11-24,CUST6323,Female,38,Groceries,19,124.0,2356.0,4,2023,Youth,High
TX043776,2023-11-24,CUST3977,Female,35,Electronics,14,241.0,3374.0,4,2023,Youth,High
TX043777,2023-11-24,CUST2106,Male,58,Beauty,15,366.0,5490.0,4,2023,Middle Aged,High
TX043778,2023-11-24,CUST4825,Female,54,Books,9,41.0,369.0,4,2023,Middle Aged,Medium
TX043779,2023-11-24,CUST8533,Female,43,Beauty,15,145.0,2175.0,4,2023,Middle Aged,High
TX043780,2023-11-24,CUST8282,Male,36,Clothing,10,413.0,4130.0,4,2023,Youth,High
TX043781,2023-11-24,CUST5069,Female,68,Clothing,6,217.0,1302.0,4,2023,Retired,High
TX043782,2023-11-24,CUST8614,Female,53,Sports,2,188.0,376.0,4,2023,Middle Aged,Medium
TX043783,2023-11-24,CUST4116,Female,21,Electronics,17,227.0,3859.0,4,2023,Teenager,High
TX043784,2023-11-24,CUST9938,Female,34,Beauty,17,95.0,1615.0,4,2023,Youth,High
TX043785,2023-11-24,CUST3495,Female,67,Books,10,310.0,3100.0,4,2023,Retired,High
TX043786,2023-11-24,CUST5108,Female,39,Clothing,3,172.0,516.0,4,2023,Youth,High
TX043787,2023-11-24,CUST6059,Female,57,Electronics,13,128.0,1664.0,4,2023,Middle Aged,High
TX043788,2023-11-24,CUST2110,Female,37,Beauty,16,402.0,6432.0,4,2023,Youth,High
TX043789,2023-11-24,CUST6701,Female,27,Books,15,205.0,3075.0,4,2023,Youth,High
TX043790,2023-11-24,CUST0715,Female,42,Books,13,326.0,4238.0,4,2023,Middle Aged,High
TX043791,2023-11-24,CUST5311,Male,32,Clothing,5,100.0,500.0,4,2023,Youth,Medium
TX043792,2023-11-24,CUST6858,Male,64,Groceries,17,304.0,5168.0,4,2023,Retired,High
TX043793,2023-11-24,CUST6231,Female,46,Electronics,14,123.0,1722.0,4,2023,Middle Aged,High
TX043794,2023-11-24,CUST6997,Male,23,Books,4,382.0,1528.0,4,2023,Teenager,High
TX043795,2023-11-24,CUST0629,Male,55,Clothing,19,139.0,2641.0,4,2023,Middle Aged,High
TX043796,2023-11-24,CUST3103,Male,53,Groceries,11,181.0,1991.0,4,2023,Middle Aged,High
TX043797,2023-11-24,CUST3509,Male,22,Electronics,7,474.0,3318.0,4,2023,Teenager,High
TX043798,2023-11-24,CUST4805,Male,35,Books,5,309.0,1545.0,4,2023,Youth,High
TX043799,2023-11-24,CUST3534,Female,40,Books,8,52.0,416.0,4,2023,Youth,Medium
TX043800,2023-11-24,CUST1733,Female,27,Electronics,2,40.0,80.0,4,2023,Youth,Low
TX043801,2023-11-24,CUST2972,Male,38,Books,4,88.0,352.0,4,2023,Youth,Medium
TX043802,2023-11-24,CUST9474,Male,68,Electronics,17,247.0,4199.0,4,2023,Retired,High
TX043803,2023-11-24,CUST3981,Male,68,Sports,8,105.0,840.0,4,2023,Retired,High
TX043804,2023-11-24,CUST2195,Male,25,Electronics,8,29.0,232.0,4,2023,Teenager,Medium
TX043805,2023-11-24,CUST9115,Male,27,Groceries,11,77.0,847.0,4,2023,Youth,High
TX043806,2023-11-24,CUST6660,Female,56,Groceries,13,241.0,3133.0,4,2023,Middle Aged,High
TX043807,2023-11-24,CUST6995,Female,56,Beauty,17,210.0,3570.0,4,2023,Middle Aged,High
TX043808,2023-11-24,CUST2726,Female,47,Clothing,3,499.0,1497.0,4,2023,Middle Aged,High
TX043809,2023-11-24,CUST6278,Female,47,Books,10,78.0,780.0,4,2023,Middle Aged,High
TX043810,2023-11-24,CUST4788,Female,26,Books,20,300.0,6000.0,4,2023,Youth,High
TX043811,2023-11-24,CUST7004,Female,38,Clothing,13,371.0,4823.0,4,2023,Youth,High
TX043812,2023-11-24,CUST6932,Male,28,Sports,18,86.0,1548.0,4,2023,Youth,High
TX043813,2023-11-24,CUST6665,Female,56,Electronics,12,351.0,4212.0,4,2023,Middle Aged,High
TX043814,2023-11-24,CUST6062,Female,24,Groceries,11,429.0,4719.0,4,2023,Teenager,High
TX043815,2023-11-24,CUST1702,Female,59,Beauty,15,258.0,3870.0,4,2023,Middle Aged,High
TX043816,2023-11-24,CUST9142,Male,57,Groceries,5,145.0,725.0,4,2023,Middle Aged,High
TX043817,2023-11-24,CUST1805,Male,29,Sports,19,475.0,9025.0,4,2023,Youth,High
TX043818,2023-11-24,CUST3072,Female,32,Sports,20,18.0,360.0,4,2023,Youth,Medium
TX043819,2023-11-24,CUST0677,Female,24,Electronics,15,14.0,210.0,4,2023,Teenager,Medium
TX043820,2023-11-24,CUST5505,Male,20,Books,12,226.0,2712.0,4,2023,Teenager,High
TX043821,2023-11-24,CUST1711,Male,56,Groceries,10,386.0,3860.0,4,2023,Middle Aged,High
TX043822,2023-11-24,CUST4581,Female,68,Groceries,2,15.0,30.0,4,2023,Retired,Low
TX043823,2023-11-24,CUST6987,Female,37,Clothing,2,133.0,266.0,4,2023,Youth,Medium
TX043824,2023-11-24,CUST3353,Male,52,Clothing,10,299.0,2990.0,4,2023,Middle Aged,High
TX043825,2023-11-24,CUST4718,Male,37,Books,16,500.0,8000.0,4,2023,Youth,High
TX043826,2023-11-24,CUST1767,Female,62,Sports,8,54.0,432.0,4,2023,Retired,Medium
TX043827,2023-11-24,CUST1585,Male,28,Books,3,429.0,1287.0,4,2023,Youth,High
TX043828,2023-11-24,CUST8484,Female,40,Sports,5,12.0,60.0,4,2023,Youth,Low
TX043829,2023-11-24,CUST6543,Female,28,Clothing,4,371.0,1484.0,4,2023,Youth,High
TX043830,2023-11-24,CUST9737,Female,42,Sports,17,465.0,7905.0,4,2023,Middle Aged,High
TX043831,2023-11-24,CUST2727,Female,25,Sports,9,323.0,2907.0,4,2023,Teenager,High
TX043832,2023-11-24,CUST7779,Female,54,Electronics,13,160.0,2080.0,4,2023,Middle Aged,High
TX043833,2023-11-24,CUST7615,Female,65,Books,19,154.0,2926.0,4,2023,Retired,High
TX043834,2023-11-24,CUST9300,Male,42,Electronics,20,217.0,4340.0,4,2023,Middle Aged,High
TX043835,2023-11-24,CUST9121,Female,46,Books,16,214.0,3424.0,4,2023,Middle Aged,High
TX043836,2023-11-24,CUST5477,Male,34,Sports,6,483.0,2898.0,4,2023,Youth,High
TX043837,2023-11-24,CUST8832,Male,54,Groceries,16,201.0,3216.0,4,2023,Middle Aged,High
TX043838,2023-11-24,CUST0841,Female,29,Beauty,19,479.0,9101.0,4,2023,Youth,High
TX043839,2023-11-24,CUST6160,Male,25,Beauty,18,27.0,486.0,4,2023,Teenager,Medium
TX043840,2023-11-24,CUST2887,Female,47,Clothing,19,466.0,8854.0,4,2023,Middle Aged,High
TX043841,2023-11-24,CUST6754,Female,59,Sports,3,399.0,1197.0,4,2023,Middle Aged,High
TX043842,2023-11-24,CUST2977,Male,59,Groceries,16,156.0,2496.0,4,2023,Middle Aged,High
TX043843,2023-11-24,CUST5062,Female,31,Sports,19,497.0,9443.0,4,2023,Youth,High
TX043844,2023-11-24,CUST6025,Female,61,Groceries,4,206.0,824.0,4,2023,Retired,High
TX043845,2023-11-24,CUST8362,Male,25,Groceries,19,221.0,4199.0,4,2023,Teenager,High
TX043846,2023-11-24,CUST4802,Male,69,Sports,17,77.0,1309.0,4,2023,Retired,High
TX043847,2023-11-24,CUST9462,Female,65,Clothing,16,71.0,1136.0,4,2023,Retired,High
TX043848,2023-11-24,CUST6908,Male,51,Groceries,15,220.0,3300.0,4,2023,Middle Aged,High
TX043849,2023-11-24,CUST6358,Male,38,Electronics,16,98.0,1568.0,4,2023,Youth,High
TX043850,2023-11-24,CUST3870,Male,41,Beauty,2,227.0,454.0,4,2023,Middle Aged,Medium
TX043851,2023-11-24,CUST9683,Male,51,Electronics,14,74.0,1036.0,4,2023,Middle Aged,High
TX043852,2023-11-24,CUST6869,Female,27,Sports,3,284.0,852.0,4,2023,Youth,High
TX043853,2023-11-24,CUST6559,Female,40,Sports,20,456.0,9120.0,4,2023,Youth,High
TX043854,2023-11-24,CUST4449,Male,47,Clothing,14,33.0,462.0,4,2023,Middle Aged,Medium
TX043855,2023-11-24,CUST4675,Female,43,Beauty,2,200.0,400.0,4,2023,Middle Aged,Medium
TX043856,2023-11-24,CUST8852,Female,36,Groceries,3,88.0,264.0,4,2023,Youth,Medium
TX043857,2023-11-24,CUST1214,Female,36,Sports,15,263.0,3945.0,4,2023,Youth,High
TX043858,2023-11-24,CUST2125,Female,64,Groceries,12,238.0,2856.0,4,2023,Retired,High
TX043859,2023-11-24,CUST7662,Female,67,Beauty,18,43.0,774.0,4,2023,Retired,High
TX043860,2023-11-24,CUST9591,Male,50,Electronics,6,394.0,2364.0,4,2023,Middle Aged,High
TX043861,2023-11-24,CUST2419,Male,44,Books,20,246.0,4920.0,4,2023,Middle Aged,High
TX043862,2023-11-24,CUST9547,Male,38,Books,13,196.0,2548.0,4,2023,Youth,High
TX043863,2023-11-24,CUST2094,Male,27,Sports,17,198.0,3366.0,4,2023,Youth,High
TX043864,2023-11-24,CUST4465,Female,57,Electronics,19,142.0,2698.0,4,2023,Middle Aged,High
TX043865,2023-11-24,CUST3495,Male,43,Books,20,288.0,5760.0,4,2023,Middle Aged,High
TX043866,2023-11-24,CUST9063,Male,64,Beauty,14,486.0,6804.0,4,2023,Retired,High
TX043867,2023-11-24,CUST6244,Female,58,Groceries,17,177.0,3009.0,4,2023,Middle Aged,High
TX043868,2023-11-24,CUST0144,Female,42,Groceries,2,339.0,678.0,4,2023,Middle Aged,High
TX043869,2023-11-24,CUST5837,Male,34,Sports,10,314.0,3140.0,4,2023,Youth,High
TX043870,2023-11-24,CUST1322,Male,28,Sports,11,476.0,5236.0,4,2023,Youth,High
TX043871,2023-11-24,CUST9901,Male,56,Electronics,5,57.0,285.0,4,2023,Middle Aged,Medium
TX043872,2023-11-24,CUST1757,Male,33,Sports,17,287.0,4879.0,4,2023,Youth,High
TX043873,2023-11-24,CUST5844,Male,24,Electronics,7,251.0,1757.0,4,2023,Teenager,High
TX043874,2023-11-24,CUST6120,Male,63,Clothing,13,107.0,1391.0,4,2023,Retired,High
TX043875,2023-11-24,CUST2800,Male,54,Electronics,19,418.0,7942.0,4,2023,Middle Aged,High
TX043876,2023-11-24,CUST4213,Female,35,Sports,10,428.0,4280.0,4,2023,Youth,High
TX043877,2023-11-24,CUST5191,Female,44,Clothing,17,473.0,8041.0,4,2023,Middle Aged,High
TX043878,2023-11-24,CUST3267,Female,28,Sports,11,482.0,5302.0,4,2023,Youth,High
TX043879,2023-11-24,CUST4301,Male,22,Electronics,20,309.0,6180.0,4,2023,Teenager,High
TX043880,2023-11-24,CUST4772,Female,19,Books,9,344.0,3096.0,4,2023,Teenager,High
TX043881,2023-11-24,CUST1901,Female,18,Electronics,15,475.0,7125.0,4,2023,,High
TX043882,2023-11-24,CUST0468,Female,60,Electronics,14,132.0,1848.0,4,2023,Middle Aged,High
TX043883,2023-11-24,CUST3226,Female,50,Beauty,2,428.0,856.0,4,2023,Middle Aged,High
TX043884,2023-11-24,CUST3795,Female,38,Electronics,19,259.0,4921.0,4,2023,Youth,High
TX043885,2023-11-24,CUST3177,Male,52,Beauty,5,263.0,1315.0,4,2023,Middle Aged,High
TX043886,2023-11-24,CUST2617,Male,56,Groceries,14,14.0,196.0,4,2023,Middle Aged,Medium
TX043887,2023-11-24,CUST2420,Female,69,Groceries,1,485.0,485.0,4,2023,Retired,Medium
TX043888,2023-11-24,CUST6870,Male,23,Electronics,10,196.0,1960.0,4,2023,Teenager,High
TX043889,2023-11-24,CUST8220,Male,31,Electronics,20,373.0,7460.0,4,2023,Youth,High
TX043890,2023-11-24,CUST4065,Male,32,Clothing,14,427.0,5978.0,4,2023,Youth,High
TX043891,2023-11-24,CUST4533,Male,39,Books,17,149.0,2533.0,4,2023,Youth,High
TX043892,2023-11-24,CUST6271,Female,25,Clothing,4,120.0,480.0,4,2023,Teenager,Medium
TX043893,2023-11-24,CUST3338,Female,26,Groceries,12,207.0,2484.0,4,2023,Youth,High
TX043894,2023-11-24,CUST6439,Male,51,Sports,3,131.0,393.0,4,2023,Middle Aged,Medium
TX043895,2023-11-24,CUST8948,Male,53,Beauty,20,461.0,9220.0,4,2023,Middle Aged,High
TX043896,2023-11-24,CUST4155,Male,46,Books,13,332.0,4316.0,4,2023,Middle Aged,High
TX043897,2023-11-24,CUST4587,Female,22,Clothing,9,10.0,90.0,4,2023,Teenager,Low
TX043898,2023-11-24,CUST7843,Female,70,Groceries,16,209.0,3344.0,4,2023,Retired,High
TX043899,2023-11-24,CUST5472,Female,61,Books,7,203.0,1421.0,4,2023,Retired,High
TX043900,2023-11-24,CUST6958,Male,23,Clothing,10,108.0,1080.0,4,2023,Teenager,High
TX043901,2023-11-24,CUST1744,Female,32,Groceries,18,61.0,1098.0,4,2023,Youth,High
TX043902,2023-11-24,CUST8941,Male,47,Beauty,12,75.0,900.0,4,2023,Middle Aged,High
TX043903,2023-11-24,CUST8652,Male,60,Clothing,5,170.0,850.0,4,2023,Middle Aged,High
TX043904,2023-11-24,CUST6083,Male,40,Books,16,332.0,5312.0,4,2023,Youth,High
TX043905,2023-11-24,CUST8153,Male,25,Beauty,5,408.0,2040.0,4,2023,Teenager,High
TX043906,2023-11-24,CUST9261,Female,62,Books,11,61.0,671.0,4,2023,Retired,High
TX043907,2023-11-24,CUST9534,Male,52,Sports,3,421.0,1263.0,4,2023,Middle Aged,High
TX043908,2023-11-24,CUST7140,Female,63,Groceries,17,408.0,6936.0,4,2023,Retired,High
TX043909,2023-11-24,CUST3548,Male,51,Beauty,6,316.0,1896.0,4,2023,Middle Aged,High
TX043910,2023-11-24,CUST6981,Male,63,Clothing,19,194.0,3686.0,4,2023,Retired,High
TX043911,2023-11-24,CUST1993,Female,67,Electronics,11,114.0,1254.0,4,2023,Retired,High
TX043912,2023-11-24,CUST9935,Male,25,Sports,19,151.0,2869.0,4,2023,Teenager,High
TX043913,2023-11-24,CUST2871,Female,61,Sports,17,452.0,7684.0,4,2023,Retired,High
TX043914,2023-11-24,CUST1200,Male,56,Groceries,8,406.0,3248.0,4,2023,Middle Aged,High
TX043915,2023-11-24,CUST2707,Male,29,Electronics,13,291.0,3783.0,4,2023,Youth,High
TX043916,2023-11-24,CUST7318,Male,24,Sports,4,183.0,732.0,4,2023,Teenager,High
TX043917,2023-11-24,CUST7215,Female,66,Groceries,5,497.0,2485.0,4,2023,Retired,High
TX043918,2023-11-24,CUST2930,Female,30,Electronics,13,360.0,4680.0,4,2023,Youth,High
TX043919,2023-11-24,CUST4141,Male,70,Electronics,19,262.0,4978.0,4,2023,Retired,High
TX043920,2023-11-24,CUST1562,Male,28,Groceries,2,175.0,350.0,4,2023,Youth,Medium
TX043921,2023-11-24,CUST8607,Female,66,Books,12,301.0,3612.0,4,2023,Retired,High
TX043922,2023-11-24,CUST0281,Female,61,Sports,10,416.0,4160.0,4,2023,Retired,High
TX043923,2023-11-24,CUST5999,Female,23,Books,4,10.0,40.0,4,2023,Teenager,Low
TX043924,2023-11-24,CUST0990,Female,21,Groceries,20,484.0,9680.0,4,2023,Teenager,High
TX043925,2023-11-24,CUST4043,Male,52,Clothing,20,315.0,6300.0,4,2023,Middle Aged,High
TX043926,2023-11-24,CUST1385,Male,25,Electronics,5,456.0,2280.0,4,2023,Teenager,High
TX043927,2023-11-24,CUST6810,Male,43,Groceries,2,201.0,402.0,4,2023,Middle Aged,Medium
TX043928,2023-11-24,CUST1825,Male,42,Sports,15,489.0,7335.0,4,2023,Middle Aged,High
TX043929,2023-11-24,CUST0347,Male,43,Clothing,11,271.0,2981.0,4,2023,Middle Aged,High
TX043930,2023-11-24,CUST4311,Male,53,Clothing,3,131.0,393.0,4,2023,Middle Aged,Medium
TX043931,2023-11-24,CUST4488,Female,27,Electronics,15,329.0,4935.0,4,2023,Youth,High
TX043932,2023-11-24,CUST6818,Male,68,Groceries,1,206.0,206.0,4,2023,Retired,Medium
TX043933,2023-11-24,CUST3386,Female,25,Beauty,14,452.0,6328.0,4,2023,Teenager,High
TX043934,2023-11-24,CUST8249,Female,54,Electronics,11,115.0,1265.0,4,2023,Middle Aged,High
TX043935,2023-11-24,CUST9236,Female,44,Groceries,13,384.0,4992.0,4,2023,Middle Aged,High
TX043936,2023-11-24,CUST8067,Male,22,Beauty,14,335.0,4690.0,4,2023,Teenager,High
TX043937,2023-11-24,CUST1119,Male,49,Electronics,18,281.0,5058.0,4,2023,Middle Aged,High
TX043938,2023-11-24,CUST0906,Female,62,Clothing,13,223.0,2899.0,4,2023,Retired,High
TX043939,2023-11-24,CUST7219,Male,41,Beauty,9,426.0,3834.0,4,2023,Middle Aged,High
TX043940,2023-11-24,CUST2423,Male,42,Electronics,19,171.0,3249.0,4,2023,Middle Aged,High
TX043941,2023-11-24,CUST2528,Female,40,Sports,16,74.0,1184.0,4,2023,Youth,High
TX043942,2023-11-24,CUST0244,Female,49,Beauty,4,437.0,1748.0,4,2023,Middle Aged,High
TX043943,2023-11-24,CUST7291,Male,40,Groceries,10,429.0,4290.0,4,2023,Youth,High
TX043944,2023-11-24,CUST6701,Female,21,Books,17,362.0,6154.0,4,2023,Teenager,High
TX043945,2023-11-24,CUST0123,Male,33,Books,7,412.0,2884.0,4,2023,Youth,High
TX043946,2023-11-24,CUST3576,Female,18,Beauty,3,313.0,939.0,4,2023,,High
TX043947,2023-11-24,CUST5858,Female,29,Beauty,6,296.0,1776.0,4,2023,Youth,High
TX043948,2023-11-24,CUST1373,Male,30,Electronics,2,326.0,652.0,4,2023,Youth,High
TX043949,2023-11-24,CUST9386,Female,61,Groceries,16,48.0,768.0,4,2023,Retired,High
TX043950,2023-11-24,CUST4895,Male,42,Clothing,9,473.0,4257.0,4,2023,Middle Aged,High
TX043951,2023-11-24,CUST4137,Male,34,Clothing,10,158.0,1580.0,4,2023,Youth,High
TX043952,2023-11-24,CUST9100,Female,59,Clothing,7,206.0,1442.0,4,2023,Middle Aged,High
TX043953,2023-11-24,CUST0545,Male,18,Clothing,16,45.0,720.0,4,2023,,High
TX043954,2023-11-24,CUST2784,Male,66,Beauty,3,254.0,762.0,4,2023,Retired,High
TX043955,2023-11-24,CUST3057,Female,28,Books,11,73.0,803.0,4,2023,Youth,High
TX043956,2023-11-24,CUST0777,Female,44,Clothing,19,226.0,4294.0,4,2023,Middle Aged,High
TX043957,2023-11-24,CUST4697,Male,28,Groceries,4,491.0,1964.0,4,2023,Youth,High
TX043958,2023-11-24,CUST0993,Male,51,Groceries,3,150.0,450.0,4,2023,Middle Aged,Medium
TX043959,2023-11-24,CUST4708,Male,48,Clothing,1,465.0,465.0,4,2023,Middle Aged,Medium
TX043960,2023-11-24,CUST8296,Female,61,Beauty,10,482.0,4820.0,4,2023,Retired,High
TX043961,2023-11-24,CUST1872,Female,69,Beauty,10,351.0,3510.0,4,2023,Retired,High
TX043962,2023-11-24,CUST9920,Male,47,Sports,14,66.0,924.0,4,2023,Middle Aged,High
TX043963,2023-11-24,CUST6928,Male,59,Electronics,7,244.0,1708.0,4,2023,Middle Aged,High
TX043964,2023-11-24,CUST1273,Male,56,Clothing,20,260.0,5200.0,4,2023,Middle Aged,High
TX043965,2023-11-24,CUST5706,Female,70,Books,17,302.0,5134.0,4,2023,Retired,High
TX043966,2023-11-24,CUST5696,Male,28,Beauty,11,36.0,396.0,4,2023,Youth,Medium
TX043967,2023-11-24,CUST2299,Female,21,Groceries,2,413.0,826.0,4,2023,Teenager,High
TX043968,2023-11-24,CUST8352,Male,40,Electronics,6,453.0,2718.0,4,2023,Youth,High
TX043969,2023-11-24,CUST9080,Male,40,Beauty,19,106.0,2014.0,4,2023,Youth,High
TX043970,2023-11-24,CUST0553,Male,46,Beauty,9,347.0,3123.0,4,2023,Middle Aged,High
TX043971,2023-11-24,CUST4270,Female,55,Groceries,1,142.0,142.0,4,2023,Middle Aged,Medium
TX043972,2023-11-24,CUST5721,Male,40,Sports,15,433.0,6495.0,4,2023,Youth,High
TX043973,2023-11-24,CUST5567,Female,66,Books,4,355.0,1420.0,4,2023,Retired,High
TX043974,2023-11-24,CUST7047,Male,42,Groceries,14,466.0,6524.0,4,2023,Middle Aged,High
TX043975,2023-11-24,CUST7169,Female,45,Books,16,435.0,6960.0,4,2023,Middle Aged,High
TX043976,2023-11-24,CUST6509,Male,24,Beauty,18,132.0,2376.0,4,2023,Teenager,High
TX043977,2023-11-24,CUST2004,Male,69,Groceries,4,277.0,1108.0,4,2023,Retired,High
TX043978,2023-11-24,CUST0569,Male,43,Electronics,2,478.0,956.0,4,2023,Middle Aged,High
TX043979,2023-11-24,CUST1415,Female,37,Books,16,459.0,7344.0,4,2023,Youth,High
TX043980,2023-11-24,CUST4862,Female,57,Electronics,3,257.0,771.0,4,2023,Middle Aged,High
TX043981,2023-11-24,CUST3299,Female,40,Groceries,12,207.0,2484.0,4,2023,Youth,High
TX043982,2023-11-24,CUST1928,Female,40,Clothing,19,69.0,1311.0,4,2023,Youth,High
TX043983,2023-11-24,CUST7605,Male,70,Groceries,10,497.0,4970.0,4,2023,Retired,High
TX043984,2023-11-24,CUST3823,Female,60,Beauty,12,250.0,3000.0,4,2023,Middle Aged,High
TX043985,2023-11-24,CUST4951,Female,33,Electronics,6,416.0,2496.0,4,2023,Youth,High
TX043986,2023-11-24,CUST5816,Female,44,Beauty,4,181.0,724.0,4,2023,Middle Aged,High
TX043987,2023-11-24,CUST1797,Female,50,Sports,17,77.0,1309.0,4,2023,Middle Aged,High
TX043988,2023-11-24,CUST5300,Male,38,Clothing,12,489.0,5868.0,4,2023,Youth,High
TX043989,2023-11-24,CUST2947,Male,31,Books,6,128.0,768.0,4,2023,Youth,High
TX043990,2023-11-24,CUST2372,Male,51,Electronics,12,189.0,2268.0,4,2023,Middle Aged,High
TX043991,2023-11-24,CUST2203,Female,54,Beauty,4,459.0,1836.0,4,2023,Middle Aged,High
TX043992,2023-11-24,CUST0527,Male,69,Beauty,3,54.0,162.0,4,2023,Retired,Medium
TX043993,2023-11-24,CUST8653,Female,23,Books,12,79.0,948.0,4,2023,Teenager,High
TX043994,2023-11-24,CUST4908,Female,68,Groceries,3,231.0,693.0,4,2023,Retired,High
TX043995,2023-11-24,CUST5462,Female,57,Electronics,9,496.0,4464.0,4,2023,Middle Aged,High
TX043996,2023-11-24,CUST5611,Female,42,Books,8,414.0,3312.0,4,2023,Middle Aged,High
TX043997,2023-11-24,CUST8459,Female,63,Books,3,43.0,129.0,4,2023,Retired,Medium
TX043998,2023-11-24,CUST9242,Male,38,Clothing,15,308.0,4620.0,4,2023,Youth,High
TX043999,2023-11-24,CUST3000,Female,69,Electronics,15,157.0,2355.0,4,2023,Retired,High
TX044000,2023-11-24,CUST1059,Female,44,Books,15,270.0,4050.0,4,2023,Middle Aged,High
TX044001,2023-11-24,CUST1754,Female,18,Clothing,11,321.0,3531.0,4,2023,,High
TX044002,2023-11-24,CUST3886,Male,68,Clothing,8,137.0,1096.0,4,2023,Retired,High
TX044003,2023-11-24,CUST1925,Male,33,Beauty,20,470.0,9400.0,4,2023,Youth,High
TX044004,2023-11-24,CUST8561,Male,66,Clothing,3,434.0,1302.0,4,2023,Retired,High
TX044005,2023-11-24,CUST7910,Female,68,Sports,3,155.0,465.0,4,2023,Retired,Medium
TX044006,2023-11-24,CUST7549,Female,49,Beauty,20,114.0,2280.0,4,2023,Middle Aged,High
TX044007,2023-11-24,CUST3357,Male,40,Sports,17,17.0,289.0,4,2023,Youth,Medium
TX044008,2023-11-24,CUST6247,Male,18,Electronics,2,327.0,654.0,4,2023,,High
TX044009,2023-11-24,CUST4530,Male,32,Books,7,68.0,476.0,4,2023,Youth,Medium
TX044010,2023-11-24,CUST2003,Male,31,Beauty,10,24.0,240.0,4,2023,Youth,Medium
TX044011,2023-11-24,CUST4507,Female,38,Books,1,155.0,155.0,4,2023,Youth,Medium
TX044012,2023-11-24,CUST7811,Female,68,Clothing,9,364.0,3276.0,4,2023,Retired,High
TX044013,2023-11-24,CUST0780,Male,51,Clothing,6,449.0,2694.0,4,2023,Middle Aged,High
TX044014,2023-11-24,CUST9836,Male,30,Beauty,7,420.0,2940.0,4,2023,Youth,High
TX044015,2023-11-24,CUST6644,Female,64,Books,3,168.0,504.0,4,2023,Retired,High
TX044016,2023-11-24,CUST9313,Male,48,Books,13,442.0,5746.0,4,2023,Middle Aged,High
TX044017,2023-11-24,CUST3919,Female,27,Sports,9,111.0,999.0,4,2023,Youth,High
TX044018,2023-11-24,CUST7567,Male,68,Clothing,19,122.0,2318.0,4,2023,Retired,High
TX044019,2023-11-24,CUST7378,Female,38,Clothing,9,382.0,3438.0,4,2023,Youth,High
TX044020,2023-11-24,CUST6445,Male,63,Clothing,15,43.0,645.0,4,2023,Retired,High
TX044021,2023-11-24,CUST7664,Male,50,Electronics,9,250.0,2250.0,4,2023,Middle Aged,High
TX044022,2023-11-24,CUST1577,Male,40,Electronics,2,44.0,88.0,4,2023,Youth,Low
TX044023,2023-11-24,CUST3712,Male,28,Books,13,339.0,4407.0,4,2023,Youth,High
TX044024,2023-11-24,CUST3793,Male,46,Groceries,4,53.0,212.0,4,2023,Middle Aged,Medium
TX044025,2023-11-24,CUST2546,Female,29,Sports,5,53.0,265.0,4,2023,Youth,Medium
TX044026,2023-11-24,CUST5155,Female,64,Groceries,14,324.0,4536.0,4,2023,Retired,High
TX044027,2023-11-24,CUST8298,Male,44,Groceries,18,420.0,7560.0,4,2023,Middle Aged,High
TX044028,2023-11-24,CUST5378,Male,51,Groceries,18,260.0,4680.0,4,2023,Middle Aged,High
TX044029,2023-11-24,CUST9693,Male,57,Sports,16,204.0,3264.0,4,2023,Middle Aged,High
TX044030,2023-11-24,CUST5273,Male,51,Electronics,8,401.0,3208.0,4,2023,Middle Aged,High
TX044031,2023-11-24,CUST2129,Male,29,Sports,2,37.0,74.0,4,2023,Youth,Low
TX044032,2023-11-24,CUST9219,Female,26,Beauty,17,362.0,6154.0,4,2023,Youth,High
TX044033,2023-11-24,CUST5963,Female,69,Beauty,4,250.0,1000.0,4,2023,Retired,High
TX044034,2023-11-24,CUST1296,Male,50,Beauty,8,435.0,3480.0,4,2023,Middle Aged,High
TX044035,2023-11-24,CUST6594,Male,69,Clothing,2,386.0,772.0,4,2023,Retired,High
TX044036,2023-11-24,CUST1368,Male,24,Electronics,3,472.0,1416.0,4,2023,Teenager,High
TX044037,2023-11-24,CUST5284,Male,59,Groceries,6,312.0,1872.0,4,2023,Middle Aged,High
TX044038,2023-11-24,CUST4236,Female,31,Electronics,1,456.0,456.0,4,2023,Youth,Medium
TX044039,2023-11-24,CUST4337,Female,63,Clothing,13,478.0,6214.0,4,2023,Retired,High
TX044040,2023-11-24,CUST7332,Male,56,Clothing,20,396.0,7920.0,4,2023,Middle Aged,High
TX044041,2023-11-24,CUST4557,Male,67,Groceries,1,229.0,229.0,4,2023,Retired,Medium
TX044042,2023-11-24,CUST8403,Male,37,Beauty,11,202.0,2222.0,4,2023,Youth,High
TX044043,2023-11-24,CUST6802,Female,43,Groceries,1,322.0,322.0,4,2023,Middle Aged,Medium
TX044044,2023-11-24,CUST6041,Male,55,Sports,4,349.0,1396.0,4,2023,Middle Aged,High
TX044045,2023-11-24,CUST3544,Female,22,Sports,7,379.0,2653.0,4,2023,Teenager,High
TX044046,2023-11-24,CUST9974,Female,67,Groceries,3,167.0,501.0,4,2023,Retired,High
TX044047,2023-11-24,CUST8597,Male,41,Clothing,14,61.0,854.0,4,2023,Middle Aged,High
TX044048,2023-11-24,CUST4496,Female,33,Sports,3,449.0,1347.0,4,2023,Youth,High
TX044049,2023-11-24,CUST5237,Female,64,Groceries,7,19.0,133.0,4,2023,Retired,Medium
TX044050,2023-11-24,CUST6360,Male,22,Clothing,9,394.0,3546.0,4,2023,Teenager,High
TX044051,2023-11-24,CUST8412,Female,41,Sports,16,326.0,5216.0,4,2023,Middle Aged,High
TX044052,2023-11-24,CUST9083,Female,28,Groceries,19,226.0,4294.0,4,2023,Youth,High
TX044053,2023-11-24,CUST6855,Male,56,Groceries,17,373.0,6341.0,4,2023,Middle Aged,High
TX044054,2023-11-24,CUST2604,Female,51,Books,12,142.0,1704.0,4,2023,Middle Aged,High
TX044055,2023-11-24,CUST8228,Male,22,Books,11,51.0,561.0,4,2023,Teenager,High
TX044056,2023-11-24,CUST7139,Female,31,Groceries,15,55.0,825.0,4,2023,Youth,High
TX044057,2023-11-24,CUST8319,Male,35,Beauty,6,309.0,1854.0,4,2023,Youth,High
TX044058,2023-11-24,CUST9450,Male,36,Sports,2,465.0,930.0,4,2023,Youth,High
TX044059,2023-11-24,CUST6715,Male,68,Groceries,17,462.0,7854.0,4,2023,Retired,High
TX044060,2023-11-24,CUST5362,Male,67,Electronics,6,55.0,330.0,4,2023,Retired,Medium
TX044061,2023-11-24,CUST5240,Male,64,Clothing,11,279.0,3069.0,4,2023,Retired,High
TX044062,2023-11-24,CUST7605,Male,21,Beauty,16,232.0,3712.0,4,2023,Teenager,High
TX044063,2023-11-24,CUST7334,Female,39,Sports,17,467.0,7939.0,4,2023,Youth,High
TX044064,2023-11-24,CUST4453,Female,46,Clothing,3,388.0,1164.0,4,2023,Middle Aged,High
TX044065,2023-11-24,CUST9318,Male,47,Clothing,11,436.0,4796.0,4,2023,Middle Aged,High
TX044066,2023-11-24,CUST7444,Male,43,Electronics,12,413.0,4956.0,4,2023,Middle Aged,High
TX044067,2023-11-24,CUST4445,Male,26,Beauty,8,91.0,728.0,4,2023,Youth,High
TX044068,2023-11-24,CUST0797,Female,35,Electronics,16,304.0,4864.0,4,2023,Youth,High
TX044069,2023-11-24,CUST3248,Female,23,Beauty,1,444.0,444.0,4,2023,Teenager,Medium
TX044070,2023-11-24,CUST8773,Female,24,Clothing,4,400.0,1600.0,4,2023,Teenager,High
TX044071,2023-11-24,CUST9807,Female,60,Sports,19,26.0,494.0,4,2023,Middle Aged,Medium
TX044072,2023-11-24,CUST1021,Female,67,Groceries,20,430.0,8600.0,4,2023,Retired,High
TX044073,2023-11-24,CUST8593,Male,45,Sports,9,208.0,1872.0,4,2023,Middle Aged,High
TX044074,2023-11-24,CUST6204,Male,27,Books,15,458.0,6870.0,4,2023,Youth,High
TX044075,2023-11-24,CUST3702,Female,57,Books,1,119.0,119.0,4,2023,Middle Aged,Medium
TX044076,2023-11-24,CUST0015,Male,46,Electronics,16,21.0,336.0,4,2023,Middle Aged,Medium
TX044077,2023-11-24,CUST1039,Female,22,Electronics,10,448.0,4480.0,4,2023,Teenager,High
TX044078,2023-11-24,CUST7706,Male,69,Electronics,6,437.0,2622.0,4,2023,Retired,High
TX044079,2023-11-24,CUST2116,Male,23,Books,11,182.0,2002.0,4,2023,Teenager,High
TX044080,2023-11-24,CUST5080,Female,43,Clothing,10,407.0,4070.0,4,2023,Middle Aged,High
TX044081,2023-11-24,CUST8429,Male,65,Beauty,19,445.0,8455.0,4,2023,Retired,High
TX044082,2023-11-24,CUST1664,Male,22,Groceries,4,337.0,1348.0,4,2023,Teenager,High
TX044083,2023-11-24,CUST4131,Male,64,Electronics,12,92.0,1104.0,4,2023,Retired,High
TX044084,2023-11-24,CUST7640,Female,20,Beauty,13,267.0,3471.0,4,2023,Teenager,High
TX044085,2023-11-24,CUST7679,Female,47,Clothing,10,302.0,3020.0,4,2023,Middle Aged,High
TX044086,2023-11-24,CUST2759,Female,69,Electronics,15,280.0,4200.0,4,2023,Retired,High
TX044087,2023-11-24,CUST5262,Male,40,Clothing,5,233.0,1165.0,4,2023,Youth,High
TX044088,2023-11-24,CUST5930,Male,25,Beauty,18,295.0,5310.0,4,2023,Teenager,High
TX044089,2023-11-24,CUST5895,Female,47,Electronics,13,333.0,4329.0,4,2023,Middle Aged,High
TX044090,2023-11-24,CUST7655,Male,65,Clothing,2,282.0,564.0,4,2023,Retired,High
TX044091,2023-11-24,CUST1173,Female,28,Beauty,1,308.0,308.0,4,2023,Youth,Medium
TX044092,2023-11-24,CUST3986,Male,53,Groceries,10,136.0,1360.0,4,2023,Middle Aged,High
TX044093,2023-11-24,CUST4552,Female,55,Clothing,17,323.0,5491.0,4,2023,Middle Aged,High
TX044094,2023-11-24,CUST9204,Female,64,Clothing,11,464.0,5104.0,4,2023,Retired,High
TX044095,2023-11-24,CUST1848,Male,26,Clothing,18,347.0,6246.0,4,2023,Youth,High
TX044096,2023-11-24,CUST3912,Male,32,Groceries,8,12.0,96.0,4,2023,Youth,Low
TX044097,2023-11-24,CUST5139,Male,19,Books,11,403.0,4433.0,4,2023,Teenager,High
TX044098,2023-11-24,CUST7166,Female,53,Electronics,15,109.0,1635.0,4,2023,Middle Aged,High
TX044099,2023-11-24,CUST1969,Male,26,Electronics,12,313.0,3756.0,4,2023,Youth,High
TX044100,2023-11-24,CUST4740,Female,50,Groceries,20,242.0,4840.0,4,2023,Middle Aged,High
TX044101,2023-11-24,CUST8464,Female,23,Groceries,13,352.0,4576.0,4,2023,Teenager,High
TX044102,2023-11-24,CUST5697,Female,60,Electronics,19,429.0,8151.0,4,2023,Middle Aged,High
TX044103,2023-11-24,CUST8448,Male,70,Groceries,13,497.0,6461.0,4,2023,Retired,High
TX044104,2023-11-24,CUST3410,Female,57,Groceries,6,442.0,2652.0,4,2023,Middle Aged,High
TX044105,2023-11-24,CUST5871,Male,19,Books,2,99.0,198.0,4,2023,Teenager,Medium
TX044106,2023-11-24,CUST6218,Male,51,Beauty,17,248.0,4216.0,4,2023,Middle Aged,High
TX044107,2023-11-24,CUST2403,Female,51,Books,13,314.0,4082.0,4,2023,Middle Aged,High
TX044108,2023-11-24,CUST3330,Female,33,Beauty,3,265.0,795.0,4,2023,Youth,High
TX044109,2023-11-24,CUST8850,Male,33,Beauty,20,140.0,2800.0,4,2023,Youth,High
TX044110,2023-11-24,CUST3147,Male,37,Clothing,8,425.0,3400.0,4,2023,Youth,High
TX044111,2023-11-24,CUST7270,Female,60,Electronics,9,324.0,2916.0,4,2023,Middle Aged,High
TX044112,2023-11-24,CUST1615,Male,20,Sports,7,347.0,2429.0,4,2023,Teenager,High
TX044113,2023-11-24,CUST8108,Female,41,Clothing,2,413.0,826.0,4,2023,Middle Aged,High
TX044114,2023-11-24,CUST4866,Male,37,Sports,5,310.0,1550.0,4,2023,Youth,High
TX044115,2023-11-24,CUST7247,Male,22,Sports,7,250.0,1750.0,4,2023,Teenager,High
TX044116,2023-11-24,CUST6765,Male,66,Books,12,373.0,4476.0,4,2023,Retired,High
TX044117,2023-11-24,CUST4927,Female,58,Clothing,12,82.0,984.0,4,2023,Middle Aged,High
TX044118,2023-11-24,CUST9109,Female,36,Groceries,2,11.0,22.0,4,2023,Youth,Low
TX044119,2023-11-24,CUST9286,Female,40,Books,6,500.0,3000.0,4,2023,Youth,High
TX044120,2023-11-24,CUST9728,Female,58,Beauty,13,372.0,4836.0,4,2023,Middle Aged,High
TX044121,2023-11-24,CUST4577,Female,70,Clothing,11,313.0,3443.0,4,2023,Retired,High
TX044122,2023-11-24,CUST4064,Female,49,Electronics,13,367.0,4771.0,4,2023,Middle Aged,High
TX044123,2023-11-24,CUST6201,Female,43,Groceries,13,29.0,377.0,4,2023,Middle Aged,Medium
TX044124,2023-11-24,CUST2125,Male,57,Groceries,6,181.0,1086.0,4,2023,Middle Aged,High
TX044125,2023-11-24,CUST2722,Male,24,Sports,20,389.0,7780.0,4,2023,Teenager,High
TX044126,2023-11-24,CUST0855,Female,70,Books,1,398.0,398.0,4,2023,Retired,Medium
TX044127,2023-11-24,CUST8461,Male,44,Sports,13,318.0,4134.0,4,2023,Middle Aged,High
TX044128,2023-11-24,CUST4252,Male,63,Books,15,58.0,870.0,4,2023,Retired,High
TX044129,2023-11-24,CUST8586,Female,19,Beauty,1,243.0,243.0,4,2023,Teenager,Medium
TX044130,2023-11-24,CUST9603,Female,28,Clothing,8,358.0,2864.0,4,2023,Youth,High
TX044131,2023-11-24,CUST3584,Male,61,Electronics,2,459.0,918.0,4,2023,Retired,High
TX044132,2023-11-24,CUST6990,Female,30,Sports,7,444.0,3108.0,4,2023,Youth,High
TX044133,2023-11-24,CUST9028,Male,56,Books,16,289.0,4624.0,4,2023,Middle Aged,High
TX044134,2023-11-24,CUST9824,Male,27,Clothing,16,231.0,3696.0,4,2023,Youth,High
TX044135,2023-11-24,CUST5706,Male,43,Beauty,1,291.0,291.0,4,2023,Middle Aged,Medium
TX044136,2023-11-24,CUST3508,Female,38,Beauty,9,306.0,2754.0,4,2023,Youth,High
TX044137,2023-11-24,CUST4591,Male,20,Clothing,11,161.0,1771.0,4,2023,Teenager,High
TX044138,2023-11-24,CUST2090,Female,66,Sports,8,16.0,128.0,4,2023,Retired,Medium
TX044139,2023-11-24,CUST9924,Female,27,Beauty,5,138.0,690.0,4,2023,Youth,High
TX044140,2023-11-24,CUST1388,Male,66,Beauty,9,276.0,2484.0,4,2023,Retired,High
TX044141,2023-11-24,CUST2504,Female,55,Beauty,16,166.0,2656.0,4,2023,Middle Aged,High
TX044142,2023-11-24,CUST0223,Female,26,Books,13,500.0,6500.0,4,2023,Youth,High
TX044143,2023-11-24,CUST8120,Female,27,Beauty,13,162.0,2106.0,4,2023,Youth,High
TX044144,2023-11-24,CUST1091,Male,55,Books,10,443.0,4430.0,4,2023,Middle Aged,High
TX044145,2023-11-24,CUST8094,Female,50,Sports,16,210.0,3360.0,4,2023,Middle Aged,High
TX044146,2023-11-24,CUST0454,Male,42,Electronics,3,404.0,1212.0,4,2023,Middle Aged,High
TX044147,2023-11-24,CUST4249,Male,22,Beauty,8,339.0,2712.0,4,2023,Teenager,High
TX044148,2023-11-24,CUST4428,Female,28,Electronics,15,102.0,1530.0,4,2023,Youth,High
TX044149,2023-11-24,CUST8635,Male,24,Electronics,17,34.0,578.0,4,2023,Teenager,High
TX044150,2023-11-24,CUST6986,Male,45,Groceries,19,63.0,1197.0,4,2023,Middle Aged,High
TX044151,2023-11-24,CUST3521,Male,53,Electronics,2,116.0,232.0,4,2023,Middle Aged,Medium
TX044152,2023-11-24,CUST1501,Female,18,Sports,6,186.0,1116.0,4,2023,,High
TX044153,2023-11-24,CUST4215,Male,49,Beauty,11,175.0,1925.0,4,2023,Middle Aged,High
TX044154,2023-11-24,CUST5181,Female,49,Clothing,6,140.0,840.0,4,2023,Middle Aged,High
TX044155,2023-11-24,CUST0126,Female,62,Groceries,18,19.0,342.0,4,2023,Retired,Medium
TX044156,2023-11-24,CUST7945,Female,46,Clothing,3,336.0,1008.0,4,2023,Middle Aged,High
TX044157,2023-11-24,CUST3747,Male,46,Sports,8,67.0,536.0,4,2023,Middle Aged,High
TX044158,2023-11-24,CUST1191,Male,58,Beauty,3,490.0,1470.0,4,2023,Middle Aged,High
TX044159,2023-11-24,CUST9854,Male,35,Sports,2,343.0,686.0,4,2023,Youth,High
TX044160,2023-11-24,CUST6052,Male,57,Books,2,54.0,108.0,4,2023,Middle Aged,Medium
TX044161,2023-11-24,CUST7471,Male,28,Sports,18,422.0,7596.0,4,2023,Youth,High
TX044162,2023-11-24,CUST3899,Female,20,Clothing,17,247.0,4199.0,4,2023,Teenager,High
TX044163,2023-11-24,CUST5245,Male,57,Electronics,8,422.0,3376.0,4,2023,Middle Aged,High
TX044164,2023-11-24,CUST4232,Male,25,Books,1,87.0,87.0,4,2023,Teenager,Low
TX044165,2023-11-24,CUST0529,Female,27,Beauty,17,15.0,255.0,4,2023,Youth,Medium
TX044166,2023-11-24,CUST2193,Male,42,Sports,6,305.0,1830.0,4,2023,Middle Aged,High
TX044167,2023-11-24,CUST9336,Female,48,Clothing,2,221.0,442.0,4,2023,Middle Aged,Medium
TX044168,2023-11-24,CUST1270,Female,25,Clothing,14,343.0,4802.0,4,2023,Teenager,High
TX044169,2023-11-24,CUST7477,Female,30,Groceries,13,393.0,5109.0,4,2023,Youth,High
TX044170,2023-11-24,CUST5726,Female,41,Sports,10,301.0,3010.0,4,2023,Middle Aged,High
TX044171,2023-11-24,CUST2102,Male,46,Electronics,5,496.0,2480.0,4,2023,Middle Aged,High
TX044172,2023-11-24,CUST5914,Male,60,Clothing,20,395.0,7900.0,4,2023,Middle Aged,High
TX044173,2023-11-24,CUST6204,Male,24,Sports,18,60.0,1080.0,4,2023,Teenager,High
TX044174,2023-11-24,CUST5810,Female,24,Books,9,308.0,2772.0,4,2023,Teenager,High
TX044175,2023-11-24,CUST2326,Male,29,Clothing,18,66.0,1188.0,4,2023,Youth,High
TX044176,2023-11-24,CUST7511,Female,49,Groceries,13,74.0,962.0,4,2023,Middle Aged,High
TX044177,2023-11-24,CUST8728,Male,26,Beauty,5,391.0,1955.0,4,2023,Youth,High
TX044178,2023-11-24,CUST6149,Female,59,Groceries,10,397.0,3970.0,4,2023,Middle Aged,High
TX044179,2023-11-24,CUST0822,Male,69,Beauty,1,292.0,292.0,4,2023,Retired,Medium
TX044180,2023-11-24,CUST7817,Male,31,Groceries,15,328.0,4920.0,4,2023,Youth,High
TX044181,2023-11-24,CUST3423,Male,50,Electronics,20,337.0,6740.0,4,2023,Middle Aged,High
TX044182,2023-11-24,CUST5725,Female,26,Clothing,13,237.0,3081.0,4,2023,Youth,High
TX044183,2023-11-24,CUST2238,Male,70,Clothing,18,459.0,8262.0,4,2023,Retired,High
TX044184,2023-11-24,CUST8514,Male,41,Beauty,6,423.0,2538.0,4,2023,Middle Aged,High
TX044185,2023-11-24,CUST1186,Male,39,Sports,16,238.0,3808.0,4,2023,Youth,High
TX044186,2023-11-24,CUST2548,Female,35,Sports,3,190.0,570.0,4,2023,Youth,High
TX044187,2023-11-24,CUST4082,Female,54,Beauty,4,31.0,124.0,4,2023,Middle Aged,Medium
TX044188,2023-11-24,CUST4344,Female,18,Groceries,7,430.0,3010.0,4,2023,,High
TX044189,2023-11-24,CUST9830,Female,64,Sports,8,443.0,3544.0,4,2023,Retired,High
TX044190,2023-11-24,CUST9433,Male,56,Books,14,79.0,1106.0,4,2023,Middle Aged,High
TX044191,2023-11-24,CUST7655,Male,21,Sports,7,343.0,2401.0,4,2023,Teenager,High
TX044192,2023-11-24,CUST7795,Female,25,Groceries,6,478.0,2868.0,4,2023,Teenager,High
TX044193,2023-11-24,CUST0298,Male,48,Sports,18,241.0,4338.0,4,2023,Middle Aged,High
TX044194,2023-11-24,CUST9577,Male,45,Electronics,15,127.0,1905.0,4,2023,Middle Aged,High
TX044195,2023-11-24,CUST4581,Female,18,Clothing,4,327.0,1308.0,4,2023,,High
TX044196,2023-11-24,CUST1940,Male,21,Groceries,1,103.0,103.0,4,2023,Teenager,Medium
TX044197,2023-11-24,CUST3955,Male,60,Books,5,70.0,350.0,4,2023,Middle Aged,Medium
TX044198,2023-11-24,CUST6222,Male,22,Beauty,13,29.0,377.0,4,2023,Teenager,Medium
TX044199,2023-11-24,CUST9873,Female,67,Books,13,243.0,3159.0,4,2023,Retired,High
TX044200,2023-11-24,CUST2838,Male,46,Clothing,14,14.0,196.0,4,2023,Middle Aged,Medium
TX044201,2023-11-24,CUST8411,Female,52,Books,7,180.0,1260.0,4,2023,Middle Aged,High
TX044202,2023-11-24,CUST3663,Male,58,Electronics,14,441.0,6174.0,4,2023,Middle Aged,High
TX044203,2023-11-24,CUST3598,Male,32,Electronics,12,78.0,936.0,4,2023,Youth,High
TX044204,2023-11-24,CUST3580,Male,40,Books,7,301.0,2107.0,4,2023,Youth,High
TX044205,2023-11-24,CUST5673,Female,19,Clothing,7,75.0,525.0,4,2023,Teenager,High
TX044206,2023-11-24,CUST6601,Female,21,Groceries,5,120.0,600.0,4,2023,Teenager,High
TX044207,2023-11-24,CUST9233,Female,45,Books,16,361.0,5776.0,4,2023,Middle Aged,High
TX044208,2023-11-24,CUST0584,Female,63,Sports,13,354.0,4602.0,4,2023,Retired,High
TX044209,2023-11-24,CUST5243,Female,63,Clothing,13,36.0,468.0,4,2023,Retired,Medium
TX044210,2023-11-24,CUST2187,Female,69,Clothing,1,302.0,302.0,4,2023,Retired,Medium
TX044211,2023-11-24,CUST1920,Female,21,Clothing,20,36.0,720.0,4,2023,Teenager,High
TX044212,2023-11-24,CUST6697,Female,69,Groceries,6,82.0,492.0,4,2023,Retired,Medium
TX044213,2023-11-24,CUST2895,Male,60,Groceries,10,132.0,1320.0,4,2023,Middle Aged,High
TX044214,2023-11-24,CUST2668,Female,59,Clothing,3,291.0,873.0,4,2023,Middle Aged,High
TX044215,2023-11-24,CUST4960,Male,55,Sports,4,224.0,896.0,4,2023,Middle Aged,High
TX044216,2023-11-24,CUST4532,Female,65,Books,17,117.0,1989.0,4,2023,Retired,High
TX044217,2023-11-24,CUST3614,Male,62,Beauty,17,342.0,5814.0,4,2023,Retired,High
TX044218,2023-11-24,CUST2559,Female,28,Groceries,1,256.0,256.0,4,2023,Youth,Medium
TX044219,2023-11-24,CUST6619,Male,29,Electronics,9,423.0,3807.0,4,2023,Youth,High
TX044220,2023-11-24,CUST9842,Female,46,Electronics,4,308.0,1232.0,4,2023,Middle Aged,High
TX044221,2023-11-24,CUST8853,Male,69,Books,2,240.0,480.0,4,2023,Retired,Medium
TX044222,2023-11-24,CUST4166,Male,39,Groceries,18,221.0,3978.0,4,2023,Youth,High
TX044223,2023-11-24,CUST5623,Female,52,Clothing,7,151.0,1057.0,4,2023,Middle Aged,High
TX044224,2023-11-24,CUST6272,Male,65,Clothing,11,239.0,2629.0,4,2023,Retired,High
TX044225,2023-11-24,CUST1609,Male,62,Groceries,12,463.0,5556.0,4,2023,Retired,High
TX044226,2023-11-24,CUST6370,Female,37,Electronics,20,333.0,6660.0,4,2023,Youth,High
TX044227,2023-11-24,CUST6099,Female,48,Clothing,14,285.0,3990.0,4,2023,Middle Aged,High
TX044228,2023-11-24,CUST6542,Male,53,Books,15,278.0,4170.0,4,2023,Middle Aged,High
TX044229,2023-11-24,CUST6763,Female,61,Groceries,6,421.0,2526.0,4,2023,Retired,High
TX044230,2023-11-24,CUST0175,Male,67,Beauty,3,452.0,1356.0,4,2023,Retired,High
TX044231,2023-11-24,CUST5556,Male,59,Groceries,2,233.0,466.0,4,2023,Middle Aged,Medium
TX044232,2023-11-24,CUST6861,Male,30,Groceries,10,165.0,1650.0,4,2023,Youth,High
TX044233,2023-11-24,CUST6654,Female,38,Clothing,3,59.0,177.0,4,2023,Youth,Medium
TX044234,2023-11-24,CUST0002,Female,57,Beauty,19,117.0,2223.0,4,2023,Middle Aged,High
TX044235,2023-11-24,CUST7640,Male,21,Sports,4,398.0,1592.0,4,2023,Teenager,High
TX044236,2023-11-24,CUST9241,Male,56,Clothing,19,468.0,8892.0,4,2023,Middle Aged,High
TX044237,2023-11-24,CUST6956,Female,27,Beauty,13,28.0,364.0,4,2023,Youth,Medium
TX044238,2023-11-24,CUST5538,Male,54,Groceries,10,294.0,2940.0,4,2023,Middle Aged,High
TX044239,2023-11-24,CUST2647,Male,48,Books,7,313.0,2191.0,4,2023,Middle Aged,High
TX044240,2023-11-24,CUST5068,Male,43,Sports,19,197.0,3743.0,4,2023,Middle Aged,High
TX044241,2023-11-24,CUST6240,Male,45,Sports,8,125.0,1000.0,4,2023,Middle Aged,High
TX044242,2023-11-24,CUST3707,Male,33,Clothing,17,62.0,1054.0,4,2023,Youth,High
TX044243,2023-11-24,CUST9928,Male,50,Books,9,326.0,2934.0,4,2023,Middle Aged,High
TX044244,2023-11-24,CUST2621,Male,66,Sports,14,28.0,392.0,4,2023,Retired,Medium
TX044245,2023-11-24,CUST4262,Female,19,Groceries,16,335.0,5360.0,4,2023,Teenager,High
TX044246,2023-11-24,CUST5348,Female,40,Beauty,5,66.0,330.0,4,2023,Youth,Medium
TX044247,2023-11-24,CUST7631,Female,68,Clothing,3,467.0,1401.0,4,2023,Retired,High
TX044248,2023-11-24,CUST9908,Female,51,Clothing,6,154.0,924.0,4,2023,Middle Aged,High
TX044249,2023-11-24,CUST2682,Female,44,Sports,6,316.0,1896.0,4,2023,Middle Aged,High
TX044250,2023-11-24,CUST0861,Male,66,Clothing,10,321.0,3210.0,4,2023,Retired,High
TX044251,2023-11-24,CUST8130,Male,29,Electronics,5,450.0,2250.0,4,2023,Youth,High
TX044252,2023-11-24,CUST0721,Female,56,Sports,17,328.0,5576.0,4,2023,Middle Aged,High
TX044253,2023-11-24,CUST6023,Female,34,Electronics,19,87.0,1653.0,4,2023,Youth,High
TX044254,2023-11-24,CUST9165,Male,22,Books,11,279.0,3069.0,4,2023,Teenager,High
TX044255,2023-11-24,CUST6159,Female,18,Electronics,8,374.0,2992.0,4,2023,,High
TX044256,2023-11-24,CUST1760,Female,44,Beauty,7,61.0,427.0,4,2023,Middle Aged,Medium
TX044257,2023-11-24,CUST7179,Male,32,Beauty,14,423.0,5922.0,4,2023,Youth,High
TX044258,2023-11-24,CUST5244,Male,66,Groceries,3,348.0,1044.0,4,2023,Retired,High
TX044259,2023-11-24,CUST8333,Male,50,Groceries,13,498.0,6474.0,4,2023,Middle Aged,High
TX044260,2023-11-24,CUST7313,Male,27,Beauty,4,452.0,1808.0,4,2023,Youth,High
TX044261,2023-11-24,CUST1678,Male,53,Sports,11,369.0,4059.0,4,2023,Middle Aged,High
TX044262,2023-11-24,CUST2587,Female,46,Electronics,17,257.0,4369.0,4,2023,Middle Aged,High
TX044263,2023-11-24,CUST6839,Male,61,Electronics,2,286.0,572.0,4,2023,Retired,High
TX044264,2023-11-24,CUST8358,Female,67,Groceries,10,297.0,2970.0,4,2023,Retired,High
TX044265,2023-11-24,CUST2424,Female,34,Sports,17,283.0,4811.0,4,2023,Youth,High
TX044266,2023-11-24,CUST1945,Male,23,Groceries,6,195.0,1170.0,4,2023,Teenager,High
TX044267,2023-11-24,CUST6739,Female,49,Books,14,397.0,5558.0,4,2023,Middle Aged,High
TX044268,2023-11-24,CUST3335,Female,38,Clothing,20,63.0,1260.0,4,2023,Youth,High
TX044269,2023-11-24,CUST9567,Male,35,Beauty,10,56.0,560.0,4,2023,Youth,High
TX044270,2023-11-24,CUST0639,Female,36,Groceries,17,326.0,5542.0,4,2023,Youth,High
TX044271,2023-11-24,CUST7376,Female,38,Books,14,151.0,2114.0,4,2023,Youth,High
TX044272,2023-11-24,CUST5164,Male,29,Clothing,1,401.0,401.0,4,2023,Youth,Medium
TX044273,2023-11-24,CUST4208,Male,60,Beauty,17,444.0,7548.0,4,2023,Middle Aged,High
TX044274,2023-11-24,CUST4758,Female,30,Beauty,1,27.0,27.0,4,2023,Youth,Low
TX044275,2023-11-24,CUST3016,Male,45,Electronics,6,140.0,840.0,4,2023,Middle Aged,High
TX044276,2023-11-24,CUST1670,Male,24,Clothing,17,19.0,323.0,4,2023,Teenager,Medium
TX044277,2023-11-24,CUST3146,Male,63,Groceries,18,447.0,8046.0,4,2023,Retired,High
TX044278,2023-11-24,CUST5036,Female,57,Sports,5,109.0,545.0,4,2023,Middle Aged,High
TX044279,2023-11-24,CUST9304,Female,25,Groceries,15,465.0,6975.0,4,2023,Teenager,High
TX044280,2023-11-24,CUST1682,Male,21,Beauty,14,190.0,2660.0,4,2023,Teenager,High
TX044281,2023-11-24,CUST2506,Male,50,Sports,5,160.0,800.0,4,2023,Middle Aged,High
TX044282,2023-11-24,CUST9972,Male,21,Groceries,8,22.0,176.0,4,2023,Teenager,Medium
TX044283,2023-11-24,CUST7325,Female,25,Electronics,3,84.0,252.0,4,2023,Teenager,Medium
TX044284,2023-11-24,CUST0892,Male,44,Electronics,20,393.0,7860.0,4,2023,Middle Aged,High
TX044285,2023-11-24,CUST2710,Female,59,Groceries,20,500.0,10000.0,4,2023,Middle Aged,High
TX044286,2023-11-24,CUST6664,Male,30,Sports,10,471.0,4710.0,4,2023,Youth,High
TX044287,2023-11-24,CUST1296,Female,61,Clothing,4,431.0,1724.0,4,2023,Retired,High
TX044288,2023-11-24,CUST2291,Female,22,Books,12,413.0,4956.0,4,2023,Teenager,High
TX044289,2023-11-24,CUST9196,Female,45,Beauty,9,200.0,1800.0,4,2023,Middle Aged,High
TX044290,2023-11-24,CUST5213,Male,41,Beauty,18,119.0,2142.0,4,2023,Middle Aged,High
TX044291,2023-11-24,CUST6518,Male,29,Clothing,16,121.0,1936.0,4,2023,Youth,High
TX044292,2023-11-24,CUST4033,Male,63,Sports,1,495.0,495.0,4,2023,Retired,Medium
TX044293,2023-11-24,CUST1278,Male,23,Electronics,15,489.0,7335.0,4,2023,Teenager,High
TX044294,2023-11-24,CUST6617,Male,36,Electronics,12,444.0,5328.0,4,2023,Youth,High
TX044295,2023-11-24,CUST8096,Female,68,Beauty,6,212.0,1272.0,4,2023,Retired,High
TX044296,2023-11-24,CUST7804,Female,55,Beauty,3,194.0,582.0,4,2023,Middle Aged,High
TX044297,2023-11-24,CUST9164,Male,41,Sports,10,440.0,4400.0,4,2023,Middle Aged,High
TX044298,2023-11-24,CUST2612,Female,62,Clothing,16,44.0,704.0,4,2023,Retired,High
TX044299,2023-11-24,CUST7352,Female,45,Electronics,20,206.0,4120.0,4,2023,Middle Aged,High
TX044300,2023-11-24,CUST4439,Male,52,Beauty,11,172.0,1892.0,4,2023,Middle Aged,High
TX044301,2023-11-24,CUST4427,Female,32,Beauty,9,437.0,3933.0,4,2023,Youth,High
TX044302,2023-11-24,CUST1616,Male,42,Clothing,16,209.0,3344.0,4,2023,Middle Aged,High
TX044303,2023-11-24,CUST3422,Female,28,Sports,14,223.0,3122.0,4,2023,Youth,High
TX044304,2023-11-24,CUST0860,Male,37,Beauty,12,405.0,4860.0,4,2023,Youth,High
TX044305,2023-11-24,CUST7802,Male,26,Beauty,20,496.0,9920.0,4,2023,Youth,High
TX044306,2023-11-24,CUST9768,Female,37,Groceries,8,439.0,3512.0,4,2023,Youth,High
TX044307,2023-11-24,CUST1937,Female,36,Groceries,12,83.0,996.0,4,2023,Youth,High
TX044308,2023-11-24,CUST1194,Male,63,Beauty,14,314.0,4396.0,4,2023,Retired,High
TX044309,2023-11-24,CUST4290,Male,27,Clothing,5,20.0,100.0,4,2023,Youth,Low
TX044310,2023-11-24,CUST6201,Female,21,Electronics,19,26.0,494.0,4,2023,Teenager,Medium
TX044311,2023-11-24,CUST7890,Female,53,Sports,18,210.0,3780.0,4,2023,Middle Aged,High
TX044312,2023-11-24,CUST0737,Female,21,Sports,15,305.0,4575.0,4,2023,Teenager,High
TX044313,2023-11-24,CUST8776,Male,51,Beauty,3,231.0,693.0,4,2023,Middle Aged,High
TX044314,2023-11-24,CUST2707,Female,32,Sports,17,210.0,3570.0,4,2023,Youth,High
TX044315,2023-11-24,CUST1476,Female,46,Electronics,6,302.0,1812.0,4,2023,Middle Aged,High
TX044316,2023-11-24,CUST6973,Male,66,Beauty,11,483.0,5313.0,4,2023,Retired,High
TX044317,2023-11-24,CUST1752,Male,45,Beauty,10,116.0,1160.0,4,2023,Middle Aged,High
TX044318,2023-11-24,CUST8406,Female,57,Sports,1,345.0,345.0,4,2023,Middle Aged,Medium
TX044319,2023-11-24,CUST7075,Male,48,Groceries,10,53.0,530.0,4,2023,Middle Aged,High
TX044320,2023-11-24,CUST5324,Male,55,Sports,7,293.0,2051.0,4,2023,Middle Aged,High
TX044321,2023-11-24,CUST0039,Male,40,Groceries,8,278.0,2224.0,4,2023,Youth,High
TX044322,2023-11-24,CUST9082,Female,36,Sports,14,208.0,2912.0,4,2023,Youth,High
TX044323,2023-11-24,CUST5132,Female,31,Beauty,16,244.0,3904.0,4,2023,Youth,High
TX044324,2023-11-24,CUST2390,Female,33,Clothing,19,323.0,6137.0,4,2023,Youth,High
TX044325,2023-11-24,CUST3786,Male,48,Sports,15,310.0,4650.0,4,2023,Middle Aged,High
TX044326,2023-11-24,CUST5331,Female,38,Groceries,6,126.0,756.0,4,2023,Youth,High
TX044327,2023-11-24,CUST6019,Female,30,Sports,5,206.0,1030.0,4,2023,Youth,High
TX044328,2023-11-24,CUST2268,Male,36,Clothing,15,129.0,1935.0,4,2023,Youth,High
TX044329,2023-11-24,CUST8947,Female,24,Books,15,81.0,1215.0,4,2023,Teenager,High
TX044330,2023-11-24,CUST9055,Female,70,Clothing,9,352.0,3168.0,4,2023,Retired,High
TX044331,2023-11-24,CUST5432,Female,31,Sports,5,430.0,2150.0,4,2023,Youth,High
TX044332,2023-11-24,CUST4709,Female,26,Sports,3,21.0,63.0,4,2023,Youth,Low
TX044333,2023-11-24,CUST3160,Male,46,Sports,2,280.0,560.0,4,2023,Middle Aged,High
TX044334,2023-11-24,CUST4876,Male,49,Groceries,12,121.0,1452.0,4,2023,Middle Aged,High
TX044335,2023-11-24,CUST7082,Female,61,Groceries,15,280.0,4200.0,4,2023,Retired,High
TX044336,2023-11-24,CUST9056,Male,69,Electronics,9,401.0,3609.0,4,2023,Retired,High
TX044337,2023-11-24,CUST5680,Female,54,Sports,1,66.0,66.0,4,2023,Middle Aged,Low
TX044338,2023-11-24,CUST6421,Male,60,Sports,7,52.0,364.0,4,2023,Middle Aged,Medium
TX044339,2023-11-24,CUST7286,Female,62,Groceries,14,156.0,2184.0,4,2023,Retired,High
TX044340,2023-11-24,CUST8863,Male,61,Clothing,7,442.0,3094.0,4,2023,Retired,High
TX044341,2023-11-24,CUST0357,Male,45,Electronics,9,391.0,3519.0,4,2023,Middle Aged,High
TX044342,2023-11-24,CUST7184,Female,58,Clothing,13,34.0,442.0,4,2023,Middle Aged,Medium
TX044343,2023-11-24,CUST0294,Male,65,Groceries,2,309.0,618.0,4,2023,Retired,High
TX044344,2023-11-24,CUST2284,Male,43,Beauty,17,287.0,4879.0,4,2023,Middle Aged,High
TX044345,2023-11-24,CUST0484,Male,57,Beauty,1,246.0,246.0,4,2023,Middle Aged,Medium
TX044346,2023-11-24,CUST2955,Male,42,Groceries,9,76.0,684.0,4,2023,Middle Aged,High
TX044347,2023-11-24,CUST9434,Female,57,Books,16,492.0,7872.0,4,2023,Middle Aged,High
TX044348,2023-11-24,CUST8840,Female,33,Books,20,28.0,560.0,4,2023,Youth,High
TX044349,2023-11-24,CUST1437,Male,68,Beauty,3,474.0,1422.0,4,2023,Retired,High
TX044350,2023-11-24,CUST0941,Male,47,Clothing,15,378.0,5670.0,4,2023,Middle Aged,High
TX044351,2023-11-24,CUST4213,Male,44,Sports,16,415.0,6640.0,4,2023,Middle Aged,High
TX044352,2023-11-24,CUST6155,Female,23,Beauty,17,252.0,4284.0,4,2023,Teenager,High
TX044353,2023-11-24,CUST1265,Male,39,Electronics,1,179.0,179.0,4,2023,Youth,Medium
TX044354,2023-11-24,CUST1495,Male,42,Beauty,7,222.0,1554.0,4,2023,Middle Aged,High
TX044355,2023-11-24,CUST4344,Female,64,Beauty,13,96.0,1248.0,4,2023,Retired,High
TX044356,2023-11-24,CUST2476,Female,45,Clothing,16,163.0,2608.0,4,2023,Middle Aged,High
TX044357,2023-11-24,CUST3045,Male,49,Books,13,87.0,1131.0,4,2023,Middle Aged,High
TX044358,2023-11-24,CUST8523,Male,19,Electronics,18,357.0,6426.0,4,2023,Teenager,High
TX044359,2023-11-24,CUST9624,Female,41,Groceries,3,449.0,1347.0,4,2023,Middle Aged,High
TX044360,2023-11-24,CUST9175,Male,38,Electronics,11,487.0,5357.0,4,2023,Youth,High
TX044361,2023-11-24,CUST0497,Male,55,Clothing,12,168.0,2016.0,4,2023,Middle Aged,High
TX044362,2023-11-24,CUST7976,Male,43,Sports,10,294.0,2940.0,4,2023,Middle Aged,High
TX044363,2023-11-24,CUST4350,Male,51,Groceries,15,311.0,4665.0,4,2023,Middle Aged,High
TX044364,2023-11-24,CUST5864,Female,34,Sports,10,59.0,590.0,4,2023,Youth,High
TX044365,2023-11-24,CUST4888,Female,29,Sports,17,360.0,6120.0,4,2023,Youth,High
TX044366,2023-11-24,CUST9591,Female,60,Books,16,105.0,1680.0,4,2023,Middle Aged,High
TX044367,2023-11-24,CUST1021,Male,44,Electronics,7,475.0,3325.0,4,2023,Middle Aged,High
TX044368,2023-11-24,CUST7047,Female,58,Books,6,449.0,2694.0,4,2023,Middle Aged,High
TX044369,2023-11-24,CUST6898,Male,39,Clothing,8,107.0,856.0,4,2023,Youth,High
TX044370,2023-11-24,CUST2404,Male,36,Clothing,18,28.0,504.0,4,2023,Youth,High
TX044371,2023-11-24,CUST8523,Male,30,Sports,12,474.0,5688.0,4,2023,Youth,High
TX044372,2023-11-24,CUST5704,Male,51,Electronics,5,380.0,1900.0,4,2023,Middle Aged,High
TX044373,2023-11-24,CUST8780,Female,44,Books,11,253.0,2783.0,4,2023,Middle Aged,High
TX044374,2023-11-24,CUST1062,Female,35,Electronics,6,159.0,954.0,4,2023,Youth,High
TX044375,2023-11-24,CUST3100,Female,68,Groceries,4,225.0,900.0,4,2023,Retired,High
TX044376,2023-11-24,CUST4929,Male,68,Books,11,338.0,3718.0,4,2023,Retired,High
TX044377,2023-11-24,CUST4524,Male,48,Clothing,10,334.0,3340.0,4,2023,Middle Aged,High
TX044378,2023-11-24,CUST5372,Female,43,Beauty,2,452.0,904.0,4,2023,Middle Aged,High
TX044379,2023-11-24,CUST8936,Female,64,Beauty,6,159.0,954.0,4,2023,Retired,High
TX044380,2023-11-24,CUST0476,Female,62,Electronics,6,199.0,1194.0,4,2023,Retired,High
TX044381,2023-11-24,CUST2865,Female,38,Electronics,11,50.0,550.0,4,2023,Youth,High
TX044382,2023-11-24,CUST8069,Female,39,Electronics,7,439.0,3073.0,4,2023,Youth,High
TX044383,2023-11-24,CUST3021,Male,20,Groceries,8,187.0,1496.0,4,2023,Teenager,High
TX044384,2023-11-24,CUST7807,Male,63,Sports,12,331.0,3972.0,4,2023,Retired,High
TX044385,2023-11-24,CUST2167,Male,23,Electronics,5,46.0,230.0,4,2023,Teenager,Medium
TX044386,2023-11-24,CUST4176,Male,18,Beauty,14,428.0,5992.0,4,2023,,High
TX044387,2023-11-24,CUST4928,Female,23,Clothing,10,11.0,110.0,4,2023,Teenager,Medium
TX044388,2023-11-24,CUST3470,Male,38,Sports,7,214.0,1498.0,4,2023,Youth,High
TX044389,2023-11-24,CUST0199,Female,56,Clothing,2,69.0,138.0,4,2023,Middle Aged,Medium
TX044390,2023-11-24,CUST9136,Male,25,Books,19,195.0,3705.0,4,2023,Teenager,High
TX044391,2023-11-24,CUST2426,Female,47,Clothing,5,296.0,1480.0,4,2023,Middle Aged,High
TX044392,2023-11-24,CUST2751,Female,37,Groceries,19,141.0,2679.0,4,2023,Youth,High
TX044393,2023-11-24,CUST3793,Male,56,Groceries,7,51.0,357.0,4,2023,Middle Aged,Medium
TX044394,2023-11-24,CUST4929,Male,22,Sports,9,382.0,3438.0,4,2023,Teenager,High
TX044395,2023-11-24,CUST5076,Female,19,Beauty,11,65.0,715.0,4,2023,Teenager,High
TX044396,2023-11-24,CUST7019,Female,51,Books,20,304.0,6080.0,4,2023,Middle Aged,High
TX044397,2023-11-24,CUST4420,Male,34,Sports,5,232.0,1160.0,4,2023,Youth,High
TX044398,2023-11-24,CUST8921,Female,57,Electronics,2,361.0,722.0,4,2023,Middle Aged,High
TX044399,2023-11-24,CUST4026,Female,31,Books,1,171.0,171.0,4,2023,Youth,Medium
TX044400,2023-11-24,CUST1308,Male,54,Groceries,20,379.0,7580.0,4,2023,Middle Aged,High
TX044401,2023-11-24,CUST9206,Male,35,Electronics,14,115.0,1610.0,4,2023,Youth,High
TX044402,2023-11-24,CUST9137,Male,56,Electronics,16,463.0,7408.0,4,2023,Middle Aged,High
TX044403,2023-11-24,CUST6991,Male,42,Books,7,58.0,406.0,4,2023,Middle Aged,Medium
TX044404,2023-11-24,CUST5934,Male,36,Groceries,1,99.0,99.0,4,2023,Youth,Low
TX044405,2023-11-24,CUST7205,Male,39,Beauty,1,137.0,137.0,4,2023,Youth,Medium
TX044406,2023-11-24,CUST8710,Female,60,Electronics,1,389.0,389.0,4,2023,Middle Aged,Medium
TX044407,2023-11-24,CUST0590,Male,63,Sports,20,256.0,5120.0,4,2023,Retired,High
TX044408,2023-11-24,CUST2628,Female,59,Sports,16,490.0,7840.0,4,2023,Middle Aged,High
TX044409,2023-11-24,CUST7444,Female,68,Groceries,9,160.0,1440.0,4,2023,Retired,High
TX044410,2023-11-24,CUST5605,Male,19,Electronics,20,38.0,760.0,4,2023,Teenager,High
TX044411,2023-11-24,CUST4704,Male,37,Books,16,149.0,2384.0,4,2023,Youth,High
TX044412,2023-11-24,CUST5846,Male,60,Sports,9,334.0,3006.0,4,2023,Middle Aged,High
TX044413,2023-11-24,CUST6898,Female,56,Groceries,2,429.0,858.0,4,2023,Middle Aged,High
TX044414,2023-11-24,CUST0867,Male,43,Sports,20,497.0,9940.0,4,2023,Middle Aged,High
TX044415,2023-11-24,CUST9634,Female,55,Sports,16,134.0,2144.0,4,2023,Middle Aged,High
TX044416,2023-11-24,CUST5537,Male,48,Electronics,19,99.0,1881.0,4,2023,Middle Aged,High
TX044417,2023-11-24,CUST0440,Female,32,Books,10,442.0,4420.0,4,2023,Youth,High
TX044418,2023-11-24,CUST7867,Female,43,Groceries,8,145.0,1160.0,4,2023,Middle Aged,High
TX044419,2023-11-24,CUST1822,Female,66,Groceries,18,456.0,8208.0,4,2023,Retired,High
TX044420,2023-11-24,CUST7251,Female,22,Clothing,14,274.0,3836.0,4,2023,Teenager,High
TX044421,2023-11-24,CUST8495,Female,30,Electronics,14,167.0,2338.0,4,2023,Youth,High
TX044422,2023-11-24,CUST2697,Female,27,Sports,1,86.0,86.0,4,2023,Youth,Low
TX044423,2023-11-24,CUST9344,Female,62,Groceries,2,322.0,644.0,4,2023,Retired,High
TX044424,2023-11-24,CUST3280,Male,27,Books,6,486.0,2916.0,4,2023,Youth,High
TX044425,2023-11-24,CUST7607,Female,19,Electronics,1,176.0,176.0,4,2023,Teenager,Medium
TX044426,2023-11-24,CUST5002,Male,43,Electronics,5,257.0,1285.0,4,2023,Middle Aged,High
TX044427,2023-11-24,CUST7727,Female,70,Sports,3,384.0,1152.0,4,2023,Retired,High
TX044428,2023-11-24,CUST0683,Female,31,Groceries,1,88.0,88.0,4,2023,Youth,Low
TX044429,2023-11-24,CUST9085,Female,63,Electronics,8,38.0,304.0,4,2023,Retired,Medium
TX044430,2023-11-24,CUST2046,Male,31,Beauty,19,33.0,627.0,4,2023,Youth,High
TX044431,2023-11-24,CUST4935,Female,65,Electronics,20,86.0,1720.0,4,2023,Retired,High
TX044432,2023-11-24,CUST7780,Female,41,Beauty,18,191.0,3438.0,4,2023,Middle Aged,High
TX044433,2023-11-24,CUST3948,Female,62,Clothing,10,388.0,3880.0,4,2023,Retired,High
TX044434,2023-11-24,CUST5100,Male,29,Beauty,3,325.0,975.0,4,2023,Youth,High
TX044435,2023-11-24,CUST1681,Male,37,Electronics,1,373.0,373.0,4,2023,Youth,Medium
TX044436,2023-11-24,CUST6795,Male,48,Electronics,14,55.0,770.0,4,2023,Middle Aged,High
TX044437,2023-11-24,CUST3192,Female,60,Beauty,3,329.0,987.0,4,2023,Middle Aged,High
TX044438,2023-11-24,CUST6765,Female,64,Clothing,16,351.0,5616.0,4,2023,Retired,High
TX044439,2023-11-24,CUST8040,Female,45,Beauty,10,345.0,3450.0,4,2023,Middle Aged,High
TX044440,2023-11-24,CUST1066,Male,38,Groceries,5,200.0,1000.0,4,2023,Youth,High
TX044441,2023-11-24,CUST2045,Male,34,Electronics,5,366.0,1830.0,4,2023,Youth,High
TX044442,2023-11-24,CUST7061,Female,50,Clothing,2,351.0,702.0,4,2023,Middle Aged,High
TX044443,2023-11-24,CUST9377,Male,26,Groceries,20,162.0,3240.0,4,2023,Youth,High
TX044444,2023-11-24,CUST9614,Female,30,Electronics,9,133.0,1197.0,4,2023,Youth,High
TX044445,2023-11-24,CUST9571,Female,32,Books,10,164.0,1640.0,4,2023,Youth,High
TX044446,2023-11-24,CUST9768,Male,30,Electronics,8,321.0,2568.0,4,2023,Youth,High
TX044447,2023-11-24,CUST8375,Male,48,Groceries,10,150.0,1500.0,4,2023,Middle Aged,High
TX044448,2023-11-24,CUST9066,Female,50,Beauty,2,102.0,204.0,4,2023,Middle Aged,Medium
TX044449,2023-11-24,CUST6524,Male,30,Books,5,484.0,2420.0,4,2023,Youth,High
TX044450,2023-11-24,CUST7134,Male,24,Electronics,15,410.0,6150.0,4,2023,Teenager,High
TX044451,2023-11-24,CUST0774,Female,24,Beauty,14,412.0,5768.0,4,2023,Teenager,High
TX044452,2023-11-24,CUST0331,Male,35,Sports,8,72.0,576.0,4,2023,Youth,High
TX044453,2023-11-24,CUST4820,Female,54,Electronics,2,49.0,98.0,4,2023,Middle Aged,Low
TX044454,2023-11-24,CUST7142,Male,48,Beauty,4,475.0,1900.0,4,2023,Middle Aged,High
TX044455,2023-11-24,CUST2777,Male,38,Sports,7,405.0,2835.0,4,2023,Youth,High
TX044456,2023-11-24,CUST9291,Female,56,Electronics,3,299.0,897.0,4,2023,Middle Aged,High
TX044457,2023-11-24,CUST3217,Female,33,Electronics,19,67.0,1273.0,4,2023,Youth,High
TX044458,2023-11-24,CUST3479,Male,53,Sports,2,30.0,60.0,4,2023,Middle Aged,Low
TX044459,2023-11-24,CUST1688,Female,27,Groceries,10,57.0,570.0,4,2023,Youth,High
TX044460,2023-11-24,CUST7882,Male,27,Groceries,15,356.0,5340.0,4,2023,Youth,High
TX044461,2023-11-24,CUST0653,Male,54,Books,2,38.0,76.0,4,2023,Middle Aged,Low
TX044462,2023-11-24,CUST1249,Female,47,Beauty,20,94.0,1880.0,4,2023,Middle Aged,High
TX044463,2023-11-24,CUST2003,Male,61,Clothing,14,21.0,294.0,4,2023,Retired,Medium
TX044464,2023-11-24,CUST8957,Female,36,Beauty,14,480.0,6720.0,4,2023,Youth,High
TX044465,2023-11-24,CUST1334,Female,21,Electronics,17,262.0,4454.0,4,2023,Teenager,High
TX044466,2023-11-24,CUST8724,Female,50,Books,7,320.0,2240.0,4,2023,Middle Aged,High
TX044467,2023-11-24,CUST7422,Female,36,Groceries,14,241.0,3374.0,4,2023,Youth,High
TX044468,2023-11-24,CUST7208,Female,60,Beauty,20,438.0,8760.0,4,2023,Middle Aged,High
TX044469,2023-11-24,CUST1156,Female,53,Sports,7,25.0,175.0,4,2023,Middle Aged,Medium
TX044470,2023-11-24,CUST7295,Male,59,Beauty,18,357.0,6426.0,4,2023,Middle Aged,High
TX044471,2023-11-24,CUST5575,Male,60,Electronics,15,87.0,1305.0,4,2023,Middle Aged,High
TX044472,2023-11-24,CUST2859,Male,36,Electronics,2,95.0,190.0,4,2023,Youth,Medium
TX044473,2023-11-24,CUST9396,Female,35,Beauty,15,251.0,3765.0,4,2023,Youth,High
TX044474,2023-11-24,CUST8606,Female,64,Books,2,476.0,952.0,4,2023,Retired,High
TX044475,2023-11-24,CUST5176,Female,59,Sports,1,363.0,363.0,4,2023,Middle Aged,Medium
TX044476,2023-11-24,CUST0091,Male,38,Books,3,65.0,195.0,4,2023,Youth,Medium
TX044477,2023-11-24,CUST7796,Female,22,Sports,2,484.0,968.0,4,2023,Teenager,High
TX044478,2023-11-24,CUST8738,Female,25,Beauty,19,438.0,8322.0,4,2023,Teenager,High
TX044479,2023-11-24,CUST4741,Female,67,Groceries,1,51.0,51.0,4,2023,Retired,Low
TX044480,2023-11-24,CUST2943,Male,55,Books,3,222.0,666.0,4,2023,Middle Aged,High
TX044481,2023-11-24,CUST2848,Male,25,Sports,12,348.0,4176.0,4,2023,Teenager,High
TX044482,2023-11-24,CUST0822,Male,53,Beauty,12,92.0,1104.0,4,2023,Middle Aged,High
TX044483,2023-11-24,CUST6104,Female,28,Groceries,8,204.0,1632.0,4,2023,Youth,High
TX044484,2023-11-24,CUST7841,Male,57,Sports,8,259.0,2072.0,4,2023,Middle Aged,High
TX044485,2023-11-24,CUST0517,Female,65,Groceries,5,459.0,2295.0,4,2023,Retired,High
TX044486,2023-11-24,CUST2192,Male,41,Beauty,2,495.0,990.0,4,2023,Middle Aged,High
TX044487,2023-11-24,CUST8740,Female,70,Clothing,14,164.0,2296.0,4,2023,Retired,High
TX044488,2023-11-24,CUST6058,Male,62,Groceries,4,465.0,1860.0,4,2023,Retired,High
TX044489,2023-11-24,CUST7812,Female,39,Clothing,13,239.0,3107.0,4,2023,Youth,High
TX044490,2023-11-24,CUST7785,Male,21,Electronics,6,40.0,240.0,4,2023,Teenager,Medium
TX044491,2023-11-24,CUST2892,Female,45,Groceries,14,394.0,5516.0,4,2023,Middle Aged,High
TX044492,2023-11-24,CUST8838,Female,26,Beauty,5,377.0,1885.0,4,2023,Youth,High
TX044493,2023-11-24,CUST3508,Male,50,Electronics,5,241.0,1205.0,4,2023,Middle Aged,High
TX044494,2023-11-24,CUST4493,Male,40,Books,11,160.0,1760.0,4,2023,Youth,High
TX044495,2023-11-24,CUST7790,Male,39,Clothing,5,426.0,2130.0,4,2023,Youth,High
TX044496,2023-11-24,CUST9067,Male,36,Beauty,11,77.0,847.0,4,2023,Youth,High
TX044497,2023-11-24,CUST1837,Male,29,Sports,6,429.0,2574.0,4,2023,Youth,High
TX044498,2023-11-24,CUST7921,Female,22,Groceries,16,67.0,1072.0,4,2023,Teenager,High
TX044499,2023-11-24,CUST9229,Female,32,Beauty,7,403.0,2821.0,4,2023,Youth,High
TX044500,2023-11-24,CUST8882,Female,27,Groceries,20,355.0,7100.0,4,2023,Youth,High
TX044501,2023-11-24,CUST5919,Male,37,Clothing,2,430.0,860.0,4,2023,Youth,High
TX044502,2023-11-24,CUST5953,Male,62,Beauty,9,160.0,1440.0,4,2023,Retired,High
TX044503,2023-11-24,CUST0733,Female,24,Groceries,19,127.0,2413.0,4,2023,Teenager,High
TX044504,2023-11-24,CUST3039,Female,24,Groceries,5,65.0,325.0,4,2023,Teenager,Medium
TX044505,2023-11-24,CUST6836,Female,37,Electronics,3,478.0,1434.0,4,2023,Youth,High
TX044506,2023-11-24,CUST5265,Female,49,Beauty,17,234.0,3978.0,4,2023,Middle Aged,High
TX044507,2023-11-24,CUST0287,Female,51,Sports,20,358.0,7160.0,4,2023,Middle Aged,High
TX044508,2023-11-24,CUST6387,Female,30,Beauty,15,57.0,855.0,4,2023,Youth,High
TX044509,2023-11-24,CUST7099,Female,27,Books,16,64.0,1024.0,4,2023,Youth,High
TX044510,2023-11-24,CUST0135,Female,54,Beauty,15,448.0,6720.0,4,2023,Middle Aged,High
TX044511,2023-11-24,CUST6715,Female,63,Clothing,5,270.0,1350.0,4,2023,Retired,High
TX044512,2023-11-24,CUST4394,Male,58,Books,6,224.0,1344.0,4,2023,Middle Aged,High
TX044513,2023-11-24,CUST3635,Female,37,Electronics,13,425.0,5525.0,4,2023,Youth,High
TX044514,2023-11-24,CUST2106,Female,26,Groceries,6,364.0,2184.0,4,2023,Youth,High
TX044515,2023-11-24,CUST5844,Male,24,Groceries,2,359.0,718.0,4,2023,Teenager,High
TX044516,2023-11-24,CUST5940,Female,55,Beauty,11,145.0,1595.0,4,2023,Middle Aged,High
TX044517,2023-11-24,CUST0427,Female,18,Sports,5,258.0,1290.0,4,2023,,High
TX044518,2023-11-24,CUST7612,Male,25,Clothing,20,146.0,2920.0,4,2023,Teenager,High
TX044519,2023-11-24,CUST4850,Female,65,Electronics,6,101.0,606.0,4,2023,Retired,High
TX044520,2023-11-24,CUST9398,Female,54,Groceries,20,38.0,760.0,4,2023,Middle Aged,High
TX044521,2023-11-24,CUST0183,Male,53,Electronics,17,95.0,1615.0,4,2023,Middle Aged,High
TX044522,2023-11-24,CUST2139,Female,39,Clothing,10,28.0,280.0,4,2023,Youth,Medium
TX044523,2023-11-24,CUST5220,Male,19,Books,11,94.0,1034.0,4,2023,Teenager,High
TX044524,2023-11-24,CUST9621,Female,42,Clothing,18,376.0,6768.0,4,2023,Middle Aged,High
TX044525,2023-11-24,CUST4262,Male,64,Electronics,8,431.0,3448.0,4,2023,Retired,High
TX044526,2023-11-24,CUST8430,Male,23,Clothing,1,370.0,370.0,4,2023,Teenager,Medium
TX044527,2023-11-24,CUST3160,Male,42,Beauty,6,466.0,2796.0,4,2023,Middle Aged,High
TX044528,2023-11-24,CUST1561,Female,66,Groceries,9,185.0,1665.0,4,2023,Retired,High
TX044529,2023-11-24,CUST7440,Male,22,Books,12,348.0,4176.0,4,2023,Teenager,High
TX044530,2023-11-24,CUST5553,Female,39,Clothing,7,212.0,1484.0,4,2023,Youth,High
TX044531,2023-11-24,CUST5416,Male,62,Books,14,80.0,1120.0,4,2023,Retired,High
TX044532,2023-11-24,CUST6946,Female,56,Clothing,18,432.0,7776.0,4,2023,Middle Aged,High
TX044533,2023-11-24,CUST5533,Female,66,Groceries,11,341.0,3751.0,4,2023,Retired,High
TX044534,2023-11-24,CUST0639,Male,33,Clothing,17,450.0,7650.0,4,2023,Youth,High
TX044535,2023-11-24,CUST1836,Female,46,Books,9,208.0,1872.0,4,2023,Middle Aged,High
TX044536,2023-11-24,CUST9500,Male,53,Beauty,20,188.0,3760.0,4,2023,Middle Aged,High
TX044537,2023-11-24,CUST8523,Male,23,Clothing,13,19.0,247.0,4,2023,Teenager,Medium
TX044538,2023-11-24,CUST7752,Female,23,Clothing,15,354.0,5310.0,4,2023,Teenager,High
TX044539,2023-11-24,CUST2480,Female,44,Books,17,144.0,2448.0,4,2023,Middle Aged,High
TX044540,2023-11-24,CUST5735,Female,58,Clothing,20,279.0,5580.0,4,2023,Middle Aged,High
TX044541,2023-11-24,CUST0280,Female,30,Sports,15,290.0,4350.0,4,2023,Youth,High
TX044542,2023-11-24,CUST2384,Female,68,Groceries,17,222.0,3774.0,4,2023,Retired,High
TX044543,2023-11-24,CUST6338,Male,62,Groceries,9,14.0,126.0,4,2023,Retired,Medium
TX044544,2023-11-24,CUST2145,Female,35,Groceries,20,231.0,4620.0,4,2023,Youth,High
TX044545,2023-11-24,CUST2334,Female,61,Groceries,7,294.0,2058.0,4,2023,Retired,High
TX044546,2023-11-24,CUST1689,Male,56,Clothing,18,284.0,5112.0,4,2023,Middle Aged,High
TX044547,2023-11-24,CUST7887,Male,32,Sports,9,177.0,1593.0,4,2023,Youth,High
TX044548,2023-11-24,CUST6175,Female,50,Clothing,11,17.0,187.0,4,2023,Middle Aged,Medium
TX044549,2023-11-24,CUST8111,Female,19,Electronics,18,255.0,4590.0,4,2023,Teenager,High
TX044550,2023-11-24,CUST8230,Female,18,Clothing,19,376.0,7144.0,4,2023,,High
TX044551,2023-11-24,CUST2157,Male,24,Clothing,9,393.0,3537.0,4,2023,Teenager,High
TX044552,2023-11-24,CUST0908,Female,63,Groceries,15,467.0,7005.0,4,2023,Retired,High
TX044553,2023-11-24,CUST8077,Male,36,Electronics,1,66.0,66.0,4,2023,Youth,Low
TX044554,2023-11-24,CUST2458,Male,22,Electronics,1,163.0,163.0,4,2023,Teenager,Medium
TX044555,2023-11-24,CUST5826,Female,33,Clothing,5,348.0,1740.0,4,2023,Youth,High
TX044556,2023-11-24,CUST4464,Male,26,Clothing,1,320.0,320.0,4,2023,Youth,Medium
TX044557,2023-11-24,CUST6801,Male,64,Books,3,96.0,288.0,4,2023,Retired,Medium
TX044558,2023-11-24,CUST8154,Male,25,Electronics,14,41.0,574.0,4,2023,Teenager,High
TX044559,2023-11-24,CUST9076,Female,35,Books,3,182.0,546.0,4,2023,Youth,High
TX044560,2023-11-24,CUST6510,Female,62,Sports,3,329.0,987.0,4,2023,Retired,High
TX044561,2023-11-24,CUST0830,Male,52,Beauty,14,267.0,3738.0,4,2023,Middle Aged,High
TX044562,2023-11-24,CUST8599,Male,62,Electronics,14,144.0,2016.0,4,2023,Retired,High
TX044563,2023-11-24,CUST9597,Female,66,Electronics,9,306.0,2754.0,4,2023,Retired,High
TX044564,2023-11-24,CUST5555,Female,62,Sports,18,496.0,8928.0,4,2023,Retired,High
TX044565,2023-11-24,CUST3663,Female,44,Groceries,14,260.0,3640.0,4,2023,Middle Aged,High
TX044566,2023-11-24,CUST7376,Female,70,Groceries,14,40.0,560.0,4,2023,Retired,High
TX044567,2023-11-24,CUST6887,Male,26,Beauty,19,481.0,9139.0,4,2023,Youth,High
TX044568,2023-11-24,CUST2125,Female,43,Electronics,7,378.0,2646.0,4,2023,Middle Aged,High
TX044569,2023-11-24,CUST4368,Male,52,Beauty,4,227.0,908.0,4,2023,Middle Aged,High
TX044570,2023-11-24,CUST5222,Male,24,Groceries,9,441.0,3969.0,4,2023,Teenager,High
TX044571,2023-11-24,CUST0139,Male,63,Beauty,2,490.0,980.0,4,2023,Retired,High
TX044572,2023-11-24,CUST8198,Female,59,Books,10,302.0,3020.0,4,2023,Middle Aged,High
TX044573,2023-11-24,CUST1889,Female,49,Books,9,415.0,3735.0,4,2023,Middle Aged,High
TX044574,2023-11-24,CUST3457,Male,54,Groceries,9,64.0,576.0,4,2023,Middle Aged,High
TX044575,2023-11-24,CUST0930,Male,58,Groceries,8,498.0,3984.0,4,2023,Middle Aged,High
TX044576,2023-11-24,CUST2585,Female,66,Sports,6,176.0,1056.0,4,2023,Retired,High
TX044577,2023-11-24,CUST0819,Male,61,Sports,7,242.0,1694.0,4,2023,Retired,High
TX044578,2023-11-24,CUST7137,Male,69,Groceries,10,266.0,2660.0,4,2023,Retired,High
TX044579,2023-11-24,CUST3969,Male,52,Electronics,18,307.0,5526.0,4,2023,Middle Aged,High
TX044580,2023-11-24,CUST8651,Female,18,Beauty,13,230.0,2990.0,4,2023,,High
TX044581,2023-11-24,CUST6573,Female,64,Electronics,4,164.0,656.0,4,2023,Retired,High
TX044582,2023-11-24,CUST4009,Male,46,Clothing,11,277.0,3047.0,4,2023,Middle Aged,High
TX044583,2023-11-24,CUST7067,Female,22,Books,13,95.0,1235.0,4,2023,Teenager,High
TX044584,2023-11-24,CUST5840,Female,42,Groceries,11,232.0,2552.0,4,2023,Middle Aged,High
TX044585,2023-11-24,CUST9273,Male,36,Electronics,15,471.0,7065.0,4,2023,Youth,High
TX044586,2023-11-24,CUST7033,Male,60,Clothing,18,73.0,1314.0,4,2023,Middle Aged,High
TX044587,2023-11-24,CUST7732,Female,50,Books,1,106.0,106.0,4,2023,Middle Aged,Medium
TX044588,2023-11-24,CUST5001,Female,25,Beauty,10,204.0,2040.0,4,2023,Teenager,High
TX044589,2023-11-24,CUST8585,Male,59,Sports,11,379.0,4169.0,4,2023,Middle Aged,High
TX044590,2023-11-24,CUST8028,Female,21,Electronics,19,64.0,1216.0,4,2023,Teenager,High
TX044591,2023-11-24,CUST1070,Male,26,Books,4,117.0,468.0,4,2023,Youth,Medium
TX044592,2023-11-24,CUST2220,Male,30,Groceries,1,363.0,363.0,4,2023,Youth,Medium
TX044593,2023-11-24,CUST1880,Female,28,Electronics,14,485.0,6790.0,4,2023,Youth,High
TX044594,2023-11-24,CUST5604,Female,40,Beauty,14,159.0,2226.0,4,2023,Youth,High
TX044595,2023-11-24,CUST1422,Female,63,Clothing,16,14.0,224.0,4,2023,Retired,Medium
TX044596,2023-11-24,CUST1912,Female,69,Beauty,16,222.0,3552.0,4,2023,Retired,High
TX044597,2023-11-24,CUST3995,Male,50,Electronics,5,487.0,2435.0,4,2023,Middle Aged,High
TX044598,2023-11-24,CUST2044,Female,37,Clothing,9,462.0,4158.0,4,2023,Youth,High
TX044599,2023-11-24,CUST5041,Male,40,Electronics,5,237.0,1185.0,4,2023,Youth,High
TX044600,2023-11-24,CUST7280,Male,44,Clothing,15,235.0,3525.0,4,2023,Middle Aged,High
TX044601,2023-11-24,CUST2105,Female,68,Books,9,377.0,3393.0,4,2023,Retired,High
TX044602,2023-11-24,CUST8334,Female,55,Sports,2,285.0,570.0,4,2023,Middle Aged,High
TX044603,2023-11-24,CUST7269,Male,33,Beauty,4,172.0,688.0,4,2023,Youth,High
TX044604,2023-11-24,CUST1751,Male,69,Beauty,16,90.0,1440.0,4,2023,Retired,High
TX044605,2023-11-24,CUST6464,Female,65,Groceries,3,101.0,303.0,4,2023,Retired,Medium
TX044606,2023-11-24,CUST6608,Male,26,Sports,1,339.0,339.0,4,2023,Youth,Medium
TX044607,2023-11-24,CUST8366,Male,64,Beauty,7,167.0,1169.0,4,2023,Retired,High
TX044608,2023-11-24,CUST5039,Female,67,Sports,17,52.0,884.0,4,2023,Retired,High
TX044609,2023-11-24,CUST4815,Male,44,Beauty,5,62.0,310.0,4,2023,Middle Aged,Medium
TX044610,2023-11-24,CUST2559,Female,65,Beauty,8,296.0,2368.0,4,2023,Retired,High
TX044611,2023-11-24,CUST2287,Female,26,Books,6,31.0,186.0,4,2023,Youth,Medium
TX044612,2023-11-24,CUST8421,Female,68,Clothing,10,319.0,3190.0,4,2023,Retired,High
TX044613,2023-11-24,CUST9844,Male,36,Sports,14,256.0,3584.0,4,2023,Youth,High
TX044614,2023-11-24,CUST4128,Male,62,Groceries,2,334.0,668.0,4,2023,Retired,High
TX044615,2023-11-24,CUST0786,Female,44,Groceries,16,422.0,6752.0,4,2023,Middle Aged,High
TX044616,2023-11-24,CUST9714,Female,37,Beauty,19,49.0,931.0,4,2023,Youth,High
TX044617,2023-11-24,CUST2942,Female,69,Groceries,4,426.0,1704.0,4,2023,Retired,High
TX044618,2023-11-24,CUST3492,Male,55,Electronics,8,117.0,936.0,4,2023,Middle Aged,High
TX044619,2023-11-24,CUST9247,Female,67,Beauty,12,83.0,996.0,4,2023,Retired,High
TX044620,2023-11-24,CUST3886,Female,20,Beauty,7,375.0,2625.0,4,2023,Teenager,High
TX044621,2023-11-24,CUST1314,Male,69,Books,6,241.0,1446.0,4,2023,Retired,High
TX044622,2023-11-24,CUST2556,Female,29,Books,18,367.0,6606.0,4,2023,Youth,High
TX044623,2023-11-24,CUST8322,Female,65,Books,10,487.0,4870.0,4,2023,Retired,High
TX044624,2023-11-24,CUST7954,Male,61,Beauty,3,180.0,540.0,4,2023,Retired,High
TX044625,2023-11-24,CUST3804,Female,21,Books,6,316.0,1896.0,4,2023,Teenager,High
TX044626,2023-11-24,CUST1522,Male,50,Sports,11,401.0,4411.0,4,2023,Middle Aged,High
TX044627,2023-11-24,CUST4801,Male,30,Electronics,20,255.0,5100.0,4,2023,Youth,High
TX044628,2023-11-24,CUST4640,Male,48,Electronics,18,345.0,6210.0,4,2023,Middle Aged,High
TX044629,2023-11-24,CUST0462,Male,34,Clothing,14,340.0,4760.0,4,2023,Youth,High
TX044630,2023-11-24,CUST2594,Male,58,Beauty,12,313.0,3756.0,4,2023,Middle Aged,High
TX044631,2023-11-24,CUST8904,Male,48,Clothing,8,124.0,992.0,4,2023,Middle Aged,High
TX044632,2023-11-24,CUST7957,Male,69,Groceries,4,464.0,1856.0,4,2023,Retired,High
TX044633,2023-11-24,CUST9262,Female,63,Electronics,12,470.0,5640.0,4,2023,Retired,High
TX044634,2023-11-24,CUST6151,Female,56,Electronics,5,315.0,1575.0,4,2023,Middle Aged,High
TX044635,2023-11-24,CUST9651,Female,53,Books,1,425.0,425.0,4,2023,Middle Aged,Medium
TX044636,2023-11-24,CUST1745,Male,27,Beauty,15,265.0,3975.0,4,2023,Youth,High
TX044637,2023-11-24,CUST5658,Female,30,Groceries,11,323.0,3553.0,4,2023,Youth,High
TX044638,2023-11-24,CUST5595,Male,28,Clothing,6,494.0,2964.0,4,2023,Youth,High
TX044639,2023-11-24,CUST2127,Male,63,Books,1,104.0,104.0,4,2023,Retired,Medium
TX044640,2023-11-24,CUST6193,Male,35,Sports,2,263.0,526.0,4,2023,Youth,High
TX044641,2023-11-24,CUST0136,Female,18,Groceries,8,496.0,3968.0,4,2023,,High
TX044642,2023-11-24,CUST7310,Female,22,Groceries,14,334.0,4676.0,4,2023,Teenager,High
TX044643,2023-11-24,CUST0520,Female,50,Electronics,9,39.0,351.0,4,2023,Middle Aged,Medium
TX044644,2023-11-24,CUST0760,Male,45,Beauty,3,315.0,945.0,4,2023,Middle Aged,High
TX044645,2023-11-24,CUST2289,Male,33,Books,7,10.0,70.0,4,2023,Youth,Low
TX044646,2023-11-24,CUST2830,Female,28,Electronics,13,371.0,4823.0,4,2023,Youth,High
TX044647,2023-11-24,CUST3574,Male,26,Beauty,16,213.0,3408.0,4,2023,Youth,High
TX044648,2023-11-24,CUST0490,Male,19,Beauty,4,336.0,1344.0,4,2023,Teenager,High
TX044649,2023-11-24,CUST1086,Male,36,Sports,8,315.0,2520.0,4,2023,Youth,High
TX044650,2023-11-24,CUST9688,Male,30,Sports,6,475.0,2850.0,4,2023,Youth,High
TX044651,2023-11-24,CUST8517,Female,30,Sports,20,148.0,2960.0,4,2023,Youth,High
TX044652,2023-11-24,CUST9192,Male,51,Books,16,428.0,6848.0,4,2023,Middle Aged,High
TX044653,2023-11-24,CUST7120,Female,48,Books,13,26.0,338.0,4,2023,Middle Aged,Medium
TX044654,2023-11-24,CUST2315,Female,21,Beauty,12,154.0,1848.0,4,2023,Teenager,High
TX044655,2023-11-24,CUST5965,Female,64,Clothing,8,66.0,528.0,4,2023,Retired,High
TX044656,2023-11-24,CUST7257,Male,68,Books,3,57.0,171.0,4,2023,Retired,Medium
TX044657,2023-11-24,CUST4218,Female,49,Groceries,9,237.0,2133.0,4,2023,Middle Aged,High
TX044658,2023-11-24,CUST4992,Male,56,Clothing,16,286.0,4576.0,4,2023,Middle Aged,High
TX044659,2023-11-24,CUST9887,Female,48,Sports,16,135.0,2160.0,4,2023,Middle Aged,High
TX044660,2023-11-24,CUST4826,Female,60,Beauty,12,425.0,5100.0,4,2023,Middle Aged,High
TX044661,2023-11-24,CUST7917,Male,43,Books,15,103.0,1545.0,4,2023,Middle Aged,High
TX044662,2023-11-24,CUST3687,Male,61,Electronics,20,407.0,8140.0,4,2023,Retired,High
TX044663,2023-11-24,CUST9951,Female,44,Beauty,8,32.0,256.0,4,2023,Middle Aged,Medium
TX044664,2023-11-24,CUST2023,Female,49,Sports,16,304.0,4864.0,4,2023,Middle Aged,High
TX044665,2023-11-24,CUST7324,Male,25,Beauty,2,301.0,602.0,4,2023,Teenager,High
TX044666,2023-11-24,CUST6323,Male,53,Groceries,5,171.0,855.0,4,2023,Middle Aged,High
TX044667,2023-11-24,CUST7033,Male,64,Books,4,408.0,1632.0,4,2023,Retired,High
TX044668,2023-11-24,CUST1728,Female,33,Electronics,5,124.0,620.0,4,2023,Youth,High
TX044669,2023-11-24,CUST4001,Female,22,Books,15,92.0,1380.0,4,2023,Teenager,High
TX044670,2023-11-24,CUST2982,Male,41,Books,17,176.0,2992.0,4,2023,Middle Aged,High
TX044671,2023-11-24,CUST4674,Male,51,Groceries,13,472.0,6136.0,4,2023,Middle Aged,High
TX044672,2023-11-24,CUST3192,Female,69,Clothing,5,14.0,70.0,4,2023,Retired,Low
TX044673,2023-11-24,CUST3364,Male,54,Clothing,7,331.0,2317.0,4,2023,Middle Aged,High
TX044674,2023-11-24,CUST1273,Male,56,Electronics,12,219.0,2628.0,4,2023,Middle Aged,High
TX044675,2023-11-24,CUST2942,Male,23,Groceries,18,326.0,5868.0,4,2023,Teenager,High
TX044676,2023-11-24,CUST1885,Female,37,Groceries,8,119.0,952.0,4,2023,Youth,High
TX044677,2023-11-24,CUST4991,Male,57,Electronics,7,151.0,1057.0,4,2023,Middle Aged,High
TX044678,2023-11-24,CUST7304,Male,32,Groceries,20,224.0,4480.0,4,2023,Youth,High
TX044679,2023-11-24,CUST8666,Female,18,Books,7,147.0,1029.0,4,2023,,High
TX044680,2023-11-24,CUST6079,Female,52,Groceries,3,192.0,576.0,4,2023,Middle Aged,High
TX044681,2023-11-24,CUST8583,Female,66,Beauty,3,316.0,948.0,4,2023,Retired,High
TX044682,2023-11-24,CUST8739,Female,68,Sports,2,458.0,916.0,4,2023,Retired,High
TX044683,2023-11-24,CUST5781,Male,50,Electronics,6,389.0,2334.0,4,2023,Middle Aged,High
TX044684,2023-11-24,CUST1156,Male,28,Books,8,57.0,456.0,4,2023,Youth,Medium
TX044685,2023-11-24,CUST0475,Male,26,Sports,5,61.0,305.0,4,2023,Youth,Medium
TX044686,2023-11-24,CUST0799,Male,62,Electronics,2,335.0,670.0,4,2023,Retired,High
TX044687,2023-11-24,CUST8420,Male,29,Clothing,18,492.0,8856.0,4,2023,Youth,High
TX044688,2023-11-24,CUST0102,Female,56,Electronics,13,140.0,1820.0,4,2023,Middle Aged,High
TX044689,2023-11-24,CUST9203,Male,69,Books,16,143.0,2288.0,4,2023,Retired,High
TX044690,2023-11-24,CUST7080,Male,64,Beauty,5,190.0,950.0,4,2023,Retired,High
TX044691,2023-11-24,CUST9326,Female,35,Groceries,18,142.0,2556.0,4,2023,Youth,High
TX044692,2023-11-24,CUST0712,Male,18,Sports,8,420.0,3360.0,4,2023,,High
TX044693,2023-11-24,CUST6972,Female,33,Electronics,15,299.0,4485.0,4,2023,Youth,High
TX044694,2023-11-24,CUST1568,Male,57,Books,1,410.0,410.0,4,2023,Middle Aged,Medium
TX044695,2023-11-24,CUST7681,Male,52,Clothing,12,108.0,1296.0,4,2023,Middle Aged,High
TX044696,2023-11-24,CUST1232,Male,63,Beauty,8,102.0,816.0,4,2023,Retired,High
TX044697,2023-11-24,CUST0289,Female,32,Groceries,18,413.0,7434.0,4,2023,Youth,High
TX044698,2023-11-24,CUST8566,Male,55,Sports,18,16.0,288.0,4,2023,Middle Aged,Medium
TX044699,2023-11-24,CUST6632,Male,33,Books,5,47.0,235.0,4,2023,Youth,Medium
TX044700,2023-11-24,CUST7503,Female,28,Beauty,15,235.0,3525.0,4,2023,Youth,High
TX044701,2023-11-24,CUST4633,Female,56,Clothing,16,134.0,2144.0,4,2023,Middle Aged,High
TX044702,2023-11-24,CUST3307,Male,39,Groceries,18,252.0,4536.0,4,2023,Youth,High
TX044703,2023-11-24,CUST1363,Male,42,Beauty,4,499.0,1996.0,4,2023,Middle Aged,High
TX044704,2023-11-24,CUST2929,Male,68,Sports,16,379.0,6064.0,4,2023,Retired,High
TX044705,2023-11-24,CUST7416,Male,64,Sports,7,302.0,2114.0,4,2023,Retired,High
TX044706,2023-11-24,CUST6206,Male,46,Groceries,16,181.0,2896.0,4,2023,Middle Aged,High
TX044707,2023-11-24,CUST8363,Male,18,Beauty,20,64.0,1280.0,4,2023,,High
TX044708,2023-11-24,CUST0403,Male,61,Books,2,51.0,102.0,4,2023,Retired,Medium
TX044709,2023-11-24,CUST3775,Female,41,Electronics,15,432.0,6480.0,4,2023,Middle Aged,High
TX044710,2023-11-24,CUST0241,Female,33,Groceries,15,364.0,5460.0,4,2023,Youth,High
TX044711,2023-11-24,CUST7499,Female,18,Groceries,19,272.0,5168.0,4,2023,,High
TX044712,2023-11-24,CUST1186,Female,39,Clothing,4,265.0,1060.0,4,2023,Youth,High
TX044713,2023-11-24,CUST0675,Male,41,Clothing,2,74.0,148.0,4,2023,Middle Aged,Medium
TX044714,2023-11-24,CUST9716,Female,56,Sports,20,287.0,5740.0,4,2023,Middle Aged,High
TX044715,2023-11-24,CUST3086,Male,67,Groceries,16,357.0,5712.0,4,2023,Retired,High
TX044716,2023-11-24,CUST0311,Female,59,Beauty,14,259.0,3626.0,4,2023,Middle Aged,High
TX044717,2023-11-24,CUST4249,Female,67,Sports,2,247.0,494.0,4,2023,Retired,Medium
TX044718,2023-11-24,CUST2994,Female,46,Groceries,11,478.0,5258.0,4,2023,Middle Aged,High
TX044719,2023-11-24,CUST8934,Male,47,Books,1,36.0,36.0,4,2023,Middle Aged,Low
TX044720,2023-11-24,CUST0423,Male,62,Beauty,2,240.0,480.0,4,2023,Retired,Medium
TX044721,2023-11-24,CUST3077,Male,36,Beauty,20,193.0,3860.0,4,2023,Youth,High
TX044722,2023-11-24,CUST7832,Female,18,Groceries,18,215.0,3870.0,4,2023,,High
TX044723,2023-11-24,CUST8654,Female,52,Clothing,13,304.0,3952.0,4,2023,Middle Aged,High
TX044724,2023-11-24,CUST9794,Female,19,Groceries,19,40.0,760.0,4,2023,Teenager,High
TX044725,2023-11-24,CUST2701,Male,30,Books,4,164.0,656.0,4,2023,Youth,High
TX044726,2023-11-24,CUST4861,Male,67,Sports,2,496.0,992.0,4,2023,Retired,High
TX044727,2023-11-24,CUST7443,Female,31,Books,9,343.0,3087.0,4,2023,Youth,High
TX044728,2023-11-24,CUST9701,Male,51,Electronics,4,192.0,768.0,4,2023,Middle Aged,High
TX044729,2023-11-24,CUST9557,Male,46,Clothing,11,402.0,4422.0,4,2023,Middle Aged,High
TX044730,2023-11-24,CUST9260,Male,51,Clothing,18,125.0,2250.0,4,2023,Middle Aged,High
TX044731,2023-11-24,CUST3045,Male,54,Electronics,15,315.0,4725.0,4,2023,Middle Aged,High
TX044732,2023-11-24,CUST7623,Male,64,Groceries,9,31.0,279.0,4,2023,Retired,Medium
TX044733,2023-11-24,CUST5732,Male,34,Groceries,18,441.0,7938.0,4,2023,Youth,High
TX044734,2023-11-24,CUST2806,Female,33,Beauty,9,420.0,3780.0,4,2023,Youth,High
TX044735,2023-11-24,CUST3243,Female,66,Beauty,1,487.0,487.0,4,2023,Retired,Medium
TX044736,2023-11-24,CUST4001,Female,28,Groceries,10,375.0,3750.0,4,2023,Youth,High
TX044737,2023-11-24,CUST8078,Female,66,Groceries,3,306.0,918.0,4,2023,Retired,High
TX044738,2023-11-24,CUST7951,Female,44,Books,18,450.0,8100.0,4,2023,Middle Aged,High
TX044739,2023-11-24,CUST4436,Male,50,Sports,13,112.0,1456.0,4,2023,Middle Aged,High
TX044740,2023-11-24,CUST4373,Female,62,Beauty,15,119.0,1785.0,4,2023,Retired,High
TX044741,2023-11-24,CUST6189,Female,58,Books,6,26.0,156.0,4,2023,Middle Aged,Medium
TX044742,2023-11-24,CUST8687,Female,44,Electronics,14,250.0,3500.0,4,2023,Middle Aged,High
TX044743,2023-11-24,CUST7164,Female,46,Groceries,7,426.0,2982.0,4,2023,Middle Aged,High
TX044744,2023-11-24,CUST4147,Female,53,Clothing,16,288.0,4608.0,4,2023,Middle Aged,High
TX044745,2023-11-24,CUST9299,Male,44,Electronics,8,27.0,216.0,4,2023,Middle Aged,Medium
TX044746,2023-11-24,CUST1851,Female,39,Clothing,5,180.0,900.0,4,2023,Youth,High
TX044747,2023-11-24,CUST4013,Male,55,Books,11,458.0,5038.0,4,2023,Middle Aged,High
TX044748,2023-11-24,CUST4603,Male,58,Clothing,20,230.0,4600.0,4,2023,Middle Aged,High
TX044749,2023-11-24,CUST7623,Female,34,Sports,3,379.0,1137.0,4,2023,Youth,High
TX044750,2023-11-24,CUST7494,Female,36,Clothing,1,285.0,285.0,4,2023,Youth,Medium
TX044751,2023-11-24,CUST2219,Female,41,Electronics,3,165.0,495.0,4,2023,Middle Aged,Medium
TX044752,2023-11-24,CUST0588,Female,70,Books,10,134.0,1340.0,4,2023,Retired,High
TX044753,2023-11-24,CUST3394,Male,62,Books,12,420.0,5040.0,4,2023,Retired,High
TX044754,2023-11-24,CUST1072,Female,26,Books,15,209.0,3135.0,4,2023,Youth,High
TX044755,2023-11-24,CUST8942,Male,66,Electronics,20,301.0,6020.0,4,2023,Retired,High
TX044756,2023-11-24,CUST3644,Female,44,Electronics,3,253.0,759.0,4,2023,Middle Aged,High
TX044757,2023-11-24,CUST9315,Male,36,Clothing,1,20.0,20.0,4,2023,Youth,Low
TX044758,2023-11-24,CUST3537,Male,70,Books,17,21.0,357.0,4,2023,Retired,Medium
TX044759,2023-11-24,CUST4654,Female,49,Clothing,19,127.0,2413.0,4,2023,Middle Aged,High
TX044760,2023-11-24,CUST4792,Male,21,Electronics,3,349.0,1047.0,4,2023,Teenager,High
TX044761,2023-11-24,CUST5279,Female,45,Beauty,14,29.0,406.0,4,2023,Middle Aged,Medium
TX044762,2023-11-24,CUST3827,Female,67,Sports,18,316.0,5688.0,4,2023,Retired,High
TX044763,2023-11-24,CUST5930,Female,33,Groceries,11,347.0,3817.0,4,2023,Youth,High
TX044764,2023-11-24,CUST4992,Male,62,Sports,14,121.0,1694.0,4,2023,Retired,High
TX044765,2023-11-24,CUST2484,Male,48,Books,13,101.0,1313.0,4,2023,Middle Aged,High
TX044766,2023-11-24,CUST0728,Female,19,Electronics,4,165.0,660.0,4,2023,Teenager,High
TX044767,2023-11-24,CUST6445,Male,68,Books,20,303.0,6060.0,4,2023,Retired,High
TX044768,2023-11-24,CUST8789,Female,27,Sports,7,307.0,2149.0,4,2023,Youth,High
TX044769,2023-11-24,CUST8750,Male,22,Clothing,12,24.0,288.0,4,2023,Teenager,Medium
TX044770,2023-11-24,CUST1015,Male,36,Beauty,7,485.0,3395.0,4,2023,Youth,High
TX044771,2023-11-24,CUST3954,Female,67,Groceries,8,478.0,3824.0,4,2023,Retired,High
TX044772,2023-11-24,CUST4678,Male,47,Sports,11,444.0,4884.0,4,2023,Middle Aged,High
TX044773,2023-11-24,CUST6267,Female,63,Electronics,2,200.0,400.0,4,2023,Retired,Medium
TX044774,2023-11-24,CUST9976,Male,21,Sports,15,98.0,1470.0,4,2023,Teenager,High
TX044775,2023-11-24,CUST7377,Female,28,Sports,12,283.0,3396.0,4,2023,Youth,High
TX044776,2023-11-24,CUST7271,Male,63,Sports,11,335.0,3685.0,4,2023,Retired,High
TX044777,2023-11-24,CUST5024,Female,35,Electronics,2,471.0,942.0,4,2023,Youth,High
TX044778,2023-11-24,CUST6684,Female,23,Books,8,235.0,1880.0,4,2023,Teenager,High
TX044779,2023-11-24,CUST6745,Male,68,Beauty,18,160.0,2880.0,4,2023,Retired,High
TX044780,2023-11-24,CUST3647,Male,33,Beauty,12,171.0,2052.0,4,2023,Youth,High
TX044781,2023-11-24,CUST1663,Male,52,Beauty,4,488.0,1952.0,4,2023,Middle Aged,High
TX044782,2023-11-24,CUST2101,Female,65,Electronics,8,68.0,544.0,4,2023,Retired,High
TX044783,2023-11-24,CUST6322,Female,63,Clothing,19,146.0,2774.0,4,2023,Retired,High
TX044784,2023-11-24,CUST5234,Female,44,Sports,17,361.0,6137.0,4,2023,Middle Aged,High
TX044785,2023-11-24,CUST7747,Male,51,Electronics,14,373.0,5222.0,4,2023,Middle Aged,High
TX044786,2023-11-24,CUST4876,Male,21,Clothing,8,415.0,3320.0,4,2023,Teenager,High
TX044787,2023-11-24,CUST7085,Male,53,Groceries,9,269.0,2421.0,4,2023,Middle Aged,High
TX044788,2023-11-24,CUST2983,Female,67,Sports,3,155.0,465.0,4,2023,Retired,Medium
TX044789,2023-11-24,CUST6958,Female,61,Clothing,1,158.0,158.0,4,2023,Retired,Medium
TX044790,2023-11-24,CUST7675,Male,26,Sports,12,425.0,5100.0,4,2023,Youth,High
TX044791,2023-11-24,CUST1405,Female,26,Books,11,450.0,4950.0,4,2023,Youth,High
TX044792,2023-11-24,CUST9911,Male,37,Electronics,20,105.0,2100.0,4,2023,Youth,High
TX044793,2023-11-24,CUST7603,Male,55,Electronics,5,382.0,1910.0,4,2023,Middle Aged,High
TX044794,2023-11-24,CUST5411,Male,41,Groceries,2,241.0,482.0,4,2023,Middle Aged,Medium
TX044795,2023-11-24,CUST7209,Male,32,Sports,7,445.0,3115.0,4,2023,Youth,High
TX044796,2023-11-24,CUST7553,Male,23,Sports,13,425.0,5525.0,4,2023,Teenager,High
TX044797,2023-11-24,CUST7446,Female,23,Clothing,19,316.0,6004.0,4,2023,Teenager,High
TX044798,2023-11-24,CUST3118,Female,29,Books,18,151.0,2718.0,4,2023,Youth,High
TX044799,2023-11-24,CUST8182,Male,32,Electronics,4,323.0,1292.0,4,2023,Youth,High
TX044800,2023-11-24,CUST4033,Male,33,Electronics,11,305.0,3355.0,4,2023,Youth,High
TX044801,2023-11-24,CUST8253,Female,28,Groceries,4,122.0,488.0,4,2023,Youth,Medium
TX044802,2023-11-24,CUST9316,Female,60,Clothing,7,266.0,1862.0,4,2023,Middle Aged,High
TX044803,2023-11-24,CUST4297,Male,39,Clothing,12,83.0,996.0,4,2023,Youth,High
TX044804,2023-11-24,CUST8811,Female,68,Electronics,7,18.0,126.0,4,2023,Retired,Medium
TX044805,2023-11-24,CUST3490,Female,41,Clothing,2,454.0,908.0,4,2023,Middle Aged,High
TX044806,2023-11-24,CUST8346,Male,28,Groceries,7,23.0,161.0,4,2023,Youth,Medium
TX044807,2023-11-24,CUST3438,Male,19,Groceries,5,421.0,2105.0,4,2023,Teenager,High
TX044808,2023-11-24,CUST3246,Male,45,Clothing,18,329.0,5922.0,4,2023,Middle Aged,High
TX044809,2023-11-24,CUST3591,Male,70,Beauty,5,444.0,2220.0,4,2023,Retired,High
TX044810,2023-11-24,CUST0989,Male,42,Beauty,6,491.0,2946.0,4,2023,Middle Aged,High
TX044811,2023-11-24,CUST3904,Female,51,Sports,7,402.0,2814.0,4,2023,Middle Aged,High
TX044812,2023-11-24,CUST1341,Female,60,Clothing,11,40.0,440.0,4,2023,Middle Aged,Medium
TX044813,2023-11-24,CUST6139,Male,22,Beauty,3,183.0,549.0,4,2023,Teenager,High
TX044814,2023-11-24,CUST1711,Male,37,Beauty,17,253.0,4301.0,4,2023,Youth,High
TX044815,2023-11-24,CUST2093,Male,53,Books,6,46.0,276.0,4,2023,Middle Aged,Medium
TX044816,2023-11-24,CUST9219,Male,38,Beauty,12,474.0,5688.0,4,2023,Youth,High
TX044817,2023-11-24,CUST4455,Female,70,Books,6,403.0,2418.0,4,2023,Retired,High
TX044818,2023-11-24,CUST7075,Female,70,Clothing,9,57.0,513.0,4,2023,Retired,High
TX044819,2023-11-24,CUST5769,Male,44,Clothing,9,327.0,2943.0,4,2023,Middle Aged,High
TX044820,2023-11-24,CUST3444,Female,64,Sports,16,403.0,6448.0,4,2023,Retired,High
TX044821,2023-11-24,CUST9132,Female,56,Groceries,5,37.0,185.0,4,2023,Middle Aged,Medium
TX044822,2023-11-24,CUST8491,Female,65,Sports,16,48.0,768.0,4,2023,Retired,High
TX044823,2023-11-24,CUST8281,Male,69,Sports,15,365.0,5475.0,4,2023,Retired,High
TX044824,2023-11-24,CUST4611,Male,31,Groceries,18,67.0,1206.0,4,2023,Youth,High
TX044825,2023-11-24,CUST0404,Male,36,Sports,13,369.0,4797.0,4,2023,Youth,High
TX044826,2023-11-24,CUST1125,Male,56,Groceries,7,305.0,2135.0,4,2023,Middle Aged,High
TX044827,2023-11-24,CUST1265,Female,60,Clothing,16,354.0,5664.0,4,2023,Middle Aged,High
TX044828,2023-11-24,CUST6910,Male,42,Clothing,12,413.0,4956.0,4,2023,Middle Aged,High
TX044829,2023-11-24,CUST6721,Female,68,Groceries,20,129.0,2580.0,4,2023,Retired,High
TX044830,2023-11-24,CUST2197,Female,38,Clothing,13,131.0,1703.0,4,2023,Youth,High
TX044831,2023-11-24,CUST1277,Male,51,Books,14,124.0,1736.0,4,2023,Middle Aged,High
TX044832,2023-11-24,CUST2739,Male,26,Beauty,12,219.0,2628.0,4,2023,Youth,High
TX044833,2023-11-24,CUST7976,Male,39,Beauty,2,493.0,986.0,4,2023,Youth,High
TX044834,2023-11-24,CUST6142,Female,52,Sports,11,354.0,3894.0,4,2023,Middle Aged,High
TX044835,2023-11-24,CUST3134,Male,54,Beauty,10,181.0,1810.0,4,2023,Middle Aged,High
TX044836,2023-11-24,CUST6787,Male,59,Sports,3,275.0,825.0,4,2023,Middle Aged,High
TX044837,2023-11-24,CUST1064,Male,58,Sports,15,337.0,5055.0,4,2023,Middle Aged,High
TX044838,2023-11-24,CUST6865,Male,44,Groceries,9,364.0,3276.0,4,2023,Middle Aged,High
TX044839,2023-11-24,CUST7371,Female,24,Sports,11,143.0,1573.0,4,2023,Teenager,High
TX044840,2023-11-24,CUST0479,Female,45,Sports,9,316.0,2844.0,4,2023,Middle Aged,High
TX044841,2023-11-24,CUST8754,Female,36,Beauty,11,461.0,5071.0,4,2023,Youth,High
TX044842,2023-11-24,CUST1586,Female,49,Books,8,427.0,3416.0,4,2023,Middle Aged,High
TX044843,2023-11-24,CUST8925,Female,32,Books,2,181.0,362.0,4,2023,Youth,Medium
TX044844,2023-11-24,CUST3643,Female,34,Sports,5,315.0,1575.0,4,2023,Youth,High
TX044845,2023-11-24,CUST1636,Male,67,Clothing,4,125.0,500.0,4,2023,Retired,Medium
TX044846,2023-11-24,CUST4465,Male,68,Groceries,17,231.0,3927.0,4,2023,Retired,High
TX044847,2023-11-24,CUST7439,Female,66,Beauty,20,320.0,6400.0,4,2023,Retired,High
TX044848,2023-11-24,CUST9183,Male,23,Electronics,19,91.0,1729.0,4,2023,Teenager,High
TX044849,2023-11-24,CUST3091,Male,44,Books,4,85.0,340.0,4,2023,Middle Aged,Medium
TX044850,2023-11-24,CUST6658,Female,45,Sports,19,132.0,2508.0,4,2023,Middle Aged,High
TX044851,2023-11-24,CUST1479,Female,42,Sports,1,283.0,283.0,4,2023,Middle Aged,Medium
TX044852,2023-11-24,CUST1480,Male,24,Electronics,6,152.0,912.0,4,2023,Teenager,High
TX044853,2023-11-24,CUST9208,Male,54,Electronics,4,189.0,756.0,4,2023,Middle Aged,High
TX044854,2023-11-24,CUST6357,Female,36,Electronics,1,83.0,83.0,4,2023,Youth,Low
TX044855,2023-11-24,CUST6795,Male,33,Electronics,6,467.0,2802.0,4,2023,Youth,High
TX044856,2023-11-24,CUST0005,Female,68,Clothing,15,122.0,1830.0,4,2023,Retired,High
TX044857,2023-11-24,CUST7793,Female,62,Groceries,13,101.0,1313.0,4,2023,Retired,High
TX044858,2023-11-24,CUST0517,Female,56,Clothing,10,212.0,2120.0,4,2023,Middle Aged,High
TX044859,2023-11-24,CUST2301,Female,55,Books,17,492.0,8364.0,4,2023,Middle Aged,High
TX044860,2023-11-24,CUST1188,Female,58,Clothing,1,54.0,54.0,4,2023,Middle Aged,Low
TX044861,2023-11-24,CUST9756,Male,45,Beauty,16,195.0,3120.0,4,2023,Middle Aged,High
TX044862,2023-11-24,CUST9708,Male,57,Clothing,6,36.0,216.0,4,2023,Middle Aged,Medium
TX044863,2023-11-24,CUST0024,Female,56,Clothing,1,377.0,377.0,4,2023,Middle Aged,Medium
TX044864,2023-11-24,CUST5893,Female,36,Books,8,358.0,2864.0,4,2023,Youth,High
TX044865,2023-11-24,CUST5473,Female,23,Beauty,18,145.0,2610.0,4,2023,Teenager,High
TX044866,2023-11-24,CUST2499,Male,22,Books,7,73.0,511.0,4,2023,Teenager,High
TX044867,2023-11-24,CUST9922,Male,38,Groceries,16,458.0,7328.0,4,2023,Youth,High
TX044868,2023-11-24,CUST5098,Female,60,Books,7,428.0,2996.0,4,2023,Middle Aged,High
TX044869,2023-11-24,CUST1475,Male,29,Electronics,13,278.0,3614.0,4,2023,Youth,High
TX044870,2023-11-24,CUST8413,Female,70,Groceries,15,91.0,1365.0,4,2023,Retired,High
TX044871,2023-11-24,CUST2383,Male,40,Groceries,2,434.0,868.0,4,2023,Youth,High
TX044872,2023-11-24,CUST8070,Female,25,Beauty,5,370.0,1850.0,4,2023,Teenager,High
TX044873,2023-11-24,CUST7880,Male,56,Groceries,11,180.0,1980.0,4,2023,Middle Aged,High
TX044874,2023-11-24,CUST9832,Female,60,Sports,1,411.0,411.0,4,2023,Middle Aged,Medium
TX044875,2023-11-24,CUST6702,Female,20,Beauty,16,24.0,384.0,4,2023,Teenager,Medium
TX044876,2023-11-24,CUST1168,Male,63,Electronics,14,99.0,1386.0,4,2023,Retired,High
TX044877,2023-11-24,CUST5952,Male,44,Sports,5,131.0,655.0,4,2023,Middle Aged,High
TX044878,2023-11-24,CUST9278,Female,26,Beauty,4,148.0,592.0,4,2023,Youth,High
TX044879,2023-11-24,CUST4584,Male,34,Groceries,13,84.0,1092.0,4,2023,Youth,High
TX044880,2023-11-24,CUST5414,Female,34,Beauty,8,113.0,904.0,4,2023,Youth,High
TX044881,2023-11-24,CUST3882,Male,43,Electronics,2,14.0,28.0,4,2023,Middle Aged,Low
TX044882,2023-11-24,CUST1174,Female,48,Electronics,6,186.0,1116.0,4,2023,Middle Aged,High
TX044883,2023-11-24,CUST4968,Female,53,Beauty,3,48.0,144.0,4,2023,Middle Aged,Medium
TX044884,2023-11-24,CUST9561,Female,63,Books,14,264.0,3696.0,4,2023,Retired,High
TX044885,2023-11-24,CUST7575,Male,32,Clothing,11,249.0,2739.0,4,2023,Youth,High
TX044886,2023-11-24,CUST1602,Female,62,Clothing,6,221.0,1326.0,4,2023,Retired,High
TX044887,2023-11-24,CUST5063,Male,38,Clothing,12,34.0,408.0,4,2023,Youth,Medium
TX044888,2023-11-24,CUST2028,Male,28,Beauty,4,346.0,1384.0,4,2023,Youth,High
TX044889,2023-11-24,CUST7146,Female,65,Groceries,7,307.0,2149.0,4,2023,Retired,High
TX044890,2023-11-24,CUST5826,Female,63,Electronics,17,106.0,1802.0,4,2023,Retired,High
TX044891,2023-11-24,CUST4546,Female,26,Clothing,11,426.0,4686.0,4,2023,Youth,High
TX044892,2023-11-24,CUST3380,Male,54,Clothing,7,201.0,1407.0,4,2023,Middle Aged,High
TX044893,2023-11-24,CUST3724,Male,35,Groceries,19,134.0,2546.0,4,2023,Youth,High
TX044894,2023-11-24,CUST8137,Female,36,Groceries,6,253.0,1518.0,4,2023,Youth,High
TX044895,2023-11-24,CUST4874,Female,42,Electronics,4,33.0,132.0,4,2023,Middle Aged,Medium
TX044896,2023-11-24,CUST5889,Female,69,Clothing,6,38.0,228.0,4,2023,Retired,Medium
TX044897,2023-11-24,CUST5295,Male,37,Books,4,79.0,316.0,4,2023,Youth,Medium
TX044898,2023-11-24,CUST8530,Female,38,Electronics,10,264.0,2640.0,4,2023,Youth,High
TX044899,2023-11-24,CUST1541,Male,33,Groceries,17,265.0,4505.0,4,2023,Youth,High
TX044900,2023-11-24,CUST9267,Male,60,Groceries,4,43.0,172.0,4,2023,Middle Aged,Medium
TX044901,2023-11-24,CUST7879,Male,26,Sports,12,412.0,4944.0,4,2023,Youth,High
TX044902,2023-11-24,CUST3863,Male,57,Electronics,17,239.0,4063.0,4,2023,Middle Aged,High
TX044903,2023-11-24,CUST8590,Female,34,Books,20,405.0,8100.0,4,2023,Youth,High
TX044904,2023-11-24,CUST1560,Female,36,Beauty,5,206.0,1030.0,4,2023,Youth,High
TX044905,2023-11-24,CUST9261,Female,39,Beauty,9,22.0,198.0,4,2023,Youth,Medium
TX044906,2023-11-24,CUST3116,Male,28,Books,20,291.0,5820.0,4,2023,Youth,High
TX044907,2023-11-24,CUST7924,Female,53,Beauty,10,230.0,2300.0,4,2023,Middle Aged,High
TX044908,2023-11-24,CUST6554,Female,43,Clothing,12,137.0,1644.0,4,2023,Middle Aged,High
TX044909,2023-11-24,CUST7439,Male,28,Electronics,19,189.0,3591.0,4,2023,Youth,High
TX044910,2023-11-24,CUST5237,Female,21,Beauty,14,226.0,3164.0,4,2023,Teenager,High
TX044911,2023-11-24,CUST0286,Male,50,Electronics,12,332.0,3984.0,4,2023,Middle Aged,High
TX044912,2023-11-24,CUST9069,Male,25,Clothing,4,127.0,508.0,4,2023,Teenager,High
TX044913,2023-11-24,CUST3247,Female,30,Electronics,3,234.0,702.0,4,2023,Youth,High
TX044914,2023-11-24,CUST3984,Female,61,Sports,19,162.0,3078.0,4,2023,Retired,High
TX044915,2023-11-24,CUST2117,Male,30,Electronics,19,359.0,6821.0,4,2023,Youth,High
TX044916,2023-11-24,CUST4684,Male,70,Sports,6,453.0,2718.0,4,2023,Retired,High
TX044917,2023-11-24,CUST5199,Male,55,Beauty,5,243.0,1215.0,4,2023,Middle Aged,High
TX044918,2023-11-24,CUST0487,Female,43,Sports,11,366.0,4026.0,4,2023,Middle Aged,High
TX044919,2023-11-24,CUST6895,Female,47,Beauty,7,427.0,2989.0,4,2023,Middle Aged,High
TX044920,2023-11-24,CUST1755,Male,66,Beauty,12,475.0,5700.0,4,2023,Retired,High
TX044921,2023-11-24,CUST0726,Male,63,Books,14,155.0,2170.0,4,2023,Retired,High
TX044922,2023-11-24,CUST3348,Male,32,Books,12,365.0,4380.0,4,2023,Youth,High
TX044923,2023-11-24,CUST1809,Male,61,Sports,20,134.0,2680.0,4,2023,Retired,High
TX044924,2023-11-24,CUST0202,Male,18,Beauty,8,37.0,296.0,4,2023,,Medium
TX044925,2023-11-24,CUST8592,Female,33,Books,5,394.0,1970.0,4,2023,Youth,High
TX044926,2023-11-24,CUST4667,Female,40,Clothing,20,269.0,5380.0,4,2023,Youth,High
TX044927,2023-11-24,CUST6631,Female,25,Groceries,18,402.0,7236.0,4,2023,Teenager,High
TX044928,2023-11-24,CUST8299,Male,22,Sports,16,403.0,6448.0,4,2023,Teenager,High
TX044929,2023-11-24,CUST0225,Female,45,Electronics,8,139.0,1112.0,4,2023,Middle Aged,High
TX044930,2023-11-24,CUST3663,Male,66,Groceries,13,384.0,4992.0,4,2023,Retired,High
TX044931,2023-11-24,CUST3958,Male,64,Books,8,266.0,2128.0,4,2023,Retired,High
TX044932,2023-11-24,CUST0576,Female,58,Books,17,352.0,5984.0,4,2023,Middle Aged,High
TX044933,2023-11-24,CUST7509,Female,70,Beauty,7,467.0,3269.0,4,2023,Retired,High
TX044934,2023-11-24,CUST2635,Female,40,Books,4,133.0,532.0,4,2023,Youth,High
TX044935,2023-11-24,CUST7173,Male,48,Clothing,9,363.0,3267.0,4,2023,Middle Aged,High
TX044936,2023-11-24,CUST7332,Female,44,Books,5,425.0,2125.0,4,2023,Middle Aged,High
TX044937,2023-11-24,CUST7554,Male,39,Electronics,6,43.0,258.0,4,2023,Youth,Medium
TX044938,2023-11-24,CUST2138,Female,59,Clothing,14,482.0,6748.0,4,2023,Middle Aged,High
TX044939,2023-11-24,CUST3952,Female,31,Books,17,47.0,799.0,4,2023,Youth,High
TX044940,2023-11-24,CUST9755,Male,55,Electronics,11,164.0,1804.0,4,2023,Middle Aged,High
TX044941,2023-11-24,CUST8411,Male,50,Groceries,14,189.0,2646.0,4,2023,Middle Aged,High
TX044942,2023-11-24,CUST9085,Male,19,Sports,7,65.0,455.0,4,2023,Teenager,Medium
TX044943,2023-11-24,CUST9871,Female,66,Beauty,5,377.0,1885.0,4,2023,Retired,High
TX044944,2023-11-24,CUST8761,Male,33,Groceries,7,348.0,2436.0,4,2023,Youth,High
TX044945,2023-11-24,CUST9594,Male,26,Sports,2,203.0,406.0,4,2023,Youth,Medium
TX044946,2023-11-24,CUST0688,Female,64,Books,6,299.0,1794.0,4,2023,Retired,High
TX044947,2023-11-24,CUST2184,Female,19,Sports,18,401.0,7218.0,4,2023,Teenager,High
TX044948,2023-11-24,CUST6788,Female,29,Clothing,13,152.0,1976.0,4,2023,Youth,High
TX044949,2023-11-24,CUST1730,Male,20,Electronics,9,140.0,1260.0,4,2023,Teenager,High
TX044950,2023-11-24,CUST9989,Female,24,Beauty,19,244.0,4636.0,4,2023,Teenager,High
TX044951,2023-11-24,CUST0815,Male,52,Groceries,8,61.0,488.0,4,2023,Middle Aged,Medium
TX044952,2023-11-24,CUST9124,Female,60,Electronics,18,112.0,2016.0,4,2023,Middle Aged,High
TX044953,2023-11-24,CUST4543,Male,44,Electronics,5,12.0,60.0,4,2023,Middle Aged,Low
TX044954,2023-11-24,CUST3735,Female,45,Books,9,214.0,1926.0,4,2023,Middle Aged,High
TX044955,2023-11-24,CUST7105,Female,38,Books,7,139.0,973.0,4,2023,Youth,High
TX044956,2023-11-24,CUST0097,Male,25,Books,3,306.0,918.0,4,2023,Teenager,High
TX044957,2023-11-24,CUST1014,Female,66,Groceries,1,159.0,159.0,4,2023,Retired,Medium
TX044958,2023-11-24,CUST8412,Female,35,Groceries,11,71.0,781.0,4,2023,Youth,High
TX044959,2023-11-24,CUST9976,Male,50,Clothing,19,57.0,1083.0,4,2023,Middle Aged,High
TX044960,2023-11-24,CUST1831,Male,57,Clothing,4,377.0,1508.0,4,2023,Middle Aged,High
TX044961,2023-11-24,CUST7981,Female,30,Beauty,16,71.0,1136.0,4,2023,Youth,High
TX044962,2023-11-24,CUST9317,Female,42,Sports,16,324.0,5184.0,4,2023,Middle Aged,High
TX044963,2023-11-24,CUST4306,Male,40,Groceries,3,118.0,354.0,4,2023,Youth,Medium
TX044964,2023-11-24,CUST6238,Female,32,Electronics,15,172.0,2580.0,4,2023,Youth,High
TX044965,2023-11-24,CUST8063,Female,61,Beauty,18,129.0,2322.0,4,2023,Retired,High
TX044966,2023-11-24,CUST3007,Female,19,Books,12,368.0,4416.0,4,2023,Teenager,High
TX044967,2023-11-24,CUST3618,Female,22,Groceries,13,183.0,2379.0,4,2023,Teenager,High
TX044968,2023-11-24,CUST6836,Female,62,Sports,8,248.0,1984.0,4,2023,Retired,High
TX044969,2023-11-24,CUST4770,Male,63,Books,13,424.0,5512.0,4,2023,Retired,High
TX044970,2023-11-24,CUST8111,Male,32,Sports,13,439.0,5707.0,4,2023,Youth,High
TX044971,2023-11-24,CUST2591,Female,60,Sports,19,114.0,2166.0,4,2023,Middle Aged,High
TX044972,2023-11-24,CUST7983,Male,27,Groceries,17,52.0,884.0,4,2023,Youth,High
TX044973,2023-11-24,CUST3096,Female,28,Beauty,17,261.0,4437.0,4,2023,Youth,High
TX044974,2023-11-24,CUST2030,Male,49,Beauty,7,190.0,1330.0,4,2023,Middle Aged,High
TX044975,2023-11-24,CUST4615,Female,68,Electronics,2,19.0,38.0,4,2023,Retired,Low
TX044976,2023-11-24,CUST0333,Male,58,Sports,18,273.0,4914.0,4,2023,Middle Aged,High
TX044977,2023-11-24,CUST3742,Male,25,Beauty,19,36.0,684.0,4,2023,Teenager,High
TX044978,2023-11-24,CUST7154,Female,51,Electronics,11,48.0,528.0,4,2023,Middle Aged,High
TX044979,2023-11-24,CUST1210,Female,69,Electronics,20,480.0,9600.0,4,2023,Retired,High
TX044980,2023-11-24,CUST3723,Female,41,Sports,5,402.0,2010.0,4,2023,Middle Aged,High
TX044981,2023-11-24,CUST4630,Male,22,Books,19,339.0,6441.0,4,2023,Teenager,High
TX044982,2023-11-24,CUST4173,Male,45,Beauty,4,336.0,1344.0,4,2023,Middle Aged,High
TX044983,2023-11-24,CUST3175,Female,56,Electronics,6,455.0,2730.0,4,2023,Middle Aged,High
TX044984,2023-11-24,CUST9033,Male,47,Groceries,15,285.0,4275.0,4,2023,Middle Aged,High
TX044985,2023-11-24,CUST9463,Male,62,Beauty,12,167.0,2004.0,4,2023,Retired,High
TX044986,2023-11-24,CUST4435,Male,35,Beauty,6,433.0,2598.0,4,2023,Youth,High
TX044987,2023-11-24,CUST4676,Male,65,Sports,11,141.0,1551.0,4,2023,Retired,High
TX044988,2023-11-24,CUST1303,Female,35,Electronics,5,392.0,1960.0,4,2023,Youth,High
TX044989,2023-11-24,CUST1145,Female,52,Beauty,8,282.0,2256.0,4,2023,Middle Aged,High
TX044990,2023-11-24,CUST0784,Female,57,Sports,18,83.0,1494.0,4,2023,Middle Aged,High
TX044991,2023-11-24,CUST1523,Male,30,Beauty,6,120.0,720.0,4,2023,Youth,High
TX044992,2023-11-24,CUST6038,Female,58,Electronics,4,184.0,736.0,4,2023,Middle Aged,High
TX044993,2023-11-24,CUST1093,Female,56,Clothing,2,137.0,274.0,4,2023,Middle Aged,Medium
TX044994,2023-11-24,CUST6134,Male,50,Groceries,10,416.0,4160.0,4,2023,Middle Aged,High
TX044995,2023-11-24,CUST3219,Female,53,Electronics,16,429.0,6864.0,4,2023,Middle Aged,High
TX044996,2023-11-24,CUST5413,Male,35,Sports,5,109.0,545.0,4,2023,Youth,High
TX044997,2023-11-24,CUST2824,Male,34,Electronics,19,131.0,2489.0,4,2023,Youth,High
TX044998,2023-11-24,CUST9755,Female,66,Beauty,14,271.0,3794.0,4,2023,Retired,High
TX044999,2023-11-24,CUST6043,Female,47,Books,10,144.0,1440.0,4,2023,Middle Aged,High
TX045000,2023-11-24,CUST0422,Female,42,Clothing,1,111.0,111.0,4,2023,Middle Aged,Medium
TX045001,2023-11-25,CUST4455,Female,49,Books,20,201.0,4020.0,4,2023,Middle Aged,High
TX045002,2023-11-25,CUST7255,Male,27,Beauty,5,352.0,1760.0,4,2023,Youth,High
TX045003,2023-11-25,CUST8994,Male,51,Beauty,2,236.0,472.0,4,2023,Middle Aged,Medium
TX045004,2023-11-25,CUST4581,Male,41,Books,17,398.0,6766.0,4,2023,Middle Aged,High
TX045005,2023-11-25,CUST7039,Male,20,Clothing,10,210.0,2100.0,4,2023,Teenager,High
TX045006,2023-11-25,CUST7991,Female,20,Groceries,18,109.0,1962.0,4,2023,Teenager,High
TX045007,2023-11-25,CUST0396,Female,22,Books,9,387.0,3483.0,4,2023,Teenager,High
TX045008,2023-11-25,CUST3723,Female,30,Beauty,14,198.0,2772.0,4,2023,Youth,High
TX045009,2023-11-25,CUST5454,Female,32,Electronics,16,337.0,5392.0,4,2023,Youth,High
TX045010,2023-11-25,CUST2130,Female,29,Sports,5,409.0,2045.0,4,2023,Youth,High
TX045011,2023-11-25,CUST0844,Male,23,Groceries,2,366.0,732.0,4,2023,Teenager,High
TX045012,2023-11-25,CUST7555,Male,69,Beauty,20,413.0,8260.0,4,2023,Retired,High
TX045013,2023-11-25,CUST3239,Male,69,Electronics,5,380.0,1900.0,4,2023,Retired,High
TX045014,2023-11-25,CUST6532,Female,47,Books,19,458.0,8702.0,4,2023,Middle Aged,High
TX045015,2023-11-25,CUST6235,Male,33,Electronics,18,19.0,342.0,4,2023,Youth,Medium
TX045016,2023-11-25,CUST5934,Male,28,Groceries,9,53.0,477.0,4,2023,Youth,Medium
TX045017,2023-11-25,CUST3825,Male,38,Beauty,19,235.0,4465.0,4,2023,Youth,High
TX045018,2023-11-25,CUST7171,Male,51,Groceries,4,60.0,240.0,4,2023,Middle Aged,Medium
TX045019,2023-11-25,CUST7320,Male,51,Groceries,11,499.0,5489.0,4,2023,Middle Aged,High
TX045020,2023-11-25,CUST5693,Male,21,Sports,15,319.0,4785.0,4,2023,Teenager,High
TX045021,2023-11-25,CUST2564,Male,18,Clothing,4,17.0,68.0,4,2023,,Low
TX045022,2023-11-25,CUST6214,Female,66,Clothing,15,304.0,4560.0,4,2023,Retired,High
TX045023,2023-11-25,CUST1193,Male,64,Electronics,6,388.0,2328.0,4,2023,Retired,High
TX045024,2023-11-25,CUST0886,Male,36,Clothing,5,417.0,2085.0,4,2023,Youth,High
TX045025,2023-11-25,CUST2036,Male,25,Sports,9,461.0,4149.0,4,2023,Teenager,High
TX045026,2023-11-25,CUST9891,Male,24,Beauty,20,53.0,1060.0,4,2023,Teenager,High
TX045027,2023-11-25,CUST9850,Female,25,Clothing,14,57.0,798.0,4,2023,Teenager,High
TX045028,2023-11-25,CUST3012,Female,65,Electronics,2,121.0,242.0,4,2023,Retired,Medium
TX045029,2023-11-25,CUST9286,Female,56,Beauty,19,38.0,722.0,4,2023,Middle Aged,High
TX045030,2023-11-25,CUST6798,Female,41,Beauty,13,136.0,1768.0,4,2023,Middle Aged,High
TX045031,2023-11-25,CUST7812,Female,30,Sports,5,224.0,1120.0,4,2023,Youth,High
TX045032,2023-11-25,CUST2042,Male,65,Books,11,213.0,2343.0,4,2023,Retired,High
TX045033,2023-11-25,CUST8622,Male,34,Books,18,167.0,3006.0,4,2023,Youth,High
TX045034,2023-11-25,CUST6406,Female,64,Clothing,17,328.0,5576.0,4,2023,Retired,High
TX045035,2023-11-25,CUST2702,Male,49,Books,17,211.0,3587.0,4,2023,Middle Aged,High
TX045036,2023-11-25,CUST3469,Female,66,Sports,8,24.0,192.0,4,2023,Retired,Medium
TX045037,2023-11-25,CUST4489,Male,61,Clothing,9,452.0,4068.0,4,2023,Retired,High
TX045038,2023-11-25,CUST0134,Female,26,Electronics,6,354.0,2124.0,4,2023,Youth,High
TX045039,2023-11-25,CUST6086,Female,47,Sports,20,205.0,4100.0,4,2023,Middle Aged,High
TX045040,2023-11-25,CUST9690,Female,58,Beauty,18,440.0,7920.0,4,2023,Middle Aged,High
TX045041,2023-11-25,CUST5145,Male,30,Groceries,14,231.0,3234.0,4,2023,Youth,High
TX045042,2023-11-25,CUST0222,Female,48,Sports,1,418.0,418.0,4,2023,Middle Aged,Medium
TX045043,2023-11-25,CUST6714,Female,68,Electronics,4,25.0,100.0,4,2023,Retired,Low
TX045044,2023-11-25,CUST4860,Male,44,Books,16,374.0,5984.0,4,2023,Middle Aged,High
TX045045,2023-11-25,CUST0009,Female,46,Electronics,17,12.0,204.0,4,2023,Middle Aged,Medium
TX045046,2023-11-25,CUST3923,Female,25,Books,11,192.0,2112.0,4,2023,Teenager,High
TX045047,2023-11-25,CUST2030,Male,41,Sports,8,477.0,3816.0,4,2023,Middle Aged,High
TX045048,2023-11-25,CUST7038,Female,43,Beauty,6,92.0,552.0,4,2023,Middle Aged,High
TX045049,2023-11-25,CUST9542,Male,59,Beauty,20,25.0,500.0,4,2023,Middle Aged,Medium
TX045050,2023-11-25,CUST9058,Female,42,Sports,13,67.0,871.0,4,2023,Middle Aged,High
TX045051,2023-11-25,CUST7507,Male,44,Beauty,12,494.0,5928.0,4,2023,Middle Aged,High
TX045052,2023-11-25,CUST8897,Female,54,Clothing,2,201.0,402.0,4,2023,Middle Aged,Medium
TX045053,2023-11-25,CUST3008,Male,48,Books,10,283.0,2830.0,4,2023,Middle Aged,High
TX045054,2023-11-25,CUST4312,Male,61,Sports,1,425.0,425.0,4,2023,Retired,Medium
TX045055,2023-11-25,CUST9087,Female,30,Electronics,15,325.0,4875.0,4,2023,Youth,High
TX045056,2023-11-25,CUST7784,Male,69,Groceries,17,318.0,5406.0,4,2023,Retired,High
TX045057,2023-11-25,CUST9126,Male,25,Sports,8,336.0,2688.0,4,2023,Teenager,High
TX045058,2023-11-25,CUST8181,Male,48,Books,15,132.0,1980.0,4,2023,Middle Aged,High
TX045059,2023-11-25,CUST4568,Male,49,Clothing,14,253.0,3542.0,4,2023,Middle Aged,High
TX045060,2023-11-25,CUST3280,Female,30,Electronics,5,129.0,645.0,4,2023,Youth,High
TX045061,2023-11-25,CUST1693,Female,49,Electronics,16,138.0,2208.0,4,2023,Middle Aged,High
TX045062,2023-11-25,CUST0264,Male,40,Sports,5,144.0,720.0,4,2023,Youth,High
TX045063,2023-11-25,CUST1203,Male,56,Groceries,9,63.0,567.0,4,2023,Middle Aged,High
TX045064,2023-11-25,CUST2539,Female,56,Beauty,10,131.0,1310.0,4,2023,Middle Aged,High
TX045065,2023-11-25,CUST8757,Male,66,Clothing,20,261.0,5220.0,4,2023,Retired,High
TX045066,2023-11-25,CUST3718,Male,45,Clothing,5,417.0,2085.0,4,2023,Middle Aged,High
TX045067,2023-11-25,CUST6534,Male,44,Beauty,14,66.0,924.0,4,2023,Middle Aged,High
TX045068,2023-11-25,CUST5325,Female,44,Electronics,9,96.0,864.0,4,2023,Middle Aged,High
TX045069,2023-11-25,CUST9598,Female,66,Groceries,13,180.0,2340.0,4,2023,Retired,High
TX045070,2023-11-25,CUST0632,Female,42,Books,18,290.0,5220.0,4,2023,Middle Aged,High
TX045071,2023-11-25,CUST3700,Female,66,Books,19,69.0,1311.0,4,2023,Retired,High
TX045072,2023-11-25,CUST4545,Male,49,Electronics,17,500.0,8500.0,4,2023,Middle Aged,High
TX045073,2023-11-25,CUST7973,Female,40,Sports,11,217.0,2387.0,4,2023,Youth,High
TX045074,2023-11-25,CUST6924,Female,47,Beauty,7,211.0,1477.0,4,2023,Middle Aged,High
TX045075,2023-11-25,CUST4604,Male,29,Clothing,12,413.0,4956.0,4,2023,Youth,High
TX045076,2023-11-25,CUST6738,Female,44,Clothing,8,336.0,2688.0,4,2023,Middle Aged,High
TX045077,2023-11-25,CUST3158,Male,29,Groceries,13,48.0,624.0,4,2023,Youth,High
TX045078,2023-11-25,CUST6680,Male,42,Electronics,20,117.0,2340.0,4,2023,Middle Aged,High
TX045079,2023-11-25,CUST2126,Male,23,Electronics,1,436.0,436.0,4,2023,Teenager,Medium
TX045080,2023-11-25,CUST5712,Male,63,Clothing,13,56.0,728.0,4,2023,Retired,High
TX045081,2023-11-25,CUST3676,Male,45,Groceries,1,281.0,281.0,4,2023,Middle Aged,Medium
TX045082,2023-11-25,CUST4861,Male,28,Groceries,9,207.0,1863.0,4,2023,Youth,High
TX045083,2023-11-25,CUST1749,Male,51,Groceries,6,164.0,984.0,4,2023,Middle Aged,High
TX045084,2023-11-25,CUST1318,Male,18,Books,15,36.0,540.0,4,2023,,High
TX045085,2023-11-25,CUST3056,Male,52,Books,20,373.0,7460.0,4,2023,Middle Aged,High
TX045086,2023-11-25,CUST5747,Female,26,Electronics,17,178.0,3026.0,4,2023,Youth,High
TX045087,2023-11-25,CUST5500,Male,56,Books,16,462.0,7392.0,4,2023,Middle Aged,High
TX045088,2023-11-25,CUST6641,Female,25,Sports,2,138.0,276.0,4,2023,Teenager,Medium
TX045089,2023-11-25,CUST2035,Male,20,Clothing,5,357.0,1785.0,4,2023,Teenager,High
TX045090,2023-11-25,CUST6272,Male,28,Sports,9,46.0,414.0,4,2023,Youth,Medium
TX045091,2023-11-25,CUST5769,Male,18,Groceries,3,373.0,1119.0,4,2023,,High
TX045092,2023-11-25,CUST7911,Female,32,Sports,7,291.0,2037.0,4,2023,Youth,High
TX045093,2023-11-25,CUST1246,Male,64,Groceries,17,103.0,1751.0,4,2023,Retired,High
TX045094,2023-11-25,CUST0971,Male,48,Books,7,97.0,679.0,4,2023,Middle Aged,High
TX045095,2023-11-25,CUST9334,Male,68,Clothing,9,479.0,4311.0,4,2023,Retired,High
TX045096,2023-11-25,CUST7773,Female,29,Books,5,76.0,380.0,4,2023,Youth,Medium
TX045097,2023-11-25,CUST1996,Female,38,Sports,10,61.0,610.0,4,2023,Youth,High
TX045098,2023-11-25,CUST4679,Male,56,Electronics,11,446.0,4906.0,4,2023,Middle Aged,High
TX045099,2023-11-25,CUST2061,Male,50,Sports,1,279.0,279.0,4,2023,Middle Aged,Medium
TX045100,2023-11-25,CUST6020,Male,50,Groceries,18,398.0,7164.0,4,2023,Middle Aged,High
TX045101,2023-11-25,CUST3811,Male,56,Groceries,17,80.0,1360.0,4,2023,Middle Aged,High
TX045102,2023-11-25,CUST6962,Female,48,Beauty,3,321.0,963.0,4,2023,Middle Aged,High
TX045103,2023-11-25,CUST5138,Female,69,Books,4,73.0,292.0,4,2023,Retired,Medium
TX045104,2023-11-25,CUST8522,Male,38,Beauty,18,462.0,8316.0,4,2023,Youth,High
TX045105,2023-11-25,CUST8265,Female,68,Electronics,5,67.0,335.0,4,2023,Retired,Medium
TX045106,2023-11-25,CUST0551,Female,55,Clothing,6,453.0,2718.0,4,2023,Middle Aged,High
TX045107,2023-11-25,CUST0578,Female,67,Sports,14,186.0,2604.0,4,2023,Retired,High
TX045108,2023-11-25,CUST9321,Male,65,Groceries,18,37.0,666.0,4,2023,Retired,High
TX045109,2023-11-25,CUST7373,Male,19,Sports,18,65.0,1170.0,4,2023,Teenager,High
TX045110,2023-11-25,CUST1455,Male,70,Groceries,2,423.0,846.0,4,2023,Retired,High
TX045111,2023-11-25,CUST0593,Male,48,Clothing,11,270.0,2970.0,4,2023,Middle Aged,High
TX045112,2023-11-25,CUST0568,Male,25,Groceries,5,86.0,430.0,4,2023,Teenager,Medium
TX045113,2023-11-25,CUST3563,Female,56,Beauty,9,411.0,3699.0,4,2023,Middle Aged,High
TX045114,2023-11-25,CUST5407,Male,41,Beauty,15,403.0,6045.0,4,2023,Middle Aged,High
TX045115,2023-11-25,CUST4413,Female,32,Books,14,23.0,322.0,4,2023,Youth,Medium
TX045116,2023-11-25,CUST5850,Female,65,Beauty,2,446.0,892.0,4,2023,Retired,High
TX045117,2023-11-25,CUST0955,Female,35,Beauty,12,220.0,2640.0,4,2023,Youth,High
TX045118,2023-11-25,CUST1479,Male,32,Beauty,6,265.0,1590.0,4,2023,Youth,High
TX045119,2023-11-25,CUST9265,Female,26,Groceries,13,463.0,6019.0,4,2023,Youth,High
TX045120,2023-11-25,CUST7513,Female,20,Groceries,5,435.0,2175.0,4,2023,Teenager,High
TX045121,2023-11-25,CUST3533,Male,62,Sports,17,266.0,4522.0,4,2023,Retired,High
TX045122,2023-11-25,CUST7829,Female,39,Beauty,8,72.0,576.0,4,2023,Youth,High
TX045123,2023-11-25,CUST2080,Male,33,Beauty,16,291.0,4656.0,4,2023,Youth,High
TX045124,2023-11-25,CUST5418,Female,68,Electronics,16,50.0,800.0,4,2023,Retired,High
TX045125,2023-11-25,CUST1000,Female,51,Clothing,6,319.0,1914.0,4,2023,Middle Aged,High
TX045126,2023-11-25,CUST2158,Female,43,Electronics,8,159.0,1272.0,4,2023,Middle Aged,High
TX045127,2023-11-25,CUST3764,Male,66,Beauty,2,294.0,588.0,4,2023,Retired,High
TX045128,2023-11-25,CUST3794,Male,31,Groceries,3,176.0,528.0,4,2023,Youth,High
TX045129,2023-11-25,CUST8400,Male,23,Electronics,17,50.0,850.0,4,2023,Teenager,High
TX045130,2023-11-25,CUST7581,Male,35,Groceries,18,105.0,1890.0,4,2023,Youth,High
TX045131,2023-11-25,CUST3406,Male,49,Beauty,15,478.0,7170.0,4,2023,Middle Aged,High
TX045132,2023-11-25,CUST2797,Male,60,Sports,3,369.0,1107.0,4,2023,Middle Aged,High
TX045133,2023-11-25,CUST3508,Female,56,Groceries,7,73.0,511.0,4,2023,Middle Aged,High
TX045134,2023-11-25,CUST9651,Male,41,Sports,4,128.0,512.0,4,2023,Middle Aged,High
TX045135,2023-11-25,CUST7096,Male,63,Sports,14,385.0,5390.0,4,2023,Retired,High
TX045136,2023-11-25,CUST2377,Female,50,Beauty,8,213.0,1704.0,4,2023,Middle Aged,High
TX045137,2023-11-25,CUST8158,Male,24,Groceries,14,185.0,2590.0,4,2023,Teenager,High
TX045138,2023-11-25,CUST5941,Male,32,Groceries,13,436.0,5668.0,4,2023,Youth,High
TX045139,2023-11-25,CUST7987,Male,42,Beauty,17,242.0,4114.0,4,2023,Middle Aged,High
TX045140,2023-11-25,CUST6456,Female,58,Beauty,13,288.0,3744.0,4,2023,Middle Aged,High
TX045141,2023-11-25,CUST9834,Female,62,Electronics,1,59.0,59.0,4,2023,Retired,Low
TX045142,2023-11-25,CUST0465,Male,47,Clothing,17,108.0,1836.0,4,2023,Middle Aged,High
TX045143,2023-11-25,CUST2104,Female,45,Books,11,188.0,2068.0,4,2023,Middle Aged,High
TX045144,2023-11-25,CUST8947,Male,35,Clothing,11,253.0,2783.0,4,2023,Youth,High
TX045145,2023-11-25,CUST3322,Male,24,Clothing,14,209.0,2926.0,4,2023,Teenager,High
TX045146,2023-11-25,CUST7036,Male,68,Clothing,4,336.0,1344.0,4,2023,Retired,High
TX045147,2023-11-25,CUST9392,Female,52,Clothing,13,23.0,299.0,4,2023,Middle Aged,Medium
TX045148,2023-11-25,CUST0451,Female,24,Beauty,12,411.0,4932.0,4,2023,Teenager,High
TX045149,2023-11-25,CUST0583,Male,55,Books,18,343.0,6174.0,4,2023,Middle Aged,High
TX045150,2023-11-25,CUST4949,Female,27,Sports,11,16.0,176.0,4,2023,Youth,Medium
TX045151,2023-11-25,CUST7378,Male,49,Beauty,10,287.0,2870.0,4,2023,Middle Aged,High
TX045152,2023-11-25,CUST2296,Female,42,Groceries,10,114.0,1140.0,4,2023,Middle Aged,High
TX045153,2023-11-25,CUST5721,Male,53,Sports,13,467.0,6071.0,4,2023,Middle Aged,High
TX045154,2023-11-25,CUST2470,Female,43,Clothing,9,302.0,2718.0,4,2023,Middle Aged,High
TX045155,2023-11-25,CUST4080,Female,49,Books,7,394.0,2758.0,4,2023,Middle Aged,High
TX045156,2023-11-25,CUST7759,Male,47,Groceries,1,460.0,460.0,4,2023,Middle Aged,Medium
TX045157,2023-11-25,CUST5217,Male,45,Beauty,3,164.0,492.0,4,2023,Middle Aged,Medium
TX045158,2023-11-25,CUST2446,Female,31,Beauty,17,481.0,8177.0,4,2023,Youth,High
TX045159,2023-11-25,CUST0631,Female,62,Groceries,15,126.0,1890.0,4,2023,Retired,High
TX045160,2023-11-25,CUST2664,Male,54,Groceries,5,380.0,1900.0,4,2023,Middle Aged,High
TX045161,2023-11-25,CUST6766,Male,19,Groceries,6,72.0,432.0,4,2023,Teenager,Medium
TX045162,2023-11-25,CUST9152,Female,51,Electronics,19,224.0,4256.0,4,2023,Middle Aged,High
TX045163,2023-11-25,CUST6571,Female,18,Groceries,4,445.0,1780.0,4,2023,,High
TX045164,2023-11-25,CUST1807,Female,60,Sports,3,276.0,828.0,4,2023,Middle Aged,High
TX045165,2023-11-25,CUST6701,Male,35,Groceries,5,212.0,1060.0,4,2023,Youth,High
TX045166,2023-11-25,CUST8760,Female,46,Groceries,15,477.0,7155.0,4,2023,Middle Aged,High
TX045167,2023-11-25,CUST5993,Male,24,Groceries,10,138.0,1380.0,4,2023,Teenager,High
TX045168,2023-11-25,CUST1240,Male,62,Sports,10,464.0,4640.0,4,2023,Retired,High
TX045169,2023-11-25,CUST4335,Female,27,Groceries,20,37.0,740.0,4,2023,Youth,High
TX045170,2023-11-25,CUST3562,Female,37,Clothing,10,397.0,3970.0,4,2023,Youth,High
TX045171,2023-11-25,CUST4073,Female,45,Electronics,14,91.0,1274.0,4,2023,Middle Aged,High
TX045172,2023-11-25,CUST6130,Male,49,Clothing,6,381.0,2286.0,4,2023,Middle Aged,High
TX045173,2023-11-25,CUST8648,Male,44,Clothing,2,179.0,358.0,4,2023,Middle Aged,Medium
TX045174,2023-11-25,CUST1137,Female,43,Groceries,14,94.0,1316.0,4,2023,Middle Aged,High
TX045175,2023-11-25,CUST7305,Male,28,Books,12,281.0,3372.0,4,2023,Youth,High
TX045176,2023-11-25,CUST9825,Male,48,Groceries,6,359.0,2154.0,4,2023,Middle Aged,High
TX045177,2023-11-25,CUST1465,Male,23,Clothing,15,231.0,3465.0,4,2023,Teenager,High
TX045178,2023-11-25,CUST1498,Male,58,Beauty,6,473.0,2838.0,4,2023,Middle Aged,High
TX045179,2023-11-25,CUST3063,Female,29,Electronics,11,488.0,5368.0,4,2023,Youth,High
TX045180,2023-11-25,CUST0833,Female,54,Groceries,7,70.0,490.0,4,2023,Middle Aged,Medium
TX045181,2023-11-25,CUST2933,Male,62,Electronics,4,42.0,168.0,4,2023,Retired,Medium
TX045182,2023-11-25,CUST2726,Male,46,Books,1,30.0,30.0,4,2023,Middle Aged,Low
TX045183,2023-11-25,CUST2750,Male,39,Electronics,20,149.0,2980.0,4,2023,Youth,High
TX045184,2023-11-25,CUST6444,Male,48,Electronics,8,127.0,1016.0,4,2023,Middle Aged,High
TX045185,2023-11-25,CUST9806,Male,18,Clothing,1,155.0,155.0,4,2023,,Medium
TX045186,2023-11-25,CUST1713,Female,34,Electronics,17,63.0,1071.0,4,2023,Youth,High
TX045187,2023-11-25,CUST3707,Female,50,Books,8,22.0,176.0,4,2023,Middle Aged,Medium
TX045188,2023-11-25,CUST3135,Male,57,Beauty,15,20.0,300.0,4,2023,Middle Aged,Medium
TX045189,2023-11-25,CUST0784,Male,55,Sports,10,111.0,1110.0,4,2023,Middle Aged,High
TX045190,2023-11-25,CUST0857,Male,36,Clothing,2,92.0,184.0,4,2023,Youth,Medium
TX045191,2023-11-25,CUST2146,Female,33,Clothing,5,400.0,2000.0,4,2023,Youth,High
TX045192,2023-11-25,CUST6711,Female,51,Groceries,20,211.0,4220.0,4,2023,Middle Aged,High
TX045193,2023-11-25,CUST6794,Female,67,Beauty,20,155.0,3100.0,4,2023,Retired,High
TX045194,2023-11-25,CUST9795,Female,31,Sports,7,214.0,1498.0,4,2023,Youth,High
TX045195,2023-11-25,CUST4113,Female,41,Sports,7,213.0,1491.0,4,2023,Middle Aged,High
TX045196,2023-11-25,CUST6582,Female,39,Beauty,12,80.0,960.0,4,2023,Youth,High
TX045197,2023-11-25,CUST3185,Female,65,Clothing,5,320.0,1600.0,4,2023,Retired,High
TX045198,2023-11-25,CUST9948,Male,50,Electronics,20,72.0,1440.0,4,2023,Middle Aged,High
TX045199,2023-11-25,CUST7633,Male,60,Clothing,3,431.0,1293.0,4,2023,Middle Aged,High
TX045200,2023-11-25,CUST9356,Female,70,Groceries,5,250.0,1250.0,4,2023,Retired,High
TX045201,2023-11-25,CUST5123,Male,69,Sports,9,476.0,4284.0,4,2023,Retired,High
TX045202,2023-11-25,CUST7586,Female,62,Electronics,6,65.0,390.0,4,2023,Retired,Medium
TX045203,2023-11-25,CUST5818,Male,56,Sports,19,380.0,7220.0,4,2023,Middle Aged,High
TX045204,2023-11-25,CUST7025,Female,34,Beauty,11,176.0,1936.0,4,2023,Youth,High
TX045205,2023-11-25,CUST5461,Female,18,Electronics,13,408.0,5304.0,4,2023,,High
TX045206,2023-11-25,CUST5503,Male,28,Books,11,117.0,1287.0,4,2023,Youth,High
TX045207,2023-11-25,CUST3639,Female,62,Groceries,13,346.0,4498.0,4,2023,Retired,High
TX045208,2023-11-25,CUST7240,Male,70,Beauty,14,115.0,1610.0,4,2023,Retired,High
TX045209,2023-11-25,CUST6445,Male,18,Clothing,2,228.0,456.0,4,2023,,Medium
TX045210,2023-11-25,CUST5734,Female,35,Groceries,11,343.0,3773.0,4,2023,Youth,High
TX045211,2023-11-25,CUST1063,Male,18,Books,13,86.0,1118.0,4,2023,,High
TX045212,2023-11-25,CUST6150,Male,54,Electronics,7,207.0,1449.0,4,2023,Middle Aged,High
TX045213,2023-11-25,CUST4294,Female,21,Electronics,15,235.0,3525.0,4,2023,Teenager,High
TX045214,2023-11-25,CUST2636,Male,53,Beauty,11,19.0,209.0,4,2023,Middle Aged,Medium
TX045215,2023-11-25,CUST5289,Male,46,Beauty,15,57.0,855.0,4,2023,Middle Aged,High
TX045216,2023-11-25,CUST5859,Male,46,Books,20,86.0,1720.0,4,2023,Middle Aged,High
TX045217,2023-11-25,CUST9087,Female,24,Beauty,13,296.0,3848.0,4,2023,Teenager,High
TX045218,2023-11-25,CUST4814,Male,31,Clothing,11,267.0,2937.0,4,2023,Youth,High
TX045219,2023-11-25,CUST3270,Female,66,Beauty,7,84.0,588.0,4,2023,Retired,High
TX045220,2023-11-25,CUST5350,Female,36,Clothing,19,111.0,2109.0,4,2023,Youth,High
TX045221,2023-11-25,CUST9593,Female,37,Clothing,17,380.0,6460.0,4,2023,Youth,High
TX045222,2023-11-25,CUST2377,Female,53,Sports,13,149.0,1937.0,4,2023,Middle Aged,High
TX045223,2023-11-25,CUST8274,Male,28,Beauty,20,35.0,700.0,4,2023,Youth,High
TX045224,2023-11-25,CUST4390,Male,33,Beauty,19,287.0,5453.0,4,2023,Youth,High
TX045225,2023-11-25,CUST9718,Male,37,Books,7,457.0,3199.0,4,2023,Youth,High
TX045226,2023-11-25,CUST0181,Male,55,Groceries,19,257.0,4883.0,4,2023,Middle Aged,High
TX045227,2023-11-25,CUST3092,Female,48,Sports,4,384.0,1536.0,4,2023,Middle Aged,High
TX045228,2023-11-25,CUST7884,Male,59,Beauty,19,227.0,4313.0,4,2023,Middle Aged,High
TX045229,2023-11-25,CUST7442,Female,34,Sports,16,278.0,4448.0,4,2023,Youth,High
TX045230,2023-11-25,CUST0101,Male,30,Books,16,315.0,5040.0,4,2023,Youth,High
TX045231,2023-11-25,CUST9466,Male,57,Groceries,20,402.0,8040.0,4,2023,Middle Aged,High
TX045232,2023-11-25,CUST6891,Female,28,Electronics,12,339.0,4068.0,4,2023,Youth,High
TX045233,2023-11-25,CUST7615,Male,37,Books,12,16.0,192.0,4,2023,Youth,Medium
TX045234,2023-11-25,CUST6466,Male,30,Clothing,7,43.0,301.0,4,2023,Youth,Medium
TX045235,2023-11-25,CUST0516,Female,66,Beauty,8,25.0,200.0,4,2023,Retired,Medium
TX045236,2023-11-25,CUST1120,Female,25,Books,18,100.0,1800.0,4,2023,Teenager,High
TX045237,2023-11-25,CUST5159,Female,42,Electronics,16,372.0,5952.0,4,2023,Middle Aged,High
TX045238,2023-11-25,CUST5451,Male,59,Beauty,10,482.0,4820.0,4,2023,Middle Aged,High
TX045239,2023-11-25,CUST2574,Female,66,Groceries,9,349.0,3141.0,4,2023,Retired,High
TX045240,2023-11-25,CUST2986,Male,51,Groceries,10,287.0,2870.0,4,2023,Middle Aged,High
TX045241,2023-11-25,CUST0927,Female,49,Sports,11,31.0,341.0,4,2023,Middle Aged,Medium
TX045242,2023-11-25,CUST0473,Male,41,Electronics,4,15.0,60.0,4,2023,Middle Aged,Low
TX045243,2023-11-25,CUST1101,Female,57,Beauty,5,53.0,265.0,4,2023,Middle Aged,Medium
TX045244,2023-11-25,CUST9851,Female,49,Groceries,6,111.0,666.0,4,2023,Middle Aged,High
TX045245,2023-11-25,CUST8096,Female,48,Clothing,5,444.0,2220.0,4,2023,Middle Aged,High
TX045246,2023-11-25,CUST1837,Female,68,Beauty,6,443.0,2658.0,4,2023,Retired,High
TX045247,2023-11-25,CUST1171,Female,42,Beauty,14,233.0,3262.0,4,2023,Middle Aged,High
TX045248,2023-11-25,CUST4448,Male,59,Sports,19,436.0,8284.0,4,2023,Middle Aged,High
TX045249,2023-11-25,CUST8645,Male,56,Books,8,333.0,2664.0,4,2023,Middle Aged,High
TX045250,2023-11-25,CUST4261,Male,21,Groceries,3,469.0,1407.0,4,2023,Teenager,High
TX045251,2023-11-25,CUST8665,Male,54,Electronics,13,138.0,1794.0,4,2023,Middle Aged,High
TX045252,2023-11-25,CUST5287,Female,18,Books,19,180.0,3420.0,4,2023,,High
TX045253,2023-11-25,CUST6958,Female,68,Electronics,4,406.0,1624.0,4,2023,Retired,High
TX045254,2023-11-25,CUST3835,Female,65,Electronics,14,87.0,1218.0,4,2023,Retired,High
TX045255,2023-11-25,CUST8173,Male,27,Beauty,12,266.0,3192.0,4,2023,Youth,High
TX045256,2023-11-25,CUST0733,Female,37,Books,9,100.0,900.0,4,2023,Youth,High
TX045257,2023-11-25,CUST5450,Female,20,Sports,17,321.0,5457.0,4,2023,Teenager,High
TX045258,2023-11-25,CUST1384,Male,39,Electronics,13,115.0,1495.0,4,2023,Youth,High
TX045259,2023-11-25,CUST6712,Male,47,Books,12,419.0,5028.0,4,2023,Middle Aged,High
TX045260,2023-11-25,CUST2552,Female,22,Beauty,17,184.0,3128.0,4,2023,Teenager,High
TX045261,2023-11-25,CUST4019,Male,47,Beauty,3,411.0,1233.0,4,2023,Middle Aged,High
TX045262,2023-11-25,CUST4792,Male,61,Books,16,51.0,816.0,4,2023,Retired,High
TX045263,2023-11-25,CUST1287,Male,55,Sports,10,35.0,350.0,4,2023,Middle Aged,Medium
TX045264,2023-11-25,CUST3579,Female,38,Electronics,20,390.0,7800.0,4,2023,Youth,High
TX045265,2023-11-25,CUST7576,Female,34,Books,11,487.0,5357.0,4,2023,Youth,High
TX045266,2023-11-25,CUST9173,Male,56,Clothing,6,95.0,570.0,4,2023,Middle Aged,High
TX045267,2023-11-25,CUST4195,Female,33,Clothing,11,63.0,693.0,4,2023,Youth,High
TX045268,2023-11-25,CUST3184,Female,20,Electronics,15,482.0,7230.0,4,2023,Teenager,High
TX045269,2023-11-25,CUST5992,Female,36,Clothing,4,228.0,912.0,4,2023,Youth,High
TX045270,2023-11-25,CUST2718,Female,42,Books,15,296.0,4440.0,4,2023,Middle Aged,High
TX045271,2023-11-25,CUST3006,Male,58,Sports,17,336.0,5712.0,4,2023,Middle Aged,High
TX045272,2023-11-25,CUST1269,Female,53,Groceries,2,241.0,482.0,4,2023,Middle Aged,Medium
TX045273,2023-11-25,CUST1425,Female,23,Electronics,18,193.0,3474.0,4,2023,Teenager,High
TX045274,2023-11-25,CUST2547,Female,66,Electronics,4,373.0,1492.0,4,2023,Retired,High
TX045275,2023-11-25,CUST8737,Male,31,Beauty,3,185.0,555.0,4,2023,Youth,High
TX045276,2023-11-25,CUST8409,Male,44,Groceries,13,67.0,871.0,4,2023,Middle Aged,High
TX045277,2023-11-25,CUST4083,Male,45,Clothing,17,93.0,1581.0,4,2023,Middle Aged,High
TX045278,2023-11-25,CUST7075,Male,53,Electronics,2,471.0,942.0,4,2023,Middle Aged,High
TX045279,2023-11-25,CUST1127,Male,70,Clothing,8,71.0,568.0,4,2023,Retired,High
TX045280,2023-11-25,CUST9186,Male,55,Groceries,15,279.0,4185.0,4,2023,Middle Aged,High
TX045281,2023-11-25,CUST3748,Female,65,Books,17,357.0,6069.0,4,2023,Retired,High
TX045282,2023-11-25,CUST2933,Male,45,Beauty,8,10.0,80.0,4,2023,Middle Aged,Low
TX045283,2023-11-25,CUST7053,Male,37,Beauty,16,304.0,4864.0,4,2023,Youth,High
TX045284,2023-11-25,CUST6315,Male,69,Books,18,394.0,7092.0,4,2023,Retired,High
TX045285,2023-11-25,CUST5701,Male,68,Groceries,17,249.0,4233.0,4,2023,Retired,High
TX045286,2023-11-25,CUST4641,Female,49,Beauty,20,197.0,3940.0,4,2023,Middle Aged,High
TX045287,2023-11-25,CUST8879,Male,30,Clothing,17,459.0,7803.0,4,2023,Youth,High
TX045288,2023-11-25,CUST2963,Female,67,Groceries,4,338.0,1352.0,4,2023,Retired,High
TX045289,2023-11-25,CUST1551,Female,70,Books,11,411.0,4521.0,4,2023,Retired,High
TX045290,2023-11-25,CUST8587,Male,32,Clothing,6,392.0,2352.0,4,2023,Youth,High
TX045291,2023-11-25,CUST9523,Female,21,Clothing,2,113.0,226.0,4,2023,Teenager,Medium
TX045292,2023-11-25,CUST2213,Female,20,Beauty,13,385.0,5005.0,4,2023,Teenager,High
TX045293,2023-11-25,CUST2546,Male,49,Beauty,7,178.0,1246.0,4,2023,Middle Aged,High
TX045294,2023-11-25,CUST9693,Female,68,Electronics,5,330.0,1650.0,4,2023,Retired,High
TX045295,2023-11-25,CUST1280,Female,24,Groceries,12,264.0,3168.0,4,2023,Teenager,High
TX045296,2023-11-25,CUST1726,Female,50,Groceries,10,288.0,2880.0,4,2023,Middle Aged,High
TX045297,2023-11-25,CUST4343,Female,25,Clothing,12,415.0,4980.0,4,2023,Teenager,High
TX045298,2023-11-25,CUST5890,Female,52,Books,20,145.0,2900.0,4,2023,Middle Aged,High
TX045299,2023-11-25,CUST2357,Female,33,Groceries,1,307.0,307.0,4,2023,Youth,Medium
TX045300,2023-11-25,CUST6330,Female,38,Groceries,7,460.0,3220.0,4,2023,Youth,High
TX045301,2023-11-25,CUST2241,Female,41,Groceries,7,75.0,525.0,4,2023,Middle Aged,High
TX045302,2023-11-25,CUST1491,Female,70,Electronics,1,216.0,216.0,4,2023,Retired,Medium
TX045303,2023-11-25,CUST4423,Female,42,Beauty,20,146.0,2920.0,4,2023,Middle Aged,High
TX045304,2023-11-25,CUST0076,Female,44,Groceries,6,439.0,2634.0,4,2023,Middle Aged,High
TX045305,2023-11-25,CUST9014,Female,52,Beauty,10,117.0,1170.0,4,2023,Middle Aged,High
TX045306,2023-11-25,CUST2728,Female,37,Clothing,2,10.0,20.0,4,2023,Youth,Low
TX045307,2023-11-25,CUST9227,Male,53,Electronics,11,12.0,132.0,4,2023,Middle Aged,Medium
TX045308,2023-11-25,CUST7137,Male,22,Groceries,10,481.0,4810.0,4,2023,Teenager,High
TX045309,2023-11-25,CUST0319,Female,62,Clothing,20,444.0,8880.0,4,2023,Retired,High
TX045310,2023-11-25,CUST9159,Male,47,Electronics,13,189.0,2457.0,4,2023,Middle Aged,High
TX045311,2023-11-25,CUST9141,Male,19,Clothing,1,460.0,460.0,4,2023,Teenager,Medium
TX045312,2023-11-25,CUST5459,Male,23,Beauty,14,454.0,6356.0,4,2023,Teenager,High
TX045313,2023-11-25,CUST5096,Male,54,Clothing,12,345.0,4140.0,4,2023,Middle Aged,High
TX045314,2023-11-25,CUST0018,Female,66,Groceries,15,233.0,3495.0,4,2023,Retired,High
TX045315,2023-11-25,CUST6960,Male,38,Groceries,4,261.0,1044.0,4,2023,Youth,High
TX045316,2023-11-25,CUST2195,Male,53,Sports,15,131.0,1965.0,4,2023,Middle Aged,High
TX045317,2023-11-25,CUST0080,Male,22,Books,6,332.0,1992.0,4,2023,Teenager,High
TX045318,2023-11-25,CUST0129,Female,23,Electronics,16,463.0,7408.0,4,2023,Teenager,High
TX045319,2023-11-25,CUST1147,Male,19,Books,9,168.0,1512.0,4,2023,Teenager,High
TX045320,2023-11-25,CUST3797,Male,28,Electronics,10,485.0,4850.0,4,2023,Youth,High
TX045321,2023-11-25,CUST9796,Female,68,Sports,18,344.0,6192.0,4,2023,Retired,High
TX045322,2023-11-25,CUST5678,Female,68,Groceries,17,131.0,2227.0,4,2023,Retired,High
TX045323,2023-11-25,CUST3961,Male,19,Sports,6,495.0,2970.0,4,2023,Teenager,High
TX045324,2023-11-25,CUST7392,Male,47,Beauty,15,63.0,945.0,4,2023,Middle Aged,High
TX045325,2023-11-25,CUST3121,Male,49,Clothing,13,346.0,4498.0,4,2023,Middle Aged,High
TX045326,2023-11-25,CUST9840,Male,49,Books,4,174.0,696.0,4,2023,Middle Aged,High
TX045327,2023-11-25,CUST0521,Female,60,Clothing,6,245.0,1470.0,4,2023,Middle Aged,High
TX045328,2023-11-25,CUST8839,Female,57,Electronics,9,461.0,4149.0,4,2023,Middle Aged,High
TX045329,2023-11-25,CUST0518,Female,48,Electronics,7,431.0,3017.0,4,2023,Middle Aged,High
TX045330,2023-11-25,CUST2587,Female,26,Books,20,422.0,8440.0,4,2023,Youth,High
TX045331,2023-11-25,CUST0055,Female,32,Sports,1,344.0,344.0,4,2023,Youth,Medium
TX045332,2023-11-25,CUST6357,Female,59,Sports,4,484.0,1936.0,4,2023,Middle Aged,High
TX045333,2023-11-25,CUST5245,Female,21,Clothing,18,182.0,3276.0,4,2023,Teenager,High
TX045334,2023-11-25,CUST3287,Female,20,Books,17,433.0,7361.0,4,2023,Teenager,High
TX045335,2023-11-25,CUST5278,Female,52,Groceries,2,23.0,46.0,4,2023,Middle Aged,Low
TX045336,2023-11-25,CUST5398,Male,18,Groceries,12,71.0,852.0,4,2023,,High
TX045337,2023-11-25,CUST9642,Female,55,Electronics,3,148.0,444.0,4,2023,Middle Aged,Medium
TX045338,2023-11-25,CUST7614,Male,27,Books,6,310.0,1860.0,4,2023,Youth,High
TX045339,2023-11-25,CUST0050,Female,26,Books,11,86.0,946.0,4,2023,Youth,High
TX045340,2023-11-25,CUST0537,Male,20,Books,8,132.0,1056.0,4,2023,Teenager,High
TX045341,2023-11-25,CUST7264,Male,39,Beauty,16,412.0,6592.0,4,2023,Youth,High
TX045342,2023-11-25,CUST9769,Male,28,Groceries,18,305.0,5490.0,4,2023,Youth,High
TX045343,2023-11-25,CUST9948,Male,65,Clothing,17,385.0,6545.0,4,2023,Retired,High
TX045344,2023-11-25,CUST9936,Female,51,Beauty,14,301.0,4214.0,4,2023,Middle Aged,High
TX045345,2023-11-25,CUST5401,Female,50,Clothing,8,122.0,976.0,4,2023,Middle Aged,High
TX045346,2023-11-25,CUST4458,Female,34,Clothing,17,315.0,5355.0,4,2023,Youth,High
TX045347,2023-11-25,CUST3219,Male,29,Beauty,19,421.0,7999.0,4,2023,Youth,High
TX045348,2023-11-25,CUST7615,Female,50,Books,15,398.0,5970.0,4,2023,Middle Aged,High
TX045349,2023-11-25,CUST7303,Female,53,Books,17,417.0,7089.0,4,2023,Middle Aged,High
TX045350,2023-11-25,CUST8789,Male,46,Sports,5,487.0,2435.0,4,2023,Middle Aged,High
TX045351,2023-11-25,CUST0232,Female,24,Clothing,19,174.0,3306.0,4,2023,Teenager,High
TX045352,2023-11-25,CUST8921,Male,22,Electronics,17,322.0,5474.0,4,2023,Teenager,High
TX045353,2023-11-25,CUST9587,Female,19,Beauty,15,486.0,7290.0,4,2023,Teenager,High
TX045354,2023-11-25,CUST4418,Male,24,Clothing,3,243.0,729.0,4,2023,Teenager,High
TX045355,2023-11-25,CUST3740,Male,53,Electronics,9,445.0,4005.0,4,2023,Middle Aged,High
TX045356,2023-11-25,CUST5564,Male,41,Clothing,10,238.0,2380.0,4,2023,Middle Aged,High
TX045357,2023-11-25,CUST3847,Female,51,Books,2,416.0,832.0,4,2023,Middle Aged,High
TX045358,2023-11-25,CUST5675,Female,28,Books,1,71.0,71.0,4,2023,Youth,Low
TX045359,2023-11-25,CUST9648,Female,33,Sports,17,105.0,1785.0,4,2023,Youth,High
TX045360,2023-11-25,CUST0859,Female,67,Sports,10,494.0,4940.0,4,2023,Retired,High
TX045361,2023-11-25,CUST1404,Male,42,Books,4,469.0,1876.0,4,2023,Middle Aged,High
TX045362,2023-11-25,CUST5467,Male,70,Clothing,7,219.0,1533.0,4,2023,Retired,High
TX045363,2023-11-25,CUST2788,Female,56,Sports,7,433.0,3031.0,4,2023,Middle Aged,High
TX045364,2023-11-25,CUST5355,Female,23,Electronics,11,328.0,3608.0,4,2023,Teenager,High
TX045365,2023-11-25,CUST6938,Male,53,Electronics,11,459.0,5049.0,4,2023,Middle Aged,High
TX045366,2023-11-25,CUST5964,Female,24,Beauty,3,491.0,1473.0,4,2023,Teenager,High
TX045367,2023-11-25,CUST7550,Female,50,Beauty,12,142.0,1704.0,4,2023,Middle Aged,High
TX045368,2023-11-25,CUST7751,Male,35,Books,12,217.0,2604.0,4,2023,Youth,High
TX045369,2023-11-25,CUST9835,Male,49,Books,18,203.0,3654.0,4,2023,Middle Aged,High
TX045370,2023-11-25,CUST6596,Female,47,Beauty,18,244.0,4392.0,4,2023,Middle Aged,High
TX045371,2023-11-25,CUST1635,Female,43,Clothing,15,153.0,2295.0,4,2023,Middle Aged,High
TX045372,2023-11-25,CUST7418,Female,18,Clothing,6,182.0,1092.0,4,2023,,High
TX045373,2023-11-25,CUST1020,Female,52,Books,4,441.0,1764.0,4,2023,Middle Aged,High
TX045374,2023-11-25,CUST4194,Male,49,Books,16,130.0,2080.0,4,2023,Middle Aged,High
TX045375,2023-11-25,CUST6516,Male,70,Books,11,271.0,2981.0,4,2023,Retired,High
TX045376,2023-11-25,CUST6972,Female,41,Electronics,6,414.0,2484.0,4,2023,Middle Aged,High
TX045377,2023-11-25,CUST4365,Female,69,Beauty,18,479.0,8622.0,4,2023,Retired,High
TX045378,2023-11-25,CUST6630,Male,42,Groceries,17,237.0,4029.0,4,2023,Middle Aged,High
TX045379,2023-11-25,CUST4807,Female,54,Groceries,9,196.0,1764.0,4,2023,Middle Aged,High
TX045380,2023-11-25,CUST1703,Male,54,Clothing,3,431.0,1293.0,4,2023,Middle Aged,High
TX045381,2023-11-25,CUST6368,Male,68,Electronics,8,152.0,1216.0,4,2023,Retired,High
TX045382,2023-11-25,CUST7062,Female,61,Beauty,14,255.0,3570.0,4,2023,Retired,High
TX045383,2023-11-25,CUST3579,Female,60,Sports,16,252.0,4032.0,4,2023,Middle Aged,High
TX045384,2023-11-25,CUST5047,Female,54,Electronics,10,162.0,1620.0,4,2023,Middle Aged,High
TX045385,2023-11-25,CUST4120,Female,49,Beauty,8,189.0,1512.0,4,2023,Middle Aged,High
TX045386,2023-11-25,CUST9591,Male,53,Beauty,3,350.0,1050.0,4,2023,Middle Aged,High
TX045387,2023-11-25,CUST9007,Female,20,Groceries,13,168.0,2184.0,4,2023,Teenager,High
TX045388,2023-11-25,CUST3595,Female,51,Electronics,18,401.0,7218.0,4,2023,Middle Aged,High
TX045389,2023-11-25,CUST4866,Male,69,Beauty,15,497.0,7455.0,4,2023,Retired,High
TX045390,2023-11-25,CUST4060,Male,48,Books,13,416.0,5408.0,4,2023,Middle Aged,High
TX045391,2023-11-25,CUST5052,Female,45,Clothing,5,262.0,1310.0,4,2023,Middle Aged,High
TX045392,2023-11-25,CUST3171,Female,39,Books,1,390.0,390.0,4,2023,Youth,Medium
TX045393,2023-11-25,CUST0796,Female,55,Groceries,4,468.0,1872.0,4,2023,Middle Aged,High
TX045394,2023-11-25,CUST6967,Female,59,Clothing,12,441.0,5292.0,4,2023,Middle Aged,High
TX045395,2023-11-25,CUST5926,Male,41,Clothing,1,389.0,389.0,4,2023,Middle Aged,Medium
TX045396,2023-11-25,CUST7662,Female,34,Groceries,2,395.0,790.0,4,2023,Youth,High
TX045397,2023-11-25,CUST3884,Female,35,Books,16,440.0,7040.0,4,2023,Youth,High
TX045398,2023-11-25,CUST8921,Male,35,Books,17,281.0,4777.0,4,2023,Youth,High
TX045399,2023-11-25,CUST1114,Male,44,Groceries,14,236.0,3304.0,4,2023,Middle Aged,High
TX045400,2023-11-25,CUST0675,Male,49,Groceries,17,136.0,2312.0,4,2023,Middle Aged,High
TX045401,2023-11-25,CUST4252,Female,47,Sports,19,346.0,6574.0,4,2023,Middle Aged,High
TX045402,2023-11-25,CUST9384,Female,18,Beauty,4,343.0,1372.0,4,2023,,High
TX045403,2023-11-25,CUST6370,Male,27,Clothing,5,434.0,2170.0,4,2023,Youth,High
TX045404,2023-11-25,CUST0170,Male,67,Electronics,18,375.0,6750.0,4,2023,Retired,High
TX045405,2023-11-25,CUST9339,Female,65,Sports,20,416.0,8320.0,4,2023,Retired,High
TX045406,2023-11-25,CUST9066,Male,55,Books,5,178.0,890.0,4,2023,Middle Aged,High
TX045407,2023-11-25,CUST6328,Female,27,Beauty,7,333.0,2331.0,4,2023,Youth,High
TX045408,2023-11-25,CUST4489,Female,57,Books,2,114.0,228.0,4,2023,Middle Aged,Medium
TX045409,2023-11-25,CUST9719,Male,41,Clothing,6,244.0,1464.0,4,2023,Middle Aged,High
TX045410,2023-11-25,CUST3925,Female,29,Clothing,1,487.0,487.0,4,2023,Youth,Medium
TX045411,2023-11-25,CUST2883,Female,39,Clothing,6,64.0,384.0,4,2023,Youth,Medium
TX045412,2023-11-25,CUST8835,Female,26,Beauty,16,344.0,5504.0,4,2023,Youth,High
TX045413,2023-11-25,CUST9776,Female,26,Electronics,1,129.0,129.0,4,2023,Youth,Medium
TX045414,2023-11-25,CUST5388,Female,32,Clothing,7,131.0,917.0,4,2023,Youth,High
TX045415,2023-11-25,CUST7213,Female,44,Sports,12,497.0,5964.0,4,2023,Middle Aged,High
TX045416,2023-11-25,CUST2830,Female,63,Groceries,1,393.0,393.0,4,2023,Retired,Medium
TX045417,2023-11-25,CUST5968,Male,44,Groceries,20,206.0,4120.0,4,2023,Middle Aged,High
TX045418,2023-11-25,CUST5572,Male,51,Electronics,17,183.0,3111.0,4,2023,Middle Aged,High
TX045419,2023-11-25,CUST7911,Female,36,Books,3,332.0,996.0,4,2023,Youth,High
TX045420,2023-11-25,CUST8582,Female,56,Sports,8,477.0,3816.0,4,2023,Middle Aged,High
TX045421,2023-11-25,CUST5873,Male,19,Clothing,14,358.0,5012.0,4,2023,Teenager,High
TX045422,2023-11-25,CUST0037,Female,52,Clothing,8,62.0,496.0,4,2023,Middle Aged,Medium
TX045423,2023-11-25,CUST7972,Male,30,Clothing,7,404.0,2828.0,4,2023,Youth,High
TX045424,2023-11-25,CUST7683,Female,36,Groceries,16,98.0,1568.0,4,2023,Youth,High
TX045425,2023-11-25,CUST5567,Male,20,Sports,16,234.0,3744.0,4,2023,Teenager,High
TX045426,2023-11-25,CUST5731,Female,67,Sports,8,252.0,2016.0,4,2023,Retired,High
TX045427,2023-11-25,CUST0111,Male,53,Clothing,4,22.0,88.0,4,2023,Middle Aged,Low
TX045428,2023-11-25,CUST2792,Male,57,Sports,10,364.0,3640.0,4,2023,Middle Aged,High
TX045429,2023-11-25,CUST1739,Female,64,Sports,1,102.0,102.0,4,2023,Retired,Medium
TX045430,2023-11-25,CUST4191,Male,29,Clothing,15,96.0,1440.0,4,2023,Youth,High
TX045431,2023-11-25,CUST1126,Female,55,Groceries,13,432.0,5616.0,4,2023,Middle Aged,High
TX045432,2023-11-25,CUST1292,Female,39,Groceries,5,191.0,955.0,4,2023,Youth,High
TX045433,2023-11-25,CUST2571,Male,44,Sports,14,235.0,3290.0,4,2023,Middle Aged,High
TX045434,2023-11-25,CUST2211,Female,19,Books,8,433.0,3464.0,4,2023,Teenager,High
TX045435,2023-11-25,CUST7081,Male,65,Beauty,18,317.0,5706.0,4,2023,Retired,High
TX045436,2023-11-25,CUST6055,Female,67,Beauty,5,321.0,1605.0,4,2023,Retired,High
TX045437,2023-11-25,CUST4220,Male,65,Sports,10,125.0,1250.0,4,2023,Retired,High
TX045438,2023-11-25,CUST0732,Male,47,Beauty,17,445.0,7565.0,4,2023,Middle Aged,High
TX045439,2023-11-25,CUST1303,Female,27,Books,1,310.0,310.0,4,2023,Youth,Medium
TX045440,2023-11-25,CUST6237,Male,41,Clothing,2,176.0,352.0,4,2023,Middle Aged,Medium
TX045441,2023-11-25,CUST6456,Male,37,Clothing,8,198.0,1584.0,4,2023,Youth,High
TX045442,2023-11-25,CUST1721,Female,18,Beauty,8,141.0,1128.0,4,2023,,High
TX045443,2023-11-25,CUST0976,Male,55,Electronics,8,117.0,936.0,4,2023,Middle Aged,High
TX045444,2023-11-25,CUST9482,Female,20,Electronics,4,411.0,1644.0,4,2023,Teenager,High
TX045445,2023-11-25,CUST1163,Female,40,Clothing,11,37.0,407.0,4,2023,Youth,Medium
TX045446,2023-11-25,CUST2040,Male,56,Sports,16,269.0,4304.0,4,2023,Middle Aged,High
TX045447,2023-11-25,CUST4472,Male,29,Beauty,11,444.0,4884.0,4,2023,Youth,High
TX045448,2023-11-25,CUST4987,Male,55,Electronics,16,380.0,6080.0,4,2023,Middle Aged,High
TX045449,2023-11-25,CUST7084,Female,24,Electronics,10,97.0,970.0,4,2023,Teenager,High
TX045450,2023-11-25,CUST9718,Female,35,Clothing,13,182.0,2366.0,4,2023,Youth,High
TX045451,2023-11-25,CUST3764,Female,46,Beauty,1,318.0,318.0,4,2023,Middle Aged,Medium
TX045452,2023-11-25,CUST4289,Female,42,Beauty,12,213.0,2556.0,4,2023,Middle Aged,High
TX045453,2023-11-25,CUST1738,Male,51,Sports,9,280.0,2520.0,4,2023,Middle Aged,High
TX045454,2023-11-25,CUST4779,Female,59,Sports,20,344.0,6880.0,4,2023,Middle Aged,High
TX045455,2023-11-25,CUST7170,Female,46,Electronics,16,309.0,4944.0,4,2023,Middle Aged,High
TX045456,2023-11-25,CUST0171,Male,48,Clothing,18,378.0,6804.0,4,2023,Middle Aged,High
TX045457,2023-11-25,CUST7030,Male,27,Beauty,4,378.0,1512.0,4,2023,Youth,High
TX045458,2023-11-25,CUST5367,Male,32,Beauty,2,488.0,976.0,4,2023,Youth,High
TX045459,2023-11-25,CUST5022,Male,34,Clothing,2,208.0,416.0,4,2023,Youth,Medium
TX045460,2023-11-25,CUST5474,Male,19,Groceries,5,11.0,55.0,4,2023,Teenager,Low
TX045461,2023-11-25,CUST0851,Female,42,Electronics,3,29.0,87.0,4,2023,Middle Aged,Low
TX045462,2023-11-25,CUST6525,Male,58,Clothing,11,494.0,5434.0,4,2023,Middle Aged,High
TX045463,2023-11-25,CUST6571,Male,19,Clothing,14,78.0,1092.0,4,2023,Teenager,High
TX045464,2023-11-25,CUST2918,Male,32,Electronics,12,414.0,4968.0,4,2023,Youth,High
TX045465,2023-11-25,CUST7710,Male,26,Clothing,6,197.0,1182.0,4,2023,Youth,High
TX045466,2023-11-25,CUST0223,Female,57,Beauty,10,75.0,750.0,4,2023,Middle Aged,High
TX045467,2023-11-25,CUST4416,Male,36,Sports,14,325.0,4550.0,4,2023,Youth,High
TX045468,2023-11-25,CUST0320,Male,59,Books,17,411.0,6987.0,4,2023,Middle Aged,High
TX045469,2023-11-25,CUST1600,Male,25,Electronics,19,428.0,8132.0,4,2023,Teenager,High
TX045470,2023-11-25,CUST9423,Male,53,Clothing,14,84.0,1176.0,4,2023,Middle Aged,High
TX045471,2023-11-25,CUST0160,Female,35,Beauty,6,374.0,2244.0,4,2023,Youth,High
TX045472,2023-11-25,CUST8841,Male,18,Clothing,20,147.0,2940.0,4,2023,,High
TX045473,2023-11-25,CUST8177,Male,24,Beauty,7,284.0,1988.0,4,2023,Teenager,High
TX045474,2023-11-25,CUST5428,Male,40,Groceries,1,341.0,341.0,4,2023,Youth,Medium
TX045475,2023-11-25,CUST9137,Female,58,Clothing,16,317.0,5072.0,4,2023,Middle Aged,High
TX045476,2023-11-25,CUST9232,Male,50,Books,8,284.0,2272.0,4,2023,Middle Aged,High
TX045477,2023-11-25,CUST4229,Male,23,Sports,16,499.0,7984.0,4,2023,Teenager,High
TX045478,2023-11-25,CUST4231,Female,26,Beauty,1,426.0,426.0,4,2023,Youth,Medium
TX045479,2023-11-25,CUST4345,Female,51,Electronics,6,488.0,2928.0,4,2023,Middle Aged,High
TX045480,2023-11-25,CUST8962,Female,70,Beauty,7,386.0,2702.0,4,2023,Retired,High
TX045481,2023-11-25,CUST4526,Male,52,Electronics,9,250.0,2250.0,4,2023,Middle Aged,High
TX045482,2023-11-25,CUST3894,Female,42,Electronics,16,37.0,592.0,4,2023,Middle Aged,High
TX045483,2023-11-25,CUST6408,Female,43,Clothing,5,155.0,775.0,4,2023,Middle Aged,High
TX045484,2023-11-25,CUST6374,Male,36,Beauty,10,267.0,2670.0,4,2023,Youth,High
TX045485,2023-11-25,CUST0885,Female,62,Electronics,8,345.0,2760.0,4,2023,Retired,High
TX045486,2023-11-25,CUST8502,Female,42,Books,2,210.0,420.0,4,2023,Middle Aged,Medium
TX045487,2023-11-25,CUST6570,Female,32,Sports,15,28.0,420.0,4,2023,Youth,Medium
TX045488,2023-11-25,CUST8022,Female,41,Clothing,11,59.0,649.0,4,2023,Middle Aged,High
TX045489,2023-11-25,CUST6216,Male,53,Books,15,41.0,615.0,4,2023,Middle Aged,High
TX045490,2023-11-25,CUST2796,Male,53,Books,15,126.0,1890.0,4,2023,Middle Aged,High
TX045491,2023-11-25,CUST5804,Male,18,Sports,1,409.0,409.0,4,2023,,Medium
TX045492,2023-11-25,CUST2044,Male,34,Electronics,13,161.0,2093.0,4,2023,Youth,High
TX045493,2023-11-25,CUST7434,Male,20,Books,8,382.0,3056.0,4,2023,Teenager,High
TX045494,2023-11-25,CUST9225,Male,36,Electronics,1,129.0,129.0,4,2023,Youth,Medium
TX045495,2023-11-25,CUST9562,Female,27,Electronics,1,498.0,498.0,4,2023,Youth,Medium
TX045496,2023-11-25,CUST0695,Female,49,Books,11,292.0,3212.0,4,2023,Middle Aged,High
TX045497,2023-11-25,CUST2631,Female,57,Beauty,11,345.0,3795.0,4,2023,Middle Aged,High
TX045498,2023-11-25,CUST7206,Female,60,Sports,8,484.0,3872.0,4,2023,Middle Aged,High
TX045499,2023-11-25,CUST1979,Female,18,Clothing,19,18.0,342.0,4,2023,,Medium
TX045500,2023-11-25,CUST9637,Male,51,Beauty,15,11.0,165.0,4,2023,Middle Aged,Medium
TX045501,2023-11-25,CUST7030,Male,67,Electronics,4,426.0,1704.0,4,2023,Retired,High
TX045502,2023-11-25,CUST0433,Male,56,Groceries,8,360.0,2880.0,4,2023,Middle Aged,High
TX045503,2023-11-25,CUST6809,Female,37,Clothing,10,420.0,4200.0,4,2023,Youth,High
TX045504,2023-11-25,CUST1641,Male,19,Electronics,19,457.0,8683.0,4,2023,Teenager,High
TX045505,2023-11-25,CUST9036,Female,19,Groceries,2,13.0,26.0,4,2023,Teenager,Low
TX045506,2023-11-25,CUST1533,Male,55,Books,16,411.0,6576.0,4,2023,Middle Aged,High
TX045507,2023-11-25,CUST5606,Female,23,Clothing,3,404.0,1212.0,4,2023,Teenager,High
TX045508,2023-11-25,CUST5778,Male,32,Groceries,10,340.0,3400.0,4,2023,Youth,High
TX045509,2023-11-25,CUST2330,Female,47,Sports,17,108.0,1836.0,4,2023,Middle Aged,High
TX045510,2023-11-25,CUST4531,Male,51,Beauty,1,341.0,341.0,4,2023,Middle Aged,Medium
TX045511,2023-11-25,CUST5223,Male,66,Clothing,13,236.0,3068.0,4,2023,Retired,High
TX045512,2023-11-25,CUST7271,Male,58,Electronics,5,253.0,1265.0,4,2023,Middle Aged,High
TX045513,2023-11-25,CUST0524,Male,32,Sports,4,82.0,328.0,4,2023,Youth,Medium
TX045514,2023-11-25,CUST7255,Male,58,Books,2,212.0,424.0,4,2023,Middle Aged,Medium
TX045515,2023-11-25,CUST9240,Female,51,Sports,20,253.0,5060.0,4,2023,Middle Aged,High
TX045516,2023-11-25,CUST3300,Male,65,Books,17,319.0,5423.0,4,2023,Retired,High
TX045517,2023-11-25,CUST7619,Male,58,Beauty,13,401.0,5213.0,4,2023,Middle Aged,High
TX045518,2023-11-25,CUST6373,Female,29,Books,2,391.0,782.0,4,2023,Youth,High
TX045519,2023-11-25,CUST2647,Male,27,Books,14,330.0,4620.0,4,2023,Youth,High
TX045520,2023-11-25,CUST7459,Female,55,Beauty,5,472.0,2360.0,4,2023,Middle Aged,High
TX045521,2023-11-25,CUST4140,Female,42,Sports,1,157.0,157.0,4,2023,Middle Aged,Medium
TX045522,2023-11-25,CUST8844,Female,44,Sports,12,83.0,996.0,4,2023,Middle Aged,High
TX045523,2023-11-25,CUST8248,Male,53,Books,10,259.0,2590.0,4,2023,Middle Aged,High
TX045524,2023-11-25,CUST4906,Female,57,Groceries,13,23.0,299.0,4,2023,Middle Aged,Medium
TX045525,2023-11-25,CUST2302,Female,24,Clothing,20,434.0,8680.0,4,2023,Teenager,High
TX045526,2023-11-25,CUST9177,Female,59,Beauty,2,444.0,888.0,4,2023,Middle Aged,High
TX045527,2023-11-25,CUST1901,Female,43,Sports,8,327.0,2616.0,4,2023,Middle Aged,High
TX045528,2023-11-25,CUST8438,Male,45,Groceries,20,106.0,2120.0,4,2023,Middle Aged,High
TX045529,2023-11-25,CUST1119,Female,36,Clothing,8,377.0,3016.0,4,2023,Youth,High
TX045530,2023-11-25,CUST6603,Female,19,Sports,8,171.0,1368.0,4,2023,Teenager,High
TX045531,2023-11-25,CUST0281,Female,61,Electronics,3,95.0,285.0,4,2023,Retired,Medium
TX045532,2023-11-25,CUST4152,Male,35,Groceries,14,330.0,4620.0,4,2023,Youth,High
TX045533,2023-11-25,CUST2180,Female,70,Beauty,3,174.0,522.0,4,2023,Retired,High
TX045534,2023-11-25,CUST9340,Male,24,Beauty,12,231.0,2772.0,4,2023,Teenager,High
TX045535,2023-11-25,CUST0747,Male,39,Clothing,14,248.0,3472.0,4,2023,Youth,High
TX045536,2023-11-25,CUST5286,Male,43,Clothing,8,219.0,1752.0,4,2023,Middle Aged,High
TX045537,2023-11-25,CUST2523,Male,18,Groceries,7,236.0,1652.0,4,2023,,High
TX045538,2023-11-25,CUST8160,Male,53,Beauty,9,498.0,4482.0,4,2023,Middle Aged,High
TX045539,2023-11-25,CUST3124,Female,52,Sports,7,232.0,1624.0,4,2023,Middle Aged,High
TX045540,2023-11-25,CUST8307,Male,47,Groceries,1,492.0,492.0,4,2023,Middle Aged,Medium
TX045541,2023-11-25,CUST4392,Female,65,Beauty,16,226.0,3616.0,4,2023,Retired,High
TX045542,2023-11-25,CUST3408,Male,42,Electronics,17,79.0,1343.0,4,2023,Middle Aged,High
TX045543,2023-11-25,CUST9894,Female,47,Groceries,10,413.0,4130.0,4,2023,Middle Aged,High
TX045544,2023-11-25,CUST4339,Male,67,Beauty,7,446.0,3122.0,4,2023,Retired,High
TX045545,2023-11-25,CUST1450,Female,39,Sports,4,139.0,556.0,4,2023,Youth,High
TX045546,2023-11-25,CUST3802,Female,23,Clothing,9,463.0,4167.0,4,2023,Teenager,High
TX045547,2023-11-25,CUST6223,Female,40,Electronics,16,192.0,3072.0,4,2023,Youth,High
TX045548,2023-11-25,CUST5473,Male,48,Clothing,14,297.0,4158.0,4,2023,Middle Aged,High
TX045549,2023-11-25,CUST9255,Male,40,Clothing,16,71.0,1136.0,4,2023,Youth,High
TX045550,2023-11-25,CUST3234,Male,36,Sports,9,54.0,486.0,4,2023,Youth,Medium
TX045551,2023-11-25,CUST2979,Female,36,Clothing,11,180.0,1980.0,4,2023,Youth,High
TX045552,2023-11-25,CUST6959,Male,64,Clothing,15,232.0,3480.0,4,2023,Retired,High
TX045553,2023-11-25,CUST6907,Female,30,Clothing,11,326.0,3586.0,4,2023,Youth,High
TX045554,2023-11-25,CUST1169,Female,36,Books,9,239.0,2151.0,4,2023,Youth,High
TX045555,2023-11-25,CUST9303,Male,37,Books,11,81.0,891.0,4,2023,Youth,High
TX045556,2023-11-25,CUST7592,Female,37,Electronics,15,109.0,1635.0,4,2023,Youth,High
TX045557,2023-11-25,CUST5102,Female,46,Clothing,4,303.0,1212.0,4,2023,Middle Aged,High
TX045558,2023-11-25,CUST4247,Female,21,Sports,19,442.0,8398.0,4,2023,Teenager,High
TX045559,2023-11-25,CUST5003,Male,35,Books,14,321.0,4494.0,4,2023,Youth,High
TX045560,2023-11-25,CUST7446,Male,53,Groceries,8,215.0,1720.0,4,2023,Middle Aged,High
TX045561,2023-11-25,CUST8334,Male,58,Books,4,431.0,1724.0,4,2023,Middle Aged,High
TX045562,2023-11-25,CUST5916,Female,32,Clothing,11,192.0,2112.0,4,2023,Youth,High
TX045563,2023-11-25,CUST9121,Female,21,Electronics,15,178.0,2670.0,4,2023,Teenager,High
TX045564,2023-11-25,CUST8793,Female,65,Books,2,204.0,408.0,4,2023,Retired,Medium
TX045565,2023-11-25,CUST1282,Male,46,Electronics,4,174.0,696.0,4,2023,Middle Aged,High
TX045566,2023-11-25,CUST8433,Male,46,Books,6,232.0,1392.0,4,2023,Middle Aged,High
TX045567,2023-11-25,CUST0786,Female,33,Books,1,110.0,110.0,4,2023,Youth,Medium
TX045568,2023-11-25,CUST3903,Male,56,Books,4,122.0,488.0,4,2023,Middle Aged,Medium
TX045569,2023-11-25,CUST0577,Female,56,Groceries,14,49.0,686.0,4,2023,Middle Aged,High
TX045570,2023-11-25,CUST8494,Female,26,Clothing,10,425.0,4250.0,4,2023,Youth,High
TX045571,2023-11-25,CUST1308,Female,33,Sports,20,300.0,6000.0,4,2023,Youth,High
TX045572,2023-11-25,CUST1652,Male,67,Groceries,19,184.0,3496.0,4,2023,Retired,High
TX045573,2023-11-25,CUST6251,Male,35,Groceries,16,61.0,976.0,4,2023,Youth,High
TX045574,2023-11-25,CUST3174,Male,42,Groceries,1,25.0,25.0,4,2023,Middle Aged,Low
TX045575,2023-11-25,CUST9773,Female,50,Sports,3,351.0,1053.0,4,2023,Middle Aged,High
TX045576,2023-11-25,CUST7933,Male,58,Sports,6,257.0,1542.0,4,2023,Middle Aged,High
TX045577,2023-11-25,CUST2860,Female,64,Sports,15,497.0,7455.0,4,2023,Retired,High
TX045578,2023-11-25,CUST5414,Male,21,Books,19,211.0,4009.0,4,2023,Teenager,High
TX045579,2023-11-25,CUST5503,Female,59,Electronics,4,130.0,520.0,4,2023,Middle Aged,High
TX045580,2023-11-25,CUST5641,Male,57,Electronics,11,107.0,1177.0,4,2023,Middle Aged,High
TX045581,2023-11-25,CUST6163,Male,51,Books,11,206.0,2266.0,4,2023,Middle Aged,High
TX045582,2023-11-25,CUST4267,Male,47,Clothing,10,368.0,3680.0,4,2023,Middle Aged,High
TX045583,2023-11-25,CUST0743,Male,67,Groceries,10,454.0,4540.0,4,2023,Retired,High
TX045584,2023-11-25,CUST6607,Male,51,Sports,10,166.0,1660.0,4,2023,Middle Aged,High
TX045585,2023-11-25,CUST0007,Male,32,Beauty,6,395.0,2370.0,4,2023,Youth,High
TX045586,2023-11-25,CUST6534,Female,25,Clothing,12,376.0,4512.0,4,2023,Teenager,High
TX045587,2023-11-25,CUST1008,Female,25,Electronics,17,478.0,8126.0,4,2023,Teenager,High
TX045588,2023-11-25,CUST1139,Female,67,Books,3,388.0,1164.0,4,2023,Retired,High
TX045589,2023-11-25,CUST6401,Female,51,Groceries,18,465.0,8370.0,4,2023,Middle Aged,High
TX045590,2023-11-25,CUST9590,Female,38,Books,9,86.0,774.0,4,2023,Youth,High
TX045591,2023-11-25,CUST6350,Male,69,Books,11,129.0,1419.0,4,2023,Retired,High
TX045592,2023-11-25,CUST3164,Female,48,Clothing,1,410.0,410.0,4,2023,Middle Aged,Medium
TX045593,2023-11-25,CUST7706,Male,23,Beauty,6,297.0,1782.0,4,2023,Teenager,High
TX045594,2023-11-25,CUST7939,Female,23,Groceries,5,226.0,1130.0,4,2023,Teenager,High
TX045595,2023-11-25,CUST8958,Male,41,Electronics,1,354.0,354.0,4,2023,Middle Aged,Medium
TX045596,2023-11-25,CUST5224,Male,64,Books,2,494.0,988.0,4,2023,Retired,High
TX045597,2023-11-25,CUST8924,Female,56,Clothing,10,405.0,4050.0,4,2023,Middle Aged,High
TX045598,2023-11-25,CUST6186,Male,69,Electronics,6,327.0,1962.0,4,2023,Retired,High
TX045599,2023-11-25,CUST4842,Female,20,Clothing,1,459.0,459.0,4,2023,Teenager,Medium
TX045600,2023-11-25,CUST1803,Female,35,Electronics,11,314.0,3454.0,4,2023,Youth,High
TX045601,2023-11-25,CUST1332,Male,67,Clothing,12,137.0,1644.0,4,2023,Retired,High
TX045602,2023-11-25,CUST1135,Female,57,Groceries,1,481.0,481.0,4,2023,Middle Aged,Medium
TX045603,2023-11-25,CUST4696,Female,48,Groceries,18,462.0,8316.0,4,2023,Middle Aged,High
TX045604,2023-11-25,CUST3634,Female,46,Beauty,5,165.0,825.0,4,2023,Middle Aged,High
TX045605,2023-11-25,CUST9525,Male,30,Groceries,20,23.0,460.0,4,2023,Youth,Medium
TX045606,2023-11-25,CUST7643,Male,67,Sports,10,286.0,2860.0,4,2023,Retired,High
TX045607,2023-11-25,CUST3359,Female,34,Electronics,1,158.0,158.0,4,2023,Youth,Medium
TX045608,2023-11-25,CUST5765,Male,56,Beauty,13,80.0,1040.0,4,2023,Middle Aged,High
TX045609,2023-11-25,CUST8869,Male,57,Electronics,12,444.0,5328.0,4,2023,Middle Aged,High
TX045610,2023-11-25,CUST0347,Male,63,Clothing,2,324.0,648.0,4,2023,Retired,High
TX045611,2023-11-25,CUST2659,Male,22,Beauty,10,378.0,3780.0,4,2023,Teenager,High
TX045612,2023-11-25,CUST9819,Male,20,Clothing,5,94.0,470.0,4,2023,Teenager,Medium
TX045613,2023-11-25,CUST6416,Female,43,Books,19,497.0,9443.0,4,2023,Middle Aged,High
TX045614,2023-11-25,CUST1392,Female,57,Beauty,3,13.0,39.0,4,2023,Middle Aged,Low
TX045615,2023-11-25,CUST8957,Male,38,Books,18,61.0,1098.0,4,2023,Youth,High
TX045616,2023-11-25,CUST0791,Male,67,Beauty,9,130.0,1170.0,4,2023,Retired,High
TX045617,2023-11-25,CUST7291,Female,59,Groceries,15,24.0,360.0,4,2023,Middle Aged,Medium
TX045618,2023-11-25,CUST3910,Male,70,Beauty,13,367.0,4771.0,4,2023,Retired,High
TX045619,2023-11-25,CUST3412,Male,51,Books,15,19.0,285.0,4,2023,Middle Aged,Medium
TX045620,2023-11-25,CUST0537,Female,53,Electronics,1,72.0,72.0,4,2023,Middle Aged,Low
TX045621,2023-11-25,CUST9576,Female,26,Electronics,10,360.0,3600.0,4,2023,Youth,High
TX045622,2023-11-25,CUST5538,Male,20,Clothing,9,148.0,1332.0,4,2023,Teenager,High
TX045623,2023-11-25,CUST5693,Male,53,Electronics,14,195.0,2730.0,4,2023,Middle Aged,High
TX045624,2023-11-25,CUST8349,Female,70,Clothing,12,221.0,2652.0,4,2023,Retired,High
TX045625,2023-11-25,CUST2937,Female,51,Books,20,484.0,9680.0,4,2023,Middle Aged,High
TX045626,2023-11-25,CUST4945,Female,50,Electronics,18,466.0,8388.0,4,2023,Middle Aged,High
TX045627,2023-11-25,CUST8796,Male,35,Clothing,18,116.0,2088.0,4,2023,Youth,High
TX045628,2023-11-25,CUST7616,Male,50,Electronics,9,468.0,4212.0,4,2023,Middle Aged,High
TX045629,2023-11-25,CUST4078,Male,50,Groceries,13,65.0,845.0,4,2023,Middle Aged,High
TX045630,2023-11-25,CUST7313,Male,36,Books,8,165.0,1320.0,4,2023,Youth,High
TX045631,2023-11-25,CUST0492,Female,63,Electronics,9,321.0,2889.0,4,2023,Retired,High
TX045632,2023-11-25,CUST9303,Female,24,Groceries,5,166.0,830.0,4,2023,Teenager,High
TX045633,2023-11-25,CUST5296,Female,61,Sports,2,484.0,968.0,4,2023,Retired,High
TX045634,2023-11-25,CUST8129,Male,56,Groceries,20,378.0,7560.0,4,2023,Middle Aged,High
TX045635,2023-11-25,CUST9247,Female,61,Electronics,14,406.0,5684.0,4,2023,Retired,High
TX045636,2023-11-25,CUST2884,Male,32,Electronics,17,400.0,6800.0,4,2023,Youth,High
TX045637,2023-11-25,CUST8046,Female,19,Beauty,1,148.0,148.0,4,2023,Teenager,Medium
TX045638,2023-11-25,CUST9006,Female,38,Groceries,8,336.0,2688.0,4,2023,Youth,High
TX045639,2023-11-25,CUST3679,Male,36,Electronics,8,317.0,2536.0,4,2023,Youth,High
TX045640,2023-11-25,CUST7716,Female,56,Groceries,6,15.0,90.0,4,2023,Middle Aged,Low
TX045641,2023-11-25,CUST0218,Female,47,Clothing,15,193.0,2895.0,4,2023,Middle Aged,High
TX045642,2023-11-25,CUST0479,Male,61,Clothing,10,253.0,2530.0,4,2023,Retired,High
TX045643,2023-11-25,CUST2518,Female,59,Books,2,383.0,766.0,4,2023,Middle Aged,High
TX045644,2023-11-25,CUST3746,Male,42,Groceries,6,150.0,900.0,4,2023,Middle Aged,High
TX045645,2023-11-25,CUST9679,Female,50,Beauty,15,86.0,1290.0,4,2023,Middle Aged,High
TX045646,2023-11-25,CUST6504,Female,21,Clothing,3,417.0,1251.0,4,2023,Teenager,High
TX045647,2023-11-25,CUST1225,Male,31,Clothing,4,298.0,1192.0,4,2023,Youth,High
TX045648,2023-11-25,CUST9059,Male,39,Beauty,13,99.0,1287.0,4,2023,Youth,High
TX045649,2023-11-25,CUST6040,Female,55,Electronics,14,440.0,6160.0,4,2023,Middle Aged,High
TX045650,2023-11-25,CUST6394,Male,26,Books,8,385.0,3080.0,4,2023,Youth,High
TX045651,2023-11-25,CUST9189,Female,67,Electronics,5,428.0,2140.0,4,2023,Retired,High
TX045652,2023-11-25,CUST3176,Female,54,Books,19,437.0,8303.0,4,2023,Middle Aged,High
TX045653,2023-11-25,CUST8449,Male,65,Electronics,19,159.0,3021.0,4,2023,Retired,High
TX045654,2023-11-25,CUST6537,Male,53,Books,17,118.0,2006.0,4,2023,Middle Aged,High
TX045655,2023-11-25,CUST1943,Female,19,Electronics,9,230.0,2070.0,4,2023,Teenager,High
TX045656,2023-11-25,CUST7627,Female,21,Beauty,13,58.0,754.0,4,2023,Teenager,High
TX045657,2023-11-25,CUST8937,Male,62,Electronics,17,14.0,238.0,4,2023,Retired,Medium
TX045658,2023-11-25,CUST1518,Male,40,Sports,13,19.0,247.0,4,2023,Youth,Medium
TX045659,2023-11-25,CUST3593,Male,24,Sports,12,367.0,4404.0,4,2023,Teenager,High
TX045660,2023-11-25,CUST2189,Female,46,Electronics,13,82.0,1066.0,4,2023,Middle Aged,High
TX045661,2023-11-25,CUST5397,Male,41,Sports,8,13.0,104.0,4,2023,Middle Aged,Medium
TX045662,2023-11-25,CUST5166,Male,61,Sports,20,362.0,7240.0,4,2023,Retired,High
TX045663,2023-11-25,CUST6331,Female,29,Books,9,35.0,315.0,4,2023,Youth,Medium
TX045664,2023-11-25,CUST9960,Male,53,Books,7,195.0,1365.0,4,2023,Middle Aged,High
TX045665,2023-11-25,CUST9970,Male,30,Clothing,5,299.0,1495.0,4,2023,Youth,High
TX045666,2023-11-25,CUST7918,Female,41,Electronics,6,63.0,378.0,4,2023,Middle Aged,Medium
TX045667,2023-11-25,CUST0468,Male,59,Electronics,3,146.0,438.0,4,2023,Middle Aged,Medium
TX045668,2023-11-25,CUST9435,Female,42,Groceries,15,330.0,4950.0,4,2023,Middle Aged,High
TX045669,2023-11-25,CUST5715,Female,57,Books,11,406.0,4466.0,4,2023,Middle Aged,High
TX045670,2023-11-25,CUST5113,Male,40,Books,9,168.0,1512.0,4,2023,Youth,High
TX045671,2023-11-25,CUST5645,Female,20,Sports,16,37.0,592.0,4,2023,Teenager,High
TX045672,2023-11-25,CUST7113,Male,49,Beauty,2,176.0,352.0,4,2023,Middle Aged,Medium
TX045673,2023-11-25,CUST7507,Female,33,Books,1,445.0,445.0,4,2023,Youth,Medium
TX045674,2023-11-25,CUST1753,Female,28,Electronics,13,341.0,4433.0,4,2023,Youth,High
TX045675,2023-11-25,CUST6940,Female,31,Sports,19,429.0,8151.0,4,2023,Youth,High
TX045676,2023-11-25,CUST9691,Female,54,Sports,5,156.0,780.0,4,2023,Middle Aged,High
TX045677,2023-11-25,CUST4415,Female,61,Clothing,16,74.0,1184.0,4,2023,Retired,High
TX045678,2023-11-25,CUST8590,Male,57,Groceries,5,487.0,2435.0,4,2023,Middle Aged,High
TX045679,2023-11-25,CUST3987,Female,59,Clothing,17,163.0,2771.0,4,2023,Middle Aged,High
TX045680,2023-11-25,CUST2117,Male,39,Groceries,20,343.0,6860.0,4,2023,Youth,High
TX045681,2023-11-25,CUST2465,Female,21,Beauty,18,245.0,4410.0,4,2023,Teenager,High
TX045682,2023-11-25,CUST8323,Female,45,Electronics,2,370.0,740.0,4,2023,Middle Aged,High
TX045683,2023-11-25,CUST7729,Female,21,Sports,8,163.0,1304.0,4,2023,Teenager,High
TX045684,2023-11-25,CUST4381,Male,35,Electronics,15,35.0,525.0,4,2023,Youth,High
TX045685,2023-11-25,CUST5647,Female,37,Electronics,3,481.0,1443.0,4,2023,Youth,High
TX045686,2023-11-25,CUST4785,Female,41,Books,14,284.0,3976.0,4,2023,Middle Aged,High
TX045687,2023-11-25,CUST4148,Female,26,Clothing,14,252.0,3528.0,4,2023,Youth,High
TX045688,2023-11-25,CUST5328,Male,23,Clothing,9,347.0,3123.0,4,2023,Teenager,High
TX045689,2023-11-25,CUST1205,Male,22,Groceries,3,52.0,156.0,4,2023,Teenager,Medium
TX045690,2023-11-25,CUST3708,Male,48,Clothing,16,416.0,6656.0,4,2023,Middle Aged,High
TX045691,2023-11-25,CUST7605,Female,38,Sports,12,222.0,2664.0,4,2023,Youth,High
TX045692,2023-11-25,CUST7808,Female,65,Books,17,322.0,5474.0,4,2023,Retired,High
TX045693,2023-11-25,CUST5403,Female,61,Groceries,11,113.0,1243.0,4,2023,Retired,High
TX045694,2023-11-25,CUST5353,Female,40,Sports,19,305.0,5795.0,4,2023,Youth,High
TX045695,2023-11-25,CUST6402,Male,44,Beauty,8,320.0,2560.0,4,2023,Middle Aged,High
TX045696,2023-11-25,CUST8238,Female,61,Groceries,17,209.0,3553.0,4,2023,Retired,High
TX045697,2023-11-25,CUST6820,Male,46,Beauty,2,157.0,314.0,4,2023,Middle Aged,Medium
TX045698,2023-11-25,CUST3605,Female,20,Beauty,12,109.0,1308.0,4,2023,Teenager,High
TX045699,2023-11-25,CUST1424,Male,25,Beauty,10,273.0,2730.0,4,2023,Teenager,High
TX045700,2023-11-25,CUST6958,Male,34,Beauty,5,324.0,1620.0,4,2023,Youth,High
TX045701,2023-11-25,CUST2760,Female,32,Electronics,20,207.0,4140.0,4,2023,Youth,High
TX045702,2023-11-25,CUST2932,Female,27,Clothing,1,113.0,113.0,4,2023,Youth,Medium
TX045703,2023-11-25,CUST0720,Male,26,Electronics,11,152.0,1672.0,4,2023,Youth,High
TX045704,2023-11-25,CUST5416,Female,70,Clothing,6,292.0,1752.0,4,2023,Retired,High
TX045705,2023-11-25,CUST4020,Female,27,Sports,18,178.0,3204.0,4,2023,Youth,High
TX045706,2023-11-25,CUST2342,Female,44,Electronics,3,107.0,321.0,4,2023,Middle Aged,Medium
TX045707,2023-11-25,CUST6936,Male,21,Books,8,465.0,3720.0,4,2023,Teenager,High
TX045708,2023-11-25,CUST1599,Female,39,Groceries,17,338.0,5746.0,4,2023,Youth,High
TX045709,2023-11-25,CUST9636,Female,54,Beauty,7,316.0,2212.0,4,2023,Middle Aged,High
TX045710,2023-11-25,CUST7171,Male,19,Books,16,300.0,4800.0,4,2023,Teenager,High
TX045711,2023-11-25,CUST3405,Female,60,Sports,9,106.0,954.0,4,2023,Middle Aged,High
TX045712,2023-11-25,CUST4624,Male,35,Groceries,15,335.0,5025.0,4,2023,Youth,High
TX045713,2023-11-25,CUST6238,Female,21,Beauty,15,62.0,930.0,4,2023,Teenager,High
TX045714,2023-11-25,CUST2347,Male,40,Sports,9,204.0,1836.0,4,2023,Youth,High
TX045715,2023-11-25,CUST4952,Male,58,Clothing,18,484.0,8712.0,4,2023,Middle Aged,High
TX045716,2023-11-25,CUST8728,Male,67,Sports,6,350.0,2100.0,4,2023,Retired,High
TX045717,2023-11-25,CUST3742,Female,62,Beauty,18,126.0,2268.0,4,2023,Retired,High
TX045718,2023-11-25,CUST8711,Female,35,Books,11,98.0,1078.0,4,2023,Youth,High
TX045719,2023-11-25,CUST9579,Female,29,Electronics,12,496.0,5952.0,4,2023,Youth,High
TX045720,2023-11-25,CUST7766,Female,49,Sports,16,335.0,5360.0,4,2023,Middle Aged,High
TX045721,2023-11-25,CUST8757,Male,36,Books,13,388.0,5044.0,4,2023,Youth,High
TX045722,2023-11-25,CUST3056,Male,50,Clothing,15,172.0,2580.0,4,2023,Middle Aged,High
TX045723,2023-11-25,CUST8108,Male,68,Beauty,15,146.0,2190.0,4,2023,Retired,High
TX045724,2023-11-25,CUST2304,Male,36,Clothing,4,477.0,1908.0,4,2023,Youth,High
TX045725,2023-11-25,CUST9566,Female,65,Clothing,17,95.0,1615.0,4,2023,Retired,High
TX045726,2023-11-25,CUST2805,Female,20,Beauty,2,224.0,448.0,4,2023,Teenager,Medium
TX045727,2023-11-25,CUST6434,Female,36,Clothing,16,485.0,7760.0,4,2023,Youth,High
TX045728,2023-11-25,CUST0012,Male,43,Groceries,6,129.0,774.0,4,2023,Middle Aged,High
TX045729,2023-11-25,CUST6693,Male,54,Electronics,20,137.0,2740.0,4,2023,Middle Aged,High
TX045730,2023-11-25,CUST3261,Male,47,Books,17,175.0,2975.0,4,2023,Middle Aged,High
TX045731,2023-11-25,CUST0263,Female,20,Beauty,11,141.0,1551.0,4,2023,Teenager,High
TX045732,2023-11-25,CUST6152,Female,42,Groceries,10,135.0,1350.0,4,2023,Middle Aged,High
TX045733,2023-11-25,CUST2310,Male,26,Books,4,431.0,1724.0,4,2023,Youth,High
TX045734,2023-11-25,CUST0812,Female,19,Electronics,11,380.0,4180.0,4,2023,Teenager,High
TX045735,2023-11-25,CUST7351,Male,42,Books,15,486.0,7290.0,4,2023,Middle Aged,High
TX045736,2023-11-25,CUST5214,Female,61,Books,10,162.0,1620.0,4,2023,Retired,High
TX045737,2023-11-25,CUST2887,Female,69,Books,12,62.0,744.0,4,2023,Retired,High
TX045738,2023-11-25,CUST6246,Female,27,Books,8,36.0,288.0,4,2023,Youth,Medium
TX045739,2023-11-25,CUST0853,Male,49,Clothing,18,272.0,4896.0,4,2023,Middle Aged,High
TX045740,2023-11-25,CUST3604,Female,69,Books,13,292.0,3796.0,4,2023,Retired,High
TX045741,2023-11-25,CUST8877,Female,31,Electronics,15,71.0,1065.0,4,2023,Youth,High
TX045742,2023-11-25,CUST3256,Male,42,Groceries,1,320.0,320.0,4,2023,Middle Aged,Medium
TX045743,2023-11-25,CUST4226,Female,47,Books,12,26.0,312.0,4,2023,Middle Aged,Medium
TX045744,2023-11-25,CUST0883,Female,38,Electronics,10,302.0,3020.0,4,2023,Youth,High
TX045745,2023-11-25,CUST0191,Female,47,Groceries,19,87.0,1653.0,4,2023,Middle Aged,High
TX045746,2023-11-25,CUST2009,Female,40,Beauty,18,190.0,3420.0,4,2023,Youth,High
TX045747,2023-11-25,CUST6523,Male,59,Sports,11,109.0,1199.0,4,2023,Middle Aged,High
TX045748,2023-11-25,CUST8447,Male,19,Books,6,377.0,2262.0,4,2023,Teenager,High
TX045749,2023-11-25,CUST2614,Male,57,Clothing,9,89.0,801.0,4,2023,Middle Aged,High
TX045750,2023-11-25,CUST0786,Male,64,Sports,16,468.0,7488.0,4,2023,Retired,High
TX045751,2023-11-25,CUST7633,Male,29,Groceries,15,390.0,5850.0,4,2023,Youth,High
TX045752,2023-11-25,CUST5643,Male,61,Books,6,483.0,2898.0,4,2023,Retired,High
TX045753,2023-11-25,CUST8051,Female,65,Groceries,15,218.0,3270.0,4,2023,Retired,High
TX045754,2023-11-25,CUST8775,Male,44,Groceries,4,263.0,1052.0,4,2023,Middle Aged,High
TX045755,2023-11-25,CUST3558,Female,45,Books,20,231.0,4620.0,4,2023,Middle Aged,High
TX045756,2023-11-25,CUST2174,Male,54,Sports,12,165.0,1980.0,4,2023,Middle Aged,High
TX045757,2023-11-25,CUST2030,Female,20,Clothing,2,110.0,220.0,4,2023,Teenager,Medium
TX045758,2023-11-25,CUST2546,Male,59,Electronics,18,116.0,2088.0,4,2023,Middle Aged,High
TX045759,2023-11-25,CUST6185,Male,61,Electronics,5,283.0,1415.0,4,2023,Retired,High
TX045760,2023-11-25,CUST5338,Female,19,Clothing,4,232.0,928.0,4,2023,Teenager,High
TX045761,2023-11-25,CUST9157,Male,35,Books,4,258.0,1032.0,4,2023,Youth,High
TX045762,2023-11-25,CUST7988,Male,62,Sports,16,490.0,7840.0,4,2023,Retired,High
TX045763,2023-11-25,CUST0506,Male,22,Electronics,3,337.0,1011.0,4,2023,Teenager,High
TX045764,2023-11-25,CUST5436,Male,70,Books,13,133.0,1729.0,4,2023,Retired,High
TX045765,2023-11-25,CUST1736,Male,22,Electronics,4,44.0,176.0,4,2023,Teenager,Medium
TX045766,2023-11-25,CUST5758,Male,62,Groceries,20,298.0,5960.0,4,2023,Retired,High
TX045767,2023-11-25,CUST6722,Male,38,Electronics,1,375.0,375.0,4,2023,Youth,Medium
TX045768,2023-11-25,CUST1432,Male,61,Groceries,11,390.0,4290.0,4,2023,Retired,High
TX045769,2023-11-25,CUST2723,Female,59,Beauty,4,51.0,204.0,4,2023,Middle Aged,Medium
TX045770,2023-11-25,CUST6161,Male,18,Books,16,334.0,5344.0,4,2023,,High
TX045771,2023-11-25,CUST0696,Female,50,Groceries,12,235.0,2820.0,4,2023,Middle Aged,High
TX045772,2023-11-25,CUST0561,Female,19,Clothing,20,89.0,1780.0,4,2023,Teenager,High
TX045773,2023-11-25,CUST1728,Female,66,Electronics,4,41.0,164.0,4,2023,Retired,Medium
TX045774,2023-11-25,CUST2445,Female,45,Books,15,356.0,5340.0,4,2023,Middle Aged,High
TX045775,2023-11-25,CUST4160,Female,68,Electronics,15,123.0,1845.0,4,2023,Retired,High
TX045776,2023-11-25,CUST5951,Male,43,Clothing,20,466.0,9320.0,4,2023,Middle Aged,High
TX045777,2023-11-25,CUST1308,Male,36,Beauty,17,437.0,7429.0,4,2023,Youth,High
TX045778,2023-11-25,CUST6652,Female,63,Groceries,9,17.0,153.0,4,2023,Retired,Medium
TX045779,2023-11-25,CUST9319,Male,61,Electronics,17,276.0,4692.0,4,2023,Retired,High
TX045780,2023-11-25,CUST5281,Male,37,Clothing,10,208.0,2080.0,4,2023,Youth,High
TX045781,2023-11-25,CUST3390,Male,35,Sports,5,491.0,2455.0,4,2023,Youth,High
TX045782,2023-11-25,CUST6865,Male,56,Books,3,150.0,450.0,4,2023,Middle Aged,Medium
TX045783,2023-11-25,CUST7834,Female,56,Clothing,7,474.0,3318.0,4,2023,Middle Aged,High
TX045784,2023-11-25,CUST6913,Female,34,Sports,5,192.0,960.0,4,2023,Youth,High
TX045785,2023-11-25,CUST3892,Male,23,Electronics,3,410.0,1230.0,4,2023,Teenager,High
TX045786,2023-11-25,CUST2040,Female,32,Groceries,7,443.0,3101.0,4,2023,Youth,High
TX045787,2023-11-25,CUST7793,Male,26,Clothing,3,433.0,1299.0,4,2023,Youth,High
TX045788,2023-11-25,CUST4016,Female,54,Sports,3,57.0,171.0,4,2023,Middle Aged,Medium
TX045789,2023-11-25,CUST0732,Male,41,Clothing,16,374.0,5984.0,4,2023,Middle Aged,High
TX045790,2023-11-25,CUST4963,Female,67,Electronics,7,195.0,1365.0,4,2023,Retired,High
TX045791,2023-11-25,CUST5475,Male,64,Books,3,221.0,663.0,4,2023,Retired,High
TX045792,2023-11-25,CUST0096,Male,37,Electronics,13,392.0,5096.0,4,2023,Youth,High
TX045793,2023-11-25,CUST4689,Female,23,Sports,6,408.0,2448.0,4,2023,Teenager,High
TX045794,2023-11-25,CUST4403,Female,38,Sports,2,379.0,758.0,4,2023,Youth,High
TX045795,2023-11-25,CUST8752,Male,65,Sports,1,434.0,434.0,4,2023,Retired,Medium
TX045796,2023-11-25,CUST5598,Male,30,Electronics,19,358.0,6802.0,4,2023,Youth,High
TX045797,2023-11-25,CUST6650,Female,58,Electronics,2,201.0,402.0,4,2023,Middle Aged,Medium
TX045798,2023-11-25,CUST2683,Female,43,Electronics,13,361.0,4693.0,4,2023,Middle Aged,High
TX045799,2023-11-25,CUST3990,Male,42,Books,10,165.0,1650.0,4,2023,Middle Aged,High
TX045800,2023-11-25,CUST3281,Male,60,Books,8,63.0,504.0,4,2023,Middle Aged,High
TX045801,2023-11-25,CUST6799,Male,59,Books,20,407.0,8140.0,4,2023,Middle Aged,High
TX045802,2023-11-25,CUST0870,Female,61,Clothing,16,325.0,5200.0,4,2023,Retired,High
TX045803,2023-11-25,CUST3043,Female,51,Books,12,350.0,4200.0,4,2023,Middle Aged,High
TX045804,2023-11-25,CUST9593,Female,66,Books,15,166.0,2490.0,4,2023,Retired,High
TX045805,2023-11-25,CUST1604,Female,48,Clothing,11,472.0,5192.0,4,2023,Middle Aged,High
TX045806,2023-11-25,CUST5632,Female,27,Electronics,12,321.0,3852.0,4,2023,Youth,High
TX045807,2023-11-25,CUST6397,Female,18,Books,5,487.0,2435.0,4,2023,,High
TX045808,2023-11-25,CUST5656,Female,21,Sports,15,13.0,195.0,4,2023,Teenager,Medium
TX045809,2023-11-25,CUST3117,Female,63,Books,8,14.0,112.0,4,2023,Retired,Medium
TX045810,2023-11-25,CUST3903,Female,65,Beauty,14,80.0,1120.0,4,2023,Retired,High
TX045811,2023-11-25,CUST1379,Female,49,Beauty,20,382.0,7640.0,4,2023,Middle Aged,High
TX045812,2023-11-25,CUST8640,Female,29,Clothing,3,248.0,744.0,4,2023,Youth,High
TX045813,2023-11-25,CUST1163,Female,33,Sports,14,230.0,3220.0,4,2023,Youth,High
TX045814,2023-11-25,CUST1080,Female,21,Clothing,8,333.0,2664.0,4,2023,Teenager,High
TX045815,2023-11-25,CUST2252,Male,32,Electronics,20,336.0,6720.0,4,2023,Youth,High
TX045816,2023-11-25,CUST8995,Female,51,Books,7,225.0,1575.0,4,2023,Middle Aged,High
TX045817,2023-11-25,CUST1754,Female,21,Groceries,15,332.0,4980.0,4,2023,Teenager,High
TX045818,2023-11-25,CUST3076,Female,41,Sports,17,190.0,3230.0,4,2023,Middle Aged,High
TX045819,2023-11-25,CUST4257,Female,53,Electronics,17,68.0,1156.0,4,2023,Middle Aged,High
TX045820,2023-11-25,CUST5195,Female,49,Clothing,15,248.0,3720.0,4,2023,Middle Aged,High
TX045821,2023-11-25,CUST3880,Female,56,Books,3,461.0,1383.0,4,2023,Middle Aged,High
TX045822,2023-11-25,CUST9622,Male,68,Groceries,12,219.0,2628.0,4,2023,Retired,High
TX045823,2023-11-25,CUST8633,Male,53,Sports,11,346.0,3806.0,4,2023,Middle Aged,High
TX045824,2023-11-25,CUST2238,Female,30,Electronics,9,394.0,3546.0,4,2023,Youth,High
TX045825,2023-11-25,CUST6358,Male,32,Groceries,5,488.0,2440.0,4,2023,Youth,High
TX045826,2023-11-25,CUST6551,Female,29,Electronics,20,172.0,3440.0,4,2023,Youth,High
TX045827,2023-11-25,CUST7950,Male,53,Clothing,12,367.0,4404.0,4,2023,Middle Aged,High
TX045828,2023-11-25,CUST8175,Male,58,Beauty,6,117.0,702.0,4,2023,Middle Aged,High
TX045829,2023-11-25,CUST7432,Male,61,Books,2,70.0,140.0,4,2023,Retired,Medium
TX045830,2023-11-25,CUST2921,Male,37,Beauty,9,400.0,3600.0,4,2023,Youth,High
TX045831,2023-11-25,CUST0232,Male,23,Beauty,9,244.0,2196.0,4,2023,Teenager,High
TX045832,2023-11-25,CUST5660,Female,21,Groceries,2,136.0,272.0,4,2023,Teenager,Medium
TX045833,2023-11-25,CUST0827,Male,45,Groceries,16,269.0,4304.0,4,2023,Middle Aged,High
TX045834,2023-11-25,CUST9014,Female,70,Groceries,19,307.0,5833.0,4,2023,Retired,High
TX045835,2023-11-25,CUST5473,Female,46,Groceries,7,400.0,2800.0,4,2023,Middle Aged,High
TX045836,2023-11-25,CUST7292,Male,50,Sports,9,380.0,3420.0,4,2023,Middle Aged,High
TX045837,2023-11-25,CUST8351,Male,37,Beauty,18,301.0,5418.0,4,2023,Youth,High
TX045838,2023-11-25,CUST6291,Male,40,Clothing,16,154.0,2464.0,4,2023,Youth,High
TX045839,2023-11-25,CUST5645,Male,25,Sports,10,43.0,430.0,4,2023,Teenager,Medium
TX045840,2023-11-25,CUST5383,Male,50,Groceries,20,163.0,3260.0,4,2023,Middle Aged,High
TX045841,2023-11-25,CUST7210,Female,51,Sports,13,328.0,4264.0,4,2023,Middle Aged,High
TX045842,2023-11-25,CUST5488,Male,25,Sports,11,205.0,2255.0,4,2023,Teenager,High
TX045843,2023-11-25,CUST2668,Male,57,Electronics,10,468.0,4680.0,4,2023,Middle Aged,High
TX045844,2023-11-25,CUST0751,Female,25,Electronics,7,131.0,917.0,4,2023,Teenager,High
TX045845,2023-11-25,CUST4484,Male,57,Groceries,15,129.0,1935.0,4,2023,Middle Aged,High
TX045846,2023-11-25,CUST0122,Male,39,Beauty,2,50.0,100.0,4,2023,Youth,Low
TX045847,2023-11-25,CUST3180,Male,45,Clothing,6,390.0,2340.0,4,2023,Middle Aged,High
TX045848,2023-11-25,CUST8757,Male,55,Clothing,4,36.0,144.0,4,2023,Middle Aged,Medium
TX045849,2023-11-25,CUST3398,Male,66,Electronics,16,329.0,5264.0,4,2023,Retired,High
TX045850,2023-11-25,CUST6139,Male,58,Electronics,11,110.0,1210.0,4,2023,Middle Aged,High
TX045851,2023-11-25,CUST0705,Female,46,Books,14,425.0,5950.0,4,2023,Middle Aged,High
TX045852,2023-11-25,CUST0788,Female,56,Books,10,412.0,4120.0,4,2023,Middle Aged,High
TX045853,2023-11-25,CUST5703,Male,47,Sports,1,119.0,119.0,4,2023,Middle Aged,Medium
TX045854,2023-11-25,CUST9325,Female,56,Groceries,20,40.0,800.0,4,2023,Middle Aged,High
TX045855,2023-11-25,CUST9721,Female,35,Sports,8,13.0,104.0,4,2023,Youth,Medium
TX045856,2023-11-25,CUST7138,Male,69,Books,4,227.0,908.0,4,2023,Retired,High
TX045857,2023-11-25,CUST5085,Male,59,Electronics,6,152.0,912.0,4,2023,Middle Aged,High
TX045858,2023-11-25,CUST0648,Female,34,Sports,16,150.0,2400.0,4,2023,Youth,High
TX045859,2023-11-25,CUST9918,Female,50,Sports,17,133.0,2261.0,4,2023,Middle Aged,High
TX045860,2023-11-25,CUST7511,Male,59,Groceries,4,438.0,1752.0,4,2023,Middle Aged,High
TX045861,2023-11-25,CUST0222,Female,50,Electronics,5,346.0,1730.0,4,2023,Middle Aged,High
TX045862,2023-11-25,CUST7264,Female,60,Sports,13,285.0,3705.0,4,2023,Middle Aged,High
TX045863,2023-11-25,CUST9640,Male,44,Beauty,2,447.0,894.0,4,2023,Middle Aged,High
TX045864,2023-11-25,CUST7786,Male,66,Beauty,11,114.0,1254.0,4,2023,Retired,High
TX045865,2023-11-25,CUST3655,Female,22,Beauty,10,373.0,3730.0,4,2023,Teenager,High
TX045866,2023-11-25,CUST6311,Male,65,Sports,13,495.0,6435.0,4,2023,Retired,High
TX045867,2023-11-25,CUST3944,Female,45,Groceries,14,33.0,462.0,4,2023,Middle Aged,Medium
TX045868,2023-11-25,CUST4361,Male,61,Sports,20,409.0,8180.0,4,2023,Retired,High
TX045869,2023-11-25,CUST7569,Female,18,Books,1,97.0,97.0,4,2023,,Low
TX045870,2023-11-25,CUST7550,Male,66,Sports,8,422.0,3376.0,4,2023,Retired,High
TX045871,2023-11-25,CUST2644,Male,67,Groceries,2,183.0,366.0,4,2023,Retired,Medium
TX045872,2023-11-25,CUST2068,Male,44,Electronics,3,393.0,1179.0,4,2023,Middle Aged,High
TX045873,2023-11-25,CUST9543,Male,41,Electronics,6,449.0,2694.0,4,2023,Middle Aged,High
TX045874,2023-11-25,CUST5319,Male,30,Sports,8,456.0,3648.0,4,2023,Youth,High
TX045875,2023-11-25,CUST7523,Female,55,Beauty,7,347.0,2429.0,4,2023,Middle Aged,High
TX045876,2023-11-25,CUST2073,Female,24,Books,1,419.0,419.0,4,2023,Teenager,Medium
TX045877,2023-11-25,CUST1800,Male,62,Clothing,5,436.0,2180.0,4,2023,Retired,High
TX045878,2023-11-25,CUST1217,Male,39,Sports,4,275.0,1100.0,4,2023,Youth,High
TX045879,2023-11-25,CUST6524,Female,45,Groceries,1,451.0,451.0,4,2023,Middle Aged,Medium
TX045880,2023-11-25,CUST2526,Female,46,Beauty,3,367.0,1101.0,4,2023,Middle Aged,High
TX045881,2023-11-25,CUST0493,Female,41,Books,19,238.0,4522.0,4,2023,Middle Aged,High
TX045882,2023-11-25,CUST2554,Male,34,Beauty,1,162.0,162.0,4,2023,Youth,Medium
TX045883,2023-11-25,CUST1240,Male,62,Clothing,14,174.0,2436.0,4,2023,Retired,High
TX045884,2023-11-25,CUST4149,Female,19,Electronics,11,181.0,1991.0,4,2023,Teenager,High
TX045885,2023-11-25,CUST9438,Male,66,Clothing,15,483.0,7245.0,4,2023,Retired,High
TX045886,2023-11-25,CUST4585,Female,63,Clothing,7,303.0,2121.0,4,2023,Retired,High
TX045887,2023-11-25,CUST5246,Female,26,Sports,13,434.0,5642.0,4,2023,Youth,High
TX045888,2023-11-25,CUST5802,Male,68,Electronics,1,474.0,474.0,4,2023,Retired,Medium
TX045889,2023-11-25,CUST3563,Male,62,Sports,9,236.0,2124.0,4,2023,Retired,High
TX045890,2023-11-25,CUST5033,Female,50,Books,19,48.0,912.0,4,2023,Middle Aged,High
TX045891,2023-11-25,CUST2581,Male,50,Electronics,7,349.0,2443.0,4,2023,Middle Aged,High
TX045892,2023-11-25,CUST0675,Female,32,Sports,16,74.0,1184.0,4,2023,Youth,High
TX045893,2023-11-25,CUST4111,Male,18,Books,19,18.0,342.0,4,2023,,Medium
TX045894,2023-11-25,CUST3122,Female,52,Beauty,1,87.0,87.0,4,2023,Middle Aged,Low
TX045895,2023-11-25,CUST3501,Male,53,Books,1,88.0,88.0,4,2023,Middle Aged,Low
TX045896,2023-11-25,CUST6378,Male,70,Sports,6,499.0,2994.0,4,2023,Retired,High
TX045897,2023-11-25,CUST2958,Male,68,Sports,17,371.0,6307.0,4,2023,Retired,High
TX045898,2023-11-25,CUST3578,Female,45,Groceries,16,216.0,3456.0,4,2023,Middle Aged,High
TX045899,2023-11-25,CUST5591,Female,25,Electronics,9,275.0,2475.0,4,2023,Teenager,High
TX045900,2023-11-25,CUST9048,Male,56,Electronics,9,269.0,2421.0,4,2023,Middle Aged,High
TX045901,2023-11-25,CUST4321,Male,19,Books,15,179.0,2685.0,4,2023,Teenager,High
TX045902,2023-11-25,CUST1136,Male,51,Beauty,3,187.0,561.0,4,2023,Middle Aged,High
TX045903,2023-11-25,CUST2859,Female,25,Books,8,363.0,2904.0,4,2023,Teenager,High
TX045904,2023-11-25,CUST5062,Male,34,Beauty,6,199.0,1194.0,4,2023,Youth,High
TX045905,2023-11-25,CUST2540,Male,30,Books,11,264.0,2904.0,4,2023,Youth,High
TX045906,2023-11-25,CUST8744,Male,68,Clothing,11,133.0,1463.0,4,2023,Retired,High
TX045907,2023-11-25,CUST1904,Female,19,Books,20,319.0,6380.0,4,2023,Teenager,High
TX045908,2023-11-25,CUST4866,Female,42,Clothing,18,302.0,5436.0,4,2023,Middle Aged,High
TX045909,2023-11-25,CUST0789,Male,54,Clothing,2,377.0,754.0,4,2023,Middle Aged,High
TX045910,2023-11-25,CUST8004,Female,42,Clothing,7,169.0,1183.0,4,2023,Middle Aged,High
TX045911,2023-11-25,CUST5520,Female,45,Clothing,11,279.0,3069.0,4,2023,Middle Aged,High
TX045912,2023-11-25,CUST9635,Male,33,Clothing,2,416.0,832.0,4,2023,Youth,High
TX045913,2023-11-25,CUST6624,Male,28,Clothing,14,470.0,6580.0,4,2023,Youth,High
TX045914,2023-11-25,CUST3564,Male,63,Beauty,20,157.0,3140.0,4,2023,Retired,High
TX045915,2023-11-25,CUST2076,Male,25,Electronics,12,384.0,4608.0,4,2023,Teenager,High
TX045916,2023-11-25,CUST6565,Male,42,Electronics,19,444.0,8436.0,4,2023,Middle Aged,High
TX045917,2023-11-25,CUST6253,Male,41,Clothing,19,107.0,2033.0,4,2023,Middle Aged,High
TX045918,2023-11-25,CUST0738,Male,60,Clothing,5,14.0,70.0,4,2023,Middle Aged,Low
TX045919,2023-11-25,CUST6200,Female,47,Sports,7,469.0,3283.0,4,2023,Middle Aged,High
TX045920,2023-11-25,CUST2191,Male,56,Books,11,103.0,1133.0,4,2023,Middle Aged,High
TX045921,2023-11-25,CUST2729,Female,45,Clothing,7,89.0,623.0,4,2023,Middle Aged,High
TX045922,2023-11-25,CUST3287,Female,30,Sports,12,213.0,2556.0,4,2023,Youth,High
TX045923,2023-11-25,CUST8936,Male,20,Electronics,14,138.0,1932.0,4,2023,Teenager,High
TX045924,2023-11-25,CUST8313,Male,48,Electronics,16,492.0,7872.0,4,2023,Middle Aged,High
TX045925,2023-11-25,CUST7097,Male,20,Beauty,5,341.0,1705.0,4,2023,Teenager,High
TX045926,2023-11-25,CUST2155,Female,29,Clothing,2,23.0,46.0,4,2023,Youth,Low
TX045927,2023-11-25,CUST9341,Male,47,Sports,12,466.0,5592.0,4,2023,Middle Aged,High
TX045928,2023-11-25,CUST1728,Female,24,Groceries,19,74.0,1406.0,4,2023,Teenager,High
TX045929,2023-11-25,CUST8890,Male,44,Beauty,19,357.0,6783.0,4,2023,Middle Aged,High
TX045930,2023-11-25,CUST8978,Female,29,Clothing,3,222.0,666.0,4,2023,Youth,High
TX045931,2023-11-25,CUST3324,Male,42,Beauty,1,278.0,278.0,4,2023,Middle Aged,Medium
TX045932,2023-11-25,CUST3941,Female,32,Beauty,11,384.0,4224.0,4,2023,Youth,High
TX045933,2023-11-25,CUST6649,Male,64,Groceries,12,388.0,4656.0,4,2023,Retired,High
TX045934,2023-11-25,CUST3782,Male,58,Beauty,6,316.0,1896.0,4,2023,Middle Aged,High
TX045935,2023-11-25,CUST3995,Female,37,Beauty,5,284.0,1420.0,4,2023,Youth,High
TX045936,2023-11-25,CUST5851,Female,49,Books,7,384.0,2688.0,4,2023,Middle Aged,High
TX045937,2023-11-25,CUST8070,Female,54,Sports,17,441.0,7497.0,4,2023,Middle Aged,High
TX045938,2023-11-25,CUST1393,Male,18,Electronics,13,380.0,4940.0,4,2023,,High
TX045939,2023-11-25,CUST5942,Male,49,Groceries,8,150.0,1200.0,4,2023,Middle Aged,High
TX045940,2023-11-25,CUST8957,Female,32,Books,14,69.0,966.0,4,2023,Youth,High
TX045941,2023-11-25,CUST4317,Male,39,Beauty,18,289.0,5202.0,4,2023,Youth,High
TX045942,2023-11-25,CUST7775,Female,56,Electronics,10,249.0,2490.0,4,2023,Middle Aged,High
TX045943,2023-11-25,CUST7845,Male,51,Electronics,8,435.0,3480.0,4,2023,Middle Aged,High
TX045944,2023-11-25,CUST9943,Female,54,Clothing,10,74.0,740.0,4,2023,Middle Aged,High
TX045945,2023-11-25,CUST8513,Male,18,Beauty,3,321.0,963.0,4,2023,,High
TX045946,2023-11-25,CUST2591,Female,49,Sports,16,464.0,7424.0,4,2023,Middle Aged,High
TX045947,2023-11-25,CUST2692,Female,18,Electronics,5,64.0,320.0,4,2023,,Medium
TX045948,2023-11-25,CUST3512,Female,40,Clothing,3,290.0,870.0,4,2023,Youth,High
TX045949,2023-11-25,CUST7323,Male,67,Beauty,13,301.0,3913.0,4,2023,Retired,High
TX045950,2023-11-25,CUST8659,Female,36,Clothing,7,33.0,231.0,4,2023,Youth,Medium
TX045951,2023-11-25,CUST7745,Male,47,Electronics,9,46.0,414.0,4,2023,Middle Aged,Medium
TX045952,2023-11-25,CUST0338,Female,70,Electronics,4,396.0,1584.0,4,2023,Retired,High
TX045953,2023-11-25,CUST7803,Female,33,Clothing,8,382.0,3056.0,4,2023,Youth,High
TX045954,2023-11-25,CUST5513,Male,54,Beauty,15,260.0,3900.0,4,2023,Middle Aged,High
TX045955,2023-11-25,CUST4169,Male,41,Books,10,318.0,3180.0,4,2023,Middle Aged,High
TX045956,2023-11-25,CUST4738,Female,50,Books,14,377.0,5278.0,4,2023,Middle Aged,High
TX045957,2023-11-25,CUST6572,Female,21,Books,1,108.0,108.0,4,2023,Teenager,Medium
TX045958,2023-11-25,CUST5596,Female,20,Books,4,94.0,376.0,4,2023,Teenager,Medium
TX045959,2023-11-25,CUST0768,Male,21,Groceries,20,68.0,1360.0,4,2023,Teenager,High
TX045960,2023-11-25,CUST5683,Female,46,Books,4,419.0,1676.0,4,2023,Middle Aged,High
TX045961,2023-11-25,CUST1641,Male,26,Books,16,165.0,2640.0,4,2023,Youth,High
TX045962,2023-11-25,CUST2503,Female,20,Books,12,112.0,1344.0,4,2023,Teenager,High
TX045963,2023-11-25,CUST4670,Male,34,Sports,19,445.0,8455.0,4,2023,Youth,High
TX045964,2023-11-25,CUST4403,Female,50,Beauty,7,427.0,2989.0,4,2023,Middle Aged,High
TX045965,2023-11-25,CUST3489,Female,54,Books,20,295.0,5900.0,4,2023,Middle Aged,High
TX045966,2023-11-25,CUST1375,Female,31,Groceries,7,231.0,1617.0,4,2023,Youth,High
TX045967,2023-11-25,CUST3370,Male,49,Books,15,58.0,870.0,4,2023,Middle Aged,High
TX045968,2023-11-25,CUST8219,Female,54,Electronics,11,180.0,1980.0,4,2023,Middle Aged,High
TX045969,2023-11-25,CUST7849,Male,69,Groceries,16,320.0,5120.0,4,2023,Retired,High
TX045970,2023-11-25,CUST1165,Male,55,Sports,3,175.0,525.0,4,2023,Middle Aged,High
TX045971,2023-11-25,CUST2317,Female,52,Books,19,486.0,9234.0,4,2023,Middle Aged,High
TX045972,2023-11-25,CUST1579,Female,35,Books,13,326.0,4238.0,4,2023,Youth,High
TX045973,2023-11-25,CUST9340,Male,23,Books,20,100.0,2000.0,4,2023,Teenager,High
TX045974,2023-11-25,CUST7132,Female,35,Books,20,10.0,200.0,4,2023,Youth,Medium
TX045975,2023-11-25,CUST9587,Female,57,Books,19,316.0,6004.0,4,2023,Middle Aged,High
TX045976,2023-11-25,CUST8341,Male,23,Groceries,5,229.0,1145.0,4,2023,Teenager,High
TX045977,2023-11-25,CUST1543,Male,68,Books,5,345.0,1725.0,4,2023,Retired,High
TX045978,2023-11-25,CUST0529,Female,22,Beauty,10,111.0,1110.0,4,2023,Teenager,High
TX045979,2023-11-25,CUST1907,Male,42,Beauty,15,491.0,7365.0,4,2023,Middle Aged,High
TX045980,2023-11-25,CUST6625,Male,35,Electronics,8,181.0,1448.0,4,2023,Youth,High
TX045981,2023-11-25,CUST7752,Female,56,Books,2,488.0,976.0,4,2023,Middle Aged,High
TX045982,2023-11-25,CUST4572,Male,41,Clothing,12,194.0,2328.0,4,2023,Middle Aged,High
TX045983,2023-11-25,CUST8790,Male,19,Books,10,446.0,4460.0,4,2023,Teenager,High
TX045984,2023-11-25,CUST5641,Female,52,Clothing,3,40.0,120.0,4,2023,Middle Aged,Medium
TX045985,2023-11-25,CUST8881,Male,65,Beauty,20,464.0,9280.0,4,2023,Retired,High
TX045986,2023-11-25,CUST1030,Male,51,Groceries,8,459.0,3672.0,4,2023,Middle Aged,High
TX045987,2023-11-25,CUST7189,Male,58,Beauty,13,328.0,4264.0,4,2023,Middle Aged,High
TX045988,2023-11-25,CUST8908,Female,51,Beauty,4,493.0,1972.0,4,2023,Middle Aged,High
TX045989,2023-11-25,CUST7410,Female,56,Beauty,7,14.0,98.0,4,2023,Middle Aged,Low
TX045990,2023-11-25,CUST5945,Female,67,Sports,16,440.0,7040.0,4,2023,Retired,High
TX045991,2023-11-25,CUST2202,Female,27,Beauty,13,151.0,1963.0,4,2023,Youth,High
TX045992,2023-11-25,CUST9892,Male,52,Groceries,5,104.0,520.0,4,2023,Middle Aged,High
TX045993,2023-11-25,CUST9245,Male,20,Sports,1,292.0,292.0,4,2023,Teenager,Medium
TX045994,2023-11-25,CUST4745,Male,24,Electronics,6,455.0,2730.0,4,2023,Teenager,High
TX045995,2023-11-25,CUST6051,Female,64,Electronics,11,76.0,836.0,4,2023,Retired,High
TX045996,2023-11-25,CUST6356,Female,60,Electronics,19,373.0,7087.0,4,2023,Middle Aged,High
TX045997,2023-11-25,CUST7576,Female,21,Books,4,148.0,592.0,4,2023,Teenager,High
TX045998,2023-11-25,CUST7949,Female,32,Books,8,247.0,1976.0,4,2023,Youth,High
TX045999,2023-11-25,CUST2473,Male,33,Clothing,6,181.0,1086.0,4,2023,Youth,High
TX046000,2023-11-25,CUST3360,Male,38,Electronics,13,102.0,1326.0,4,2023,Youth,High
TX046001,2023-11-25,CUST4211,Male,58,Groceries,5,239.0,1195.0,4,2023,Middle Aged,High
TX046002,2023-11-25,CUST0305,Female,30,Books,1,166.0,166.0,4,2023,Youth,Medium
TX046003,2023-11-25,CUST0261,Female,64,Electronics,8,43.0,344.0,4,2023,Retired,Medium
TX046004,2023-11-25,CUST8003,Male,69,Sports,7,95.0,665.0,4,2023,Retired,High
TX046005,2023-11-25,CUST9315,Female,34,Clothing,11,162.0,1782.0,4,2023,Youth,High
TX046006,2023-11-25,CUST0547,Female,41,Clothing,20,224.0,4480.0,4,2023,Middle Aged,High
TX046007,2023-11-25,CUST6151,Male,42,Clothing,19,133.0,2527.0,4,2023,Middle Aged,High
TX046008,2023-11-25,CUST6058,Male,49,Sports,11,298.0,3278.0,4,2023,Middle Aged,High
TX046009,2023-11-25,CUST3978,Male,66,Sports,5,130.0,650.0,4,2023,Retired,High
TX046010,2023-11-25,CUST4236,Female,36,Clothing,12,36.0,432.0,4,2023,Youth,Medium
TX046011,2023-11-25,CUST8246,Male,38,Beauty,11,253.0,2783.0,4,2023,Youth,High
TX046012,2023-11-25,CUST3883,Female,55,Clothing,5,47.0,235.0,4,2023,Middle Aged,Medium
TX046013,2023-11-25,CUST9446,Female,63,Clothing,14,462.0,6468.0,4,2023,Retired,High
TX046014,2023-11-25,CUST0603,Male,48,Clothing,20,108.0,2160.0,4,2023,Middle Aged,High
TX046015,2023-11-25,CUST1930,Female,58,Electronics,9,228.0,2052.0,4,2023,Middle Aged,High
TX046016,2023-11-25,CUST9990,Female,34,Books,10,430.0,4300.0,4,2023,Youth,High
TX046017,2023-11-25,CUST1973,Male,23,Groceries,14,443.0,6202.0,4,2023,Teenager,High
TX046018,2023-11-25,CUST6816,Female,25,Electronics,1,64.0,64.0,4,2023,Teenager,Low
TX046019,2023-11-25,CUST3172,Female,31,Groceries,10,419.0,4190.0,4,2023,Youth,High
TX046020,2023-11-25,CUST3924,Male,63,Clothing,19,241.0,4579.0,4,2023,Retired,High
TX046021,2023-11-25,CUST1539,Female,43,Books,13,447.0,5811.0,4,2023,Middle Aged,High
TX046022,2023-11-25,CUST3639,Female,64,Groceries,19,274.0,5206.0,4,2023,Retired,High
TX046023,2023-11-25,CUST0031,Male,30,Books,1,314.0,314.0,4,2023,Youth,Medium
TX046024,2023-11-25,CUST8315,Male,53,Clothing,16,212.0,3392.0,4,2023,Middle Aged,High
TX046025,2023-11-25,CUST9730,Female,62,Sports,5,228.0,1140.0,4,2023,Retired,High
TX046026,2023-11-25,CUST1761,Female,43,Books,9,193.0,1737.0,4,2023,Middle Aged,High
TX046027,2023-11-25,CUST1647,Female,24,Books,20,98.0,1960.0,4,2023,Teenager,High
TX046028,2023-11-25,CUST9912,Male,49,Clothing,6,70.0,420.0,4,2023,Middle Aged,Medium
TX046029,2023-11-25,CUST4999,Female,25,Electronics,7,57.0,399.0,4,2023,Teenager,Medium
TX046030,2023-11-25,CUST0125,Male,38,Books,1,444.0,444.0,4,2023,Youth,Medium
TX046031,2023-11-25,CUST5561,Male,56,Groceries,16,158.0,2528.0,4,2023,Middle Aged,High
TX046032,2023-11-25,CUST2198,Male,40,Sports,4,343.0,1372.0,4,2023,Youth,High
TX046033,2023-11-25,CUST9720,Male,26,Sports,3,463.0,1389.0,4,2023,Youth,High
TX046034,2023-11-25,CUST8761,Male,21,Sports,17,440.0,7480.0,4,2023,Teenager,High
TX046035,2023-11-25,CUST9104,Male,61,Clothing,20,499.0,9980.0,4,2023,Retired,High
TX046036,2023-11-25,CUST8589,Female,68,Electronics,17,491.0,8347.0,4,2023,Retired,High
TX046037,2023-11-25,CUST0610,Male,43,Books,13,17.0,221.0,4,2023,Middle Aged,Medium
TX046038,2023-11-25,CUST0909,Female,68,Beauty,9,239.0,2151.0,4,2023,Retired,High
TX046039,2023-11-25,CUST8769,Female,43,Clothing,13,345.0,4485.0,4,2023,Middle Aged,High
TX046040,2023-11-25,CUST8247,Female,40,Beauty,12,152.0,1824.0,4,2023,Youth,High
TX046041,2023-11-25,CUST7281,Male,31,Beauty,16,84.0,1344.0,4,2023,Youth,High
TX046042,2023-11-25,CUST5797,Female,67,Groceries,3,498.0,1494.0,4,2023,Retired,High
TX046043,2023-11-25,CUST3219,Male,21,Groceries,14,251.0,3514.0,4,2023,Teenager,High
TX046044,2023-11-25,CUST3718,Male,67,Electronics,14,408.0,5712.0,4,2023,Retired,High
TX046045,2023-11-25,CUST4022,Male,27,Electronics,13,329.0,4277.0,4,2023,Youth,High
TX046046,2023-11-25,CUST9045,Male,35,Beauty,10,245.0,2450.0,4,2023,Youth,High
TX046047,2023-11-25,CUST1311,Male,39,Electronics,7,488.0,3416.0,4,2023,Youth,High
TX046048,2023-11-25,CUST3638,Female,60,Sports,16,285.0,4560.0,4,2023,Middle Aged,High
TX046049,2023-11-25,CUST3390,Male,31,Clothing,13,302.0,3926.0,4,2023,Youth,High
TX046050,2023-11-25,CUST1981,Male,53,Groceries,2,440.0,880.0,4,2023,Middle Aged,High
TX046051,2023-11-25,CUST1578,Female,44,Sports,4,42.0,168.0,4,2023,Middle Aged,Medium
TX046052,2023-11-25,CUST3150,Male,53,Books,6,318.0,1908.0,4,2023,Middle Aged,High
TX046053,2023-11-25,CUST5123,Male,39,Groceries,8,310.0,2480.0,4,2023,Youth,High
TX046054,2023-11-25,CUST5026,Female,22,Clothing,15,405.0,6075.0,4,2023,Teenager,High
TX046055,2023-11-25,CUST9774,Male,31,Books,5,160.0,800.0,4,2023,Youth,High
TX046056,2023-11-25,CUST1346,Male,69,Clothing,18,221.0,3978.0,4,2023,Retired,High
TX046057,2023-11-25,CUST7100,Female,36,Beauty,18,319.0,5742.0,4,2023,Youth,High
TX046058,2023-11-25,CUST4658,Female,27,Sports,2,190.0,380.0,4,2023,Youth,Medium
TX046059,2023-11-25,CUST4705,Male,50,Books,19,421.0,7999.0,4,2023,Middle Aged,High
TX046060,2023-11-25,CUST5021,Female,46,Beauty,14,395.0,5530.0,4,2023,Middle Aged,High
TX046061,2023-11-25,CUST8157,Male,70,Beauty,11,338.0,3718.0,4,2023,Retired,High
TX046062,2023-11-25,CUST4407,Female,34,Sports,3,161.0,483.0,4,2023,Youth,Medium
TX046063,2023-11-25,CUST7529,Female,48,Sports,3,271.0,813.0,4,2023,Middle Aged,High
TX046064,2023-11-25,CUST1232,Male,30,Electronics,7,385.0,2695.0,4,2023,Youth,High
TX046065,2023-11-25,CUST3983,Male,39,Books,17,129.0,2193.0,4,2023,Youth,High
TX046066,2023-11-25,CUST0272,Male,23,Electronics,12,352.0,4224.0,4,2023,Teenager,High
TX046067,2023-11-25,CUST6484,Male,20,Beauty,9,200.0,1800.0,4,2023,Teenager,High
TX046068,2023-11-25,CUST8291,Male,26,Sports,6,191.0,1146.0,4,2023,Youth,High
TX046069,2023-11-25,CUST9556,Female,38,Sports,9,360.0,3240.0,4,2023,Youth,High
TX046070,2023-11-25,CUST8124,Female,62,Clothing,14,63.0,882.0,4,2023,Retired,High
TX046071,2023-11-25,CUST2061,Male,60,Sports,8,386.0,3088.0,4,2023,Middle Aged,High
TX046072,2023-11-25,CUST2176,Male,48,Sports,11,410.0,4510.0,4,2023,Middle Aged,High
TX046073,2023-11-25,CUST0164,Female,53,Beauty,4,117.0,468.0,4,2023,Middle Aged,Medium
TX046074,2023-11-25,CUST7999,Male,24,Beauty,5,314.0,1570.0,4,2023,Teenager,High
TX046075,2023-11-25,CUST3909,Male,41,Electronics,16,146.0,2336.0,4,2023,Middle Aged,High
TX046076,2023-11-25,CUST7919,Male,18,Sports,5,274.0,1370.0,4,2023,,High
TX046077,2023-11-25,CUST4926,Female,24,Groceries,11,407.0,4477.0,4,2023,Teenager,High
TX046078,2023-11-25,CUST2940,Male,53,Beauty,11,218.0,2398.0,4,2023,Middle Aged,High
TX046079,2023-11-25,CUST8225,Male,22,Books,20,498.0,9960.0,4,2023,Teenager,High
TX046080,2023-11-25,CUST0372,Male,35,Beauty,14,433.0,6062.0,4,2023,Youth,High
TX046081,2023-11-25,CUST9240,Female,28,Electronics,18,37.0,666.0,4,2023,Youth,High
TX046082,2023-11-25,CUST5270,Male,27,Beauty,15,252.0,3780.0,4,2023,Youth,High
TX046083,2023-11-25,CUST7868,Male,30,Sports,14,99.0,1386.0,4,2023,Youth,High
TX046084,2023-11-25,CUST0492,Male,57,Groceries,17,67.0,1139.0,4,2023,Middle Aged,High
TX046085,2023-11-25,CUST3422,Female,48,Groceries,17,442.0,7514.0,4,2023,Middle Aged,High
TX046086,2023-11-25,CUST8266,Female,61,Books,15,68.0,1020.0,4,2023,Retired,High
TX046087,2023-11-25,CUST7021,Male,54,Sports,12,329.0,3948.0,4,2023,Middle Aged,High
TX046088,2023-11-25,CUST6022,Male,68,Groceries,8,215.0,1720.0,4,2023,Retired,High
TX046089,2023-11-25,CUST5122,Male,19,Electronics,7,22.0,154.0,4,2023,Teenager,Medium
TX046090,2023-11-25,CUST2134,Male,39,Books,5,166.0,830.0,4,2023,Youth,High
TX046091,2023-11-25,CUST4173,Male,38,Sports,18,10.0,180.0,4,2023,Youth,Medium
TX046092,2023-11-25,CUST6570,Female,45,Beauty,17,229.0,3893.0,4,2023,Middle Aged,High
TX046093,2023-11-25,CUST9807,Female,38,Beauty,19,28.0,532.0,4,2023,Youth,High
TX046094,2023-11-25,CUST4301,Male,68,Sports,1,427.0,427.0,4,2023,Retired,Medium
TX046095,2023-11-25,CUST0498,Male,30,Electronics,15,26.0,390.0,4,2023,Youth,Medium
TX046096,2023-11-25,CUST7066,Male,35,Groceries,7,232.0,1624.0,4,2023,Youth,High
TX046097,2023-11-25,CUST6145,Female,41,Groceries,10,44.0,440.0,4,2023,Middle Aged,Medium
TX046098,2023-11-25,CUST3790,Male,18,Sports,4,208.0,832.0,4,2023,,High
TX046099,2023-11-25,CUST9207,Male,19,Beauty,4,384.0,1536.0,4,2023,Teenager,High
TX046100,2023-11-25,CUST1489,Female,46,Clothing,3,60.0,180.0,4,2023,Middle Aged,Medium
TX046101,2023-11-25,CUST0178,Female,44,Beauty,14,458.0,6412.0,4,2023,Middle Aged,High
TX046102,2023-11-25,CUST6910,Male,56,Sports,19,378.0,7182.0,4,2023,Middle Aged,High
TX046103,2023-11-25,CUST4405,Female,50,Electronics,17,432.0,7344.0,4,2023,Middle Aged,High
TX046104,2023-11-25,CUST5444,Female,46,Beauty,7,292.0,2044.0,4,2023,Middle Aged,High
TX046105,2023-11-25,CUST3475,Male,66,Groceries,8,251.0,2008.0,4,2023,Retired,High
TX046106,2023-11-25,CUST0124,Male,37,Sports,11,414.0,4554.0,4,2023,Youth,High
TX046107,2023-11-25,CUST5829,Female,20,Sports,18,208.0,3744.0,4,2023,Teenager,High
TX046108,2023-11-25,CUST9464,Female,66,Clothing,3,311.0,933.0,4,2023,Retired,High
TX046109,2023-11-25,CUST4581,Female,26,Books,14,255.0,3570.0,4,2023,Youth,High
TX046110,2023-11-25,CUST2112,Female,49,Sports,13,90.0,1170.0,4,2023,Middle Aged,High
TX046111,2023-11-25,CUST9945,Female,27,Beauty,15,217.0,3255.0,4,2023,Youth,High
TX046112,2023-11-25,CUST5145,Male,22,Electronics,5,14.0,70.0,4,2023,Teenager,Low
TX046113,2023-11-25,CUST7542,Male,38,Books,3,183.0,549.0,4,2023,Youth,High
TX046114,2023-11-25,CUST7465,Male,37,Beauty,9,498.0,4482.0,4,2023,Youth,High
TX046115,2023-11-25,CUST5822,Female,22,Clothing,15,411.0,6165.0,4,2023,Teenager,High
TX046116,2023-11-25,CUST7932,Male,20,Books,8,470.0,3760.0,4,2023,Teenager,High
TX046117,2023-11-25,CUST7813,Male,37,Sports,16,173.0,2768.0,4,2023,Youth,High
TX046118,2023-11-25,CUST3493,Female,31,Sports,15,159.0,2385.0,4,2023,Youth,High
TX046119,2023-11-25,CUST6682,Male,68,Groceries,2,200.0,400.0,4,2023,Retired,Medium
TX046120,2023-11-25,CUST4252,Female,61,Electronics,9,98.0,882.0,4,2023,Retired,High
TX046121,2023-11-25,CUST4737,Male,18,Books,17,86.0,1462.0,4,2023,,High
TX046122,2023-11-25,CUST3007,Female,42,Electronics,14,304.0,4256.0,4,2023,Middle Aged,High
TX046123,2023-11-25,CUST7038,Female,34,Sports,13,56.0,728.0,4,2023,Youth,High
TX046124,2023-11-25,CUST3354,Female,52,Clothing,2,341.0,682.0,4,2023,Middle Aged,High
TX046125,2023-11-25,CUST4548,Female,38,Beauty,2,161.0,322.0,4,2023,Youth,Medium
TX046126,2023-11-25,CUST5981,Female,52,Books,3,114.0,342.0,4,2023,Middle Aged,Medium
TX046127,2023-11-25,CUST0072,Female,34,Books,12,61.0,732.0,4,2023,Youth,High
TX046128,2023-11-25,CUST2854,Female,67,Beauty,13,215.0,2795.0,4,2023,Retired,High
TX046129,2023-11-25,CUST9867,Female,31,Sports,12,256.0,3072.0,4,2023,Youth,High
TX046130,2023-11-25,CUST4048,Male,18,Books,13,18.0,234.0,4,2023,,Medium
TX046131,2023-11-25,CUST0853,Female,36,Clothing,8,309.0,2472.0,4,2023,Youth,High
TX046132,2023-11-25,CUST8056,Female,35,Beauty,13,264.0,3432.0,4,2023,Youth,High
TX046133,2023-11-25,CUST9682,Female,45,Sports,1,412.0,412.0,4,2023,Middle Aged,Medium
TX046134,2023-11-25,CUST4977,Female,51,Books,8,17.0,136.0,4,2023,Middle Aged,Medium
TX046135,2023-11-25,CUST2491,Female,46,Groceries,3,306.0,918.0,4,2023,Middle Aged,High
TX046136,2023-11-25,CUST9055,Male,51,Groceries,14,182.0,2548.0,4,2023,Middle Aged,High
TX046137,2023-11-25,CUST1448,Female,58,Sports,13,48.0,624.0,4,2023,Middle Aged,High
TX046138,2023-11-25,CUST1753,Female,46,Groceries,3,214.0,642.0,4,2023,Middle Aged,High
TX046139,2023-11-25,CUST4923,Female,29,Groceries,7,192.0,1344.0,4,2023,Youth,High
TX046140,2023-11-25,CUST9775,Male,22,Electronics,12,280.0,3360.0,4,2023,Teenager,High
TX046141,2023-11-25,CUST4468,Male,35,Clothing,19,235.0,4465.0,4,2023,Youth,High
TX046142,2023-11-25,CUST4906,Male,21,Beauty,15,147.0,2205.0,4,2023,Teenager,High
TX046143,2023-11-25,CUST9117,Female,22,Sports,5,283.0,1415.0,4,2023,Teenager,High
TX046144,2023-11-25,CUST3105,Male,57,Books,3,17.0,51.0,4,2023,Middle Aged,Low
TX046145,2023-11-25,CUST6537,Male,47,Electronics,13,474.0,6162.0,4,2023,Middle Aged,High
TX046146,2023-11-25,CUST1726,Male,38,Books,1,471.0,471.0,4,2023,Youth,Medium
TX046147,2023-11-25,CUST5600,Female,30,Sports,5,227.0,1135.0,4,2023,Youth,High
TX046148,2023-11-25,CUST6390,Female,47,Electronics,6,442.0,2652.0,4,2023,Middle Aged,High
TX046149,2023-11-25,CUST9205,Male,58,Clothing,6,24.0,144.0,4,2023,Middle Aged,Medium
TX046150,2023-11-25,CUST3344,Male,37,Clothing,20,52.0,1040.0,4,2023,Youth,High
TX046151,2023-11-25,CUST6216,Female,35,Electronics,15,293.0,4395.0,4,2023,Youth,High
TX046152,2023-11-25,CUST6199,Female,64,Sports,10,390.0,3900.0,4,2023,Retired,High
TX046153,2023-11-25,CUST8872,Female,40,Beauty,18,19.0,342.0,4,2023,Youth,Medium
TX046154,2023-11-25,CUST3696,Male,63,Beauty,16,105.0,1680.0,4,2023,Retired,High
TX046155,2023-11-25,CUST2539,Female,19,Electronics,2,45.0,90.0,4,2023,Teenager,Low
TX046156,2023-11-25,CUST7415,Male,69,Beauty,2,181.0,362.0,4,2023,Retired,Medium
TX046157,2023-11-25,CUST7299,Female,69,Electronics,6,57.0,342.0,4,2023,Retired,Medium
TX046158,2023-11-25,CUST2039,Male,23,Books,2,475.0,950.0,4,2023,Teenager,High
TX046159,2023-11-25,CUST1677,Male,32,Beauty,11,366.0,4026.0,4,2023,Youth,High
TX046160,2023-11-25,CUST7461,Male,22,Sports,19,69.0,1311.0,4,2023,Teenager,High
TX046161,2023-11-25,CUST6458,Female,25,Books,7,347.0,2429.0,4,2023,Teenager,High
TX046162,2023-11-25,CUST5115,Female,33,Clothing,4,91.0,364.0,4,2023,Youth,Medium
TX046163,2023-11-25,CUST1608,Female,68,Beauty,8,47.0,376.0,4,2023,Retired,Medium
TX046164,2023-11-25,CUST9729,Male,43,Beauty,2,403.0,806.0,4,2023,Middle Aged,High
TX046165,2023-11-25,CUST7362,Male,55,Beauty,15,185.0,2775.0,4,2023,Middle Aged,High
TX046166,2023-11-25,CUST3235,Female,44,Beauty,10,145.0,1450.0,4,2023,Middle Aged,High
TX046167,2023-11-25,CUST1222,Male,46,Electronics,11,75.0,825.0,4,2023,Middle Aged,High
TX046168,2023-11-25,CUST1572,Female,49,Sports,1,131.0,131.0,4,2023,Middle Aged,Medium
TX046169,2023-11-25,CUST1011,Male,43,Sports,7,97.0,679.0,4,2023,Middle Aged,High
TX046170,2023-11-25,CUST0060,Female,35,Beauty,3,74.0,222.0,4,2023,Youth,Medium
TX046171,2023-11-25,CUST2096,Male,20,Sports,3,210.0,630.0,4,2023,Teenager,High
TX046172,2023-11-25,CUST5075,Male,68,Clothing,4,433.0,1732.0,4,2023,Retired,High
TX046173,2023-11-25,CUST5874,Male,50,Clothing,4,394.0,1576.0,4,2023,Middle Aged,High
TX046174,2023-11-25,CUST0281,Female,25,Electronics,3,166.0,498.0,4,2023,Teenager,Medium
TX046175,2023-11-25,CUST5914,Male,69,Sports,6,326.0,1956.0,4,2023,Retired,High
TX046176,2023-11-25,CUST7932,Male,27,Beauty,16,110.0,1760.0,4,2023,Youth,High
TX046177,2023-11-25,CUST5753,Male,39,Clothing,3,336.0,1008.0,4,2023,Youth,High
TX046178,2023-11-25,CUST2276,Male,59,Groceries,7,423.0,2961.0,4,2023,Middle Aged,High
TX046179,2023-11-25,CUST8813,Male,50,Books,11,205.0,2255.0,4,2023,Middle Aged,High
TX046180,2023-11-25,CUST5589,Male,49,Electronics,13,473.0,6149.0,4,2023,Middle Aged,High
TX046181,2023-11-25,CUST4941,Female,46,Books,15,406.0,6090.0,4,2023,Middle Aged,High
TX046182,2023-11-25,CUST0777,Female,27,Books,15,46.0,690.0,4,2023,Youth,High
TX046183,2023-11-25,CUST9038,Male,38,Groceries,1,168.0,168.0,4,2023,Youth,Medium
TX046184,2023-11-25,CUST0515,Male,56,Clothing,16,133.0,2128.0,4,2023,Middle Aged,High
TX046185,2023-11-25,CUST8589,Female,40,Beauty,17,33.0,561.0,4,2023,Youth,High
TX046186,2023-11-25,CUST6058,Female,55,Books,20,56.0,1120.0,4,2023,Middle Aged,High
TX046187,2023-11-25,CUST2720,Male,64,Sports,20,80.0,1600.0,4,2023,Retired,High
TX046188,2023-11-25,CUST4199,Male,37,Clothing,3,377.0,1131.0,4,2023,Youth,High
TX046189,2023-11-25,CUST7000,Male,19,Books,1,47.0,47.0,4,2023,Teenager,Low
TX046190,2023-11-25,CUST2277,Male,49,Clothing,5,372.0,1860.0,4,2023,Middle Aged,High
TX046191,2023-11-25,CUST6441,Female,65,Groceries,14,356.0,4984.0,4,2023,Retired,High
TX046192,2023-11-25,CUST5104,Female,69,Beauty,13,299.0,3887.0,4,2023,Retired,High
TX046193,2023-11-25,CUST7380,Male,28,Beauty,8,466.0,3728.0,4,2023,Youth,High
TX046194,2023-11-25,CUST8152,Male,58,Clothing,16,278.0,4448.0,4,2023,Middle Aged,High
TX046195,2023-11-25,CUST0773,Female,22,Sports,14,59.0,826.0,4,2023,Teenager,High
TX046196,2023-11-25,CUST6746,Female,49,Sports,12,171.0,2052.0,4,2023,Middle Aged,High
TX046197,2023-11-25,CUST0806,Male,68,Electronics,20,372.0,7440.0,4,2023,Retired,High
TX046198,2023-11-25,CUST9994,Female,64,Sports,5,287.0,1435.0,4,2023,Retired,High
TX046199,2023-11-25,CUST6651,Female,20,Sports,8,198.0,1584.0,4,2023,Teenager,High
TX046200,2023-11-25,CUST0888,Female,66,Groceries,14,482.0,6748.0,4,2023,Retired,High
TX046201,2023-11-25,CUST8589,Male,23,Clothing,12,377.0,4524.0,4,2023,Teenager,High
TX046202,2023-11-25,CUST6680,Female,66,Groceries,8,377.0,3016.0,4,2023,Retired,High
TX046203,2023-11-25,CUST0923,Male,40,Books,18,21.0,378.0,4,2023,Youth,Medium
TX046204,2023-11-25,CUST8440,Female,37,Clothing,5,112.0,560.0,4,2023,Youth,High
TX046205,2023-11-25,CUST4180,Male,42,Clothing,7,435.0,3045.0,4,2023,Middle Aged,High
TX046206,2023-11-25,CUST3873,Male,69,Beauty,5,151.0,755.0,4,2023,Retired,High
TX046207,2023-11-25,CUST6755,Male,60,Sports,19,359.0,6821.0,4,2023,Middle Aged,High
TX046208,2023-11-25,CUST7702,Male,37,Books,7,36.0,252.0,4,2023,Youth,Medium
TX046209,2023-11-25,CUST2096,Male,36,Books,20,487.0,9740.0,4,2023,Youth,High
TX046210,2023-11-25,CUST4301,Male,28,Clothing,6,320.0,1920.0,4,2023,Youth,High
TX046211,2023-11-25,CUST4865,Male,45,Sports,1,202.0,202.0,4,2023,Middle Aged,Medium
TX046212,2023-11-25,CUST2048,Male,62,Beauty,5,215.0,1075.0,4,2023,Retired,High
TX046213,2023-11-25,CUST0765,Male,51,Books,18,379.0,6822.0,4,2023,Middle Aged,High
TX046214,2023-11-25,CUST8542,Male,29,Books,18,343.0,6174.0,4,2023,Youth,High
TX046215,2023-11-25,CUST2190,Female,65,Groceries,3,149.0,447.0,4,2023,Retired,Medium
TX046216,2023-11-25,CUST6579,Male,31,Beauty,1,436.0,436.0,4,2023,Youth,Medium
TX046217,2023-11-25,CUST2618,Female,24,Clothing,20,116.0,2320.0,4,2023,Teenager,High
TX046218,2023-11-25,CUST0332,Female,56,Groceries,12,110.0,1320.0,4,2023,Middle Aged,High
TX046219,2023-11-25,CUST1868,Male,29,Beauty,10,263.0,2630.0,4,2023,Youth,High
TX046220,2023-11-25,CUST5069,Male,48,Clothing,11,15.0,165.0,4,2023,Middle Aged,Medium
TX046221,2023-11-25,CUST9671,Male,40,Sports,2,257.0,514.0,4,2023,Youth,High
TX046222,2023-11-25,CUST1032,Female,27,Groceries,20,500.0,10000.0,4,2023,Youth,High
TX046223,2023-11-25,CUST7102,Male,33,Clothing,4,187.0,748.0,4,2023,Youth,High
TX046224,2023-11-25,CUST7061,Male,68,Clothing,9,287.0,2583.0,4,2023,Retired,High
TX046225,2023-11-25,CUST8772,Male,44,Beauty,9,347.0,3123.0,4,2023,Middle Aged,High
TX046226,2023-11-25,CUST0182,Male,36,Electronics,7,209.0,1463.0,4,2023,Youth,High
TX046227,2023-11-25,CUST5968,Male,66,Clothing,12,62.0,744.0,4,2023,Retired,High
TX046228,2023-11-25,CUST6660,Male,18,Electronics,4,84.0,336.0,4,2023,,Medium
TX046229,2023-11-25,CUST3370,Male,41,Electronics,15,135.0,2025.0,4,2023,Middle Aged,High
TX046230,2023-11-25,CUST5487,Female,58,Electronics,6,163.0,978.0,4,2023,Middle Aged,High
TX046231,2023-11-25,CUST7314,Female,54,Groceries,18,219.0,3942.0,4,2023,Middle Aged,High
TX046232,2023-11-25,CUST4425,Female,26,Electronics,2,112.0,224.0,4,2023,Youth,Medium
TX046233,2023-11-25,CUST1536,Female,41,Clothing,19,344.0,6536.0,4,2023,Middle Aged,High
TX046234,2023-11-25,CUST4254,Male,36,Groceries,19,458.0,8702.0,4,2023,Youth,High
TX046235,2023-11-25,CUST3646,Male,29,Sports,7,425.0,2975.0,4,2023,Youth,High
TX046236,2023-11-25,CUST7345,Male,24,Sports,14,468.0,6552.0,4,2023,Teenager,High
TX046237,2023-11-25,CUST9857,Female,42,Sports,18,377.0,6786.0,4,2023,Middle Aged,High
TX046238,2023-11-25,CUST3366,Male,30,Clothing,2,339.0,678.0,4,2023,Youth,High
TX046239,2023-11-25,CUST2712,Female,19,Clothing,7,173.0,1211.0,4,2023,Teenager,High
TX046240,2023-11-25,CUST6526,Male,34,Groceries,19,318.0,6042.0,4,2023,Youth,High
TX046241,2023-11-25,CUST4712,Male,69,Groceries,19,39.0,741.0,4,2023,Retired,High
TX046242,2023-11-25,CUST3229,Male,53,Groceries,19,249.0,4731.0,4,2023,Middle Aged,High
TX046243,2023-11-25,CUST7874,Female,35,Beauty,19,316.0,6004.0,4,2023,Youth,High
TX046244,2023-11-25,CUST7462,Female,20,Groceries,8,184.0,1472.0,4,2023,Teenager,High
TX046245,2023-11-25,CUST9818,Male,68,Electronics,19,243.0,4617.0,4,2023,Retired,High
TX046246,2023-11-25,CUST2731,Female,48,Beauty,1,204.0,204.0,4,2023,Middle Aged,Medium
TX046247,2023-11-25,CUST4219,Female,24,Electronics,19,286.0,5434.0,4,2023,Teenager,High
TX046248,2023-11-25,CUST7842,Female,55,Books,16,321.0,5136.0,4,2023,Middle Aged,High
TX046249,2023-11-25,CUST9255,Male,37,Beauty,12,229.0,2748.0,4,2023,Youth,High
TX046250,2023-11-25,CUST6948,Male,23,Sports,7,145.0,1015.0,4,2023,Teenager,High
TX046251,2023-11-25,CUST3826,Male,51,Groceries,14,371.0,5194.0,4,2023,Middle Aged,High
TX046252,2023-11-25,CUST6910,Male,54,Sports,4,65.0,260.0,4,2023,Middle Aged,Medium
TX046253,2023-11-25,CUST0065,Male,49,Books,15,299.0,4485.0,4,2023,Middle Aged,High
TX046254,2023-11-25,CUST9279,Female,68,Electronics,17,341.0,5797.0,4,2023,Retired,High
TX046255,2023-11-25,CUST0482,Male,64,Groceries,20,403.0,8060.0,4,2023,Retired,High
TX046256,2023-11-25,CUST7710,Male,63,Electronics,13,370.0,4810.0,4,2023,Retired,High
TX046257,2023-11-25,CUST8029,Female,51,Sports,2,469.0,938.0,4,2023,Middle Aged,High
TX046258,2023-11-25,CUST8275,Male,53,Books,10,331.0,3310.0,4,2023,Middle Aged,High
TX046259,2023-11-25,CUST8251,Female,53,Clothing,14,392.0,5488.0,4,2023,Middle Aged,High
TX046260,2023-11-25,CUST1567,Male,29,Clothing,18,326.0,5868.0,4,2023,Youth,High
TX046261,2023-11-25,CUST5611,Male,59,Electronics,3,261.0,783.0,4,2023,Middle Aged,High
TX046262,2023-11-25,CUST6462,Male,34,Books,17,17.0,289.0,4,2023,Youth,Medium
TX046263,2023-11-25,CUST2993,Female,24,Beauty,16,421.0,6736.0,4,2023,Teenager,High
TX046264,2023-11-25,CUST2977,Female,26,Sports,20,338.0,6760.0,4,2023,Youth,High
TX046265,2023-11-25,CUST1644,Male,19,Books,13,326.0,4238.0,4,2023,Teenager,High
TX046266,2023-11-25,CUST6742,Female,69,Electronics,13,321.0,4173.0,4,2023,Retired,High
TX046267,2023-11-25,CUST7991,Male,46,Electronics,4,374.0,1496.0,4,2023,Middle Aged,High
TX046268,2023-11-25,CUST1760,Female,43,Sports,2,431.0,862.0,4,2023,Middle Aged,High
TX046269,2023-11-25,CUST2496,Female,67,Beauty,19,311.0,5909.0,4,2023,Retired,High
TX046270,2023-11-25,CUST6938,Female,59,Sports,9,86.0,774.0,4,2023,Middle Aged,High
TX046271,2023-11-25,CUST8939,Female,36,Books,15,39.0,585.0,4,2023,Youth,High
TX046272,2023-11-25,CUST0503,Male,34,Groceries,6,55.0,330.0,4,2023,Youth,Medium
TX046273,2023-11-25,CUST0079,Male,64,Sports,2,325.0,650.0,4,2023,Retired,High
TX046274,2023-11-25,CUST9279,Male,30,Sports,4,122.0,488.0,4,2023,Youth,Medium
TX046275,2023-11-25,CUST9556,Female,66,Beauty,14,24.0,336.0,4,2023,Retired,Medium
TX046276,2023-11-25,CUST9730,Male,31,Groceries,18,10.0,180.0,4,2023,Youth,Medium
TX046277,2023-11-25,CUST6137,Male,55,Beauty,19,234.0,4446.0,4,2023,Middle Aged,High
TX046278,2023-11-25,CUST5579,Female,40,Sports,20,182.0,3640.0,4,2023,Youth,High
TX046279,2023-11-25,CUST8068,Female,59,Electronics,2,208.0,416.0,4,2023,Middle Aged,Medium
TX046280,2023-11-25,CUST6695,Female,37,Electronics,19,391.0,7429.0,4,2023,Youth,High
TX046281,2023-11-25,CUST3655,Male,27,Beauty,10,443.0,4430.0,4,2023,Youth,High
TX046282,2023-11-25,CUST7282,Male,67,Electronics,9,175.0,1575.0,4,2023,Retired,High
TX046283,2023-11-25,CUST5009,Female,58,Books,7,252.0,1764.0,4,2023,Middle Aged,High
TX046284,2023-11-25,CUST5806,Female,42,Books,16,315.0,5040.0,4,2023,Middle Aged,High
TX046285,2023-11-25,CUST4283,Female,18,Electronics,20,117.0,2340.0,4,2023,,High
TX046286,2023-11-25,CUST9285,Female,44,Electronics,1,136.0,136.0,4,2023,Middle Aged,Medium
TX046287,2023-11-25,CUST4435,Male,56,Books,15,310.0,4650.0,4,2023,Middle Aged,High
TX046288,2023-11-25,CUST4050,Male,19,Clothing,3,38.0,114.0,4,2023,Teenager,Medium
TX046289,2023-11-25,CUST8985,Male,32,Clothing,12,29.0,348.0,4,2023,Youth,Medium
TX046290,2023-11-25,CUST6536,Male,18,Books,11,19.0,209.0,4,2023,,Medium
TX046291,2023-11-25,CUST1509,Male,37,Groceries,2,187.0,374.0,4,2023,Youth,Medium
TX046292,2023-11-25,CUST0792,Female,33,Sports,12,455.0,5460.0,4,2023,Youth,High
TX046293,2023-11-25,CUST4771,Female,53,Groceries,11,433.0,4763.0,4,2023,Middle Aged,High
TX046294,2023-11-25,CUST2708,Male,58,Clothing,19,128.0,2432.0,4,2023,Middle Aged,High
TX046295,2023-11-25,CUST6250,Female,24,Groceries,20,57.0,1140.0,4,2023,Teenager,High
TX046296,2023-11-25,CUST6964,Female,43,Clothing,12,269.0,3228.0,4,2023,Middle Aged,High
TX046297,2023-11-25,CUST9527,Male,52,Clothing,15,201.0,3015.0,4,2023,Middle Aged,High
TX046298,2023-11-25,CUST5791,Female,31,Groceries,1,123.0,123.0,4,2023,Youth,Medium
TX046299,2023-11-25,CUST7150,Male,55,Groceries,6,297.0,1782.0,4,2023,Middle Aged,High
TX046300,2023-11-25,CUST5966,Male,19,Groceries,6,76.0,456.0,4,2023,Teenager,Medium
TX046301,2023-11-25,CUST3682,Female,40,Electronics,18,334.0,6012.0,4,2023,Youth,High
TX046302,2023-11-25,CUST8980,Male,34,Books,3,385.0,1155.0,4,2023,Youth,High
TX046303,2023-11-25,CUST3743,Male,55,Sports,17,368.0,6256.0,4,2023,Middle Aged,High
TX046304,2023-11-25,CUST3207,Male,33,Clothing,9,369.0,3321.0,4,2023,Youth,High
TX046305,2023-11-25,CUST4939,Male,24,Sports,19,493.0,9367.0,4,2023,Teenager,High
TX046306,2023-11-25,CUST9255,Female,29,Sports,4,280.0,1120.0,4,2023,Youth,High
TX046307,2023-11-25,CUST3202,Male,36,Sports,15,197.0,2955.0,4,2023,Youth,High
TX046308,2023-11-25,CUST0886,Male,27,Books,4,102.0,408.0,4,2023,Youth,Medium
TX046309,2023-11-25,CUST2318,Female,18,Beauty,15,261.0,3915.0,4,2023,,High
TX046310,2023-11-25,CUST2799,Female,27,Clothing,4,293.0,1172.0,4,2023,Youth,High
TX046311,2023-11-25,CUST9793,Female,61,Sports,5,230.0,1150.0,4,2023,Retired,High
TX046312,2023-11-25,CUST0801,Male,58,Groceries,17,156.0,2652.0,4,2023,Middle Aged,High
TX046313,2023-11-25,CUST4788,Female,51,Books,1,220.0,220.0,4,2023,Middle Aged,Medium
TX046314,2023-11-25,CUST6747,Female,35,Groceries,19,20.0,380.0,4,2023,Youth,Medium
TX046315,2023-11-25,CUST9378,Male,59,Clothing,9,31.0,279.0,4,2023,Middle Aged,Medium
TX046316,2023-11-25,CUST0274,Male,60,Groceries,4,272.0,1088.0,4,2023,Middle Aged,High
TX046317,2023-11-25,CUST6481,Female,56,Beauty,6,469.0,2814.0,4,2023,Middle Aged,High
TX046318,2023-11-25,CUST6827,Male,31,Books,18,299.0,5382.0,4,2023,Youth,High
TX046319,2023-11-25,CUST1042,Male,42,Sports,2,417.0,834.0,4,2023,Middle Aged,High
TX046320,2023-11-25,CUST4322,Female,48,Groceries,1,412.0,412.0,4,2023,Middle Aged,Medium
TX046321,2023-11-25,CUST8449,Female,68,Beauty,5,332.0,1660.0,4,2023,Retired,High
TX046322,2023-11-25,CUST5551,Female,65,Groceries,4,415.0,1660.0,4,2023,Retired,High
TX046323,2023-11-25,CUST4978,Male,27,Books,6,62.0,372.0,4,2023,Youth,Medium
TX046324,2023-11-25,CUST7416,Female,21,Beauty,17,453.0,7701.0,4,2023,Teenager,High
TX046325,2023-11-25,CUST6005,Female,53,Electronics,10,128.0,1280.0,4,2023,Middle Aged,High
TX046326,2023-11-25,CUST3003,Female,56,Clothing,12,191.0,2292.0,4,2023,Middle Aged,High
TX046327,2023-11-25,CUST9540,Female,27,Beauty,16,466.0,7456.0,4,2023,Youth,High
TX046328,2023-11-25,CUST7359,Male,48,Sports,11,247.0,2717.0,4,2023,Middle Aged,High
TX046329,2023-11-25,CUST6642,Male,40,Beauty,4,143.0,572.0,4,2023,Youth,High
TX046330,2023-11-25,CUST3471,Male,29,Sports,13,315.0,4095.0,4,2023,Youth,High
TX046331,2023-11-25,CUST7271,Male,64,Books,8,222.0,1776.0,4,2023,Retired,High
TX046332,2023-11-25,CUST1510,Male,53,Beauty,3,175.0,525.0,4,2023,Middle Aged,High
TX046333,2023-11-25,CUST2204,Male,65,Sports,10,250.0,2500.0,4,2023,Retired,High
TX046334,2023-11-25,CUST1408,Male,46,Books,14,92.0,1288.0,4,2023,Middle Aged,High
TX046335,2023-11-25,CUST4331,Male,24,Sports,10,278.0,2780.0,4,2023,Teenager,High
TX046336,2023-11-25,CUST7671,Female,26,Groceries,10,66.0,660.0,4,2023,Youth,High
TX046337,2023-11-25,CUST0846,Female,37,Clothing,17,367.0,6239.0,4,2023,Youth,High
TX046338,2023-11-25,CUST6435,Male,68,Beauty,11,372.0,4092.0,4,2023,Retired,High
TX046339,2023-11-25,CUST5479,Female,51,Electronics,13,415.0,5395.0,4,2023,Middle Aged,High
TX046340,2023-11-25,CUST9778,Male,51,Beauty,15,152.0,2280.0,4,2023,Middle Aged,High
TX046341,2023-11-25,CUST7090,Male,20,Groceries,3,362.0,1086.0,4,2023,Teenager,High
TX046342,2023-11-25,CUST3570,Female,22,Electronics,8,369.0,2952.0,4,2023,Teenager,High
TX046343,2023-11-25,CUST1862,Male,61,Electronics,4,326.0,1304.0,4,2023,Retired,High
TX046344,2023-11-25,CUST7659,Female,45,Clothing,12,393.0,4716.0,4,2023,Middle Aged,High
TX046345,2023-11-25,CUST2084,Male,33,Books,14,213.0,2982.0,4,2023,Youth,High
TX046346,2023-11-25,CUST6844,Male,48,Sports,10,12.0,120.0,4,2023,Middle Aged,Medium
TX046347,2023-11-25,CUST1644,Male,57,Sports,7,221.0,1547.0,4,2023,Middle Aged,High
TX046348,2023-11-25,CUST1874,Male,21,Beauty,11,20.0,220.0,4,2023,Teenager,Medium
TX046349,2023-11-25,CUST3596,Male,22,Sports,13,219.0,2847.0,4,2023,Teenager,High
TX046350,2023-11-25,CUST8291,Male,23,Clothing,12,433.0,5196.0,4,2023,Teenager,High
TX046351,2023-11-25,CUST3458,Male,50,Clothing,14,165.0,2310.0,4,2023,Middle Aged,High
TX046352,2023-11-25,CUST9393,Female,46,Beauty,16,210.0,3360.0,4,2023,Middle Aged,High
TX046353,2023-11-25,CUST8415,Male,51,Beauty,14,50.0,700.0,4,2023,Middle Aged,High
TX046354,2023-11-25,CUST7359,Female,66,Electronics,3,330.0,990.0,4,2023,Retired,High
TX046355,2023-11-25,CUST5114,Male,62,Books,17,368.0,6256.0,4,2023,Retired,High
TX046356,2023-11-25,CUST7310,Female,38,Books,9,91.0,819.0,4,2023,Youth,High
TX046357,2023-11-25,CUST7599,Female,60,Sports,4,254.0,1016.0,4,2023,Middle Aged,High
TX046358,2023-11-25,CUST9198,Male,68,Groceries,13,251.0,3263.0,4,2023,Retired,High
TX046359,2023-11-25,CUST1529,Female,43,Books,8,382.0,3056.0,4,2023,Middle Aged,High
TX046360,2023-11-25,CUST6118,Male,39,Beauty,5,147.0,735.0,4,2023,Youth,High
TX046361,2023-11-25,CUST5916,Female,38,Groceries,9,348.0,3132.0,4,2023,Youth,High
TX046362,2023-11-25,CUST1708,Female,24,Beauty,9,368.0,3312.0,4,2023,Teenager,High
TX046363,2023-11-25,CUST8686,Male,45,Sports,9,266.0,2394.0,4,2023,Middle Aged,High
TX046364,2023-11-25,CUST4787,Male,53,Groceries,20,185.0,3700.0,4,2023,Middle Aged,High
TX046365,2023-11-25,CUST3126,Female,54,Sports,10,317.0,3170.0,4,2023,Middle Aged,High
TX046366,2023-11-25,CUST7136,Female,34,Beauty,2,263.0,526.0,4,2023,Youth,High
TX046367,2023-11-25,CUST0874,Male,40,Electronics,9,178.0,1602.0,4,2023,Youth,High
TX046368,2023-11-25,CUST5363,Female,45,Books,1,26.0,26.0,4,2023,Middle Aged,Low
TX046369,2023-11-25,CUST2606,Female,48,Electronics,4,307.0,1228.0,4,2023,Middle Aged,High
TX046370,2023-11-25,CUST6750,Female,23,Sports,17,270.0,4590.0,4,2023,Teenager,High
TX046371,2023-11-25,CUST4465,Female,19,Clothing,2,281.0,562.0,4,2023,Teenager,High
TX046372,2023-11-25,CUST5372,Male,23,Electronics,7,57.0,399.0,4,2023,Teenager,Medium
TX046373,2023-11-25,CUST7106,Female,63,Electronics,13,187.0,2431.0,4,2023,Retired,High
TX046374,2023-11-25,CUST0719,Female,46,Groceries,16,348.0,5568.0,4,2023,Middle Aged,High
TX046375,2023-11-25,CUST8043,Male,31,Groceries,14,397.0,5558.0,4,2023,Youth,High
TX046376,2023-11-25,CUST5470,Male,47,Sports,2,373.0,746.0,4,2023,Middle Aged,High
TX046377,2023-11-25,CUST5740,Female,70,Books,12,500.0,6000.0,4,2023,Retired,High
TX046378,2023-11-25,CUST2135,Male,29,Sports,8,115.0,920.0,4,2023,Youth,High
TX046379,2023-11-25,CUST5378,Female,36,Books,12,13.0,156.0,4,2023,Youth,Medium
TX046380,2023-11-25,CUST7189,Female,19,Books,20,289.0,5780.0,4,2023,Teenager,High
TX046381,2023-11-25,CUST9470,Male,38,Electronics,1,160.0,160.0,4,2023,Youth,Medium
TX046382,2023-11-25,CUST4843,Male,45,Books,7,482.0,3374.0,4,2023,Middle Aged,High
TX046383,2023-11-25,CUST3744,Male,25,Sports,19,218.0,4142.0,4,2023,Teenager,High
TX046384,2023-11-25,CUST1874,Female,63,Sports,11,266.0,2926.0,4,2023,Retired,High
TX046385,2023-11-25,CUST2960,Female,58,Sports,19,310.0,5890.0,4,2023,Middle Aged,High
TX046386,2023-11-25,CUST9976,Female,58,Beauty,10,103.0,1030.0,4,2023,Middle Aged,High
TX046387,2023-11-25,CUST0697,Female,62,Books,12,306.0,3672.0,4,2023,Retired,High
TX046388,2023-11-25,CUST9681,Male,55,Groceries,12,419.0,5028.0,4,2023,Middle Aged,High
TX046389,2023-11-25,CUST4890,Male,33,Clothing,18,48.0,864.0,4,2023,Youth,High
TX046390,2023-11-25,CUST7569,Female,69,Groceries,2,78.0,156.0,4,2023,Retired,Medium
TX046391,2023-11-25,CUST6777,Female,66,Groceries,12,303.0,3636.0,4,2023,Retired,High
TX046392,2023-11-25,CUST5582,Female,38,Beauty,4,87.0,348.0,4,2023,Youth,Medium
TX046393,2023-11-25,CUST1438,Female,28,Groceries,13,463.0,6019.0,4,2023,Youth,High
TX046394,2023-11-25,CUST8379,Male,23,Books,3,90.0,270.0,4,2023,Teenager,Medium
TX046395,2023-11-25,CUST4916,Male,63,Beauty,12,298.0,3576.0,4,2023,Retired,High
TX046396,2023-11-25,CUST2051,Male,37,Books,19,387.0,7353.0,4,2023,Youth,High
TX046397,2023-11-25,CUST3358,Female,29,Clothing,8,107.0,856.0,4,2023,Youth,High
TX046398,2023-11-25,CUST6009,Male,33,Sports,17,337.0,5729.0,4,2023,Youth,High
TX046399,2023-11-25,CUST3644,Male,45,Electronics,19,25.0,475.0,4,2023,Middle Aged,Medium
TX046400,2023-11-25,CUST3274,Male,38,Electronics,10,331.0,3310.0,4,2023,Youth,High
TX046401,2023-11-25,CUST1441,Male,51,Books,20,433.0,8660.0,4,2023,Middle Aged,High
TX046402,2023-11-25,CUST9756,Male,53,Electronics,16,176.0,2816.0,4,2023,Middle Aged,High
TX046403,2023-11-25,CUST1901,Female,62,Beauty,7,108.0,756.0,4,2023,Retired,High
TX046404,2023-11-25,CUST8226,Male,59,Sports,13,63.0,819.0,4,2023,Middle Aged,High
TX046405,2023-11-25,CUST0290,Female,56,Beauty,3,418.0,1254.0,4,2023,Middle Aged,High
TX046406,2023-11-25,CUST3048,Male,39,Electronics,1,13.0,13.0,4,2023,Youth,Low
TX046407,2023-11-25,CUST7977,Male,24,Clothing,15,342.0,5130.0,4,2023,Teenager,High
TX046408,2023-11-25,CUST1962,Female,49,Sports,2,338.0,676.0,4,2023,Middle Aged,High
TX046409,2023-11-25,CUST7356,Male,40,Clothing,14,102.0,1428.0,4,2023,Youth,High
TX046410,2023-11-25,CUST3059,Female,55,Beauty,17,424.0,7208.0,4,2023,Middle Aged,High
TX046411,2023-11-25,CUST9715,Male,66,Books,9,35.0,315.0,4,2023,Retired,Medium
TX046412,2023-11-25,CUST2823,Female,34,Beauty,15,416.0,6240.0,4,2023,Youth,High
TX046413,2023-11-25,CUST6237,Female,54,Books,16,212.0,3392.0,4,2023,Middle Aged,High
TX046414,2023-11-25,CUST9874,Female,51,Groceries,16,111.0,1776.0,4,2023,Middle Aged,High
TX046415,2023-11-25,CUST7416,Male,69,Clothing,13,308.0,4004.0,4,2023,Retired,High
TX046416,2023-11-25,CUST9811,Male,25,Beauty,7,80.0,560.0,4,2023,Teenager,High
TX046417,2023-11-25,CUST5663,Male,34,Groceries,4,116.0,464.0,4,2023,Youth,Medium
TX046418,2023-11-25,CUST2558,Female,42,Books,11,320.0,3520.0,4,2023,Middle Aged,High
TX046419,2023-11-25,CUST7077,Male,23,Beauty,4,80.0,320.0,4,2023,Teenager,Medium
TX046420,2023-11-25,CUST3144,Female,50,Clothing,7,259.0,1813.0,4,2023,Middle Aged,High
TX046421,2023-11-25,CUST4873,Female,50,Sports,6,31.0,186.0,4,2023,Middle Aged,Medium
TX046422,2023-11-25,CUST2658,Female,24,Clothing,10,40.0,400.0,4,2023,Teenager,Medium
TX046423,2023-11-25,CUST2136,Male,44,Beauty,1,282.0,282.0,4,2023,Middle Aged,Medium
TX046424,2023-11-25,CUST1359,Female,29,Sports,6,189.0,1134.0,4,2023,Youth,High
TX046425,2023-11-25,CUST1681,Female,23,Sports,14,213.0,2982.0,4,2023,Teenager,High
TX046426,2023-11-25,CUST2365,Female,66,Groceries,3,269.0,807.0,4,2023,Retired,High
TX046427,2023-11-25,CUST0753,Female,42,Electronics,2,17.0,34.0,4,2023,Middle Aged,Low
TX046428,2023-11-25,CUST3784,Male,65,Electronics,6,374.0,2244.0,4,2023,Retired,High
TX046429,2023-11-25,CUST1200,Female,40,Sports,9,179.0,1611.0,4,2023,Youth,High
TX046430,2023-11-25,CUST7691,Female,49,Books,5,459.0,2295.0,4,2023,Middle Aged,High
TX046431,2023-11-25,CUST3417,Female,39,Books,14,107.0,1498.0,4,2023,Youth,High
TX046432,2023-11-25,CUST2860,Male,30,Electronics,13,374.0,4862.0,4,2023,Youth,High
TX046433,2023-11-25,CUST5863,Female,31,Clothing,19,430.0,8170.0,4,2023,Youth,High
TX046434,2023-11-25,CUST8031,Female,32,Books,7,392.0,2744.0,4,2023,Youth,High
TX046435,2023-11-25,CUST7993,Male,25,Sports,15,184.0,2760.0,4,2023,Teenager,High
TX046436,2023-11-25,CUST5373,Male,41,Sports,16,168.0,2688.0,4,2023,Middle Aged,High
TX046437,2023-11-25,CUST3622,Male,39,Clothing,6,485.0,2910.0,4,2023,Youth,High
TX046438,2023-11-25,CUST2933,Female,60,Sports,9,15.0,135.0,4,2023,Middle Aged,Medium
TX046439,2023-11-25,CUST9547,Male,69,Electronics,4,35.0,140.0,4,2023,Retired,Medium
TX046440,2023-11-25,CUST7581,Male,29,Beauty,9,55.0,495.0,4,2023,Youth,Medium
TX046441,2023-11-25,CUST3694,Male,57,Clothing,16,261.0,4176.0,4,2023,Middle Aged,High
TX046442,2023-11-25,CUST2437,Female,58,Groceries,6,396.0,2376.0,4,2023,Middle Aged,High
TX046443,2023-11-25,CUST9859,Female,31,Sports,9,345.0,3105.0,4,2023,Youth,High
TX046444,2023-11-25,CUST4764,Female,31,Beauty,10,403.0,4030.0,4,2023,Youth,High
TX046445,2023-11-25,CUST2672,Male,36,Beauty,8,224.0,1792.0,4,2023,Youth,High
TX046446,2023-11-25,CUST6124,Male,43,Books,10,160.0,1600.0,4,2023,Middle Aged,High
TX046447,2023-11-25,CUST4182,Female,58,Clothing,18,33.0,594.0,4,2023,Middle Aged,High
TX046448,2023-11-25,CUST8551,Female,24,Clothing,13,379.0,4927.0,4,2023,Teenager,High
TX046449,2023-11-25,CUST9844,Female,24,Electronics,16,251.0,4016.0,4,2023,Teenager,High
TX046450,2023-11-25,CUST0350,Female,39,Sports,4,14.0,56.0,4,2023,Youth,Low
TX046451,2023-11-25,CUST2305,Female,25,Electronics,3,382.0,1146.0,4,2023,Teenager,High
TX046452,2023-11-25,CUST4491,Female,30,Books,15,258.0,3870.0,4,2023,Youth,High
TX046453,2023-11-25,CUST7925,Male,38,Sports,19,69.0,1311.0,4,2023,Youth,High
TX046454,2023-11-25,CUST5867,Female,36,Groceries,19,390.0,7410.0,4,2023,Youth,High
TX046455,2023-11-25,CUST8832,Female,19,Sports,3,175.0,525.0,4,2023,Teenager,High
TX046456,2023-11-25,CUST5483,Female,50,Sports,1,129.0,129.0,4,2023,Middle Aged,Medium
TX046457,2023-11-25,CUST6119,Male,38,Groceries,19,48.0,912.0,4,2023,Youth,High
TX046458,2023-11-25,CUST7107,Female,65,Clothing,6,315.0,1890.0,4,2023,Retired,High
TX046459,2023-11-25,CUST3850,Female,23,Groceries,4,87.0,348.0,4,2023,Teenager,Medium
TX046460,2023-11-25,CUST2171,Female,40,Electronics,2,431.0,862.0,4,2023,Youth,High
TX046461,2023-11-25,CUST7276,Female,34,Electronics,4,192.0,768.0,4,2023,Youth,High
TX046462,2023-11-25,CUST5760,Female,53,Sports,3,55.0,165.0,4,2023,Middle Aged,Medium
TX046463,2023-11-25,CUST7081,Female,38,Electronics,1,111.0,111.0,4,2023,Youth,Medium
TX046464,2023-11-25,CUST2630,Male,36,Books,4,54.0,216.0,4,2023,Youth,Medium
TX046465,2023-11-25,CUST2904,Female,50,Sports,17,159.0,2703.0,4,2023,Middle Aged,High
TX046466,2023-11-25,CUST2056,Male,40,Sports,10,218.0,2180.0,4,2023,Youth,High
TX046467,2023-11-25,CUST3614,Female,28,Groceries,18,353.0,6354.0,4,2023,Youth,High
TX046468,2023-11-25,CUST7376,Male,26,Sports,20,245.0,4900.0,4,2023,Youth,High
TX046469,2023-11-25,CUST2454,Male,23,Beauty,5,108.0,540.0,4,2023,Teenager,High
TX046470,2023-11-25,CUST6276,Male,18,Electronics,9,339.0,3051.0,4,2023,,High
TX046471,2023-11-25,CUST8637,Male,57,Clothing,1,313.0,313.0,4,2023,Middle Aged,Medium
TX046472,2023-11-25,CUST0056,Male,30,Electronics,19,355.0,6745.0,4,2023,Youth,High
TX046473,2023-11-25,CUST2283,Male,24,Sports,8,168.0,1344.0,4,2023,Teenager,High
TX046474,2023-11-25,CUST2015,Male,48,Clothing,20,398.0,7960.0,4,2023,Middle Aged,High
TX046475,2023-11-25,CUST8476,Male,67,Beauty,12,376.0,4512.0,4,2023,Retired,High
TX046476,2023-11-25,CUST6663,Male,46,Beauty,18,476.0,8568.0,4,2023,Middle Aged,High
TX046477,2023-11-25,CUST0291,Male,49,Sports,16,204.0,3264.0,4,2023,Middle Aged,High
TX046478,2023-11-25,CUST9678,Female,55,Books,19,29.0,551.0,4,2023,Middle Aged,High
TX046479,2023-11-25,CUST8876,Male,54,Books,12,137.0,1644.0,4,2023,Middle Aged,High
TX046480,2023-11-25,CUST4202,Male,53,Clothing,3,197.0,591.0,4,2023,Middle Aged,High
TX046481,2023-11-25,CUST1294,Male,22,Groceries,13,276.0,3588.0,4,2023,Teenager,High
TX046482,2023-11-25,CUST8972,Female,65,Electronics,1,491.0,491.0,4,2023,Retired,Medium
TX046483,2023-11-25,CUST2910,Male,21,Books,7,374.0,2618.0,4,2023,Teenager,High
TX046484,2023-11-25,CUST2999,Female,18,Clothing,17,461.0,7837.0,4,2023,,High
TX046485,2023-11-25,CUST1177,Male,54,Electronics,7,375.0,2625.0,4,2023,Middle Aged,High
TX046486,2023-11-25,CUST7564,Male,47,Books,1,108.0,108.0,4,2023,Middle Aged,Medium
TX046487,2023-11-25,CUST6475,Female,20,Sports,12,374.0,4488.0,4,2023,Teenager,High
TX046488,2023-11-25,CUST4331,Male,41,Electronics,5,243.0,1215.0,4,2023,Middle Aged,High
TX046489,2023-11-25,CUST4716,Male,23,Clothing,15,160.0,2400.0,4,2023,Teenager,High
TX046490,2023-11-25,CUST6839,Male,31,Groceries,4,87.0,348.0,4,2023,Youth,Medium
TX046491,2023-11-25,CUST1908,Male,59,Books,9,202.0,1818.0,4,2023,Middle Aged,High
TX046492,2023-11-25,CUST9199,Male,26,Electronics,16,371.0,5936.0,4,2023,Youth,High
TX046493,2023-11-25,CUST4133,Female,32,Groceries,4,67.0,268.0,4,2023,Youth,Medium
TX046494,2023-11-25,CUST0146,Male,23,Sports,8,53.0,424.0,4,2023,Teenager,Medium
TX046495,2023-11-25,CUST8721,Female,21,Clothing,12,204.0,2448.0,4,2023,Teenager,High
TX046496,2023-11-25,CUST1490,Male,26,Beauty,1,74.0,74.0,4,2023,Youth,Low
TX046497,2023-11-25,CUST2436,Male,24,Electronics,13,429.0,5577.0,4,2023,Teenager,High
TX046498,2023-11-25,CUST4894,Female,41,Groceries,17,383.0,6511.0,4,2023,Middle Aged,High
TX046499,2023-11-25,CUST2610,Female,70,Sports,3,18.0,54.0,4,2023,Retired,Low
TX046500,2023-11-25,CUST2948,Male,51,Groceries,5,352.0,1760.0,4,2023,Middle Aged,High
TX046501,2023-11-25,CUST3063,Female,67,Clothing,16,37.0,592.0,4,2023,Retired,High
TX046502,2023-11-25,CUST5400,Female,51,Sports,13,237.0,3081.0,4,2023,Middle Aged,High
TX046503,2023-11-25,CUST5700,Female,58,Electronics,20,248.0,4960.0,4,2023,Middle Aged,High
TX046504,2023-11-25,CUST3866,Male,45,Sports,20,278.0,5560.0,4,2023,Middle Aged,High
TX046505,2023-11-25,CUST0298,Male,56,Clothing,19,360.0,6840.0,4,2023,Middle Aged,High
TX046506,2023-11-25,CUST7476,Male,68,Electronics,6,280.0,1680.0,4,2023,Retired,High
TX046507,2023-11-25,CUST6882,Female,45,Sports,13,276.0,3588.0,4,2023,Middle Aged,High
TX046508,2023-11-25,CUST8014,Male,45,Sports,4,413.0,1652.0,4,2023,Middle Aged,High
TX046509,2023-11-25,CUST3256,Male,38,Books,18,379.0,6822.0,4,2023,Youth,High
TX046510,2023-11-25,CUST0304,Male,25,Clothing,7,442.0,3094.0,4,2023,Teenager,High
TX046511,2023-11-25,CUST2871,Male,48,Electronics,2,435.0,870.0,4,2023,Middle Aged,High
TX046512,2023-11-25,CUST0126,Male,47,Groceries,8,286.0,2288.0,4,2023,Middle Aged,High
TX046513,2023-11-25,CUST3578,Male,51,Electronics,20,44.0,880.0,4,2023,Middle Aged,High
TX046514,2023-11-25,CUST8456,Male,68,Groceries,5,215.0,1075.0,4,2023,Retired,High
TX046515,2023-11-25,CUST1948,Female,50,Sports,3,102.0,306.0,4,2023,Middle Aged,Medium
TX046516,2023-11-25,CUST8895,Male,28,Books,5,404.0,2020.0,4,2023,Youth,High
TX046517,2023-11-25,CUST4706,Female,44,Electronics,7,327.0,2289.0,4,2023,Middle Aged,High
TX046518,2023-11-25,CUST6569,Male,64,Groceries,5,260.0,1300.0,4,2023,Retired,High
TX046519,2023-11-25,CUST6332,Female,31,Beauty,7,324.0,2268.0,4,2023,Youth,High
TX046520,2023-11-25,CUST8963,Female,66,Groceries,15,311.0,4665.0,4,2023,Retired,High
TX046521,2023-11-25,CUST4658,Male,52,Clothing,11,279.0,3069.0,4,2023,Middle Aged,High
TX046522,2023-11-25,CUST2846,Male,59,Groceries,15,351.0,5265.0,4,2023,Middle Aged,High
TX046523,2023-11-25,CUST6321,Male,62,Books,11,470.0,5170.0,4,2023,Retired,High
TX046524,2023-11-25,CUST8125,Female,58,Books,2,77.0,154.0,4,2023,Middle Aged,Medium
TX046525,2023-11-25,CUST1875,Female,38,Electronics,6,157.0,942.0,4,2023,Youth,High
TX046526,2023-11-25,CUST9607,Male,36,Books,12,72.0,864.0,4,2023,Youth,High
TX046527,2023-11-25,CUST8497,Male,40,Clothing,7,356.0,2492.0,4,2023,Youth,High
TX046528,2023-11-25,CUST1625,Female,38,Books,2,136.0,272.0,4,2023,Youth,Medium
TX046529,2023-11-25,CUST2580,Male,46,Clothing,11,402.0,4422.0,4,2023,Middle Aged,High
TX046530,2023-11-25,CUST9825,Male,37,Books,16,458.0,7328.0,4,2023,Youth,High
TX046531,2023-11-25,CUST9379,Female,70,Sports,5,68.0,340.0,4,2023,Retired,Medium
TX046532,2023-11-25,CUST8273,Female,39,Sports,16,25.0,400.0,4,2023,Youth,Medium
TX046533,2023-11-25,CUST1799,Male,69,Books,4,495.0,1980.0,4,2023,Retired,High
TX046534,2023-11-25,CUST7592,Male,49,Electronics,8,315.0,2520.0,4,2023,Middle Aged,High
TX046535,2023-11-25,CUST6432,Female,18,Clothing,14,100.0,1400.0,4,2023,,High
TX046536,2023-11-25,CUST2399,Male,43,Groceries,8,140.0,1120.0,4,2023,Middle Aged,High
TX046537,2023-11-25,CUST4299,Male,57,Beauty,16,382.0,6112.0,4,2023,Middle Aged,High
TX046538,2023-11-25,CUST0464,Male,40,Electronics,17,383.0,6511.0,4,2023,Youth,High
TX046539,2023-11-25,CUST3623,Male,35,Clothing,8,78.0,624.0,4,2023,Youth,High
TX046540,2023-11-25,CUST1377,Female,69,Clothing,20,62.0,1240.0,4,2023,Retired,High
TX046541,2023-11-25,CUST4303,Male,42,Electronics,13,374.0,4862.0,4,2023,Middle Aged,High
TX046542,2023-11-25,CUST8691,Male,34,Beauty,14,369.0,5166.0,4,2023,Youth,High
TX046543,2023-11-25,CUST6256,Male,23,Electronics,16,268.0,4288.0,4,2023,Teenager,High
TX046544,2023-11-25,CUST3574,Female,26,Groceries,15,189.0,2835.0,4,2023,Youth,High
TX046545,2023-11-25,CUST7915,Female,41,Sports,11,17.0,187.0,4,2023,Middle Aged,Medium
TX046546,2023-11-25,CUST4285,Male,24,Clothing,2,415.0,830.0,4,2023,Teenager,High
TX046547,2023-11-25,CUST6377,Male,18,Clothing,18,24.0,432.0,4,2023,,Medium
TX046548,2023-11-25,CUST1351,Female,27,Books,1,357.0,357.0,4,2023,Youth,Medium
TX046549,2023-11-25,CUST0608,Female,41,Clothing,8,63.0,504.0,4,2023,Middle Aged,High
TX046550,2023-11-25,CUST7274,Male,28,Beauty,12,217.0,2604.0,4,2023,Youth,High
TX046551,2023-11-25,CUST1454,Male,37,Groceries,5,358.0,1790.0,4,2023,Youth,High
TX046552,2023-11-25,CUST4620,Male,64,Sports,1,191.0,191.0,4,2023,Retired,Medium
TX046553,2023-11-25,CUST7401,Female,37,Books,17,206.0,3502.0,4,2023,Youth,High
TX046554,2023-11-25,CUST5673,Female,59,Books,5,442.0,2210.0,4,2023,Middle Aged,High
TX046555,2023-11-25,CUST3430,Female,19,Groceries,15,205.0,3075.0,4,2023,Teenager,High
TX046556,2023-11-25,CUST6768,Female,69,Groceries,15,96.0,1440.0,4,2023,Retired,High
TX046557,2023-11-25,CUST9708,Male,68,Sports,17,429.0,7293.0,4,2023,Retired,High
TX046558,2023-11-25,CUST3482,Male,51,Books,6,484.0,2904.0,4,2023,Middle Aged,High
TX046559,2023-11-25,CUST8535,Female,26,Electronics,7,408.0,2856.0,4,2023,Youth,High
TX046560,2023-11-25,CUST7402,Female,58,Beauty,3,217.0,651.0,4,2023,Middle Aged,High
TX046561,2023-11-25,CUST5122,Male,50,Beauty,4,324.0,1296.0,4,2023,Middle Aged,High
TX046562,2023-11-25,CUST9124,Female,66,Beauty,9,39.0,351.0,4,2023,Retired,Medium
TX046563,2023-11-25,CUST7256,Female,55,Groceries,7,228.0,1596.0,4,2023,Middle Aged,High
TX046564,2023-11-25,CUST5791,Male,38,Electronics,12,444.0,5328.0,4,2023,Youth,High
TX046565,2023-11-25,CUST4819,Male,36,Beauty,13,84.0,1092.0,4,2023,Youth,High
TX046566,2023-11-25,CUST9083,Male,37,Electronics,10,65.0,650.0,4,2023,Youth,High
TX046567,2023-11-25,CUST1163,Male,35,Beauty,10,102.0,1020.0,4,2023,Youth,High
TX046568,2023-11-25,CUST7056,Male,52,Groceries,17,145.0,2465.0,4,2023,Middle Aged,High
TX046569,2023-11-25,CUST1309,Female,28,Clothing,14,134.0,1876.0,4,2023,Youth,High
TX046570,2023-11-25,CUST1228,Female,53,Clothing,12,42.0,504.0,4,2023,Middle Aged,High
TX046571,2023-11-25,CUST1392,Male,56,Groceries,5,441.0,2205.0,4,2023,Middle Aged,High
TX046572,2023-11-25,CUST6917,Female,43,Books,7,359.0,2513.0,4,2023,Middle Aged,High
TX046573,2023-11-25,CUST6110,Female,43,Sports,8,278.0,2224.0,4,2023,Middle Aged,High
TX046574,2023-11-25,CUST9092,Male,66,Clothing,13,165.0,2145.0,4,2023,Retired,High
TX046575,2023-11-25,CUST7367,Female,39,Sports,15,164.0,2460.0,4,2023,Youth,High
TX046576,2023-11-25,CUST6592,Female,18,Sports,9,352.0,3168.0,4,2023,,High
TX046577,2023-11-25,CUST1426,Male,30,Groceries,5,40.0,200.0,4,2023,Youth,Medium
TX046578,2023-11-25,CUST6400,Female,62,Clothing,18,142.0,2556.0,4,2023,Retired,High
TX046579,2023-11-25,CUST8363,Female,56,Books,20,233.0,4660.0,4,2023,Middle Aged,High
TX046580,2023-11-25,CUST6319,Female,40,Sports,20,185.0,3700.0,4,2023,Youth,High
TX046581,2023-11-25,CUST7665,Female,63,Electronics,9,290.0,2610.0,4,2023,Retired,High
TX046582,2023-11-25,CUST7661,Female,31,Books,11,100.0,1100.0,4,2023,Youth,High
TX046583,2023-11-25,CUST7141,Male,70,Books,1,463.0,463.0,4,2023,Retired,Medium
TX046584,2023-11-25,CUST4197,Male,18,Groceries,19,493.0,9367.0,4,2023,,High
TX046585,2023-11-25,CUST6205,Female,46,Clothing,19,384.0,7296.0,4,2023,Middle Aged,High
TX046586,2023-11-25,CUST9204,Male,41,Electronics,15,239.0,3585.0,4,2023,Middle Aged,High
TX046587,2023-11-25,CUST0142,Female,59,Clothing,13,395.0,5135.0,4,2023,Middle Aged,High
TX046588,2023-11-25,CUST3018,Female,31,Books,8,480.0,3840.0,4,2023,Youth,High
TX046589,2023-11-25,CUST5078,Male,51,Books,6,454.0,2724.0,4,2023,Middle Aged,High
TX046590,2023-11-25,CUST5338,Female,21,Beauty,18,425.0,7650.0,4,2023,Teenager,High
TX046591,2023-11-25,CUST5488,Male,47,Beauty,12,334.0,4008.0,4,2023,Middle Aged,High
TX046592,2023-11-25,CUST0938,Male,31,Clothing,8,439.0,3512.0,4,2023,Youth,High
TX046593,2023-11-25,CUST7285,Male,60,Groceries,17,376.0,6392.0,4,2023,Middle Aged,High
TX046594,2023-11-25,CUST3185,Female,29,Beauty,9,358.0,3222.0,4,2023,Youth,High
TX046595,2023-11-25,CUST0699,Female,37,Beauty,7,93.0,651.0,4,2023,Youth,High
TX046596,2023-11-25,CUST7941,Female,22,Clothing,9,241.0,2169.0,4,2023,Teenager,High
TX046597,2023-11-25,CUST6547,Female,62,Beauty,11,450.0,4950.0,4,2023,Retired,High
TX046598,2023-11-25,CUST8462,Female,42,Electronics,1,254.0,254.0,4,2023,Middle Aged,Medium
TX046599,2023-11-25,CUST6194,Male,60,Books,7,288.0,2016.0,4,2023,Middle Aged,High
TX046600,2023-11-25,CUST3563,Female,44,Clothing,20,249.0,4980.0,4,2023,Middle Aged,High
TX046601,2023-11-25,CUST8396,Male,20,Groceries,14,115.0,1610.0,4,2023,Teenager,High
TX046602,2023-11-25,CUST5282,Male,24,Clothing,1,472.0,472.0,4,2023,Teenager,Medium
TX046603,2023-11-25,CUST5819,Female,63,Beauty,19,212.0,4028.0,4,2023,Retired,High
TX046604,2023-11-25,CUST1544,Female,70,Electronics,15,11.0,165.0,4,2023,Retired,Medium
TX046605,2023-11-25,CUST7513,Female,58,Beauty,4,32.0,128.0,4,2023,Middle Aged,Medium
TX046606,2023-11-25,CUST4312,Female,50,Beauty,15,327.0,4905.0,4,2023,Middle Aged,High
TX046607,2023-11-25,CUST0295,Male,53,Books,1,221.0,221.0,4,2023,Middle Aged,Medium
TX046608,2023-11-25,CUST4237,Male,64,Electronics,12,474.0,5688.0,4,2023,Retired,High
TX046609,2023-11-25,CUST1695,Female,59,Books,20,251.0,5020.0,4,2023,Middle Aged,High
TX046610,2023-11-25,CUST2037,Female,65,Beauty,8,322.0,2576.0,4,2023,Retired,High
TX046611,2023-11-25,CUST7457,Male,19,Groceries,15,334.0,5010.0,4,2023,Teenager,High
TX046612,2023-11-25,CUST8266,Male,36,Electronics,15,256.0,3840.0,4,2023,Youth,High
TX046613,2023-11-25,CUST3045,Female,47,Electronics,19,343.0,6517.0,4,2023,Middle Aged,High
TX046614,2023-11-25,CUST2734,Female,41,Sports,18,396.0,7128.0,4,2023,Middle Aged,High
TX046615,2023-11-25,CUST3671,Male,60,Sports,9,206.0,1854.0,4,2023,Middle Aged,High
TX046616,2023-11-25,CUST4952,Male,47,Clothing,7,303.0,2121.0,4,2023,Middle Aged,High
TX046617,2023-11-25,CUST6711,Male,46,Groceries,9,465.0,4185.0,4,2023,Middle Aged,High
TX046618,2023-11-25,CUST7845,Male,59,Clothing,20,441.0,8820.0,4,2023,Middle Aged,High
TX046619,2023-11-25,CUST0258,Female,30,Clothing,11,190.0,2090.0,4,2023,Youth,High
TX046620,2023-11-25,CUST5923,Female,29,Beauty,19,150.0,2850.0,4,2023,Youth,High
TX046621,2023-11-25,CUST3617,Male,69,Groceries,12,122.0,1464.0,4,2023,Retired,High
TX046622,2023-11-25,CUST7154,Male,57,Books,3,245.0,735.0,4,2023,Middle Aged,High
TX046623,2023-11-25,CUST1255,Male,39,Books,18,91.0,1638.0,4,2023,Youth,High
TX046624,2023-11-25,CUST1387,Male,65,Clothing,19,292.0,5548.0,4,2023,Retired,High
TX046625,2023-11-25,CUST2820,Male,19,Books,12,192.0,2304.0,4,2023,Teenager,High
TX046626,2023-11-25,CUST6235,Female,32,Beauty,15,161.0,2415.0,4,2023,Youth,High
TX046627,2023-11-25,CUST0751,Female,58,Groceries,18,257.0,4626.0,4,2023,Middle Aged,High
TX046628,2023-11-25,CUST6913,Male,27,Clothing,16,22.0,352.0,4,2023,Youth,Medium
TX046629,2023-11-25,CUST5757,Male,47,Clothing,9,196.0,1764.0,4,2023,Middle Aged,High
TX046630,2023-11-25,CUST7793,Female,18,Books,18,377.0,6786.0,4,2023,,High
TX046631,2023-11-25,CUST9224,Female,65,Books,14,12.0,168.0,4,2023,Retired,Medium
TX046632,2023-11-25,CUST0352,Female,50,Books,2,392.0,784.0,4,2023,Middle Aged,High
TX046633,2023-11-25,CUST5014,Male,53,Clothing,14,485.0,6790.0,4,2023,Middle Aged,High
TX046634,2023-11-25,CUST6572,Male,44,Electronics,3,288.0,864.0,4,2023,Middle Aged,High
TX046635,2023-11-25,CUST5108,Male,42,Groceries,6,62.0,372.0,4,2023,Middle Aged,Medium
TX046636,2023-11-25,CUST6896,Female,63,Beauty,20,136.0,2720.0,4,2023,Retired,High
TX046637,2023-11-25,CUST8331,Male,59,Beauty,1,439.0,439.0,4,2023,Middle Aged,Medium
TX046638,2023-11-25,CUST9332,Female,35,Groceries,9,429.0,3861.0,4,2023,Youth,High
TX046639,2023-11-25,CUST5018,Male,19,Electronics,16,154.0,2464.0,4,2023,Teenager,High
TX046640,2023-11-25,CUST9645,Male,35,Books,10,295.0,2950.0,4,2023,Youth,High
TX046641,2023-11-25,CUST9803,Male,25,Clothing,16,127.0,2032.0,4,2023,Teenager,High
TX046642,2023-11-25,CUST9294,Female,23,Electronics,10,412.0,4120.0,4,2023,Teenager,High
TX046643,2023-11-25,CUST1554,Male,67,Clothing,17,326.0,5542.0,4,2023,Retired,High
TX046644,2023-11-25,CUST3987,Male,66,Electronics,18,73.0,1314.0,4,2023,Retired,High
TX046645,2023-11-25,CUST0737,Female,49,Groceries,18,235.0,4230.0,4,2023,Middle Aged,High
TX046646,2023-11-25,CUST9749,Female,47,Clothing,11,169.0,1859.0,4,2023,Middle Aged,High
TX046647,2023-11-25,CUST4230,Female,34,Electronics,9,53.0,477.0,4,2023,Youth,Medium
TX046648,2023-11-25,CUST5976,Female,33,Groceries,5,386.0,1930.0,4,2023,Youth,High
TX046649,2023-11-25,CUST7022,Female,52,Beauty,6,31.0,186.0,4,2023,Middle Aged,Medium
TX046650,2023-11-25,CUST8493,Male,24,Books,20,190.0,3800.0,4,2023,Teenager,High
TX046651,2023-11-25,CUST6862,Male,46,Groceries,6,198.0,1188.0,4,2023,Middle Aged,High
TX046652,2023-11-25,CUST1496,Female,52,Groceries,7,36.0,252.0,4,2023,Middle Aged,Medium
TX046653,2023-11-25,CUST4124,Female,54,Electronics,19,80.0,1520.0,4,2023,Middle Aged,High
TX046654,2023-11-25,CUST7478,Male,51,Electronics,10,110.0,1100.0,4,2023,Middle Aged,High
TX046655,2023-11-25,CUST4039,Female,51,Books,13,143.0,1859.0,4,2023,Middle Aged,High
TX046656,2023-11-25,CUST5839,Male,30,Electronics,13,215.0,2795.0,4,2023,Youth,High
TX046657,2023-11-25,CUST7553,Female,25,Books,19,212.0,4028.0,4,2023,Teenager,High
TX046658,2023-11-25,CUST5492,Female,41,Sports,8,189.0,1512.0,4,2023,Middle Aged,High
TX046659,2023-11-25,CUST9010,Male,25,Groceries,13,454.0,5902.0,4,2023,Teenager,High
TX046660,2023-11-25,CUST0424,Female,53,Clothing,7,301.0,2107.0,4,2023,Middle Aged,High
TX046661,2023-11-25,CUST7679,Male,53,Beauty,14,133.0,1862.0,4,2023,Middle Aged,High
TX046662,2023-11-25,CUST2003,Female,64,Clothing,6,487.0,2922.0,4,2023,Retired,High
TX046663,2023-11-25,CUST7884,Female,32,Beauty,10,317.0,3170.0,4,2023,Youth,High
TX046664,2023-11-25,CUST5265,Male,43,Clothing,5,91.0,455.0,4,2023,Middle Aged,Medium
TX046665,2023-11-25,CUST5932,Female,29,Clothing,18,294.0,5292.0,4,2023,Youth,High
TX046666,2023-11-25,CUST6445,Female,29,Groceries,2,137.0,274.0,4,2023,Youth,Medium
TX046667,2023-11-25,CUST4569,Male,57,Electronics,14,464.0,6496.0,4,2023,Middle Aged,High
TX046668,2023-11-25,CUST4859,Female,59,Electronics,9,389.0,3501.0,4,2023,Middle Aged,High
TX046669,2023-11-25,CUST4274,Female,67,Groceries,1,434.0,434.0,4,2023,Retired,Medium
TX046670,2023-11-25,CUST8352,Female,36,Clothing,16,157.0,2512.0,4,2023,Youth,High
TX046671,2023-11-25,CUST0027,Female,28,Groceries,8,53.0,424.0,4,2023,Youth,Medium
TX046672,2023-11-25,CUST9196,Male,63,Groceries,7,84.0,588.0,4,2023,Retired,High
TX046673,2023-11-25,CUST6680,Female,65,Sports,9,180.0,1620.0,4,2023,Retired,High
TX046674,2023-11-25,CUST9392,Male,53,Sports,4,190.0,760.0,4,2023,Middle Aged,High
TX046675,2023-11-25,CUST6236,Male,66,Books,8,410.0,3280.0,4,2023,Retired,High
TX046676,2023-11-25,CUST1979,Female,22,Groceries,5,460.0,2300.0,4,2023,Teenager,High
TX046677,2023-11-25,CUST1643,Female,42,Beauty,12,20.0,240.0,4,2023,Middle Aged,Medium
TX046678,2023-11-25,CUST9675,Female,30,Books,8,244.0,1952.0,4,2023,Youth,High
TX046679,2023-11-25,CUST5205,Male,61,Sports,8,122.0,976.0,4,2023,Retired,High
TX046680,2023-11-25,CUST0689,Male,36,Sports,7,99.0,693.0,4,2023,Youth,High
TX046681,2023-11-25,CUST9812,Male,56,Groceries,11,308.0,3388.0,4,2023,Middle Aged,High
TX046682,2023-11-25,CUST0349,Female,54,Beauty,1,12.0,12.0,4,2023,Middle Aged,Low
TX046683,2023-11-25,CUST8872,Male,19,Books,20,255.0,5100.0,4,2023,Teenager,High
TX046684,2023-11-25,CUST0318,Female,38,Electronics,1,338.0,338.0,4,2023,Youth,Medium
TX046685,2023-11-25,CUST8506,Male,43,Sports,11,101.0,1111.0,4,2023,Middle Aged,High
TX046686,2023-11-25,CUST0758,Male,47,Electronics,5,136.0,680.0,4,2023,Middle Aged,High
TX046687,2023-11-25,CUST6273,Female,48,Books,20,137.0,2740.0,4,2023,Middle Aged,High
TX046688,2023-11-25,CUST4613,Male,52,Books,16,22.0,352.0,4,2023,Middle Aged,Medium
TX046689,2023-11-25,CUST9271,Female,20,Electronics,17,161.0,2737.0,4,2023,Teenager,High
TX046690,2023-11-25,CUST8492,Female,63,Clothing,15,171.0,2565.0,4,2023,Retired,High
TX046691,2023-11-25,CUST6579,Female,55,Sports,2,140.0,280.0,4,2023,Middle Aged,Medium
TX046692,2023-11-25,CUST4350,Female,36,Beauty,6,457.0,2742.0,4,2023,Youth,High
TX046693,2023-11-25,CUST1449,Male,50,Beauty,7,483.0,3381.0,4,2023,Middle Aged,High
TX046694,2023-11-25,CUST6885,Female,55,Clothing,11,428.0,4708.0,4,2023,Middle Aged,High
TX046695,2023-11-25,CUST2676,Female,21,Sports,11,54.0,594.0,4,2023,Teenager,High
TX046696,2023-11-25,CUST8847,Male,41,Sports,17,159.0,2703.0,4,2023,Middle Aged,High
TX046697,2023-11-25,CUST4825,Male,31,Sports,5,288.0,1440.0,4,2023,Youth,High
TX046698,2023-11-25,CUST6113,Female,33,Electronics,3,153.0,459.0,4,2023,Youth,Medium
TX046699,2023-11-25,CUST5541,Female,26,Beauty,9,140.0,1260.0,4,2023,Youth,High
TX046700,2023-11-25,CUST8817,Female,48,Groceries,8,328.0,2624.0,4,2023,Middle Aged,High
TX046701,2023-11-25,CUST3119,Female,61,Groceries,3,56.0,168.0,4,2023,Retired,Medium
TX046702,2023-11-25,CUST0742,Male,27,Sports,14,457.0,6398.0,4,2023,Youth,High
TX046703,2023-11-25,CUST4685,Female,42,Groceries,2,27.0,54.0,4,2023,Middle Aged,Low
TX046704,2023-11-25,CUST4397,Male,53,Clothing,20,169.0,3380.0,4,2023,Middle Aged,High
TX046705,2023-11-25,CUST4382,Male,48,Electronics,14,500.0,7000.0,4,2023,Middle Aged,High
TX046706,2023-11-25,CUST5544,Female,27,Sports,19,291.0,5529.0,4,2023,Youth,High
TX046707,2023-11-25,CUST2864,Female,28,Books,14,322.0,4508.0,4,2023,Youth,High
TX046708,2023-11-25,CUST0229,Female,49,Sports,5,226.0,1130.0,4,2023,Middle Aged,High
TX046709,2023-11-25,CUST0542,Male,49,Groceries,18,33.0,594.0,4,2023,Middle Aged,High
TX046710,2023-11-25,CUST1977,Male,21,Clothing,9,423.0,3807.0,4,2023,Teenager,High
TX046711,2023-11-25,CUST1122,Female,67,Clothing,7,279.0,1953.0,4,2023,Retired,High
TX046712,2023-11-25,CUST3472,Male,36,Sports,7,350.0,2450.0,4,2023,Youth,High
TX046713,2023-11-25,CUST2680,Male,47,Groceries,1,366.0,366.0,4,2023,Middle Aged,Medium
TX046714,2023-11-25,CUST0503,Female,43,Books,9,78.0,702.0,4,2023,Middle Aged,High
TX046715,2023-11-25,CUST0433,Female,23,Groceries,12,402.0,4824.0,4,2023,Teenager,High
TX046716,2023-11-25,CUST6487,Female,61,Electronics,19,22.0,418.0,4,2023,Retired,Medium
TX046717,2023-11-25,CUST8909,Male,70,Electronics,9,473.0,4257.0,4,2023,Retired,High
TX046718,2023-11-25,CUST9993,Female,57,Books,14,83.0,1162.0,4,2023,Middle Aged,High
TX046719,2023-11-25,CUST3860,Female,52,Beauty,11,316.0,3476.0,4,2023,Middle Aged,High
TX046720,2023-11-25,CUST3930,Female,70,Sports,7,466.0,3262.0,4,2023,Retired,High
TX046721,2023-11-25,CUST3135,Male,42,Sports,1,226.0,226.0,4,2023,Middle Aged,Medium
TX046722,2023-11-25,CUST0736,Female,60,Clothing,12,209.0,2508.0,4,2023,Middle Aged,High
TX046723,2023-11-25,CUST0936,Female,59,Beauty,16,79.0,1264.0,4,2023,Middle Aged,High
TX046724,2023-11-25,CUST3087,Male,32,Clothing,17,112.0,1904.0,4,2023,Youth,High
TX046725,2023-11-25,CUST5271,Female,26,Electronics,10,257.0,2570.0,4,2023,Youth,High
TX046726,2023-11-25,CUST2451,Female,66,Beauty,2,118.0,236.0,4,2023,Retired,Medium
TX046727,2023-11-25,CUST9420,Male,50,Books,15,47.0,705.0,4,2023,Middle Aged,High
TX046728,2023-11-25,CUST5551,Female,29,Clothing,5,226.0,1130.0,4,2023,Youth,High
TX046729,2023-11-25,CUST5501,Female,62,Electronics,19,17.0,323.0,4,2023,Retired,Medium
TX046730,2023-11-25,CUST6944,Female,18,Books,2,258.0,516.0,4,2023,,High
TX046731,2023-11-25,CUST7038,Female,43,Sports,1,268.0,268.0,4,2023,Middle Aged,Medium
TX046732,2023-11-25,CUST7823,Male,20,Groceries,11,306.0,3366.0,4,2023,Teenager,High
TX046733,2023-11-25,CUST1793,Male,67,Beauty,19,162.0,3078.0,4,2023,Retired,High
TX046734,2023-11-25,CUST0640,Male,51,Books,2,94.0,188.0,4,2023,Middle Aged,Medium
TX046735,2023-11-25,CUST9098,Female,67,Electronics,16,477.0,7632.0,4,2023,Retired,High
TX046736,2023-11-25,CUST4160,Male,20,Sports,1,493.0,493.0,4,2023,Teenager,Medium
TX046737,2023-11-25,CUST2153,Male,38,Beauty,16,48.0,768.0,4,2023,Youth,High
TX046738,2023-11-25,CUST2314,Male,24,Groceries,2,106.0,212.0,4,2023,Teenager,Medium
TX046739,2023-11-25,CUST4245,Female,31,Clothing,3,433.0,1299.0,4,2023,Youth,High
TX046740,2023-11-25,CUST9976,Female,22,Books,12,401.0,4812.0,4,2023,Teenager,High
TX046741,2023-11-25,CUST1768,Female,67,Clothing,15,314.0,4710.0,4,2023,Retired,High
TX046742,2023-11-25,CUST9703,Male,31,Clothing,17,341.0,5797.0,4,2023,Youth,High
TX046743,2023-11-25,CUST8658,Female,65,Sports,7,86.0,602.0,4,2023,Retired,High
TX046744,2023-11-25,CUST8472,Female,66,Electronics,13,48.0,624.0,4,2023,Retired,High
TX046745,2023-11-25,CUST3962,Male,49,Sports,20,296.0,5920.0,4,2023,Middle Aged,High
TX046746,2023-11-25,CUST5885,Female,48,Books,19,209.0,3971.0,4,2023,Middle Aged,High
TX046747,2023-11-25,CUST7021,Female,57,Books,19,270.0,5130.0,4,2023,Middle Aged,High
TX046748,2023-11-25,CUST9833,Male,44,Books,14,472.0,6608.0,4,2023,Middle Aged,High
TX046749,2023-11-25,CUST5706,Male,33,Books,3,482.0,1446.0,4,2023,Youth,High
TX046750,2023-11-25,CUST4932,Female,31,Sports,18,458.0,8244.0,4,2023,Youth,High
TX046751,2023-11-25,CUST7382,Male,26,Books,15,159.0,2385.0,4,2023,Youth,High
TX046752,2023-11-25,CUST4399,Male,24,Groceries,2,454.0,908.0,4,2023,Teenager,High
TX046753,2023-11-25,CUST6706,Female,34,Clothing,7,460.0,3220.0,4,2023,Youth,High
TX046754,2023-11-25,CUST8966,Male,38,Sports,9,325.0,2925.0,4,2023,Youth,High
TX046755,2023-11-25,CUST5579,Male,38,Books,1,137.0,137.0,4,2023,Youth,Medium
TX046756,2023-11-25,CUST9825,Male,52,Beauty,14,220.0,3080.0,4,2023,Middle Aged,High
TX046757,2023-11-25,CUST1096,Male,38,Beauty,19,74.0,1406.0,4,2023,Youth,High
TX046758,2023-11-25,CUST9588,Female,67,Electronics,19,358.0,6802.0,4,2023,Retired,High
TX046759,2023-11-25,CUST6102,Male,64,Books,11,334.0,3674.0,4,2023,Retired,High
TX046760,2023-11-25,CUST8030,Female,50,Clothing,11,50.0,550.0,4,2023,Middle Aged,High
TX046761,2023-11-25,CUST4454,Female,42,Electronics,13,48.0,624.0,4,2023,Middle Aged,High
TX046762,2023-11-25,CUST8650,Male,53,Electronics,18,325.0,5850.0,4,2023,Middle Aged,High
TX046763,2023-11-25,CUST8176,Male,21,Sports,18,10.0,180.0,4,2023,Teenager,Medium
TX046764,2023-11-25,CUST0051,Female,64,Electronics,8,83.0,664.0,4,2023,Retired,High
TX046765,2023-11-25,CUST0449,Male,22,Beauty,20,80.0,1600.0,4,2023,Teenager,High
TX046766,2023-11-25,CUST3554,Male,46,Sports,7,447.0,3129.0,4,2023,Middle Aged,High
TX046767,2023-11-25,CUST9541,Male,34,Sports,3,486.0,1458.0,4,2023,Youth,High
TX046768,2023-11-25,CUST4472,Male,42,Books,5,345.0,1725.0,4,2023,Middle Aged,High
TX046769,2023-11-25,CUST0345,Female,22,Clothing,9,205.0,1845.0,4,2023,Teenager,High
TX046770,2023-11-25,CUST7496,Female,57,Electronics,19,158.0,3002.0,4,2023,Middle Aged,High
TX046771,2023-11-25,CUST3946,Female,38,Electronics,1,163.0,163.0,4,2023,Youth,Medium
TX046772,2023-11-25,CUST4254,Male,64,Electronics,13,108.0,1404.0,4,2023,Retired,High
TX046773,2023-11-25,CUST7797,Female,38,Beauty,17,138.0,2346.0,4,2023,Youth,High
TX046774,2023-11-25,CUST3702,Female,56,Books,13,154.0,2002.0,4,2023,Middle Aged,High
TX046775,2023-11-25,CUST5892,Male,59,Beauty,8,65.0,520.0,4,2023,Middle Aged,High
TX046776,2023-11-25,CUST0279,Male,47,Sports,3,66.0,198.0,4,2023,Middle Aged,Medium
TX046777,2023-11-25,CUST6570,Male,21,Books,11,143.0,1573.0,4,2023,Teenager,High
TX046778,2023-11-25,CUST4664,Female,70,Clothing,10,274.0,2740.0,4,2023,Retired,High
TX046779,2023-11-25,CUST2061,Male,55,Electronics,15,174.0,2610.0,4,2023,Middle Aged,High
TX046780,2023-11-25,CUST5001,Female,46,Groceries,17,170.0,2890.0,4,2023,Middle Aged,High
TX046781,2023-11-25,CUST3750,Female,57,Books,1,139.0,139.0,4,2023,Middle Aged,Medium
TX046782,2023-11-25,CUST5195,Female,62,Clothing,16,400.0,6400.0,4,2023,Retired,High
TX046783,2023-11-25,CUST9252,Female,51,Clothing,10,364.0,3640.0,4,2023,Middle Aged,High
TX046784,2023-11-25,CUST0527,Male,29,Beauty,18,417.0,7506.0,4,2023,Youth,High
TX046785,2023-11-25,CUST4017,Female,53,Sports,6,12.0,72.0,4,2023,Middle Aged,Low
TX046786,2023-11-25,CUST4070,Female,66,Groceries,14,249.0,3486.0,4,2023,Retired,High
TX046787,2023-11-25,CUST5803,Male,49,Books,8,97.0,776.0,4,2023,Middle Aged,High
TX046788,2023-11-25,CUST7255,Male,22,Electronics,7,55.0,385.0,4,2023,Teenager,Medium
TX046789,2023-11-25,CUST0699,Female,55,Clothing,6,168.0,1008.0,4,2023,Middle Aged,High
TX046790,2023-11-25,CUST9923,Male,59,Groceries,8,257.0,2056.0,4,2023,Middle Aged,High
TX046791,2023-11-25,CUST0941,Female,34,Beauty,13,48.0,624.0,4,2023,Youth,High
TX046792,2023-11-25,CUST6015,Female,54,Books,18,284.0,5112.0,4,2023,Middle Aged,High
TX046793,2023-11-25,CUST1823,Male,29,Groceries,17,475.0,8075.0,4,2023,Youth,High
TX046794,2023-11-25,CUST2390,Male,58,Groceries,8,221.0,1768.0,4,2023,Middle Aged,High
TX046795,2023-11-25,CUST6252,Female,69,Beauty,9,159.0,1431.0,4,2023,Retired,High
TX046796,2023-11-25,CUST3424,Male,58,Electronics,18,331.0,5958.0,4,2023,Middle Aged,High
TX046797,2023-11-25,CUST0174,Male,54,Beauty,4,276.0,1104.0,4,2023,Middle Aged,High
TX046798,2023-11-25,CUST7996,Female,58,Groceries,12,77.0,924.0,4,2023,Middle Aged,High
TX046799,2023-11-25,CUST8982,Male,28,Groceries,9,254.0,2286.0,4,2023,Youth,High
TX046800,2023-11-25,CUST6784,Male,65,Groceries,5,74.0,370.0,4,2023,Retired,Medium
TX046801,2023-11-25,CUST1685,Female,21,Beauty,7,398.0,2786.0,4,2023,Teenager,High
TX046802,2023-11-25,CUST1546,Female,20,Beauty,16,79.0,1264.0,4,2023,Teenager,High
TX046803,2023-11-25,CUST8112,Male,49,Books,7,235.0,1645.0,4,2023,Middle Aged,High
TX046804,2023-11-25,CUST8409,Female,63,Sports,14,414.0,5796.0,4,2023,Retired,High
TX046805,2023-11-25,CUST1729,Male,49,Beauty,19,223.0,4237.0,4,2023,Middle Aged,High
TX046806,2023-11-25,CUST7666,Male,50,Beauty,3,378.0,1134.0,4,2023,Middle Aged,High
TX046807,2023-11-25,CUST5741,Male,43,Electronics,3,242.0,726.0,4,2023,Middle Aged,High
TX046808,2023-11-25,CUST4410,Male,42,Books,20,199.0,3980.0,4,2023,Middle Aged,High
TX046809,2023-11-25,CUST1356,Female,64,Sports,11,463.0,5093.0,4,2023,Retired,High
TX046810,2023-11-25,CUST4399,Male,38,Clothing,6,356.0,2136.0,4,2023,Youth,High
TX046811,2023-11-25,CUST1625,Female,31,Sports,6,261.0,1566.0,4,2023,Youth,High
TX046812,2023-11-25,CUST6147,Female,64,Electronics,4,342.0,1368.0,4,2023,Retired,High
TX046813,2023-11-25,CUST9249,Male,18,Sports,1,362.0,362.0,4,2023,,Medium
TX046814,2023-11-25,CUST0290,Male,26,Books,1,113.0,113.0,4,2023,Youth,Medium
TX046815,2023-11-25,CUST5775,Male,24,Groceries,19,317.0,6023.0,4,2023,Teenager,High
TX046816,2023-11-25,CUST6762,Female,51,Sports,9,193.0,1737.0,4,2023,Middle Aged,High
TX046817,2023-11-25,CUST1273,Female,68,Sports,3,351.0,1053.0,4,2023,Retired,High
TX046818,2023-11-25,CUST4138,Female,63,Electronics,15,311.0,4665.0,4,2023,Retired,High
TX046819,2023-11-25,CUST0086,Male,30,Books,14,65.0,910.0,4,2023,Youth,High
TX046820,2023-11-25,CUST5668,Male,24,Beauty,15,327.0,4905.0,4,2023,Teenager,High
TX046821,2023-11-25,CUST3798,Female,23,Beauty,6,106.0,636.0,4,2023,Teenager,High
TX046822,2023-11-25,CUST6077,Male,29,Electronics,7,34.0,238.0,4,2023,Youth,Medium
TX046823,2023-11-25,CUST6316,Male,65,Sports,9,157.0,1413.0,4,2023,Retired,High
TX046824,2023-11-25,CUST4507,Female,51,Clothing,2,384.0,768.0,4,2023,Middle Aged,High
TX046825,2023-11-25,CUST9000,Male,57,Sports,10,439.0,4390.0,4,2023,Middle Aged,High
TX046826,2023-11-25,CUST9996,Male,37,Electronics,5,394.0,1970.0,4,2023,Youth,High
TX046827,2023-11-25,CUST1569,Male,45,Books,3,232.0,696.0,4,2023,Middle Aged,High
TX046828,2023-11-25,CUST8387,Male,44,Sports,10,393.0,3930.0,4,2023,Middle Aged,High
TX046829,2023-11-25,CUST4994,Female,62,Books,19,73.0,1387.0,4,2023,Retired,High
TX046830,2023-11-25,CUST5832,Male,44,Electronics,20,486.0,9720.0,4,2023,Middle Aged,High
TX046831,2023-11-25,CUST7308,Female,62,Sports,18,65.0,1170.0,4,2023,Retired,High
TX046832,2023-11-25,CUST7001,Female,65,Groceries,14,439.0,6146.0,4,2023,Retired,High
TX046833,2023-11-25,CUST3780,Male,45,Clothing,10,88.0,880.0,4,2023,Middle Aged,High
TX046834,2023-11-25,CUST9835,Female,36,Groceries,3,281.0,843.0,4,2023,Youth,High
TX046835,2023-11-25,CUST8962,Female,63,Clothing,18,160.0,2880.0,4,2023,Retired,High
TX046836,2023-11-25,CUST2466,Female,27,Electronics,4,433.0,1732.0,4,2023,Youth,High
TX046837,2023-11-25,CUST7541,Male,70,Groceries,10,26.0,260.0,4,2023,Retired,Medium
TX046838,2023-11-25,CUST9705,Male,65,Sports,11,18.0,198.0,4,2023,Retired,Medium
TX046839,2023-11-25,CUST7785,Female,66,Groceries,20,466.0,9320.0,4,2023,Retired,High
TX046840,2023-11-25,CUST3528,Female,52,Electronics,12,324.0,3888.0,4,2023,Middle Aged,High
TX046841,2023-11-25,CUST8377,Female,65,Books,19,154.0,2926.0,4,2023,Retired,High
TX046842,2023-11-25,CUST1639,Female,37,Electronics,15,223.0,3345.0,4,2023,Youth,High
TX046843,2023-11-25,CUST6199,Female,26,Beauty,5,219.0,1095.0,4,2023,Youth,High
TX046844,2023-11-25,CUST5684,Female,53,Books,16,291.0,4656.0,4,2023,Middle Aged,High
TX046845,2023-11-25,CUST8807,Male,40,Groceries,18,81.0,1458.0,4,2023,Youth,High
TX046846,2023-11-25,CUST8514,Male,51,Electronics,2,65.0,130.0,4,2023,Middle Aged,Medium
TX046847,2023-11-25,CUST6014,Female,62,Clothing,1,57.0,57.0,4,2023,Retired,Low
TX046848,2023-11-25,CUST1666,Male,31,Groceries,20,212.0,4240.0,4,2023,Youth,High
TX046849,2023-11-25,CUST3911,Male,43,Books,16,255.0,4080.0,4,2023,Middle Aged,High
TX046850,2023-11-25,CUST1556,Female,20,Groceries,8,148.0,1184.0,4,2023,Teenager,High
TX046851,2023-11-25,CUST0805,Female,33,Books,5,229.0,1145.0,4,2023,Youth,High
TX046852,2023-11-25,CUST9212,Female,53,Beauty,13,223.0,2899.0,4,2023,Middle Aged,High
TX046853,2023-11-25,CUST7637,Female,52,Electronics,2,280.0,560.0,4,2023,Middle Aged,High
TX046854,2023-11-25,CUST6254,Female,56,Sports,11,171.0,1881.0,4,2023,Middle Aged,High
TX046855,2023-11-25,CUST0109,Male,56,Electronics,16,286.0,4576.0,4,2023,Middle Aged,High
TX046856,2023-11-25,CUST3627,Female,31,Groceries,1,264.0,264.0,4,2023,Youth,Medium
TX046857,2023-11-25,CUST6225,Female,50,Groceries,20,114.0,2280.0,4,2023,Middle Aged,High
TX046858,2023-11-25,CUST0217,Female,35,Groceries,12,41.0,492.0,4,2023,Youth,Medium
TX046859,2023-11-25,CUST8860,Female,50,Clothing,17,425.0,7225.0,4,2023,Middle Aged,High
TX046860,2023-11-25,CUST2279,Female,65,Books,12,301.0,3612.0,4,2023,Retired,High
TX046861,2023-11-25,CUST6033,Female,57,Beauty,4,246.0,984.0,4,2023,Middle Aged,High
TX046862,2023-11-25,CUST3012,Male,45,Beauty,15,167.0,2505.0,4,2023,Middle Aged,High
TX046863,2023-11-25,CUST3119,Female,51,Groceries,4,83.0,332.0,4,2023,Middle Aged,Medium
TX046864,2023-11-25,CUST9320,Male,67,Books,3,372.0,1116.0,4,2023,Retired,High
TX046865,2023-11-25,CUST3853,Female,58,Groceries,11,88.0,968.0,4,2023,Middle Aged,High
TX046866,2023-11-25,CUST4204,Female,23,Electronics,9,229.0,2061.0,4,2023,Teenager,High
TX046867,2023-11-25,CUST0720,Female,53,Electronics,12,37.0,444.0,4,2023,Middle Aged,Medium
TX046868,2023-11-25,CUST4648,Female,20,Books,18,481.0,8658.0,4,2023,Teenager,High
TX046869,2023-11-25,CUST3020,Female,28,Sports,13,286.0,3718.0,4,2023,Youth,High
TX046870,2023-11-25,CUST2650,Female,38,Groceries,12,408.0,4896.0,4,2023,Youth,High
TX046871,2023-11-25,CUST7726,Female,48,Beauty,14,387.0,5418.0,4,2023,Middle Aged,High
TX046872,2023-11-25,CUST6933,Male,70,Electronics,15,321.0,4815.0,4,2023,Retired,High
TX046873,2023-11-25,CUST6309,Male,26,Groceries,3,274.0,822.0,4,2023,Youth,High
TX046874,2023-11-25,CUST5462,Male,46,Beauty,16,120.0,1920.0,4,2023,Middle Aged,High
TX046875,2023-11-25,CUST4206,Female,40,Clothing,11,433.0,4763.0,4,2023,Youth,High
TX046876,2023-11-25,CUST8542,Male,20,Books,1,65.0,65.0,4,2023,Teenager,Low
TX046877,2023-11-25,CUST3245,Female,44,Clothing,19,414.0,7866.0,4,2023,Middle Aged,High
TX046878,2023-11-25,CUST7766,Male,60,Sports,6,424.0,2544.0,4,2023,Middle Aged,High
TX046879,2023-11-25,CUST6149,Female,18,Beauty,17,81.0,1377.0,4,2023,,High
TX046880,2023-11-25,CUST5599,Female,48,Electronics,13,311.0,4043.0,4,2023,Middle Aged,High
TX046881,2023-11-25,CUST7277,Male,51,Books,2,426.0,852.0,4,2023,Middle Aged,High
TX046882,2023-11-25,CUST3842,Female,52,Sports,12,425.0,5100.0,4,2023,Middle Aged,High
TX046883,2023-11-25,CUST0488,Female,33,Beauty,17,449.0,7633.0,4,2023,Youth,High
TX046884,2023-11-25,CUST0010,Male,48,Beauty,7,34.0,238.0,4,2023,Middle Aged,Medium
TX046885,2023-11-25,CUST2502,Female,26,Beauty,13,430.0,5590.0,4,2023,Youth,High
TX046886,2023-11-25,CUST9671,Female,28,Groceries,13,497.0,6461.0,4,2023,Youth,High
TX046887,2023-11-25,CUST7940,Female,41,Books,7,445.0,3115.0,4,2023,Middle Aged,High
TX046888,2023-11-25,CUST2589,Female,20,Sports,5,18.0,90.0,4,2023,Teenager,Low
TX046889,2023-11-25,CUST4776,Female,20,Electronics,7,367.0,2569.0,4,2023,Teenager,High
TX046890,2023-11-25,CUST8326,Female,34,Books,4,124.0,496.0,4,2023,Youth,Medium
TX046891,2023-11-25,CUST5020,Female,42,Books,14,65.0,910.0,4,2023,Middle Aged,High
TX046892,2023-11-25,CUST7099,Female,23,Clothing,17,370.0,6290.0,4,2023,Teenager,High
TX046893,2023-11-25,CUST5991,Female,58,Electronics,1,75.0,75.0,4,2023,Middle Aged,Low
TX046894,2023-11-25,CUST3512,Female,36,Electronics,8,76.0,608.0,4,2023,Youth,High
TX046895,2023-11-25,CUST8604,Male,60,Groceries,6,484.0,2904.0,4,2023,Middle Aged,High
TX046896,2023-11-25,CUST2463,Female,36,Groceries,6,310.0,1860.0,4,2023,Youth,High
TX046897,2023-11-25,CUST4558,Female,62,Beauty,11,78.0,858.0,4,2023,Retired,High
TX046898,2023-11-25,CUST8651,Female,62,Electronics,1,125.0,125.0,4,2023,Retired,Medium
TX046899,2023-11-25,CUST8867,Female,32,Beauty,13,212.0,2756.0,4,2023,Youth,High
TX046900,2023-11-25,CUST7141,Female,65,Sports,19,145.0,2755.0,4,2023,Retired,High
TX046901,2023-11-25,CUST3101,Female,41,Books,18,372.0,6696.0,4,2023,Middle Aged,High
TX046902,2023-11-25,CUST6941,Female,58,Books,4,307.0,1228.0,4,2023,Middle Aged,High
TX046903,2023-11-25,CUST1501,Female,50,Groceries,3,278.0,834.0,4,2023,Middle Aged,High
TX046904,2023-11-25,CUST5738,Female,53,Clothing,14,37.0,518.0,4,2023,Middle Aged,High
TX046905,2023-11-25,CUST2440,Female,32,Beauty,11,260.0,2860.0,4,2023,Youth,High
TX046906,2023-11-25,CUST4166,Male,43,Sports,14,46.0,644.0,4,2023,Middle Aged,High
TX046907,2023-11-25,CUST1865,Male,19,Groceries,5,162.0,810.0,4,2023,Teenager,High
TX046908,2023-11-25,CUST5296,Female,48,Sports,18,459.0,8262.0,4,2023,Middle Aged,High
TX046909,2023-11-25,CUST5161,Female,57,Sports,14,456.0,6384.0,4,2023,Middle Aged,High
TX046910,2023-11-25,CUST2964,Male,50,Sports,9,106.0,954.0,4,2023,Middle Aged,High
TX046911,2023-11-25,CUST5108,Male,42,Groceries,20,135.0,2700.0,4,2023,Middle Aged,High
TX046912,2023-11-25,CUST9808,Female,47,Beauty,6,480.0,2880.0,4,2023,Middle Aged,High
TX046913,2023-11-25,CUST9776,Female,60,Groceries,15,148.0,2220.0,4,2023,Middle Aged,High
TX046914,2023-11-25,CUST8622,Female,19,Sports,4,404.0,1616.0,4,2023,Teenager,High
TX046915,2023-11-25,CUST6861,Female,58,Groceries,20,27.0,540.0,4,2023,Middle Aged,High
TX046916,2023-11-25,CUST1361,Female,56,Clothing,5,287.0,1435.0,4,2023,Middle Aged,High
TX046917,2023-11-25,CUST0854,Male,25,Clothing,5,142.0,710.0,4,2023,Teenager,High
TX046918,2023-11-25,CUST4229,Male,57,Groceries,15,50.0,750.0,4,2023,Middle Aged,High
TX046919,2023-11-25,CUST7063,Female,52,Clothing,16,97.0,1552.0,4,2023,Middle Aged,High
TX046920,2023-11-25,CUST8492,Female,32,Clothing,18,185.0,3330.0,4,2023,Youth,High
TX046921,2023-11-25,CUST5781,Male,29,Electronics,10,283.0,2830.0,4,2023,Youth,High
TX046922,2023-11-25,CUST7724,Female,18,Beauty,7,462.0,3234.0,4,2023,,High
TX046923,2023-11-25,CUST7634,Female,24,Electronics,19,19.0,361.0,4,2023,Teenager,Medium
TX046924,2023-11-25,CUST3851,Female,52,Beauty,5,418.0,2090.0,4,2023,Middle Aged,High
TX046925,2023-11-25,CUST5087,Male,64,Electronics,11,224.0,2464.0,4,2023,Retired,High
TX046926,2023-11-25,CUST1102,Male,65,Beauty,3,467.0,1401.0,4,2023,Retired,High
TX046927,2023-11-25,CUST6606,Female,67,Clothing,6,271.0,1626.0,4,2023,Retired,High
TX046928,2023-11-25,CUST8837,Female,53,Electronics,4,367.0,1468.0,4,2023,Middle Aged,High
TX046929,2023-11-25,CUST2534,Female,31,Groceries,4,266.0,1064.0,4,2023,Youth,High
TX046930,2023-11-25,CUST1337,Male,33,Books,5,431.0,2155.0,4,2023,Youth,High
TX046931,2023-11-25,CUST5475,Female,32,Electronics,4,92.0,368.0,4,2023,Youth,Medium
TX046932,2023-11-25,CUST4915,Male,18,Beauty,6,266.0,1596.0,4,2023,,High
TX046933,2023-11-25,CUST8752,Male,38,Beauty,7,51.0,357.0,4,2023,Youth,Medium
TX046934,2023-11-25,CUST6966,Male,31,Electronics,10,92.0,920.0,4,2023,Youth,High
TX046935,2023-11-25,CUST0165,Female,47,Books,3,470.0,1410.0,4,2023,Middle Aged,High
TX046936,2023-11-25,CUST8873,Female,39,Electronics,2,69.0,138.0,4,2023,Youth,Medium
TX046937,2023-11-25,CUST3154,Male,32,Electronics,12,305.0,3660.0,4,2023,Youth,High
TX046938,2023-11-25,CUST3009,Male,40,Sports,15,257.0,3855.0,4,2023,Youth,High
TX046939,2023-11-25,CUST7303,Male,24,Beauty,3,445.0,1335.0,4,2023,Teenager,High
TX046940,2023-11-25,CUST8532,Male,21,Clothing,6,40.0,240.0,4,2023,Teenager,Medium
TX046941,2023-11-25,CUST3797,Female,27,Sports,10,172.0,1720.0,4,2023,Youth,High
TX046942,2023-11-25,CUST4952,Male,62,Books,9,342.0,3078.0,4,2023,Retired,High
TX046943,2023-11-25,CUST9016,Female,62,Groceries,1,18.0,18.0,4,2023,Retired,Low
TX046944,2023-11-25,CUST4088,Male,37,Sports,19,338.0,6422.0,4,2023,Youth,High
TX046945,2023-11-25,CUST9747,Male,25,Books,11,228.0,2508.0,4,2023,Teenager,High
TX046946,2023-11-25,CUST5725,Male,22,Books,3,333.0,999.0,4,2023,Teenager,High
TX046947,2023-11-25,CUST9131,Female,32,Clothing,1,159.0,159.0,4,2023,Youth,Medium
TX046948,2023-11-25,CUST5227,Female,50,Clothing,4,74.0,296.0,4,2023,Middle Aged,Medium
TX046949,2023-11-25,CUST9438,Female,55,Books,12,410.0,4920.0,4,2023,Middle Aged,High
TX046950,2023-11-25,CUST3949,Male,42,Beauty,17,154.0,2618.0,4,2023,Middle Aged,High
TX046951,2023-11-25,CUST6845,Female,59,Beauty,13,373.0,4849.0,4,2023,Middle Aged,High
TX046952,2023-11-25,CUST5343,Male,57,Books,6,443.0,2658.0,4,2023,Middle Aged,High
TX046953,2023-11-25,CUST8232,Male,52,Books,14,93.0,1302.0,4,2023,Middle Aged,High
TX046954,2023-11-25,CUST8704,Male,49,Electronics,18,490.0,8820.0,4,2023,Middle Aged,High
TX046955,2023-11-25,CUST9875,Female,55,Clothing,18,140.0,2520.0,4,2023,Middle Aged,High
TX046956,2023-11-25,CUST1790,Male,66,Sports,3,118.0,354.0,4,2023,Retired,Medium
TX046957,2023-11-25,CUST9709,Female,44,Groceries,6,269.0,1614.0,4,2023,Middle Aged,High
TX046958,2023-11-25,CUST0039,Male,50,Beauty,14,441.0,6174.0,4,2023,Middle Aged,High
TX046959,2023-11-25,CUST5398,Female,69,Sports,7,60.0,420.0,4,2023,Retired,Medium
TX046960,2023-11-25,CUST2151,Male,47,Beauty,6,352.0,2112.0,4,2023,Middle Aged,High
TX046961,2023-11-25,CUST8676,Male,42,Beauty,17,33.0,561.0,4,2023,Middle Aged,High
TX046962,2023-11-25,CUST5981,Female,50,Clothing,20,111.0,2220.0,4,2023,Middle Aged,High
TX046963,2023-11-25,CUST5401,Male,32,Electronics,15,127.0,1905.0,4,2023,Youth,High
TX046964,2023-11-25,CUST4196,Male,41,Clothing,3,149.0,447.0,4,2023,Middle Aged,Medium
TX046965,2023-11-25,CUST3059,Female,45,Books,13,213.0,2769.0,4,2023,Middle Aged,High
TX046966,2023-11-25,CUST0778,Female,27,Books,5,237.0,1185.0,4,2023,Youth,High
TX046967,2023-11-25,CUST6896,Female,27,Books,2,373.0,746.0,4,2023,Youth,High
TX046968,2023-11-25,CUST0097,Female,35,Books,9,297.0,2673.0,4,2023,Youth,High
TX046969,2023-11-25,CUST4599,Male,60,Beauty,12,164.0,1968.0,4,2023,Middle Aged,High
TX046970,2023-11-25,CUST2716,Female,47,Clothing,14,68.0,952.0,4,2023,Middle Aged,High
TX046971,2023-11-25,CUST7141,Female,54,Groceries,17,335.0,5695.0,4,2023,Middle Aged,High
TX046972,2023-11-25,CUST1087,Female,25,Clothing,16,234.0,3744.0,4,2023,Teenager,High
TX046973,2023-11-25,CUST1285,Female,25,Sports,6,291.0,1746.0,4,2023,Teenager,High
TX046974,2023-11-25,CUST3643,Male,44,Electronics,10,10.0,100.0,4,2023,Middle Aged,Low
TX046975,2023-11-25,CUST5643,Male,69,Clothing,6,462.0,2772.0,4,2023,Retired,High
TX046976,2023-11-25,CUST9485,Male,60,Clothing,8,150.0,1200.0,4,2023,Middle Aged,High
TX046977,2023-11-25,CUST6411,Female,48,Books,16,189.0,3024.0,4,2023,Middle Aged,High
TX046978,2023-11-25,CUST3742,Female,25,Electronics,20,261.0,5220.0,4,2023,Teenager,High
TX046979,2023-11-25,CUST9462,Female,43,Clothing,17,16.0,272.0,4,2023,Middle Aged,Medium
TX046980,2023-11-25,CUST7890,Male,57,Electronics,13,452.0,5876.0,4,2023,Middle Aged,High
TX046981,2023-11-25,CUST8396,Female,65,Groceries,8,428.0,3424.0,4,2023,Retired,High
TX046982,2023-11-25,CUST0320,Male,55,Books,10,60.0,600.0,4,2023,Middle Aged,High
TX046983,2023-11-25,CUST4613,Male,28,Books,12,48.0,576.0,4,2023,Youth,High
TX046984,2023-11-25,CUST0172,Male,19,Groceries,5,425.0,2125.0,4,2023,Teenager,High
TX046985,2023-11-25,CUST9594,Male,33,Groceries,6,231.0,1386.0,4,2023,Youth,High
TX046986,2023-11-25,CUST7311,Male,29,Books,6,303.0,1818.0,4,2023,Youth,High
TX046987,2023-11-25,CUST6116,Male,33,Sports,11,465.0,5115.0,4,2023,Youth,High
TX046988,2023-11-25,CUST7663,Female,34,Sports,20,230.0,4600.0,4,2023,Youth,High
TX046989,2023-11-25,CUST9107,Female,20,Sports,18,201.0,3618.0,4,2023,Teenager,High
TX046990,2023-11-25,CUST8700,Female,66,Clothing,7,466.0,3262.0,4,2023,Retired,High
TX046991,2023-11-25,CUST5376,Female,44,Groceries,3,480.0,1440.0,4,2023,Middle Aged,High
TX046992,2023-11-25,CUST0417,Female,51,Electronics,3,311.0,933.0,4,2023,Middle Aged,High
TX046993,2023-11-25,CUST2943,Male,39,Beauty,10,324.0,3240.0,4,2023,Youth,High
TX046994,2023-11-25,CUST2156,Female,23,Sports,10,54.0,540.0,4,2023,Teenager,High
TX046995,2023-11-25,CUST7478,Male,52,Sports,8,55.0,440.0,4,2023,Middle Aged,Medium
TX046996,2023-11-25,CUST0624,Female,62,Groceries,17,398.0,6766.0,4,2023,Retired,High
TX046997,2023-11-25,CUST2927,Male,20,Electronics,10,298.0,2980.0,4,2023,Teenager,High
TX046998,2023-11-25,CUST2777,Female,21,Beauty,19,36.0,684.0,4,2023,Teenager,High
TX046999,2023-11-25,CUST1530,Male,33,Electronics,4,52.0,208.0,4,2023,Youth,Medium
TX047000,2023-11-25,CUST4556,Male,48,Groceries,10,448.0,4480.0,4,2023,Middle Aged,High
TX047001,2023-11-25,CUST5952,Male,18,Sports,3,313.0,939.0,4,2023,,High
TX047002,2023-11-25,CUST5159,Female,65,Sports,3,361.0,1083.0,4,2023,Retired,High
TX047003,2023-11-25,CUST5479,Female,40,Books,3,254.0,762.0,4,2023,Youth,High
TX047004,2023-11-25,CUST8525,Female,56,Sports,2,444.0,888.0,4,2023,Middle Aged,High
TX047005,2023-11-25,CUST9185,Female,24,Sports,2,332.0,664.0,4,2023,Teenager,High
TX047006,2023-11-25,CUST1738,Female,23,Sports,15,462.0,6930.0,4,2023,Teenager,High
TX047007,2023-11-25,CUST1649,Male,35,Beauty,7,287.0,2009.0,4,2023,Youth,High
TX047008,2023-11-25,CUST8925,Female,39,Electronics,2,283.0,566.0,4,2023,Youth,High
TX047009,2023-11-25,CUST0645,Female,25,Electronics,15,239.0,3585.0,4,2023,Teenager,High
TX047010,2023-11-25,CUST0827,Male,32,Sports,9,221.0,1989.0,4,2023,Youth,High
TX047011,2023-11-25,CUST2110,Male,26,Beauty,9,58.0,522.0,4,2023,Youth,High
TX047012,2023-11-25,CUST4324,Male,37,Books,17,449.0,7633.0,4,2023,Youth,High
TX047013,2023-11-25,CUST6851,Female,43,Electronics,6,149.0,894.0,4,2023,Middle Aged,High
TX047014,2023-11-25,CUST7572,Female,58,Clothing,12,331.0,3972.0,4,2023,Middle Aged,High
TX047015,2023-11-25,CUST6170,Female,32,Groceries,16,22.0,352.0,4,2023,Youth,Medium
TX047016,2023-11-25,CUST7455,Male,26,Groceries,2,153.0,306.0,4,2023,Youth,Medium
TX047017,2023-11-25,CUST6747,Male,51,Electronics,17,479.0,8143.0,4,2023,Middle Aged,High
TX047018,2023-11-25,CUST8704,Male,31,Electronics,9,188.0,1692.0,4,2023,Youth,High
TX047019,2023-11-25,CUST9484,Female,48,Books,4,439.0,1756.0,4,2023,Middle Aged,High
TX047020,2023-11-25,CUST0927,Male,61,Books,9,105.0,945.0,4,2023,Retired,High
TX047021,2023-11-25,CUST1716,Male,69,Electronics,10,139.0,1390.0,4,2023,Retired,High
TX047022,2023-11-25,CUST4653,Female,54,Clothing,2,441.0,882.0,4,2023,Middle Aged,High
TX047023,2023-11-25,CUST2017,Male,42,Electronics,13,321.0,4173.0,4,2023,Middle Aged,High
TX047024,2023-11-25,CUST9158,Female,63,Books,2,181.0,362.0,4,2023,Retired,Medium
TX047025,2023-11-25,CUST4680,Female,35,Sports,10,78.0,780.0,4,2023,Youth,High
TX047026,2023-11-25,CUST0130,Female,65,Sports,7,153.0,1071.0,4,2023,Retired,High
TX047027,2023-11-25,CUST3207,Male,30,Beauty,8,217.0,1736.0,4,2023,Youth,High
TX047028,2023-11-25,CUST2436,Female,69,Beauty,3,299.0,897.0,4,2023,Retired,High
TX047029,2023-11-25,CUST5567,Male,66,Books,15,317.0,4755.0,4,2023,Retired,High
TX047030,2023-11-25,CUST7805,Male,29,Electronics,6,457.0,2742.0,4,2023,Youth,High
TX047031,2023-11-25,CUST1295,Male,37,Electronics,10,68.0,680.0,4,2023,Youth,High
TX047032,2023-11-25,CUST8150,Male,20,Groceries,3,129.0,387.0,4,2023,Teenager,Medium
TX047033,2023-11-25,CUST1243,Male,35,Groceries,5,197.0,985.0,4,2023,Youth,High
TX047034,2023-11-25,CUST5959,Female,34,Groceries,11,76.0,836.0,4,2023,Youth,High
TX047035,2023-11-25,CUST2209,Female,60,Electronics,9,255.0,2295.0,4,2023,Middle Aged,High
TX047036,2023-11-25,CUST4806,Male,28,Sports,7,329.0,2303.0,4,2023,Youth,High
TX047037,2023-11-25,CUST1551,Male,65,Clothing,10,446.0,4460.0,4,2023,Retired,High
TX047038,2023-11-25,CUST5629,Male,66,Sports,7,317.0,2219.0,4,2023,Retired,High
TX047039,2023-11-25,CUST0747,Female,65,Clothing,18,486.0,8748.0,4,2023,Retired,High
TX047040,2023-11-25,CUST8326,Male,54,Beauty,7,197.0,1379.0,4,2023,Middle Aged,High
TX047041,2023-11-25,CUST4112,Male,18,Books,2,181.0,362.0,4,2023,,Medium
TX047042,2023-11-25,CUST7619,Male,68,Beauty,2,282.0,564.0,4,2023,Retired,High
TX047043,2023-11-25,CUST3666,Female,70,Groceries,14,333.0,4662.0,4,2023,Retired,High
TX047044,2023-11-25,CUST9414,Male,25,Groceries,3,307.0,921.0,4,2023,Teenager,High
TX047045,2023-11-25,CUST2043,Male,65,Beauty,8,271.0,2168.0,4,2023,Retired,High
TX047046,2023-11-25,CUST0849,Female,37,Groceries,7,304.0,2128.0,4,2023,Youth,High
TX047047,2023-11-25,CUST9068,Male,28,Clothing,20,20.0,400.0,4,2023,Youth,Medium
TX047048,2023-11-25,CUST3701,Female,28,Clothing,17,225.0,3825.0,4,2023,Youth,High
TX047049,2023-11-25,CUST5222,Female,32,Groceries,6,392.0,2352.0,4,2023,Youth,High
TX047050,2023-11-25,CUST7463,Male,35,Sports,5,328.0,1640.0,4,2023,Youth,High
TX047051,2023-11-25,CUST6583,Male,60,Sports,15,456.0,6840.0,4,2023,Middle Aged,High
TX047052,2023-11-25,CUST9938,Female,18,Groceries,16,494.0,7904.0,4,2023,,High
TX047053,2023-11-25,CUST5395,Female,62,Groceries,16,161.0,2576.0,4,2023,Retired,High
TX047054,2023-11-25,CUST3607,Female,19,Books,19,495.0,9405.0,4,2023,Teenager,High
TX047055,2023-11-25,CUST2500,Female,47,Clothing,7,270.0,1890.0,4,2023,Middle Aged,High
TX047056,2023-11-25,CUST9799,Male,63,Groceries,18,35.0,630.0,4,2023,Retired,High
TX047057,2023-11-25,CUST7202,Female,53,Books,5,26.0,130.0,4,2023,Middle Aged,Medium
TX047058,2023-11-25,CUST0741,Male,37,Electronics,13,86.0,1118.0,4,2023,Youth,High
TX047059,2023-11-25,CUST3989,Male,20,Books,9,403.0,3627.0,4,2023,Teenager,High
TX047060,2023-11-25,CUST6980,Male,68,Books,11,322.0,3542.0,4,2023,Retired,High
TX047061,2023-11-25,CUST9134,Female,68,Beauty,20,262.0,5240.0,4,2023,Retired,High
TX047062,2023-11-25,CUST5154,Female,18,Books,13,364.0,4732.0,4,2023,,High
TX047063,2023-11-25,CUST1751,Male,46,Sports,2,56.0,112.0,4,2023,Middle Aged,Medium
TX047064,2023-11-25,CUST8184,Female,38,Electronics,19,419.0,7961.0,4,2023,Youth,High
TX047065,2023-11-25,CUST2882,Male,32,Books,8,207.0,1656.0,4,2023,Youth,High
TX047066,2023-11-25,CUST2084,Male,23,Beauty,9,368.0,3312.0,4,2023,Teenager,High
TX047067,2023-11-25,CUST1163,Male,69,Books,14,97.0,1358.0,4,2023,Retired,High
TX047068,2023-11-25,CUST1363,Female,42,Books,20,285.0,5700.0,4,2023,Middle Aged,High
TX047069,2023-11-25,CUST6339,Male,55,Clothing,5,353.0,1765.0,4,2023,Middle Aged,High
TX047070,2023-11-25,CUST8761,Female,67,Sports,8,379.0,3032.0,4,2023,Retired,High
TX047071,2023-11-25,CUST0111,Female,62,Books,11,162.0,1782.0,4,2023,Retired,High
TX047072,2023-11-25,CUST6217,Male,56,Groceries,9,128.0,1152.0,4,2023,Middle Aged,High
TX047073,2023-11-25,CUST6479,Female,65,Books,17,54.0,918.0,4,2023,Retired,High
TX047074,2023-11-25,CUST6696,Male,47,Beauty,15,238.0,3570.0,4,2023,Middle Aged,High
TX047075,2023-11-25,CUST2970,Male,19,Sports,16,473.0,7568.0,4,2023,Teenager,High
TX047076,2023-11-25,CUST2291,Female,45,Sports,4,492.0,1968.0,4,2023,Middle Aged,High
TX047077,2023-11-25,CUST4557,Female,32,Clothing,2,213.0,426.0,4,2023,Youth,Medium
TX047078,2023-11-25,CUST0370,Male,52,Books,13,416.0,5408.0,4,2023,Middle Aged,High
TX047079,2023-11-25,CUST3304,Female,29,Clothing,15,68.0,1020.0,4,2023,Youth,High
TX047080,2023-11-25,CUST4944,Male,65,Beauty,16,165.0,2640.0,4,2023,Retired,High
TX047081,2023-11-25,CUST1514,Male,46,Electronics,18,278.0,5004.0,4,2023,Middle Aged,High
TX047082,2023-11-25,CUST2877,Male,27,Books,12,438.0,5256.0,4,2023,Youth,High
TX047083,2023-11-25,CUST5620,Female,45,Sports,3,240.0,720.0,4,2023,Middle Aged,High
TX047084,2023-11-25,CUST5316,Male,61,Books,16,366.0,5856.0,4,2023,Retired,High
TX047085,2023-11-25,CUST6133,Female,23,Beauty,14,126.0,1764.0,4,2023,Teenager,High
TX047086,2023-11-25,CUST3289,Male,54,Clothing,5,93.0,465.0,4,2023,Middle Aged,Medium
TX047087,2023-11-25,CUST5354,Female,44,Books,1,35.0,35.0,4,2023,Middle Aged,Low
TX047088,2023-11-25,CUST9156,Male,43,Sports,5,153.0,765.0,4,2023,Middle Aged,High
TX047089,2023-11-25,CUST9957,Female,31,Groceries,14,425.0,5950.0,4,2023,Youth,High
TX047090,2023-11-25,CUST3131,Female,58,Books,4,326.0,1304.0,4,2023,Middle Aged,High
TX047091,2023-11-25,CUST7392,Male,69,Groceries,7,483.0,3381.0,4,2023,Retired,High
TX047092,2023-11-25,CUST1796,Female,21,Sports,17,366.0,6222.0,4,2023,Teenager,High
TX047093,2023-11-25,CUST0227,Male,21,Clothing,6,176.0,1056.0,4,2023,Teenager,High
TX047094,2023-11-25,CUST2272,Female,34,Clothing,11,323.0,3553.0,4,2023,Youth,High
TX047095,2023-11-25,CUST0031,Male,70,Sports,10,448.0,4480.0,4,2023,Retired,High
TX047096,2023-11-25,CUST7564,Male,41,Groceries,18,96.0,1728.0,4,2023,Middle Aged,High
TX047097,2023-11-25,CUST5545,Female,47,Beauty,5,234.0,1170.0,4,2023,Middle Aged,High
TX047098,2023-11-25,CUST6382,Male,35,Beauty,10,55.0,550.0,4,2023,Youth,High
TX047099,2023-11-25,CUST3563,Female,35,Beauty,1,288.0,288.0,4,2023,Youth,Medium
TX047100,2023-11-25,CUST4278,Male,67,Sports,12,17.0,204.0,4,2023,Retired,Medium
TX047101,2023-11-25,CUST0261,Male,32,Beauty,15,231.0,3465.0,4,2023,Youth,High
TX047102,2023-11-25,CUST6726,Female,31,Electronics,16,289.0,4624.0,4,2023,Youth,High
TX047103,2023-11-25,CUST3398,Female,48,Books,9,226.0,2034.0,4,2023,Middle Aged,High
TX047104,2023-11-25,CUST0306,Male,23,Books,2,428.0,856.0,4,2023,Teenager,High
TX047105,2023-11-25,CUST2288,Female,26,Beauty,15,498.0,7470.0,4,2023,Youth,High
TX047106,2023-11-25,CUST4695,Female,20,Beauty,17,312.0,5304.0,4,2023,Teenager,High
TX047107,2023-11-25,CUST3475,Female,36,Electronics,12,147.0,1764.0,4,2023,Youth,High
TX047108,2023-11-25,CUST9003,Female,23,Electronics,17,238.0,4046.0,4,2023,Teenager,High
TX047109,2023-11-25,CUST7133,Male,32,Electronics,2,410.0,820.0,4,2023,Youth,High
TX047110,2023-11-25,CUST1126,Male,49,Electronics,8,310.0,2480.0,4,2023,Middle Aged,High
TX047111,2023-11-25,CUST0496,Female,26,Clothing,6,307.0,1842.0,4,2023,Youth,High
TX047112,2023-11-25,CUST9774,Male,41,Beauty,12,312.0,3744.0,4,2023,Middle Aged,High
TX047113,2023-11-25,CUST1362,Female,35,Clothing,4,169.0,676.0,4,2023,Youth,High
TX047114,2023-11-25,CUST3185,Female,30,Beauty,20,317.0,6340.0,4,2023,Youth,High
TX047115,2023-11-25,CUST0673,Male,52,Electronics,6,380.0,2280.0,4,2023,Middle Aged,High
TX047116,2023-11-25,CUST0845,Female,64,Electronics,3,429.0,1287.0,4,2023,Retired,High
TX047117,2023-11-25,CUST9049,Male,27,Sports,6,24.0,144.0,4,2023,Youth,Medium
TX047118,2023-11-25,CUST9772,Female,22,Beauty,3,248.0,744.0,4,2023,Teenager,High
TX047119,2023-11-25,CUST0472,Male,33,Beauty,16,152.0,2432.0,4,2023,Youth,High
TX047120,2023-11-25,CUST5814,Female,65,Books,2,419.0,838.0,4,2023,Retired,High
TX047121,2023-11-25,CUST7403,Male,41,Sports,15,289.0,4335.0,4,2023,Middle Aged,High
TX047122,2023-11-25,CUST6995,Female,54,Books,10,44.0,440.0,4,2023,Middle Aged,Medium
TX047123,2023-11-25,CUST2080,Female,46,Beauty,12,15.0,180.0,4,2023,Middle Aged,Medium
TX047124,2023-11-25,CUST4115,Male,37,Clothing,14,54.0,756.0,4,2023,Youth,High
TX047125,2023-11-25,CUST9644,Male,68,Electronics,13,16.0,208.0,4,2023,Retired,Medium
TX047126,2023-11-25,CUST9708,Male,68,Beauty,12,413.0,4956.0,4,2023,Retired,High
TX047127,2023-11-25,CUST4788,Male,25,Clothing,20,41.0,820.0,4,2023,Teenager,High
TX047128,2023-11-25,CUST0175,Female,27,Books,8,347.0,2776.0,4,2023,Youth,High
TX047129,2023-11-25,CUST5236,Male,52,Books,1,480.0,480.0,4,2023,Middle Aged,Medium
TX047130,2023-11-25,CUST9080,Male,59,Electronics,2,433.0,866.0,4,2023,Middle Aged,High
TX047131,2023-11-25,CUST3501,Male,55,Beauty,13,226.0,2938.0,4,2023,Middle Aged,High
TX047132,2023-11-25,CUST3901,Female,44,Clothing,19,94.0,1786.0,4,2023,Middle Aged,High
TX047133,2023-11-25,CUST5006,Female,18,Clothing,18,242.0,4356.0,4,2023,,High
TX047134,2023-11-25,CUST7940,Male,33,Electronics,11,370.0,4070.0,4,2023,Youth,High
TX047135,2023-11-25,CUST2726,Male,41,Electronics,8,281.0,2248.0,4,2023,Middle Aged,High
TX047136,2023-11-25,CUST8316,Male,37,Beauty,8,334.0,2672.0,4,2023,Youth,High
TX047137,2023-11-25,CUST6210,Male,41,Sports,6,331.0,1986.0,4,2023,Middle Aged,High
TX047138,2023-11-25,CUST3674,Male,62,Beauty,5,308.0,1540.0,4,2023,Retired,High
TX047139,2023-11-25,CUST8396,Female,57,Sports,1,303.0,303.0,4,2023,Middle Aged,Medium
TX047140,2023-11-25,CUST9062,Female,35,Beauty,5,264.0,1320.0,4,2023,Youth,High
TX047141,2023-11-25,CUST1178,Female,41,Sports,8,155.0,1240.0,4,2023,Middle Aged,High
TX047142,2023-11-25,CUST9265,Female,34,Beauty,13,270.0,3510.0,4,2023,Youth,High
TX047143,2023-11-25,CUST6126,Female,64,Electronics,12,396.0,4752.0,4,2023,Retired,High
TX047144,2023-11-25,CUST6310,Male,33,Beauty,14,309.0,4326.0,4,2023,Youth,High
TX047145,2023-11-25,CUST6858,Male,60,Electronics,20,123.0,2460.0,4,2023,Middle Aged,High
TX047146,2023-11-25,CUST0388,Female,35,Sports,10,311.0,3110.0,4,2023,Youth,High
TX047147,2023-11-25,CUST2374,Female,64,Beauty,5,90.0,450.0,4,2023,Retired,Medium
TX047148,2023-11-25,CUST5070,Female,38,Clothing,11,385.0,4235.0,4,2023,Youth,High
TX047149,2023-11-25,CUST5926,Male,27,Clothing,6,146.0,876.0,4,2023,Youth,High
TX047150,2023-11-25,CUST7694,Female,18,Clothing,1,349.0,349.0,4,2023,,Medium
TX047151,2023-11-25,CUST5602,Male,55,Sports,15,165.0,2475.0,4,2023,Middle Aged,High
TX047152,2023-11-25,CUST5733,Male,55,Sports,10,237.0,2370.0,4,2023,Middle Aged,High
TX047153,2023-11-25,CUST3800,Female,44,Clothing,14,352.0,4928.0,4,2023,Middle Aged,High
TX047154,2023-11-25,CUST5322,Male,23,Electronics,19,157.0,2983.0,4,2023,Teenager,High
TX047155,2023-11-25,CUST4812,Female,25,Books,1,442.0,442.0,4,2023,Teenager,Medium
TX047156,2023-11-25,CUST9748,Male,40,Electronics,19,276.0,5244.0,4,2023,Youth,High
TX047157,2023-11-25,CUST5123,Female,22,Sports,18,481.0,8658.0,4,2023,Teenager,High
TX047158,2023-11-25,CUST4206,Male,27,Electronics,3,101.0,303.0,4,2023,Youth,Medium
TX047159,2023-11-25,CUST1076,Male,42,Sports,11,340.0,3740.0,4,2023,Middle Aged,High
TX047160,2023-11-25,CUST9375,Female,46,Groceries,16,57.0,912.0,4,2023,Middle Aged,High
TX047161,2023-11-25,CUST4305,Male,27,Groceries,15,30.0,450.0,4,2023,Youth,Medium
TX047162,2023-11-25,CUST5711,Female,67,Beauty,14,276.0,3864.0,4,2023,Retired,High
TX047163,2023-11-25,CUST0931,Female,58,Electronics,6,360.0,2160.0,4,2023,Middle Aged,High
TX047164,2023-11-25,CUST2088,Male,36,Groceries,5,327.0,1635.0,4,2023,Youth,High
TX047165,2023-11-25,CUST8347,Female,30,Groceries,7,314.0,2198.0,4,2023,Youth,High
TX047166,2023-11-25,CUST7765,Male,26,Electronics,7,315.0,2205.0,4,2023,Youth,High
TX047167,2023-11-25,CUST8665,Female,43,Electronics,9,328.0,2952.0,4,2023,Middle Aged,High
TX047168,2023-11-25,CUST2277,Female,33,Sports,9,17.0,153.0,4,2023,Youth,Medium
TX047169,2023-11-25,CUST3212,Female,53,Electronics,7,210.0,1470.0,4,2023,Middle Aged,High
TX047170,2023-11-25,CUST4595,Male,29,Sports,14,263.0,3682.0,4,2023,Youth,High
TX047171,2023-11-25,CUST7006,Female,43,Beauty,19,147.0,2793.0,4,2023,Middle Aged,High
TX047172,2023-11-25,CUST7063,Female,55,Clothing,8,346.0,2768.0,4,2023,Middle Aged,High
TX047173,2023-11-25,CUST1470,Male,27,Sports,10,452.0,4520.0,4,2023,Youth,High
TX047174,2023-11-25,CUST9244,Male,46,Groceries,7,206.0,1442.0,4,2023,Middle Aged,High
TX047175,2023-11-25,CUST5803,Male,49,Sports,5,405.0,2025.0,4,2023,Middle Aged,High
TX047176,2023-11-25,CUST4022,Male,66,Electronics,12,117.0,1404.0,4,2023,Retired,High
TX047177,2023-11-25,CUST6263,Female,27,Electronics,12,312.0,3744.0,4,2023,Youth,High
TX047178,2023-11-25,CUST6239,Male,31,Clothing,4,208.0,832.0,4,2023,Youth,High
TX047179,2023-11-25,CUST1733,Female,50,Electronics,2,85.0,170.0,4,2023,Middle Aged,Medium
TX047180,2023-11-25,CUST6794,Female,24,Clothing,7,37.0,259.0,4,2023,Teenager,Medium
TX047181,2023-11-25,CUST5316,Female,37,Beauty,17,186.0,3162.0,4,2023,Youth,High
TX047182,2023-11-25,CUST5830,Female,68,Sports,15,446.0,6690.0,4,2023,Retired,High
TX047183,2023-11-25,CUST8761,Female,47,Beauty,12,46.0,552.0,4,2023,Middle Aged,High
TX047184,2023-11-25,CUST3256,Female,23,Groceries,15,159.0,2385.0,4,2023,Teenager,High
TX047185,2023-11-25,CUST8471,Female,46,Beauty,16,11.0,176.0,4,2023,Middle Aged,Medium
TX047186,2023-11-25,CUST1688,Male,34,Sports,1,372.0,372.0,4,2023,Youth,Medium
TX047187,2023-11-25,CUST5564,Female,37,Electronics,20,169.0,3380.0,4,2023,Youth,High
TX047188,2023-11-25,CUST8138,Male,58,Electronics,11,20.0,220.0,4,2023,Middle Aged,Medium
TX047189,2023-11-25,CUST8973,Male,27,Clothing,10,226.0,2260.0,4,2023,Youth,High
TX047190,2023-11-25,CUST3099,Female,42,Beauty,19,189.0,3591.0,4,2023,Middle Aged,High
TX047191,2023-11-25,CUST6676,Male,39,Books,5,455.0,2275.0,4,2023,Youth,High
TX047192,2023-11-25,CUST8414,Female,38,Books,9,52.0,468.0,4,2023,Youth,Medium
TX047193,2023-11-25,CUST9464,Male,28,Books,1,198.0,198.0,4,2023,Youth,Medium
TX047194,2023-11-25,CUST9003,Female,29,Sports,11,341.0,3751.0,4,2023,Youth,High
TX047195,2023-11-25,CUST7460,Male,51,Books,8,490.0,3920.0,4,2023,Middle Aged,High
TX047196,2023-11-25,CUST2915,Male,68,Sports,14,91.0,1274.0,4,2023,Retired,High
TX047197,2023-11-25,CUST5374,Male,32,Books,2,353.0,706.0,4,2023,Youth,High
TX047198,2023-11-25,CUST2069,Male,51,Groceries,12,167.0,2004.0,4,2023,Middle Aged,High
TX047199,2023-11-25,CUST8626,Male,51,Books,17,157.0,2669.0,4,2023,Middle Aged,High
TX047200,2023-11-25,CUST3259,Female,39,Beauty,20,380.0,7600.0,4,2023,Youth,High
TX047201,2023-11-25,CUST5529,Female,35,Books,16,188.0,3008.0,4,2023,Youth,High
TX047202,2023-11-25,CUST1273,Female,67,Clothing,9,111.0,999.0,4,2023,Retired,High
TX047203,2023-11-25,CUST7545,Male,44,Sports,14,271.0,3794.0,4,2023,Middle Aged,High
TX047204,2023-11-25,CUST0401,Male,45,Beauty,16,93.0,1488.0,4,2023,Middle Aged,High
TX047205,2023-11-25,CUST3433,Male,70,Sports,1,470.0,470.0,4,2023,Retired,Medium
TX047206,2023-11-25,CUST4730,Female,46,Clothing,7,33.0,231.0,4,2023,Middle Aged,Medium
TX047207,2023-11-25,CUST0221,Male,50,Beauty,18,356.0,6408.0,4,2023,Middle Aged,High
TX047208,2023-11-25,CUST0969,Male,33,Beauty,17,447.0,7599.0,4,2023,Youth,High
TX047209,2023-11-25,CUST2310,Male,47,Clothing,18,472.0,8496.0,4,2023,Middle Aged,High
TX047210,2023-11-25,CUST3842,Male,49,Books,16,486.0,7776.0,4,2023,Middle Aged,High
TX047211,2023-11-25,CUST6817,Male,32,Groceries,5,163.0,815.0,4,2023,Youth,High
TX047212,2023-11-25,CUST2702,Male,56,Beauty,3,476.0,1428.0,4,2023,Middle Aged,High
TX047213,2023-11-25,CUST2138,Female,70,Electronics,2,229.0,458.0,4,2023,Retired,Medium
TX047214,2023-11-25,CUST4165,Female,68,Electronics,9,448.0,4032.0,4,2023,Retired,High
TX047215,2023-11-25,CUST4571,Female,44,Sports,15,273.0,4095.0,4,2023,Middle Aged,High
TX047216,2023-11-25,CUST6762,Male,48,Beauty,11,253.0,2783.0,4,2023,Middle Aged,High
TX047217,2023-11-25,CUST5901,Female,64,Groceries,12,252.0,3024.0,4,2023,Retired,High
TX047218,2023-11-25,CUST8287,Male,57,Sports,18,164.0,2952.0,4,2023,Middle Aged,High
TX047219,2023-11-25,CUST6403,Female,43,Electronics,9,21.0,189.0,4,2023,Middle Aged,Medium
TX047220,2023-11-25,CUST7341,Female,29,Groceries,3,421.0,1263.0,4,2023,Youth,High
TX047221,2023-11-25,CUST0863,Male,22,Electronics,17,175.0,2975.0,4,2023,Teenager,High
TX047222,2023-11-25,CUST4014,Female,41,Beauty,7,169.0,1183.0,4,2023,Middle Aged,High
TX047223,2023-11-25,CUST2688,Male,43,Clothing,3,104.0,312.0,4,2023,Middle Aged,Medium
TX047224,2023-11-25,CUST1020,Male,27,Sports,18,418.0,7524.0,4,2023,Youth,High
TX047225,2023-11-25,CUST2587,Male,21,Clothing,6,39.0,234.0,4,2023,Teenager,Medium
TX047226,2023-11-25,CUST7610,Female,37,Books,4,27.0,108.0,4,2023,Youth,Medium
TX047227,2023-11-25,CUST1872,Female,41,Electronics,20,402.0,8040.0,4,2023,Middle Aged,High
TX047228,2023-11-25,CUST8839,Female,51,Clothing,2,100.0,200.0,4,2023,Middle Aged,Medium
TX047229,2023-11-25,CUST0270,Female,45,Beauty,4,412.0,1648.0,4,2023,Middle Aged,High
TX047230,2023-11-25,CUST2738,Female,22,Electronics,7,369.0,2583.0,4,2023,Teenager,High
TX047231,2023-11-25,CUST6600,Female,49,Groceries,3,484.0,1452.0,4,2023,Middle Aged,High
TX047232,2023-11-25,CUST7599,Male,59,Beauty,12,152.0,1824.0,4,2023,Middle Aged,High
TX047233,2023-11-25,CUST5178,Female,69,Books,14,314.0,4396.0,4,2023,Retired,High
TX047234,2023-11-25,CUST5393,Female,70,Electronics,1,242.0,242.0,4,2023,Retired,Medium
TX047235,2023-11-25,CUST1138,Female,52,Electronics,17,123.0,2091.0,4,2023,Middle Aged,High
TX047236,2023-11-25,CUST1076,Male,24,Clothing,2,484.0,968.0,4,2023,Teenager,High
TX047237,2023-11-25,CUST2051,Male,69,Sports,14,475.0,6650.0,4,2023,Retired,High
TX047238,2023-11-25,CUST3155,Female,52,Beauty,14,475.0,6650.0,4,2023,Middle Aged,High
TX047239,2023-11-25,CUST2104,Female,65,Sports,3,213.0,639.0,4,2023,Retired,High
TX047240,2023-11-25,CUST1071,Male,45,Clothing,10,279.0,2790.0,4,2023,Middle Aged,High
TX047241,2023-11-25,CUST0873,Female,18,Beauty,16,182.0,2912.0,4,2023,,High
TX047242,2023-11-25,CUST4735,Female,26,Electronics,10,340.0,3400.0,4,2023,Youth,High
TX047243,2023-11-25,CUST6393,Male,19,Groceries,11,258.0,2838.0,4,2023,Teenager,High
TX047244,2023-11-25,CUST2495,Male,37,Books,9,207.0,1863.0,4,2023,Youth,High
TX047245,2023-11-25,CUST7047,Male,66,Sports,16,344.0,5504.0,4,2023,Retired,High
TX047246,2023-11-25,CUST3780,Male,28,Groceries,7,421.0,2947.0,4,2023,Youth,High
TX047247,2023-11-25,CUST3642,Male,58,Books,19,474.0,9006.0,4,2023,Middle Aged,High
TX047248,2023-11-25,CUST7779,Male,64,Clothing,16,98.0,1568.0,4,2023,Retired,High
TX047249,2023-11-25,CUST0068,Female,33,Clothing,15,476.0,7140.0,4,2023,Youth,High
TX047250,2023-11-25,CUST3286,Female,41,Electronics,5,39.0,195.0,4,2023,Middle Aged,Medium
TX047251,2023-11-25,CUST6352,Male,46,Electronics,7,418.0,2926.0,4,2023,Middle Aged,High
TX047252,2023-11-25,CUST7317,Female,51,Electronics,12,446.0,5352.0,4,2023,Middle Aged,High
TX047253,2023-11-25,CUST1474,Female,55,Groceries,13,383.0,4979.0,4,2023,Middle Aged,High
TX047254,2023-11-25,CUST3584,Female,31,Electronics,20,88.0,1760.0,4,2023,Youth,High
TX047255,2023-11-25,CUST7691,Female,34,Electronics,20,366.0,7320.0,4,2023,Youth,High
TX047256,2023-11-25,CUST1026,Male,42,Clothing,5,86.0,430.0,4,2023,Middle Aged,Medium
TX047257,2023-11-25,CUST8030,Female,35,Electronics,19,284.0,5396.0,4,2023,Youth,High
TX047258,2023-11-25,CUST0711,Female,46,Electronics,15,454.0,6810.0,4,2023,Middle Aged,High
TX047259,2023-11-25,CUST9467,Female,63,Electronics,9,63.0,567.0,4,2023,Retired,High
TX047260,2023-11-25,CUST8057,Female,19,Clothing,7,408.0,2856.0,4,2023,Teenager,High
TX047261,2023-11-25,CUST1901,Female,58,Groceries,18,223.0,4014.0,4,2023,Middle Aged,High
TX047262,2023-11-25,CUST4994,Female,70,Groceries,17,408.0,6936.0,4,2023,Retired,High
TX047263,2023-11-25,CUST6672,Male,20,Sports,8,437.0,3496.0,4,2023,Teenager,High
TX047264,2023-11-25,CUST4539,Male,59,Electronics,9,103.0,927.0,4,2023,Middle Aged,High
TX047265,2023-11-25,CUST0981,Male,64,Books,17,427.0,7259.0,4,2023,Retired,High
TX047266,2023-11-25,CUST7494,Female,51,Groceries,15,219.0,3285.0,4,2023,Middle Aged,High
TX047267,2023-11-25,CUST0625,Female,58,Electronics,15,69.0,1035.0,4,2023,Middle Aged,High
TX047268,2023-11-25,CUST0908,Male,69,Groceries,15,194.0,2910.0,4,2023,Retired,High
TX047269,2023-11-25,CUST6162,Male,27,Electronics,11,237.0,2607.0,4,2023,Youth,High
TX047270,2023-11-25,CUST2739,Male,51,Electronics,2,239.0,478.0,4,2023,Middle Aged,Medium
TX047271,2023-11-25,CUST7960,Female,68,Books,18,290.0,5220.0,4,2023,Retired,High
TX047272,2023-11-25,CUST4204,Female,51,Electronics,13,472.0,6136.0,4,2023,Middle Aged,High
TX047273,2023-11-25,CUST1969,Male,31,Beauty,9,33.0,297.0,4,2023,Youth,Medium
TX047274,2023-11-25,CUST2433,Male,60,Clothing,12,231.0,2772.0,4,2023,Middle Aged,High
TX047275,2023-11-25,CUST6291,Female,50,Sports,2,419.0,838.0,4,2023,Middle Aged,High
TX047276,2023-11-25,CUST7559,Male,32,Electronics,3,406.0,1218.0,4,2023,Youth,High
TX047277,2023-11-25,CUST1116,Male,32,Electronics,9,192.0,1728.0,4,2023,Youth,High
TX047278,2023-11-25,CUST9654,Male,26,Beauty,2,92.0,184.0,4,2023,Youth,Medium
TX047279,2023-11-25,CUST9885,Male,34,Electronics,17,306.0,5202.0,4,2023,Youth,High
TX047280,2023-11-25,CUST6072,Male,25,Electronics,14,187.0,2618.0,4,2023,Teenager,High
TX047281,2023-11-25,CUST7751,Male,55,Books,10,444.0,4440.0,4,2023,Middle Aged,High
TX047282,2023-11-25,CUST6842,Male,25,Beauty,11,317.0,3487.0,4,2023,Teenager,High
TX047283,2023-11-25,CUST9957,Female,35,Electronics,4,292.0,1168.0,4,2023,Youth,High
TX047284,2023-11-25,CUST5592,Male,27,Sports,16,375.0,6000.0,4,2023,Youth,High
TX047285,2023-11-25,CUST1837,Male,29,Sports,15,93.0,1395.0,4,2023,Youth,High
TX047286,2023-11-25,CUST9718,Male,54,Sports,14,410.0,5740.0,4,2023,Middle Aged,High
TX047287,2023-11-25,CUST1431,Male,58,Groceries,9,408.0,3672.0,4,2023,Middle Aged,High
TX047288,2023-11-25,CUST3252,Female,59,Clothing,9,41.0,369.0,4,2023,Middle Aged,Medium
TX047289,2023-11-25,CUST1056,Male,66,Sports,5,293.0,1465.0,4,2023,Retired,High
TX047290,2023-11-25,CUST1120,Female,21,Groceries,4,106.0,424.0,4,2023,Teenager,Medium
TX047291,2023-11-25,CUST4817,Male,39,Sports,17,412.0,7004.0,4,2023,Youth,High
TX047292,2023-11-25,CUST8969,Male,25,Books,14,197.0,2758.0,4,2023,Teenager,High
TX047293,2023-11-25,CUST1574,Female,21,Clothing,2,163.0,326.0,4,2023,Teenager,Medium
TX047294,2023-11-25,CUST5084,Female,41,Books,9,379.0,3411.0,4,2023,Middle Aged,High
TX047295,2023-11-25,CUST1573,Female,35,Books,1,160.0,160.0,4,2023,Youth,Medium
TX047296,2023-11-25,CUST6718,Male,21,Books,19,341.0,6479.0,4,2023,Teenager,High
TX047297,2023-11-25,CUST9157,Male,69,Sports,4,296.0,1184.0,4,2023,Retired,High
TX047298,2023-11-25,CUST3467,Female,47,Books,9,398.0,3582.0,4,2023,Middle Aged,High
TX047299,2023-11-25,CUST2576,Male,35,Beauty,3,355.0,1065.0,4,2023,Youth,High
TX047300,2023-11-25,CUST4878,Male,47,Groceries,1,488.0,488.0,4,2023,Middle Aged,Medium
TX047301,2023-11-25,CUST9912,Male,23,Books,13,494.0,6422.0,4,2023,Teenager,High
TX047302,2023-11-25,CUST2655,Male,52,Electronics,20,155.0,3100.0,4,2023,Middle Aged,High
TX047303,2023-11-25,CUST4089,Female,39,Groceries,16,472.0,7552.0,4,2023,Youth,High
TX047304,2023-11-25,CUST9426,Female,50,Beauty,7,237.0,1659.0,4,2023,Middle Aged,High
TX047305,2023-11-25,CUST3555,Female,59,Clothing,19,231.0,4389.0,4,2023,Middle Aged,High
TX047306,2023-11-25,CUST1089,Male,68,Beauty,19,489.0,9291.0,4,2023,Retired,High
TX047307,2023-11-25,CUST4959,Female,29,Groceries,5,442.0,2210.0,4,2023,Youth,High
TX047308,2023-11-25,CUST7824,Male,30,Electronics,17,468.0,7956.0,4,2023,Youth,High
TX047309,2023-11-25,CUST7529,Male,69,Groceries,8,409.0,3272.0,4,2023,Retired,High
TX047310,2023-11-25,CUST3112,Female,67,Groceries,7,287.0,2009.0,4,2023,Retired,High
TX047311,2023-11-25,CUST0320,Male,44,Books,14,412.0,5768.0,4,2023,Middle Aged,High
TX047312,2023-11-25,CUST5343,Female,58,Electronics,1,327.0,327.0,4,2023,Middle Aged,Medium
TX047313,2023-11-25,CUST5719,Female,42,Sports,12,119.0,1428.0,4,2023,Middle Aged,High
TX047314,2023-11-25,CUST2238,Female,39,Groceries,5,377.0,1885.0,4,2023,Youth,High
TX047315,2023-11-25,CUST3931,Female,64,Beauty,20,72.0,1440.0,4,2023,Retired,High
TX047316,2023-11-25,CUST7756,Female,58,Groceries,3,453.0,1359.0,4,2023,Middle Aged,High
TX047317,2023-11-25,CUST3331,Female,63,Electronics,14,431.0,6034.0,4,2023,Retired,High
TX047318,2023-11-25,CUST8389,Female,68,Books,1,33.0,33.0,4,2023,Retired,Low
TX047319,2023-11-25,CUST9082,Female,30,Groceries,1,352.0,352.0,4,2023,Youth,Medium
TX047320,2023-11-25,CUST7229,Male,62,Sports,9,406.0,3654.0,4,2023,Retired,High
TX047321,2023-11-25,CUST8854,Female,35,Groceries,10,65.0,650.0,4,2023,Youth,High
TX047322,2023-11-25,CUST0827,Male,39,Electronics,10,178.0,1780.0,4,2023,Youth,High
TX047323,2023-11-25,CUST0909,Male,56,Sports,5,400.0,2000.0,4,2023,Middle Aged,High
TX047324,2023-11-25,CUST9303,Female,37,Beauty,1,17.0,17.0,4,2023,Youth,Low
TX047325,2023-11-25,CUST6932,Male,65,Groceries,18,202.0,3636.0,4,2023,Retired,High
TX047326,2023-11-25,CUST3436,Female,64,Beauty,17,129.0,2193.0,4,2023,Retired,High
TX047327,2023-11-25,CUST2429,Female,46,Electronics,7,135.0,945.0,4,2023,Middle Aged,High
TX047328,2023-11-25,CUST2490,Male,39,Sports,14,268.0,3752.0,4,2023,Youth,High
TX047329,2023-11-25,CUST5503,Male,65,Books,7,218.0,1526.0,4,2023,Retired,High
TX047330,2023-11-25,CUST6807,Male,32,Sports,3,99.0,297.0,4,2023,Youth,Medium
TX047331,2023-11-25,CUST9134,Male,45,Clothing,5,204.0,1020.0,4,2023,Middle Aged,High
TX047332,2023-11-25,CUST4923,Female,22,Electronics,19,355.0,6745.0,4,2023,Teenager,High
TX047333,2023-11-25,CUST3681,Female,27,Groceries,16,57.0,912.0,4,2023,Youth,High
TX047334,2023-11-25,CUST0318,Male,58,Books,18,232.0,4176.0,4,2023,Middle Aged,High
TX047335,2023-11-25,CUST4361,Male,70,Groceries,10,175.0,1750.0,4,2023,Retired,High
TX047336,2023-11-25,CUST7166,Male,39,Electronics,5,167.0,835.0,4,2023,Youth,High
TX047337,2023-11-25,CUST2493,Male,22,Beauty,15,498.0,7470.0,4,2023,Teenager,High
TX047338,2023-11-25,CUST3011,Male,46,Beauty,4,16.0,64.0,4,2023,Middle Aged,Low
TX047339,2023-11-25,CUST5014,Female,27,Sports,8,201.0,1608.0,4,2023,Youth,High
TX047340,2023-11-25,CUST8146,Female,62,Electronics,18,198.0,3564.0,4,2023,Retired,High
TX047341,2023-11-25,CUST6438,Male,35,Electronics,5,498.0,2490.0,4,2023,Youth,High
TX047342,2023-11-25,CUST4952,Female,27,Groceries,18,216.0,3888.0,4,2023,Youth,High
TX047343,2023-11-25,CUST2238,Female,44,Electronics,4,143.0,572.0,4,2023,Middle Aged,High
TX047344,2023-11-25,CUST1241,Male,67,Electronics,4,226.0,904.0,4,2023,Retired,High
TX047345,2023-11-25,CUST0226,Male,20,Beauty,6,464.0,2784.0,4,2023,Teenager,High
TX047346,2023-11-25,CUST1576,Female,47,Beauty,7,143.0,1001.0,4,2023,Middle Aged,High
TX047347,2023-11-25,CUST4913,Male,58,Sports,3,458.0,1374.0,4,2023,Middle Aged,High
TX047348,2023-11-25,CUST3025,Female,68,Groceries,11,61.0,671.0,4,2023,Retired,High
TX047349,2023-11-25,CUST3839,Female,66,Books,5,149.0,745.0,4,2023,Retired,High
TX047350,2023-11-25,CUST3573,Male,21,Groceries,4,392.0,1568.0,4,2023,Teenager,High
TX047351,2023-11-25,CUST1036,Female,66,Books,18,387.0,6966.0,4,2023,Retired,High
TX047352,2023-11-25,CUST9880,Male,42,Sports,9,435.0,3915.0,4,2023,Middle Aged,High
TX047353,2023-11-25,CUST0708,Male,66,Sports,11,191.0,2101.0,4,2023,Retired,High
TX047354,2023-11-25,CUST1668,Male,63,Clothing,13,339.0,4407.0,4,2023,Retired,High
TX047355,2023-11-25,CUST0686,Male,42,Books,1,210.0,210.0,4,2023,Middle Aged,Medium
TX047356,2023-11-25,CUST2466,Male,37,Electronics,9,429.0,3861.0,4,2023,Youth,High
TX047357,2023-11-25,CUST1084,Female,70,Clothing,10,192.0,1920.0,4,2023,Retired,High
TX047358,2023-11-25,CUST4971,Male,32,Electronics,7,278.0,1946.0,4,2023,Youth,High
TX047359,2023-11-25,CUST1179,Male,65,Groceries,2,232.0,464.0,4,2023,Retired,Medium
TX047360,2023-11-25,CUST8625,Male,19,Clothing,5,193.0,965.0,4,2023,Teenager,High
TX047361,2023-11-25,CUST4876,Male,53,Electronics,15,310.0,4650.0,4,2023,Middle Aged,High
TX047362,2023-11-25,CUST1258,Female,54,Electronics,9,155.0,1395.0,4,2023,Middle Aged,High
TX047363,2023-11-25,CUST3846,Female,58,Books,5,362.0,1810.0,4,2023,Middle Aged,High
TX047364,2023-11-25,CUST3975,Male,23,Sports,12,254.0,3048.0,4,2023,Teenager,High
TX047365,2023-11-25,CUST0493,Female,18,Sports,9,89.0,801.0,4,2023,,High
TX047366,2023-11-25,CUST8133,Male,50,Groceries,9,133.0,1197.0,4,2023,Middle Aged,High
TX047367,2023-11-25,CUST5296,Female,67,Clothing,7,132.0,924.0,4,2023,Retired,High
TX047368,2023-11-25,CUST9102,Female,65,Beauty,4,236.0,944.0,4,2023,Retired,High
TX047369,2023-11-25,CUST8449,Male,68,Beauty,3,230.0,690.0,4,2023,Retired,High
TX047370,2023-11-25,CUST8850,Female,47,Sports,8,204.0,1632.0,4,2023,Middle Aged,High
TX047371,2023-11-25,CUST0516,Female,64,Clothing,3,199.0,597.0,4,2023,Retired,High
TX047372,2023-11-25,CUST9338,Male,58,Groceries,15,130.0,1950.0,4,2023,Middle Aged,High
TX047373,2023-11-25,CUST9570,Female,63,Sports,18,284.0,5112.0,4,2023,Retired,High
TX047374,2023-11-25,CUST7319,Male,54,Books,12,20.0,240.0,4,2023,Middle Aged,Medium
TX047375,2023-11-25,CUST9429,Male,48,Sports,11,222.0,2442.0,4,2023,Middle Aged,High
TX047376,2023-11-25,CUST2895,Female,29,Electronics,17,77.0,1309.0,4,2023,Youth,High
TX047377,2023-11-25,CUST4860,Male,67,Clothing,10,139.0,1390.0,4,2023,Retired,High
TX047378,2023-11-25,CUST6667,Male,55,Groceries,12,229.0,2748.0,4,2023,Middle Aged,High
TX047379,2023-11-25,CUST5611,Male,39,Clothing,13,368.0,4784.0,4,2023,Youth,High
TX047380,2023-11-25,CUST4307,Male,31,Electronics,4,487.0,1948.0,4,2023,Youth,High
TX047381,2023-11-25,CUST5598,Male,22,Beauty,8,243.0,1944.0,4,2023,Teenager,High
TX047382,2023-11-25,CUST0635,Male,68,Books,14,139.0,1946.0,4,2023,Retired,High
TX047383,2023-11-25,CUST4995,Male,37,Groceries,3,400.0,1200.0,4,2023,Youth,High
TX047384,2023-11-25,CUST0583,Male,18,Beauty,2,441.0,882.0,4,2023,,High
TX047385,2023-11-25,CUST2999,Male,32,Electronics,7,122.0,854.0,4,2023,Youth,High
TX047386,2023-11-25,CUST2773,Male,34,Electronics,17,343.0,5831.0,4,2023,Youth,High
TX047387,2023-11-25,CUST0703,Male,36,Electronics,6,283.0,1698.0,4,2023,Youth,High
TX047388,2023-11-25,CUST2888,Male,69,Books,3,484.0,1452.0,4,2023,Retired,High
TX047389,2023-11-25,CUST5261,Female,38,Beauty,15,228.0,3420.0,4,2023,Youth,High
TX047390,2023-11-25,CUST6228,Female,61,Groceries,9,121.0,1089.0,4,2023,Retired,High
TX047391,2023-11-25,CUST6310,Female,25,Beauty,4,217.0,868.0,4,2023,Teenager,High
TX047392,2023-11-25,CUST6970,Male,28,Books,15,346.0,5190.0,4,2023,Youth,High
TX047393,2023-11-25,CUST2682,Male,44,Books,14,487.0,6818.0,4,2023,Middle Aged,High
TX047394,2023-11-25,CUST5935,Female,56,Groceries,15,493.0,7395.0,4,2023,Middle Aged,High
TX047395,2023-11-25,CUST6025,Male,70,Beauty,6,59.0,354.0,4,2023,Retired,Medium
TX047396,2023-11-25,CUST0428,Female,40,Sports,14,265.0,3710.0,4,2023,Youth,High
TX047397,2023-11-25,CUST5578,Male,56,Clothing,7,178.0,1246.0,4,2023,Middle Aged,High
TX047398,2023-11-25,CUST7659,Male,46,Sports,12,250.0,3000.0,4,2023,Middle Aged,High
TX047399,2023-11-25,CUST0910,Female,37,Sports,20,324.0,6480.0,4,2023,Youth,High
TX047400,2023-11-25,CUST2457,Male,38,Electronics,16,263.0,4208.0,4,2023,Youth,High
TX047401,2023-11-25,CUST4020,Female,68,Groceries,1,303.0,303.0,4,2023,Retired,Medium
TX047402,2023-11-25,CUST1128,Female,22,Sports,8,423.0,3384.0,4,2023,Teenager,High
TX047403,2023-11-25,CUST3442,Female,59,Clothing,1,16.0,16.0,4,2023,Middle Aged,Low
TX047404,2023-11-25,CUST5715,Male,64,Electronics,12,309.0,3708.0,4,2023,Retired,High
TX047405,2023-11-25,CUST1345,Male,48,Groceries,12,335.0,4020.0,4,2023,Middle Aged,High
TX047406,2023-11-25,CUST2724,Male,44,Groceries,13,23.0,299.0,4,2023,Middle Aged,Medium
TX047407,2023-11-25,CUST2967,Female,46,Groceries,5,428.0,2140.0,4,2023,Middle Aged,High
TX047408,2023-11-25,CUST8294,Female,34,Beauty,19,17.0,323.0,4,2023,Youth,Medium
TX047409,2023-11-25,CUST6050,Male,24,Books,7,315.0,2205.0,4,2023,Teenager,High
TX047410,2023-11-25,CUST7598,Male,45,Clothing,13,239.0,3107.0,4,2023,Middle Aged,High
TX047411,2023-11-25,CUST4983,Female,59,Books,16,371.0,5936.0,4,2023,Middle Aged,High
TX047412,2023-11-25,CUST0355,Male,65,Sports,2,473.0,946.0,4,2023,Retired,High
TX047413,2023-11-25,CUST4464,Male,21,Groceries,14,96.0,1344.0,4,2023,Teenager,High
TX047414,2023-11-25,CUST2809,Female,21,Books,19,196.0,3724.0,4,2023,Teenager,High
TX047415,2023-11-25,CUST2553,Female,49,Clothing,5,70.0,350.0,4,2023,Middle Aged,Medium
TX047416,2023-11-25,CUST5017,Male,42,Clothing,17,399.0,6783.0,4,2023,Middle Aged,High
TX047417,2023-11-25,CUST6978,Female,48,Clothing,11,135.0,1485.0,4,2023,Middle Aged,High
TX047418,2023-11-25,CUST9011,Male,44,Clothing,17,12.0,204.0,4,2023,Middle Aged,Medium
TX047419,2023-11-25,CUST4489,Female,53,Groceries,13,124.0,1612.0,4,2023,Middle Aged,High
TX047420,2023-11-25,CUST8999,Female,56,Groceries,13,279.0,3627.0,4,2023,Middle Aged,High
TX047421,2023-11-25,CUST7709,Female,23,Beauty,11,18.0,198.0,4,2023,Teenager,Medium
TX047422,2023-11-25,CUST3807,Female,52,Electronics,19,489.0,9291.0,4,2023,Middle Aged,High
TX047423,2023-11-25,CUST5755,Male,58,Books,4,341.0,1364.0,4,2023,Middle Aged,High
TX047424,2023-11-25,CUST7606,Male,35,Books,16,368.0,5888.0,4,2023,Youth,High
TX047425,2023-11-25,CUST9684,Male,23,Electronics,18,280.0,5040.0,4,2023,Teenager,High
TX047426,2023-11-25,CUST6298,Male,44,Sports,10,182.0,1820.0,4,2023,Middle Aged,High
TX047427,2023-11-25,CUST6622,Male,51,Sports,17,146.0,2482.0,4,2023,Middle Aged,High
TX047428,2023-11-25,CUST2363,Female,66,Groceries,10,425.0,4250.0,4,2023,Retired,High
TX047429,2023-11-25,CUST4829,Female,45,Sports,18,430.0,7740.0,4,2023,Middle Aged,High
TX047430,2023-11-25,CUST9050,Female,42,Electronics,4,117.0,468.0,4,2023,Middle Aged,Medium
TX047431,2023-11-25,CUST1563,Female,37,Beauty,9,370.0,3330.0,4,2023,Youth,High
TX047432,2023-11-25,CUST1238,Male,20,Electronics,3,55.0,165.0,4,2023,Teenager,Medium
TX047433,2023-11-25,CUST9000,Male,44,Groceries,4,135.0,540.0,4,2023,Middle Aged,High
TX047434,2023-11-25,CUST0176,Female,69,Sports,13,163.0,2119.0,4,2023,Retired,High
TX047435,2023-11-25,CUST8491,Female,43,Beauty,16,145.0,2320.0,4,2023,Middle Aged,High
TX047436,2023-11-25,CUST4766,Female,65,Electronics,1,329.0,329.0,4,2023,Retired,Medium
TX047437,2023-11-25,CUST8071,Female,46,Sports,9,307.0,2763.0,4,2023,Middle Aged,High
TX047438,2023-11-25,CUST3834,Female,22,Books,18,224.0,4032.0,4,2023,Teenager,High
TX047439,2023-11-25,CUST8365,Female,51,Electronics,20,394.0,7880.0,4,2023,Middle Aged,High
TX047440,2023-11-25,CUST4592,Female,40,Beauty,10,458.0,4580.0,4,2023,Youth,High
TX047441,2023-11-25,CUST8644,Male,62,Clothing,11,26.0,286.0,4,2023,Retired,Medium
TX047442,2023-11-25,CUST1548,Male,26,Groceries,15,184.0,2760.0,4,2023,Youth,High
TX047443,2023-11-25,CUST6921,Male,47,Beauty,7,125.0,875.0,4,2023,Middle Aged,High
TX047444,2023-11-25,CUST4380,Female,31,Books,19,152.0,2888.0,4,2023,Youth,High
TX047445,2023-11-25,CUST2305,Female,60,Sports,18,443.0,7974.0,4,2023,Middle Aged,High
TX047446,2023-11-25,CUST3469,Male,37,Sports,15,368.0,5520.0,4,2023,Youth,High
TX047447,2023-11-25,CUST9777,Male,47,Sports,8,36.0,288.0,4,2023,Middle Aged,Medium
TX047448,2023-11-25,CUST6305,Female,38,Sports,14,370.0,5180.0,4,2023,Youth,High
TX047449,2023-11-25,CUST8670,Male,22,Beauty,2,30.0,60.0,4,2023,Teenager,Low
TX047450,2023-11-25,CUST4919,Male,45,Groceries,19,66.0,1254.0,4,2023,Middle Aged,High
TX047451,2023-11-25,CUST7325,Male,37,Sports,16,253.0,4048.0,4,2023,Youth,High
TX047452,2023-11-25,CUST2289,Female,50,Clothing,16,235.0,3760.0,4,2023,Middle Aged,High
TX047453,2023-11-25,CUST6058,Male,35,Groceries,5,188.0,940.0,4,2023,Youth,High
TX047454,2023-11-25,CUST2044,Male,39,Electronics,12,281.0,3372.0,4,2023,Youth,High
TX047455,2023-11-25,CUST3910,Female,59,Beauty,11,204.0,2244.0,4,2023,Middle Aged,High
TX047456,2023-11-25,CUST9479,Male,21,Sports,6,200.0,1200.0,4,2023,Teenager,High
TX047457,2023-11-25,CUST9294,Female,47,Books,5,373.0,1865.0,4,2023,Middle Aged,High
TX047458,2023-11-25,CUST0940,Female,62,Books,3,14.0,42.0,4,2023,Retired,Low
TX047459,2023-11-25,CUST1017,Male,34,Beauty,3,126.0,378.0,4,2023,Youth,Medium
TX047460,2023-11-25,CUST7608,Female,43,Beauty,11,187.0,2057.0,4,2023,Middle Aged,High
TX047461,2023-11-25,CUST8130,Female,31,Groceries,11,467.0,5137.0,4,2023,Youth,High
TX047462,2023-11-25,CUST4254,Female,41,Electronics,9,376.0,3384.0,4,2023,Middle Aged,High
TX047463,2023-11-25,CUST8221,Female,55,Sports,15,26.0,390.0,4,2023,Middle Aged,Medium
TX047464,2023-11-25,CUST4488,Female,55,Books,10,174.0,1740.0,4,2023,Middle Aged,High
TX047465,2023-11-25,CUST3285,Female,69,Electronics,5,457.0,2285.0,4,2023,Retired,High
TX047466,2023-11-25,CUST0409,Female,58,Electronics,18,150.0,2700.0,4,2023,Middle Aged,High
TX047467,2023-11-25,CUST8739,Female,70,Books,13,260.0,3380.0,4,2023,Retired,High
TX047468,2023-11-25,CUST9482,Male,56,Books,13,382.0,4966.0,4,2023,Middle Aged,High
TX047469,2023-11-25,CUST2772,Female,19,Sports,19,362.0,6878.0,4,2023,Teenager,High
TX047470,2023-11-25,CUST8617,Male,22,Sports,15,143.0,2145.0,4,2023,Teenager,High
TX047471,2023-11-25,CUST5281,Male,53,Groceries,16,189.0,3024.0,4,2023,Middle Aged,High
TX047472,2023-11-25,CUST2732,Female,20,Beauty,17,46.0,782.0,4,2023,Teenager,High
TX047473,2023-11-25,CUST9725,Female,53,Clothing,17,79.0,1343.0,4,2023,Middle Aged,High
TX047474,2023-11-25,CUST3543,Female,69,Clothing,18,253.0,4554.0,4,2023,Retired,High
TX047475,2023-11-25,CUST0727,Male,57,Clothing,4,51.0,204.0,4,2023,Middle Aged,Medium
TX047476,2023-11-25,CUST5630,Male,44,Books,15,318.0,4770.0,4,2023,Middle Aged,High
TX047477,2023-11-25,CUST1882,Female,50,Sports,4,435.0,1740.0,4,2023,Middle Aged,High
TX047478,2023-11-25,CUST0531,Male,18,Sports,20,255.0,5100.0,4,2023,,High
TX047479,2023-11-25,CUST6407,Female,65,Groceries,20,217.0,4340.0,4,2023,Retired,High
TX047480,2023-11-25,CUST9516,Male,42,Books,6,352.0,2112.0,4,2023,Middle Aged,High
TX047481,2023-11-25,CUST0151,Female,47,Groceries,1,416.0,416.0,4,2023,Middle Aged,Medium
TX047482,2023-11-25,CUST8707,Male,25,Beauty,18,41.0,738.0,4,2023,Teenager,High
TX047483,2023-11-25,CUST3015,Male,53,Sports,3,383.0,1149.0,4,2023,Middle Aged,High
TX047484,2023-11-25,CUST2616,Female,58,Sports,1,483.0,483.0,4,2023,Middle Aged,Medium
TX047485,2023-11-25,CUST5455,Female,57,Clothing,19,67.0,1273.0,4,2023,Middle Aged,High
TX047486,2023-11-25,CUST4141,Male,46,Electronics,17,67.0,1139.0,4,2023,Middle Aged,High
TX047487,2023-11-25,CUST1671,Female,54,Clothing,14,271.0,3794.0,4,2023,Middle Aged,High
TX047488,2023-11-25,CUST6626,Male,22,Electronics,15,382.0,5730.0,4,2023,Teenager,High
TX047489,2023-11-25,CUST0594,Male,53,Sports,20,261.0,5220.0,4,2023,Middle Aged,High
TX047490,2023-11-25,CUST0309,Male,39,Beauty,11,400.0,4400.0,4,2023,Youth,High
TX047491,2023-11-25,CUST9756,Male,55,Groceries,8,427.0,3416.0,4,2023,Middle Aged,High
TX047492,2023-11-25,CUST8114,Female,21,Electronics,10,57.0,570.0,4,2023,Teenager,High
TX047493,2023-11-25,CUST5803,Male,54,Clothing,8,309.0,2472.0,4,2023,Middle Aged,High
TX047494,2023-11-25,CUST6410,Male,56,Electronics,16,438.0,7008.0,4,2023,Middle Aged,High
TX047495,2023-11-25,CUST9411,Male,33,Beauty,18,258.0,4644.0,4,2023,Youth,High
TX047496,2023-11-25,CUST7753,Male,42,Books,18,182.0,3276.0,4,2023,Middle Aged,High
TX047497,2023-11-25,CUST5012,Male,28,Books,14,47.0,658.0,4,2023,Youth,High
TX047498,2023-11-25,CUST5130,Male,47,Groceries,4,199.0,796.0,4,2023,Middle Aged,High
TX047499,2023-11-25,CUST7227,Male,42,Clothing,14,159.0,2226.0,4,2023,Middle Aged,High
TX047500,2023-11-25,CUST8577,Female,38,Sports,2,392.0,784.0,4,2023,Youth,High
TX047501,2023-11-25,CUST6913,Female,51,Beauty,5,305.0,1525.0,4,2023,Middle Aged,High
TX047502,2023-11-25,CUST1235,Female,19,Groceries,10,201.0,2010.0,4,2023,Teenager,High
TX047503,2023-11-25,CUST4127,Male,49,Clothing,16,482.0,7712.0,4,2023,Middle Aged,High
TX047504,2023-11-25,CUST6034,Female,28,Sports,6,269.0,1614.0,4,2023,Youth,High
TX047505,2023-11-25,CUST1302,Male,67,Clothing,7,181.0,1267.0,4,2023,Retired,High
TX047506,2023-11-25,CUST0529,Male,61,Groceries,5,41.0,205.0,4,2023,Retired,Medium
TX047507,2023-11-25,CUST7962,Female,65,Sports,11,495.0,5445.0,4,2023,Retired,High
TX047508,2023-11-25,CUST5962,Male,32,Sports,15,197.0,2955.0,4,2023,Youth,High
TX047509,2023-11-25,CUST5161,Male,38,Sports,17,342.0,5814.0,4,2023,Youth,High
TX047510,2023-11-25,CUST3945,Male,44,Books,15,284.0,4260.0,4,2023,Middle Aged,High
TX047511,2023-11-25,CUST3805,Male,53,Clothing,14,269.0,3766.0,4,2023,Middle Aged,High
TX047512,2023-11-25,CUST5889,Male,40,Beauty,18,77.0,1386.0,4,2023,Youth,High
TX047513,2023-11-25,CUST8457,Female,51,Electronics,11,88.0,968.0,4,2023,Middle Aged,High
TX047514,2023-11-25,CUST2500,Female,29,Sports,15,65.0,975.0,4,2023,Youth,High
TX047515,2023-11-25,CUST0320,Female,20,Sports,17,413.0,7021.0,4,2023,Teenager,High
TX047516,2023-11-25,CUST2877,Female,45,Clothing,11,222.0,2442.0,4,2023,Middle Aged,High
TX047517,2023-11-25,CUST5856,Male,64,Clothing,15,287.0,4305.0,4,2023,Retired,High
TX047518,2023-11-25,CUST4597,Male,22,Beauty,2,73.0,146.0,4,2023,Teenager,Medium
TX047519,2023-11-25,CUST5866,Female,30,Clothing,2,118.0,236.0,4,2023,Youth,Medium
TX047520,2023-11-25,CUST5358,Female,55,Clothing,11,21.0,231.0,4,2023,Middle Aged,Medium
TX047521,2023-11-25,CUST8096,Male,39,Electronics,1,197.0,197.0,4,2023,Youth,Medium
TX047522,2023-11-25,CUST8222,Male,53,Sports,6,91.0,546.0,4,2023,Middle Aged,High
TX047523,2023-11-25,CUST2408,Female,38,Clothing,2,189.0,378.0,4,2023,Youth,Medium
TX047524,2023-11-25,CUST9236,Female,33,Electronics,14,156.0,2184.0,4,2023,Youth,High
TX047525,2023-11-25,CUST1020,Female,38,Groceries,14,35.0,490.0,4,2023,Youth,Medium
TX047526,2023-11-25,CUST0484,Female,65,Clothing,6,120.0,720.0,4,2023,Retired,High
TX047527,2023-11-25,CUST5864,Female,37,Beauty,18,75.0,1350.0,4,2023,Youth,High
TX047528,2023-11-25,CUST3748,Female,56,Groceries,9,478.0,4302.0,4,2023,Middle Aged,High
TX047529,2023-11-25,CUST2002,Female,38,Electronics,1,69.0,69.0,4,2023,Youth,Low
TX047530,2023-11-25,CUST0547,Male,50,Beauty,10,414.0,4140.0,4,2023,Middle Aged,High
TX047531,2023-11-25,CUST5836,Male,40,Sports,12,468.0,5616.0,4,2023,Youth,High
TX047532,2023-11-25,CUST6265,Male,55,Clothing,6,493.0,2958.0,4,2023,Middle Aged,High
TX047533,2023-11-25,CUST0254,Male,33,Beauty,14,477.0,6678.0,4,2023,Youth,High
TX047534,2023-11-25,CUST6112,Male,19,Beauty,19,127.0,2413.0,4,2023,Teenager,High
TX047535,2023-11-25,CUST0593,Male,59,Beauty,11,134.0,1474.0,4,2023,Middle Aged,High
TX047536,2023-11-25,CUST2534,Female,59,Clothing,17,318.0,5406.0,4,2023,Middle Aged,High
TX047537,2023-11-25,CUST6558,Female,35,Groceries,3,391.0,1173.0,4,2023,Youth,High
TX047538,2023-11-25,CUST8334,Male,27,Groceries,14,401.0,5614.0,4,2023,Youth,High
TX047539,2023-11-25,CUST9925,Male,44,Groceries,5,294.0,1470.0,4,2023,Middle Aged,High
TX047540,2023-11-25,CUST4176,Female,52,Beauty,14,438.0,6132.0,4,2023,Middle Aged,High
TX047541,2023-11-25,CUST1827,Male,31,Books,11,15.0,165.0,4,2023,Youth,Medium
TX047542,2023-11-25,CUST5285,Female,26,Books,11,310.0,3410.0,4,2023,Youth,High
TX047543,2023-11-25,CUST6147,Male,66,Groceries,18,84.0,1512.0,4,2023,Retired,High
TX047544,2023-11-25,CUST1262,Male,58,Beauty,11,128.0,1408.0,4,2023,Middle Aged,High
TX047545,2023-11-25,CUST2011,Female,37,Electronics,12,187.0,2244.0,4,2023,Youth,High
TX047546,2023-11-25,CUST7706,Female,50,Books,15,378.0,5670.0,4,2023,Middle Aged,High
TX047547,2023-11-25,CUST9688,Female,52,Beauty,14,259.0,3626.0,4,2023,Middle Aged,High
TX047548,2023-11-25,CUST6612,Female,22,Electronics,14,259.0,3626.0,4,2023,Teenager,High
TX047549,2023-11-25,CUST5867,Female,63,Books,19,181.0,3439.0,4,2023,Retired,High
TX047550,2023-11-25,CUST0754,Female,19,Books,3,91.0,273.0,4,2023,Teenager,Medium
TX047551,2023-11-25,CUST8786,Female,49,Sports,16,265.0,4240.0,4,2023,Middle Aged,High
TX047552,2023-11-25,CUST4427,Male,40,Beauty,1,129.0,129.0,4,2023,Youth,Medium
TX047553,2023-11-25,CUST5800,Male,38,Beauty,2,433.0,866.0,4,2023,Youth,High
TX047554,2023-11-25,CUST9792,Male,38,Books,10,203.0,2030.0,4,2023,Youth,High
TX047555,2023-11-25,CUST3484,Female,53,Books,19,344.0,6536.0,4,2023,Middle Aged,High
TX047556,2023-11-25,CUST6630,Female,54,Sports,17,63.0,1071.0,4,2023,Middle Aged,High
TX047557,2023-11-25,CUST0785,Male,46,Books,16,315.0,5040.0,4,2023,Middle Aged,High
TX047558,2023-11-25,CUST4147,Female,68,Beauty,8,285.0,2280.0,4,2023,Retired,High
TX047559,2023-11-25,CUST0680,Female,38,Groceries,9,260.0,2340.0,4,2023,Youth,High
TX047560,2023-11-25,CUST3311,Male,32,Sports,3,490.0,1470.0,4,2023,Youth,High
TX047561,2023-11-25,CUST5634,Female,61,Books,10,175.0,1750.0,4,2023,Retired,High
TX047562,2023-11-25,CUST2470,Female,37,Beauty,17,29.0,493.0,4,2023,Youth,Medium
TX047563,2023-11-25,CUST6881,Male,34,Electronics,13,363.0,4719.0,4,2023,Youth,High
TX047564,2023-11-25,CUST3774,Female,20,Clothing,10,20.0,200.0,4,2023,Teenager,Medium
TX047565,2023-11-25,CUST2626,Male,40,Clothing,7,448.0,3136.0,4,2023,Youth,High
TX047566,2023-11-25,CUST4012,Female,47,Electronics,2,373.0,746.0,4,2023,Middle Aged,High
TX047567,2023-11-25,CUST3677,Female,68,Sports,12,467.0,5604.0,4,2023,Retired,High
TX047568,2023-11-25,CUST9867,Female,54,Beauty,18,395.0,7110.0,4,2023,Middle Aged,High
TX047569,2023-11-25,CUST5653,Male,68,Books,12,105.0,1260.0,4,2023,Retired,High
TX047570,2023-11-25,CUST6306,Female,59,Groceries,12,216.0,2592.0,4,2023,Middle Aged,High
TX047571,2023-11-25,CUST0631,Female,38,Books,16,278.0,4448.0,4,2023,Youth,High
TX047572,2023-11-25,CUST8818,Female,25,Sports,16,333.0,5328.0,4,2023,Teenager,High
TX047573,2023-11-25,CUST3052,Male,69,Groceries,13,437.0,5681.0,4,2023,Retired,High
TX047574,2023-11-25,CUST5505,Female,34,Groceries,19,355.0,6745.0,4,2023,Youth,High
TX047575,2023-11-25,CUST3889,Male,69,Sports,3,135.0,405.0,4,2023,Retired,Medium
TX047576,2023-11-25,CUST2732,Male,60,Sports,14,44.0,616.0,4,2023,Middle Aged,High
TX047577,2023-11-25,CUST1586,Female,66,Sports,20,267.0,5340.0,4,2023,Retired,High
TX047578,2023-11-25,CUST6757,Male,68,Electronics,12,402.0,4824.0,4,2023,Retired,High
TX047579,2023-11-25,CUST3868,Female,38,Clothing,4,356.0,1424.0,4,2023,Youth,High
TX047580,2023-11-25,CUST4361,Female,67,Beauty,11,203.0,2233.0,4,2023,Retired,High
TX047581,2023-11-25,CUST4415,Female,31,Sports,1,146.0,146.0,4,2023,Youth,Medium
TX047582,2023-11-25,CUST8357,Female,62,Clothing,11,337.0,3707.0,4,2023,Retired,High
TX047583,2023-11-25,CUST8663,Male,46,Electronics,19,156.0,2964.0,4,2023,Middle Aged,High
TX047584,2023-11-25,CUST5155,Female,52,Clothing,2,193.0,386.0,4,2023,Middle Aged,Medium
TX047585,2023-11-25,CUST3586,Female,61,Electronics,16,325.0,5200.0,4,2023,Retired,High
TX047586,2023-11-25,CUST0658,Female,57,Books,5,409.0,2045.0,4,2023,Middle Aged,High
TX047587,2023-11-25,CUST1748,Male,44,Books,12,144.0,1728.0,4,2023,Middle Aged,High
TX047588,2023-11-25,CUST3521,Male,18,Sports,15,437.0,6555.0,4,2023,,High
TX047589,2023-11-25,CUST0510,Male,52,Sports,19,164.0,3116.0,4,2023,Middle Aged,High
TX047590,2023-11-25,CUST9494,Female,56,Beauty,5,399.0,1995.0,4,2023,Middle Aged,High
TX047591,2023-11-25,CUST7649,Female,35,Groceries,7,270.0,1890.0,4,2023,Youth,High
TX047592,2023-11-25,CUST8259,Male,37,Beauty,16,469.0,7504.0,4,2023,Youth,High
TX047593,2023-11-25,CUST7598,Female,54,Beauty,9,228.0,2052.0,4,2023,Middle Aged,High
TX047594,2023-11-25,CUST2676,Female,60,Clothing,11,217.0,2387.0,4,2023,Middle Aged,High
TX047595,2023-11-25,CUST9418,Female,67,Sports,8,418.0,3344.0,4,2023,Retired,High
TX047596,2023-11-25,CUST3261,Female,38,Clothing,20,105.0,2100.0,4,2023,Youth,High
TX047597,2023-11-25,CUST8731,Male,33,Clothing,1,297.0,297.0,4,2023,Youth,Medium
TX047598,2023-11-25,CUST5771,Female,36,Groceries,17,114.0,1938.0,4,2023,Youth,High
TX047599,2023-11-25,CUST4755,Female,57,Clothing,14,340.0,4760.0,4,2023,Middle Aged,High
TX047600,2023-11-25,CUST8423,Female,34,Clothing,6,329.0,1974.0,4,2023,Youth,High
TX047601,2023-11-25,CUST8440,Female,62,Clothing,3,145.0,435.0,4,2023,Retired,Medium
TX047602,2023-11-25,CUST6838,Male,63,Electronics,9,271.0,2439.0,4,2023,Retired,High
TX047603,2023-11-25,CUST8661,Female,37,Electronics,1,81.0,81.0,4,2023,Youth,Low
TX047604,2023-11-25,CUST4788,Female,44,Beauty,1,450.0,450.0,4,2023,Middle Aged,Medium
TX047605,2023-11-25,CUST0808,Female,68,Beauty,5,80.0,400.0,4,2023,Retired,Medium
TX047606,2023-11-25,CUST6340,Female,69,Electronics,9,359.0,3231.0,4,2023,Retired,High
TX047607,2023-11-25,CUST3064,Female,59,Electronics,20,67.0,1340.0,4,2023,Middle Aged,High
TX047608,2023-11-25,CUST0165,Male,19,Books,6,56.0,336.0,4,2023,Teenager,Medium
TX047609,2023-11-25,CUST5610,Male,18,Sports,4,115.0,460.0,4,2023,,Medium
TX047610,2023-11-25,CUST5676,Male,51,Books,11,291.0,3201.0,4,2023,Middle Aged,High
TX047611,2023-11-25,CUST3057,Female,50,Sports,15,376.0,5640.0,4,2023,Middle Aged,High
TX047612,2023-11-25,CUST0249,Female,31,Books,13,461.0,5993.0,4,2023,Youth,High
TX047613,2023-11-25,CUST0169,Male,56,Clothing,11,122.0,1342.0,4,2023,Middle Aged,High
TX047614,2023-11-25,CUST0356,Female,25,Clothing,16,443.0,7088.0,4,2023,Teenager,High
TX047615,2023-11-25,CUST7129,Female,63,Clothing,18,485.0,8730.0,4,2023,Retired,High
TX047616,2023-11-25,CUST6023,Female,19,Beauty,14,266.0,3724.0,4,2023,Teenager,High
TX047617,2023-11-25,CUST9536,Male,54,Sports,13,316.0,4108.0,4,2023,Middle Aged,High
TX047618,2023-11-25,CUST8551,Female,55,Beauty,12,287.0,3444.0,4,2023,Middle Aged,High
TX047619,2023-11-25,CUST8524,Male,39,Books,11,54.0,594.0,4,2023,Youth,High
TX047620,2023-11-25,CUST2506,Male,69,Books,12,353.0,4236.0,4,2023,Retired,High
TX047621,2023-11-25,CUST8141,Male,64,Sports,20,441.0,8820.0,4,2023,Retired,High
TX047622,2023-11-25,CUST8230,Female,49,Groceries,7,36.0,252.0,4,2023,Middle Aged,Medium
TX047623,2023-11-25,CUST4912,Female,47,Sports,4,418.0,1672.0,4,2023,Middle Aged,High
TX047624,2023-11-25,CUST5675,Female,69,Electronics,19,448.0,8512.0,4,2023,Retired,High
TX047625,2023-11-25,CUST2522,Male,65,Sports,16,54.0,864.0,4,2023,Retired,High
TX047626,2023-11-25,CUST3173,Male,58,Groceries,14,72.0,1008.0,4,2023,Middle Aged,High
TX047627,2023-11-25,CUST2351,Male,21,Groceries,5,106.0,530.0,4,2023,Teenager,High
TX047628,2023-11-25,CUST4111,Female,45,Sports,9,405.0,3645.0,4,2023,Middle Aged,High
TX047629,2023-11-25,CUST0935,Female,42,Clothing,9,126.0,1134.0,4,2023,Middle Aged,High
TX047630,2023-11-25,CUST8242,Male,59,Groceries,9,428.0,3852.0,4,2023,Middle Aged,High
TX047631,2023-11-25,CUST3782,Male,59,Groceries,20,281.0,5620.0,4,2023,Middle Aged,High
TX047632,2023-11-25,CUST8814,Female,26,Sports,14,61.0,854.0,4,2023,Youth,High
TX047633,2023-11-25,CUST2624,Male,49,Sports,1,24.0,24.0,4,2023,Middle Aged,Low
TX047634,2023-11-25,CUST2511,Male,59,Sports,14,250.0,3500.0,4,2023,Middle Aged,High
TX047635,2023-11-25,CUST1949,Male,60,Electronics,7,403.0,2821.0,4,2023,Middle Aged,High
TX047636,2023-11-25,CUST7683,Male,21,Clothing,19,469.0,8911.0,4,2023,Teenager,High
TX047637,2023-11-25,CUST5607,Female,44,Electronics,1,151.0,151.0,4,2023,Middle Aged,Medium
TX047638,2023-11-25,CUST0253,Female,63,Groceries,3,294.0,882.0,4,2023,Retired,High
TX047639,2023-11-25,CUST2224,Female,58,Groceries,18,156.0,2808.0,4,2023,Middle Aged,High
TX047640,2023-11-25,CUST9452,Female,45,Beauty,12,204.0,2448.0,4,2023,Middle Aged,High
TX047641,2023-11-25,CUST5101,Female,19,Sports,4,195.0,780.0,4,2023,Teenager,High
TX047642,2023-11-25,CUST3467,Male,43,Books,12,307.0,3684.0,4,2023,Middle Aged,High
TX047643,2023-11-25,CUST9491,Male,52,Sports,14,249.0,3486.0,4,2023,Middle Aged,High
TX047644,2023-11-25,CUST3071,Male,23,Groceries,7,423.0,2961.0,4,2023,Teenager,High
TX047645,2023-11-25,CUST6585,Female,63,Clothing,20,229.0,4580.0,4,2023,Retired,High
TX047646,2023-11-25,CUST9097,Female,25,Sports,3,266.0,798.0,4,2023,Teenager,High
TX047647,2023-11-25,CUST3484,Male,31,Clothing,17,123.0,2091.0,4,2023,Youth,High
TX047648,2023-11-25,CUST7489,Male,65,Beauty,17,50.0,850.0,4,2023,Retired,High
TX047649,2023-11-25,CUST1034,Male,65,Clothing,3,202.0,606.0,4,2023,Retired,High
TX047650,2023-11-25,CUST3784,Male,27,Groceries,7,88.0,616.0,4,2023,Youth,High
TX047651,2023-11-25,CUST8799,Male,59,Groceries,8,321.0,2568.0,4,2023,Middle Aged,High
TX047652,2023-11-25,CUST5501,Female,21,Groceries,17,380.0,6460.0,4,2023,Teenager,High
TX047653,2023-11-25,CUST9779,Female,33,Clothing,2,118.0,236.0,4,2023,Youth,Medium
TX047654,2023-11-25,CUST1200,Female,55,Sports,3,241.0,723.0,4,2023,Middle Aged,High
TX047655,2023-11-25,CUST2569,Male,70,Groceries,6,337.0,2022.0,4,2023,Retired,High
TX047656,2023-11-25,CUST5113,Male,59,Sports,10,108.0,1080.0,4,2023,Middle Aged,High
TX047657,2023-11-25,CUST0328,Male,38,Electronics,11,218.0,2398.0,4,2023,Youth,High
TX047658,2023-11-25,CUST8764,Male,35,Groceries,14,142.0,1988.0,4,2023,Youth,High
TX047659,2023-11-25,CUST7131,Male,32,Clothing,6,191.0,1146.0,4,2023,Youth,High
TX047660,2023-11-25,CUST1744,Male,23,Electronics,3,405.0,1215.0,4,2023,Teenager,High
TX047661,2023-11-25,CUST1778,Male,62,Sports,11,495.0,5445.0,4,2023,Retired,High
TX047662,2023-11-25,CUST5112,Male,43,Books,1,124.0,124.0,4,2023,Middle Aged,Medium
TX047663,2023-11-25,CUST5078,Male,28,Beauty,4,257.0,1028.0,4,2023,Youth,High
TX047664,2023-11-25,CUST2128,Male,43,Electronics,14,122.0,1708.0,4,2023,Middle Aged,High
TX047665,2023-11-25,CUST4820,Male,67,Electronics,13,448.0,5824.0,4,2023,Retired,High
TX047666,2023-11-25,CUST6720,Female,44,Electronics,12,30.0,360.0,4,2023,Middle Aged,Medium
TX047667,2023-11-25,CUST4395,Female,35,Electronics,10,398.0,3980.0,4,2023,Youth,High
TX047668,2023-11-25,CUST6622,Female,18,Beauty,9,308.0,2772.0,4,2023,,High
TX047669,2023-11-25,CUST5358,Male,60,Electronics,7,170.0,1190.0,4,2023,Middle Aged,High
TX047670,2023-11-25,CUST6250,Female,26,Beauty,15,240.0,3600.0,4,2023,Youth,High
TX047671,2023-11-25,CUST6196,Female,59,Groceries,15,241.0,3615.0,4,2023,Middle Aged,High
TX047672,2023-11-25,CUST3093,Female,69,Sports,7,375.0,2625.0,4,2023,Retired,High
TX047673,2023-11-25,CUST7326,Male,69,Beauty,20,367.0,7340.0,4,2023,Retired,High
TX047674,2023-11-25,CUST6132,Female,26,Beauty,8,466.0,3728.0,4,2023,Youth,High
TX047675,2023-11-25,CUST5615,Male,59,Sports,10,27.0,270.0,4,2023,Middle Aged,Medium
TX047676,2023-11-25,CUST0176,Male,39,Sports,11,287.0,3157.0,4,2023,Youth,High
TX047677,2023-11-25,CUST7674,Female,52,Electronics,6,294.0,1764.0,4,2023,Middle Aged,High
TX047678,2023-11-25,CUST7234,Male,29,Sports,13,207.0,2691.0,4,2023,Youth,High
TX047679,2023-11-25,CUST7916,Male,56,Clothing,14,498.0,6972.0,4,2023,Middle Aged,High
TX047680,2023-11-25,CUST3252,Female,50,Electronics,18,50.0,900.0,4,2023,Middle Aged,High
TX047681,2023-11-25,CUST1482,Male,48,Clothing,18,257.0,4626.0,4,2023,Middle Aged,High
TX047682,2023-11-25,CUST8890,Female,56,Beauty,11,234.0,2574.0,4,2023,Middle Aged,High
TX047683,2023-11-25,CUST3260,Female,25,Groceries,11,160.0,1760.0,4,2023,Teenager,High
TX047684,2023-11-25,CUST9069,Male,66,Groceries,11,350.0,3850.0,4,2023,Retired,High
TX047685,2023-11-25,CUST5643,Male,28,Electronics,13,304.0,3952.0,4,2023,Youth,High
TX047686,2023-11-25,CUST3681,Male,58,Books,5,253.0,1265.0,4,2023,Middle Aged,High
TX047687,2023-11-25,CUST6608,Female,23,Clothing,12,211.0,2532.0,4,2023,Teenager,High
TX047688,2023-11-25,CUST9968,Male,62,Groceries,8,22.0,176.0,4,2023,Retired,Medium
TX047689,2023-11-25,CUST3937,Female,49,Sports,7,226.0,1582.0,4,2023,Middle Aged,High
TX047690,2023-11-25,CUST4369,Female,46,Beauty,13,173.0,2249.0,4,2023,Middle Aged,High
TX047691,2023-11-25,CUST1170,Female,67,Books,7,155.0,1085.0,4,2023,Retired,High
TX047692,2023-11-25,CUST6762,Female,43,Clothing,19,156.0,2964.0,4,2023,Middle Aged,High
TX047693,2023-11-25,CUST4620,Male,20,Electronics,17,32.0,544.0,4,2023,Teenager,High
TX047694,2023-11-25,CUST0297,Female,25,Electronics,19,384.0,7296.0,4,2023,Teenager,High
TX047695,2023-11-25,CUST2319,Female,69,Sports,12,256.0,3072.0,4,2023,Retired,High
TX047696,2023-11-25,CUST4667,Male,30,Books,9,467.0,4203.0,4,2023,Youth,High
TX047697,2023-11-25,CUST9460,Female,61,Books,17,376.0,6392.0,4,2023,Retired,High
TX047698,2023-11-25,CUST3398,Male,52,Groceries,5,86.0,430.0,4,2023,Middle Aged,Medium
TX047699,2023-11-25,CUST0951,Male,52,Books,15,440.0,6600.0,4,2023,Middle Aged,High
TX047700,2023-11-25,CUST2610,Female,29,Sports,16,68.0,1088.0,4,2023,Youth,High
TX047701,2023-11-25,CUST7052,Female,61,Beauty,2,498.0,996.0,4,2023,Retired,High
TX047702,2023-11-25,CUST8986,Male,50,Clothing,8,406.0,3248.0,4,2023,Middle Aged,High
TX047703,2023-11-25,CUST7962,Female,34,Electronics,15,175.0,2625.0,4,2023,Youth,High
TX047704,2023-11-25,CUST2604,Female,57,Groceries,13,345.0,4485.0,4,2023,Middle Aged,High
TX047705,2023-11-25,CUST9969,Male,60,Clothing,16,216.0,3456.0,4,2023,Middle Aged,High
TX047706,2023-11-25,CUST4129,Female,54,Groceries,17,472.0,8024.0,4,2023,Middle Aged,High
TX047707,2023-11-25,CUST1238,Male,59,Beauty,7,83.0,581.0,4,2023,Middle Aged,High
TX047708,2023-11-25,CUST2049,Male,24,Beauty,16,367.0,5872.0,4,2023,Teenager,High
TX047709,2023-11-25,CUST9211,Female,60,Groceries,4,322.0,1288.0,4,2023,Middle Aged,High
TX047710,2023-11-25,CUST7702,Male,53,Sports,7,299.0,2093.0,4,2023,Middle Aged,High
TX047711,2023-11-25,CUST8858,Female,58,Books,11,98.0,1078.0,4,2023,Middle Aged,High
TX047712,2023-11-25,CUST9207,Male,41,Beauty,18,78.0,1404.0,4,2023,Middle Aged,High
TX047713,2023-11-25,CUST5425,Male,45,Books,5,383.0,1915.0,4,2023,Middle Aged,High
TX047714,2023-11-25,CUST2761,Male,50,Groceries,10,455.0,4550.0,4,2023,Middle Aged,High
TX047715,2023-11-25,CUST8795,Female,60,Sports,6,469.0,2814.0,4,2023,Middle Aged,High
TX047716,2023-11-25,CUST5883,Female,31,Electronics,3,60.0,180.0,4,2023,Youth,Medium
TX047717,2023-11-25,CUST2501,Male,26,Clothing,11,334.0,3674.0,4,2023,Youth,High
TX047718,2023-11-25,CUST8003,Male,28,Beauty,7,436.0,3052.0,4,2023,Youth,High
TX047719,2023-11-25,CUST2035,Male,60,Groceries,8,275.0,2200.0,4,2023,Middle Aged,High
TX047720,2023-11-25,CUST9268,Female,64,Beauty,7,486.0,3402.0,4,2023,Retired,High
TX047721,2023-11-25,CUST6665,Male,58,Books,13,183.0,2379.0,4,2023,Middle Aged,High
TX047722,2023-11-25,CUST8997,Female,67,Beauty,18,361.0,6498.0,4,2023,Retired,High
TX047723,2023-11-25,CUST1748,Male,22,Beauty,9,328.0,2952.0,4,2023,Teenager,High
TX047724,2023-11-25,CUST2705,Male,53,Sports,5,412.0,2060.0,4,2023,Middle Aged,High
TX047725,2023-11-25,CUST2759,Female,30,Sports,18,363.0,6534.0,4,2023,Youth,High
TX047726,2023-11-25,CUST3463,Male,41,Books,9,181.0,1629.0,4,2023,Middle Aged,High
TX047727,2023-11-25,CUST4060,Female,32,Electronics,3,138.0,414.0,4,2023,Youth,Medium
TX047728,2023-11-25,CUST7637,Female,54,Books,12,152.0,1824.0,4,2023,Middle Aged,High
TX047729,2023-11-25,CUST5949,Female,32,Sports,13,439.0,5707.0,4,2023,Youth,High
TX047730,2023-11-25,CUST5350,Female,35,Sports,2,299.0,598.0,4,2023,Youth,High
TX047731,2023-11-25,CUST5257,Female,66,Clothing,19,128.0,2432.0,4,2023,Retired,High
TX047732,2023-11-25,CUST7703,Male,47,Sports,20,287.0,5740.0,4,2023,Middle Aged,High
TX047733,2023-11-25,CUST6036,Male,58,Groceries,16,140.0,2240.0,4,2023,Middle Aged,High
TX047734,2023-11-25,CUST9479,Male,42,Books,10,177.0,1770.0,4,2023,Middle Aged,High
TX047735,2023-11-25,CUST5706,Female,39,Groceries,1,232.0,232.0,4,2023,Youth,Medium
TX047736,2023-11-25,CUST9077,Female,33,Books,19,107.0,2033.0,4,2023,Youth,High
TX047737,2023-11-25,CUST6970,Female,64,Sports,8,421.0,3368.0,4,2023,Retired,High
TX047738,2023-11-25,CUST5734,Male,20,Clothing,8,143.0,1144.0,4,2023,Teenager,High
TX047739,2023-11-25,CUST9867,Male,70,Books,3,441.0,1323.0,4,2023,Retired,High
TX047740,2023-11-25,CUST6683,Female,53,Electronics,12,33.0,396.0,4,2023,Middle Aged,Medium
TX047741,2023-11-25,CUST9352,Female,70,Electronics,3,267.0,801.0,4,2023,Retired,High
TX047742,2023-11-25,CUST2043,Male,55,Clothing,20,338.0,6760.0,4,2023,Middle Aged,High
TX047743,2023-11-25,CUST8311,Male,62,Books,10,398.0,3980.0,4,2023,Retired,High
TX047744,2023-11-25,CUST0279,Male,51,Sports,18,465.0,8370.0,4,2023,Middle Aged,High
TX047745,2023-11-25,CUST6936,Male,70,Books,2,449.0,898.0,4,2023,Retired,High
TX047746,2023-11-25,CUST7691,Male,21,Groceries,2,222.0,444.0,4,2023,Teenager,Medium
TX047747,2023-11-25,CUST3136,Female,23,Clothing,14,203.0,2842.0,4,2023,Teenager,High
TX047748,2023-11-25,CUST6787,Male,40,Beauty,2,301.0,602.0,4,2023,Youth,High
TX047749,2023-11-25,CUST0501,Female,63,Sports,2,203.0,406.0,4,2023,Retired,Medium
TX047750,2023-11-25,CUST0393,Female,19,Sports,17,72.0,1224.0,4,2023,Teenager,High
TX047751,2023-11-25,CUST5190,Male,35,Beauty,10,24.0,240.0,4,2023,Youth,Medium
TX047752,2023-11-25,CUST7509,Female,66,Sports,3,174.0,522.0,4,2023,Retired,High
TX047753,2023-11-25,CUST9223,Male,63,Electronics,9,49.0,441.0,4,2023,Retired,Medium
TX047754,2023-11-25,CUST2105,Female,49,Electronics,2,139.0,278.0,4,2023,Middle Aged,Medium
TX047755,2023-11-25,CUST9485,Male,57,Clothing,7,70.0,490.0,4,2023,Middle Aged,Medium
TX047756,2023-11-25,CUST2636,Male,47,Books,18,177.0,3186.0,4,2023,Middle Aged,High
TX047757,2023-11-25,CUST2164,Male,27,Beauty,18,174.0,3132.0,4,2023,Youth,High
TX047758,2023-11-25,CUST5639,Female,62,Groceries,6,57.0,342.0,4,2023,Retired,Medium
TX047759,2023-11-25,CUST3504,Male,37,Electronics,20,58.0,1160.0,4,2023,Youth,High
TX047760,2023-11-25,CUST9062,Female,31,Groceries,17,223.0,3791.0,4,2023,Youth,High
TX047761,2023-11-25,CUST3023,Male,65,Beauty,2,425.0,850.0,4,2023,Retired,High
TX047762,2023-11-25,CUST9811,Female,45,Clothing,15,25.0,375.0,4,2023,Middle Aged,Medium
TX047763,2023-11-25,CUST6038,Male,18,Electronics,5,105.0,525.0,4,2023,,High
TX047764,2023-11-25,CUST1376,Male,49,Sports,1,403.0,403.0,4,2023,Middle Aged,Medium
TX047765,2023-11-25,CUST4965,Male,65,Groceries,16,172.0,2752.0,4,2023,Retired,High
TX047766,2023-11-25,CUST0382,Female,38,Sports,20,332.0,6640.0,4,2023,Youth,High
TX047767,2023-11-25,CUST5660,Female,30,Groceries,18,298.0,5364.0,4,2023,Youth,High
TX047768,2023-11-25,CUST0131,Female,63,Books,9,449.0,4041.0,4,2023,Retired,High
TX047769,2023-11-25,CUST7027,Female,61,Electronics,2,372.0,744.0,4,2023,Retired,High
TX047770,2023-11-25,CUST6581,Female,51,Books,17,350.0,5950.0,4,2023,Middle Aged,High
TX047771,2023-11-25,CUST0096,Male,28,Groceries,6,250.0,1500.0,4,2023,Youth,High
TX047772,2023-11-25,CUST1110,Male,44,Sports,14,77.0,1078.0,4,2023,Middle Aged,High
TX047773,2023-11-25,CUST5554,Female,49,Books,4,441.0,1764.0,4,2023,Middle Aged,High
TX047774,2023-11-25,CUST2142,Female,36,Beauty,15,75.0,1125.0,4,2023,Youth,High
TX047775,2023-11-25,CUST5851,Female,68,Electronics,13,256.0,3328.0,4,2023,Retired,High
TX047776,2023-11-25,CUST9393,Male,42,Sports,8,76.0,608.0,4,2023,Middle Aged,High
TX047777,2023-11-25,CUST9775,Female,22,Electronics,11,425.0,4675.0,4,2023,Teenager,High
TX047778,2023-11-25,CUST2919,Female,20,Electronics,4,473.0,1892.0,4,2023,Teenager,High
TX047779,2023-11-25,CUST9918,Female,57,Electronics,9,211.0,1899.0,4,2023,Middle Aged,High
TX047780,2023-11-25,CUST1941,Female,70,Clothing,15,259.0,3885.0,4,2023,Retired,High
TX047781,2023-11-25,CUST2875,Female,45,Clothing,10,404.0,4040.0,4,2023,Middle Aged,High
TX047782,2023-11-25,CUST4075,Male,54,Clothing,16,233.0,3728.0,4,2023,Middle Aged,High
TX047783,2023-11-25,CUST6181,Male,29,Books,14,230.0,3220.0,4,2023,Youth,High
TX047784,2023-11-25,CUST7363,Male,62,Sports,16,17.0,272.0,4,2023,Retired,Medium
TX047785,2023-11-25,CUST5537,Male,34,Electronics,16,194.0,3104.0,4,2023,Youth,High
TX047786,2023-11-25,CUST1068,Male,21,Beauty,3,441.0,1323.0,4,2023,Teenager,High
TX047787,2023-11-25,CUST0815,Male,37,Groceries,6,136.0,816.0,4,2023,Youth,High
TX047788,2023-11-25,CUST7672,Female,55,Groceries,5,202.0,1010.0,4,2023,Middle Aged,High
TX047789,2023-11-25,CUST7520,Male,39,Groceries,10,17.0,170.0,4,2023,Youth,Medium
TX047790,2023-11-25,CUST4765,Female,62,Groceries,9,284.0,2556.0,4,2023,Retired,High
TX047791,2023-11-25,CUST4563,Female,60,Beauty,2,154.0,308.0,4,2023,Middle Aged,Medium
TX047792,2023-11-25,CUST1809,Male,40,Electronics,7,229.0,1603.0,4,2023,Youth,High
TX047793,2023-11-25,CUST1584,Female,21,Clothing,12,202.0,2424.0,4,2023,Teenager,High
TX047794,2023-11-25,CUST4810,Female,18,Beauty,8,431.0,3448.0,4,2023,,High
TX047795,2023-11-25,CUST0090,Female,61,Groceries,15,70.0,1050.0,4,2023,Retired,High
TX047796,2023-11-25,CUST2515,Male,64,Groceries,14,403.0,5642.0,4,2023,Retired,High
TX047797,2023-11-25,CUST0382,Male,46,Sports,11,304.0,3344.0,4,2023,Middle Aged,High
TX047798,2023-11-25,CUST5114,Female,25,Books,13,393.0,5109.0,4,2023,Teenager,High
TX047799,2023-11-25,CUST3342,Male,23,Beauty,20,463.0,9260.0,4,2023,Teenager,High
TX047800,2023-11-25,CUST6348,Female,45,Beauty,3,149.0,447.0,4,2023,Middle Aged,Medium
TX047801,2023-11-25,CUST1054,Male,61,Sports,12,70.0,840.0,4,2023,Retired,High
TX047802,2023-11-25,CUST3252,Male,29,Beauty,17,46.0,782.0,4,2023,Youth,High
TX047803,2023-11-25,CUST3616,Female,70,Electronics,4,124.0,496.0,4,2023,Retired,Medium
TX047804,2023-11-25,CUST6555,Male,50,Sports,5,220.0,1100.0,4,2023,Middle Aged,High
TX047805,2023-11-25,CUST3057,Female,18,Beauty,18,140.0,2520.0,4,2023,,High
TX047806,2023-11-25,CUST8487,Male,29,Groceries,13,367.0,4771.0,4,2023,Youth,High
TX047807,2023-11-25,CUST9873,Male,38,Clothing,15,203.0,3045.0,4,2023,Youth,High
TX047808,2023-11-25,CUST7212,Female,48,Clothing,20,11.0,220.0,4,2023,Middle Aged,Medium
TX047809,2023-11-25,CUST7136,Male,52,Sports,1,20.0,20.0,4,2023,Middle Aged,Low
TX047810,2023-11-25,CUST5102,Male,60,Sports,7,295.0,2065.0,4,2023,Middle Aged,High
TX047811,2023-11-25,CUST5404,Male,21,Groceries,20,259.0,5180.0,4,2023,Teenager,High
TX047812,2023-11-25,CUST1825,Female,50,Books,14,186.0,2604.0,4,2023,Middle Aged,High
TX047813,2023-11-25,CUST5280,Male,28,Groceries,2,21.0,42.0,4,2023,Youth,Low
TX047814,2023-11-25,CUST1075,Male,29,Beauty,1,98.0,98.0,4,2023,Youth,Low
TX047815,2023-11-25,CUST1832,Female,46,Books,16,110.0,1760.0,4,2023,Middle Aged,High
TX047816,2023-11-25,CUST4847,Male,65,Sports,9,74.0,666.0,4,2023,Retired,High
TX047817,2023-11-25,CUST2907,Female,62,Groceries,16,137.0,2192.0,4,2023,Retired,High
TX047818,2023-11-25,CUST3894,Female,49,Books,18,400.0,7200.0,4,2023,Middle Aged,High
TX047819,2023-11-25,CUST6471,Female,48,Beauty,16,430.0,6880.0,4,2023,Middle Aged,High
TX047820,2023-11-25,CUST4677,Female,44,Clothing,2,437.0,874.0,4,2023,Middle Aged,High
TX047821,2023-11-25,CUST2553,Female,64,Sports,4,445.0,1780.0,4,2023,Retired,High
TX047822,2023-11-25,CUST9397,Male,61,Beauty,7,409.0,2863.0,4,2023,Retired,High
TX047823,2023-11-25,CUST8120,Female,57,Clothing,19,124.0,2356.0,4,2023,Middle Aged,High
TX047824,2023-11-25,CUST0685,Male,45,Books,14,437.0,6118.0,4,2023,Middle Aged,High
TX047825,2023-11-25,CUST6493,Female,38,Clothing,8,191.0,1528.0,4,2023,Youth,High
TX047826,2023-11-25,CUST2298,Male,50,Sports,16,405.0,6480.0,4,2023,Middle Aged,High
TX047827,2023-11-25,CUST7600,Male,20,Books,2,430.0,860.0,4,2023,Teenager,High
TX047828,2023-11-25,CUST4668,Female,60,Electronics,18,219.0,3942.0,4,2023,Middle Aged,High
TX047829,2023-11-25,CUST8379,Female,61,Electronics,16,470.0,7520.0,4,2023,Retired,High
TX047830,2023-11-25,CUST9086,Male,28,Groceries,5,216.0,1080.0,4,2023,Youth,High
TX047831,2023-11-25,CUST6571,Female,70,Beauty,19,156.0,2964.0,4,2023,Retired,High
TX047832,2023-11-25,CUST7458,Male,64,Groceries,3,438.0,1314.0,4,2023,Retired,High
TX047833,2023-11-25,CUST3917,Male,52,Beauty,8,75.0,600.0,4,2023,Middle Aged,High
TX047834,2023-11-25,CUST7543,Male,57,Beauty,15,172.0,2580.0,4,2023,Middle Aged,High
TX047835,2023-11-25,CUST0811,Female,23,Beauty,10,80.0,800.0,4,2023,Teenager,High
TX047836,2023-11-25,CUST4332,Female,67,Sports,13,471.0,6123.0,4,2023,Retired,High
TX047837,2023-11-25,CUST3163,Male,59,Electronics,11,260.0,2860.0,4,2023,Middle Aged,High
TX047838,2023-11-25,CUST8859,Female,69,Groceries,11,205.0,2255.0,4,2023,Retired,High
TX047839,2023-11-25,CUST3607,Female,38,Groceries,1,169.0,169.0,4,2023,Youth,Medium
TX047840,2023-11-25,CUST8597,Female,60,Clothing,19,58.0,1102.0,4,2023,Middle Aged,High
TX047841,2023-11-25,CUST8285,Female,21,Clothing,18,461.0,8298.0,4,2023,Teenager,High
TX047842,2023-11-25,CUST7937,Female,35,Clothing,8,52.0,416.0,4,2023,Youth,Medium
TX047843,2023-11-25,CUST8585,Female,40,Sports,5,214.0,1070.0,4,2023,Youth,High
TX047844,2023-11-25,CUST9286,Female,49,Sports,11,400.0,4400.0,4,2023,Middle Aged,High
TX047845,2023-11-25,CUST3819,Female,56,Clothing,9,11.0,99.0,4,2023,Middle Aged,Low
TX047846,2023-11-25,CUST1361,Female,38,Sports,17,180.0,3060.0,4,2023,Youth,High
TX047847,2023-11-25,CUST1136,Male,28,Beauty,16,210.0,3360.0,4,2023,Youth,High
TX047848,2023-11-25,CUST0723,Female,54,Clothing,13,16.0,208.0,4,2023,Middle Aged,Medium
TX047849,2023-11-25,CUST2244,Male,42,Clothing,15,80.0,1200.0,4,2023,Middle Aged,High
TX047850,2023-11-25,CUST4163,Female,50,Clothing,15,196.0,2940.0,4,2023,Middle Aged,High
TX047851,2023-11-25,CUST3776,Male,51,Sports,20,296.0,5920.0,4,2023,Middle Aged,High
TX047852,2023-11-25,CUST1613,Female,48,Books,20,201.0,4020.0,4,2023,Middle Aged,High
TX047853,2023-11-25,CUST3842,Male,25,Groceries,8,240.0,1920.0,4,2023,Teenager,High
TX047854,2023-11-25,CUST6395,Male,50,Books,7,18.0,126.0,4,2023,Middle Aged,Medium
TX047855,2023-11-25,CUST1180,Male,67,Groceries,20,20.0,400.0,4,2023,Retired,Medium
TX047856,2023-11-25,CUST2112,Male,42,Electronics,10,73.0,730.0,4,2023,Middle Aged,High
TX047857,2023-11-25,CUST6945,Male,60,Electronics,6,284.0,1704.0,4,2023,Middle Aged,High
TX047858,2023-11-25,CUST9885,Female,25,Groceries,18,97.0,1746.0,4,2023,Teenager,High
TX047859,2023-11-25,CUST8963,Female,67,Clothing,11,349.0,3839.0,4,2023,Retired,High
TX047860,2023-11-25,CUST5321,Male,41,Groceries,3,333.0,999.0,4,2023,Middle Aged,High
TX047861,2023-11-25,CUST0612,Female,33,Clothing,3,172.0,516.0,4,2023,Youth,High
TX047862,2023-11-25,CUST6923,Female,21,Electronics,2,128.0,256.0,4,2023,Teenager,Medium
TX047863,2023-11-25,CUST5818,Female,41,Clothing,10,289.0,2890.0,4,2023,Middle Aged,High
TX047864,2023-11-25,CUST9537,Female,44,Sports,12,30.0,360.0,4,2023,Middle Aged,Medium
TX047865,2023-11-25,CUST0447,Male,65,Electronics,19,474.0,9006.0,4,2023,Retired,High
TX047866,2023-11-25,CUST4456,Male,50,Electronics,15,248.0,3720.0,4,2023,Middle Aged,High
TX047867,2023-11-25,CUST8783,Male,68,Books,4,186.0,744.0,4,2023,Retired,High
TX047868,2023-11-25,CUST3704,Female,28,Sports,6,54.0,324.0,4,2023,Youth,Medium
TX047869,2023-11-25,CUST9700,Male,32,Books,10,364.0,3640.0,4,2023,Youth,High
TX047870,2023-11-25,CUST6339,Male,25,Groceries,6,20.0,120.0,4,2023,Teenager,Medium
TX047871,2023-11-25,CUST4769,Female,33,Books,3,472.0,1416.0,4,2023,Youth,High
TX047872,2023-11-25,CUST0092,Female,24,Electronics,6,77.0,462.0,4,2023,Teenager,Medium
TX047873,2023-11-25,CUST8974,Female,55,Clothing,11,70.0,770.0,4,2023,Middle Aged,High
TX047874,2023-11-25,CUST2668,Female,59,Beauty,14,214.0,2996.0,4,2023,Middle Aged,High
TX047875,2023-11-25,CUST6538,Female,34,Sports,2,239.0,478.0,4,2023,Youth,Medium
TX047876,2023-11-25,CUST5497,Male,59,Beauty,4,404.0,1616.0,4,2023,Middle Aged,High
TX047877,2023-11-25,CUST0753,Female,23,Sports,20,483.0,9660.0,4,2023,Teenager,High
TX047878,2023-11-25,CUST1293,Female,58,Clothing,2,55.0,110.0,4,2023,Middle Aged,Medium
TX047879,2023-11-25,CUST7101,Male,29,Clothing,15,383.0,5745.0,4,2023,Youth,High
TX047880,2023-11-25,CUST6300,Male,63,Groceries,12,188.0,2256.0,4,2023,Retired,High
TX047881,2023-11-25,CUST1062,Male,24,Electronics,8,467.0,3736.0,4,2023,Teenager,High
TX047882,2023-11-25,CUST5311,Female,19,Electronics,12,177.0,2124.0,4,2023,Teenager,High
TX047883,2023-11-25,CUST0323,Female,55,Groceries,10,468.0,4680.0,4,2023,Middle Aged,High
TX047884,2023-11-25,CUST6542,Female,37,Beauty,19,270.0,5130.0,4,2023,Youth,High
TX047885,2023-11-25,CUST1589,Female,38,Beauty,17,45.0,765.0,4,2023,Youth,High
TX047886,2023-11-25,CUST8066,Female,45,Clothing,1,35.0,35.0,4,2023,Middle Aged,Low
TX047887,2023-11-25,CUST0017,Male,56,Groceries,15,321.0,4815.0,4,2023,Middle Aged,High
TX047888,2023-11-25,CUST5277,Female,59,Clothing,20,341.0,6820.0,4,2023,Middle Aged,High
TX047889,2023-11-25,CUST4296,Male,36,Electronics,19,95.0,1805.0,4,2023,Youth,High
TX047890,2023-11-25,CUST1911,Male,66,Groceries,16,449.0,7184.0,4,2023,Retired,High
TX047891,2023-11-25,CUST8907,Female,24,Electronics,12,400.0,4800.0,4,2023,Teenager,High
TX047892,2023-11-25,CUST6766,Female,27,Clothing,17,458.0,7786.0,4,2023,Youth,High
TX047893,2023-11-25,CUST9849,Female,62,Books,17,478.0,8126.0,4,2023,Retired,High
TX047894,2023-11-25,CUST1727,Male,22,Groceries,18,186.0,3348.0,4,2023,Teenager,High
TX047895,2023-11-25,CUST2839,Female,31,Clothing,3,19.0,57.0,4,2023,Youth,Low
TX047896,2023-11-25,CUST6415,Female,52,Beauty,9,450.0,4050.0,4,2023,Middle Aged,High
TX047897,2023-11-25,CUST5735,Female,47,Sports,3,356.0,1068.0,4,2023,Middle Aged,High
TX047898,2023-11-25,CUST6688,Male,66,Electronics,15,96.0,1440.0,4,2023,Retired,High
TX047899,2023-11-25,CUST6607,Female,63,Clothing,2,455.0,910.0,4,2023,Retired,High
TX047900,2023-11-25,CUST2492,Male,28,Clothing,2,49.0,98.0,4,2023,Youth,Low
TX047901,2023-11-25,CUST1989,Male,28,Sports,7,222.0,1554.0,4,2023,Youth,High
TX047902,2023-11-25,CUST1400,Male,41,Books,11,90.0,990.0,4,2023,Middle Aged,High
TX047903,2023-11-25,CUST3383,Female,70,Sports,5,437.0,2185.0,4,2023,Retired,High
TX047904,2023-11-25,CUST0045,Male,60,Groceries,11,327.0,3597.0,4,2023,Middle Aged,High
TX047905,2023-11-25,CUST9837,Female,30,Groceries,11,333.0,3663.0,4,2023,Youth,High
TX047906,2023-11-25,CUST0721,Female,22,Electronics,1,226.0,226.0,4,2023,Teenager,Medium
TX047907,2023-11-25,CUST3577,Male,61,Sports,17,284.0,4828.0,4,2023,Retired,High
TX047908,2023-11-25,CUST4003,Female,37,Clothing,19,315.0,5985.0,4,2023,Youth,High
TX047909,2023-11-25,CUST7650,Male,54,Books,13,481.0,6253.0,4,2023,Middle Aged,High
TX047910,2023-11-25,CUST7425,Male,31,Clothing,7,401.0,2807.0,4,2023,Youth,High
TX047911,2023-11-25,CUST3116,Male,70,Beauty,16,121.0,1936.0,4,2023,Retired,High
TX047912,2023-11-25,CUST7699,Female,48,Books,19,378.0,7182.0,4,2023,Middle Aged,High
TX047913,2023-11-25,CUST4693,Female,31,Sports,4,439.0,1756.0,4,2023,Youth,High
TX047914,2023-11-25,CUST9723,Female,34,Books,19,420.0,7980.0,4,2023,Youth,High
TX047915,2023-11-25,CUST6517,Female,65,Groceries,13,255.0,3315.0,4,2023,Retired,High
TX047916,2023-11-25,CUST1460,Female,64,Beauty,17,434.0,7378.0,4,2023,Retired,High
TX047917,2023-11-25,CUST5327,Male,59,Beauty,8,464.0,3712.0,4,2023,Middle Aged,High
TX047918,2023-11-25,CUST1475,Male,68,Beauty,3,110.0,330.0,4,2023,Retired,Medium
TX047919,2023-11-25,CUST2563,Female,59,Groceries,10,74.0,740.0,4,2023,Middle Aged,High
TX047920,2023-11-25,CUST6610,Male,61,Electronics,8,157.0,1256.0,4,2023,Retired,High
TX047921,2023-11-25,CUST8811,Female,62,Groceries,11,163.0,1793.0,4,2023,Retired,High
TX047922,2023-11-25,CUST9378,Female,37,Sports,5,487.0,2435.0,4,2023,Youth,High
TX047923,2023-11-25,CUST0988,Female,57,Groceries,13,99.0,1287.0,4,2023,Middle Aged,High
TX047924,2023-11-25,CUST2739,Female,24,Books,7,336.0,2352.0,4,2023,Teenager,High
TX047925,2023-11-25,CUST1239,Male,28,Sports,11,226.0,2486.0,4,2023,Youth,High
TX047926,2023-11-25,CUST5583,Male,45,Books,16,281.0,4496.0,4,2023,Middle Aged,High
TX047927,2023-11-25,CUST0367,Female,61,Sports,13,205.0,2665.0,4,2023,Retired,High
TX047928,2023-11-25,CUST8688,Male,22,Sports,17,39.0,663.0,4,2023,Teenager,High
TX047929,2023-11-25,CUST5625,Female,50,Clothing,1,90.0,90.0,4,2023,Middle Aged,Low
TX047930,2023-11-25,CUST4708,Male,34,Clothing,19,120.0,2280.0,4,2023,Youth,High
TX047931,2023-11-25,CUST7356,Male,67,Electronics,6,268.0,1608.0,4,2023,Retired,High
TX047932,2023-11-25,CUST3026,Male,43,Clothing,17,321.0,5457.0,4,2023,Middle Aged,High
TX047933,2023-11-25,CUST0256,Female,32,Sports,1,247.0,247.0,4,2023,Youth,Medium
TX047934,2023-11-25,CUST5134,Female,46,Beauty,12,482.0,5784.0,4,2023,Middle Aged,High
TX047935,2023-11-25,CUST9871,Male,28,Beauty,13,57.0,741.0,4,2023,Youth,High
TX047936,2023-11-25,CUST7195,Male,33,Beauty,4,500.0,2000.0,4,2023,Youth,High
TX047937,2023-11-25,CUST9876,Male,38,Electronics,6,417.0,2502.0,4,2023,Youth,High
TX047938,2023-11-25,CUST8365,Male,65,Books,14,437.0,6118.0,4,2023,Retired,High
TX047939,2023-11-25,CUST6582,Male,47,Clothing,7,160.0,1120.0,4,2023,Middle Aged,High
TX047940,2023-11-25,CUST5778,Female,39,Books,2,327.0,654.0,4,2023,Youth,High
TX047941,2023-11-25,CUST0131,Male,69,Electronics,10,398.0,3980.0,4,2023,Retired,High
TX047942,2023-11-25,CUST2717,Female,61,Groceries,5,391.0,1955.0,4,2023,Retired,High
TX047943,2023-11-25,CUST3541,Male,54,Books,9,252.0,2268.0,4,2023,Middle Aged,High
TX047944,2023-11-25,CUST2081,Male,55,Clothing,16,23.0,368.0,4,2023,Middle Aged,Medium
TX047945,2023-11-25,CUST0761,Male,69,Clothing,2,253.0,506.0,4,2023,Retired,High
TX047946,2023-11-25,CUST2129,Female,30,Clothing,19,380.0,7220.0,4,2023,Youth,High
TX047947,2023-11-25,CUST1414,Female,45,Groceries,2,448.0,896.0,4,2023,Middle Aged,High
TX047948,2023-11-25,CUST9418,Female,56,Sports,2,351.0,702.0,4,2023,Middle Aged,High
TX047949,2023-11-25,CUST4376,Female,56,Electronics,1,185.0,185.0,4,2023,Middle Aged,Medium
TX047950,2023-11-25,CUST2816,Male,70,Clothing,17,242.0,4114.0,4,2023,Retired,High
TX047951,2023-11-25,CUST2557,Male,62,Electronics,17,410.0,6970.0,4,2023,Retired,High
TX047952,2023-11-25,CUST3315,Male,21,Clothing,10,264.0,2640.0,4,2023,Teenager,High
TX047953,2023-11-25,CUST3088,Male,35,Groceries,8,445.0,3560.0,4,2023,Youth,High
TX047954,2023-11-25,CUST5254,Female,27,Sports,16,192.0,3072.0,4,2023,Youth,High
TX047955,2023-11-25,CUST7986,Female,21,Groceries,1,474.0,474.0,4,2023,Teenager,Medium
TX047956,2023-11-25,CUST2993,Male,40,Groceries,14,364.0,5096.0,4,2023,Youth,High
TX047957,2023-11-25,CUST4994,Female,56,Sports,19,369.0,7011.0,4,2023,Middle Aged,High
TX047958,2023-11-25,CUST0869,Female,46,Books,12,311.0,3732.0,4,2023,Middle Aged,High
TX047959,2023-11-25,CUST5997,Male,33,Beauty,9,395.0,3555.0,4,2023,Youth,High
TX047960,2023-11-25,CUST1425,Male,34,Books,8,401.0,3208.0,4,2023,Youth,High
TX047961,2023-11-25,CUST9578,Female,34,Groceries,18,255.0,4590.0,4,2023,Youth,High
TX047962,2023-11-25,CUST7093,Male,55,Clothing,18,167.0,3006.0,4,2023,Middle Aged,High
TX047963,2023-11-25,CUST6621,Female,61,Beauty,13,450.0,5850.0,4,2023,Retired,High
TX047964,2023-11-25,CUST3117,Female,62,Electronics,4,387.0,1548.0,4,2023,Retired,High
TX047965,2023-11-25,CUST9924,Male,34,Groceries,6,365.0,2190.0,4,2023,Youth,High
TX047966,2023-11-25,CUST8005,Male,45,Clothing,2,438.0,876.0,4,2023,Middle Aged,High
TX047967,2023-11-25,CUST1388,Female,23,Electronics,18,199.0,3582.0,4,2023,Teenager,High
TX047968,2023-11-25,CUST7614,Female,58,Groceries,19,131.0,2489.0,4,2023,Middle Aged,High
TX047969,2023-11-25,CUST4575,Male,55,Sports,2,151.0,302.0,4,2023,Middle Aged,Medium
TX047970,2023-11-25,CUST8326,Male,26,Books,16,277.0,4432.0,4,2023,Youth,High
TX047971,2023-11-25,CUST7483,Female,37,Beauty,1,382.0,382.0,4,2023,Youth,Medium
TX047972,2023-11-25,CUST8416,Male,19,Beauty,10,262.0,2620.0,4,2023,Teenager,High
TX047973,2023-11-25,CUST4345,Male,57,Electronics,15,161.0,2415.0,4,2023,Middle Aged,High
TX047974,2023-11-25,CUST2413,Female,48,Sports,20,412.0,8240.0,4,2023,Middle Aged,High
TX047975,2023-11-25,CUST8312,Female,19,Clothing,18,353.0,6354.0,4,2023,Teenager,High
TX047976,2023-11-25,CUST6863,Female,60,Groceries,4,199.0,796.0,4,2023,Middle Aged,High
TX047977,2023-11-25,CUST7813,Male,38,Books,3,267.0,801.0,4,2023,Youth,High
TX047978,2023-11-25,CUST9445,Male,35,Beauty,5,88.0,440.0,4,2023,Youth,Medium
TX047979,2023-11-25,CUST9249,Male,36,Sports,10,464.0,4640.0,4,2023,Youth,High
TX047980,2023-11-25,CUST1243,Male,49,Electronics,6,123.0,738.0,4,2023,Middle Aged,High
TX047981,2023-11-25,CUST5936,Male,56,Sports,2,94.0,188.0,4,2023,Middle Aged,Medium
TX047982,2023-11-25,CUST8680,Male,42,Groceries,7,124.0,868.0,4,2023,Middle Aged,High
TX047983,2023-11-25,CUST8185,Female,68,Electronics,13,227.0,2951.0,4,2023,Retired,High
TX047984,2023-11-25,CUST4730,Male,18,Books,13,470.0,6110.0,4,2023,,High
TX047985,2023-11-25,CUST1799,Female,32,Clothing,18,200.0,3600.0,4,2023,Youth,High
TX047986,2023-11-25,CUST0266,Male,44,Electronics,10,13.0,130.0,4,2023,Middle Aged,Medium
TX047987,2023-11-25,CUST8341,Female,50,Groceries,19,169.0,3211.0,4,2023,Middle Aged,High
TX047988,2023-11-25,CUST6977,Female,18,Groceries,4,396.0,1584.0,4,2023,,High
TX047989,2023-11-25,CUST2792,Male,50,Electronics,16,229.0,3664.0,4,2023,Middle Aged,High
TX047990,2023-11-25,CUST6506,Male,62,Books,7,278.0,1946.0,4,2023,Retired,High
TX047991,2023-11-25,CUST2566,Male,32,Electronics,11,348.0,3828.0,4,2023,Youth,High
TX047992,2023-11-25,CUST0211,Female,64,Sports,4,423.0,1692.0,4,2023,Retired,High
TX047993,2023-11-25,CUST9186,Male,32,Electronics,6,281.0,1686.0,4,2023,Youth,High
TX047994,2023-11-25,CUST1917,Male,66,Sports,8,100.0,800.0,4,2023,Retired,High
TX047995,2023-11-25,CUST0272,Male,28,Sports,3,42.0,126.0,4,2023,Youth,Medium
TX047996,2023-11-25,CUST7710,Male,69,Clothing,19,235.0,4465.0,4,2023,Retired,High
TX047997,2023-11-25,CUST6265,Male,23,Electronics,6,185.0,1110.0,4,2023,Teenager,High
TX047998,2023-11-25,CUST8522,Male,58,Clothing,17,87.0,1479.0,4,2023,Middle Aged,High
TX047999,2023-11-25,CUST6485,Female,41,Clothing,3,235.0,705.0,4,2023,Middle Aged,High
TX048000,2023-11-25,CUST0969,Female,59,Sports,7,205.0,1435.0,4,2023,Middle Aged,High
TX048001,2023-11-25,CUST0393,Male,34,Groceries,14,91.0,1274.0,4,2023,Youth,High
TX048002,2023-11-25,CUST2694,Male,24,Books,18,132.0,2376.0,4,2023,Teenager,High
TX048003,2023-11-25,CUST1003,Female,41,Sports,4,102.0,408.0,4,2023,Middle Aged,Medium
TX048004,2023-11-25,CUST9282,Male,67,Sports,14,213.0,2982.0,4,2023,Retired,High
TX048005,2023-11-25,CUST0047,Male,62,Clothing,18,95.0,1710.0,4,2023,Retired,High
TX048006,2023-11-25,CUST2222,Female,42,Groceries,13,321.0,4173.0,4,2023,Middle Aged,High
TX048007,2023-11-25,CUST9673,Female,46,Clothing,13,174.0,2262.0,4,2023,Middle Aged,High
TX048008,2023-11-25,CUST7763,Female,20,Groceries,13,271.0,3523.0,4,2023,Teenager,High
TX048009,2023-11-25,CUST8684,Male,20,Sports,14,350.0,4900.0,4,2023,Teenager,High
TX048010,2023-11-25,CUST6414,Male,56,Clothing,1,225.0,225.0,4,2023,Middle Aged,Medium
TX048011,2023-11-25,CUST9270,Male,66,Groceries,2,149.0,298.0,4,2023,Retired,Medium
TX048012,2023-11-25,CUST0652,Male,24,Clothing,4,285.0,1140.0,4,2023,Teenager,High
TX048013,2023-11-25,CUST6053,Female,32,Electronics,12,288.0,3456.0,4,2023,Youth,High
TX048014,2023-11-25,CUST7807,Female,24,Sports,4,247.0,988.0,4,2023,Teenager,High
TX048015,2023-11-25,CUST2437,Female,70,Sports,13,444.0,5772.0,4,2023,Retired,High
TX048016,2023-11-25,CUST9377,Female,30,Clothing,2,318.0,636.0,4,2023,Youth,High
TX048017,2023-11-25,CUST8994,Male,30,Sports,2,211.0,422.0,4,2023,Youth,Medium
TX048018,2023-11-25,CUST4863,Male,37,Clothing,11,47.0,517.0,4,2023,Youth,High
TX048019,2023-11-25,CUST3143,Female,19,Beauty,16,327.0,5232.0,4,2023,Teenager,High
TX048020,2023-11-25,CUST5033,Female,41,Sports,17,424.0,7208.0,4,2023,Middle Aged,High
TX048021,2023-11-25,CUST8835,Female,70,Groceries,8,234.0,1872.0,4,2023,Retired,High
TX048022,2023-11-25,CUST3023,Male,54,Sports,15,175.0,2625.0,4,2023,Middle Aged,High
TX048023,2023-11-25,CUST0053,Female,20,Electronics,1,182.0,182.0,4,2023,Teenager,Medium
TX048024,2023-11-25,CUST1018,Female,21,Clothing,7,129.0,903.0,4,2023,Teenager,High
TX048025,2023-11-25,CUST0278,Female,23,Sports,20,306.0,6120.0,4,2023,Teenager,High
TX048026,2023-11-25,CUST5549,Female,44,Groceries,19,430.0,8170.0,4,2023,Middle Aged,High
TX048027,2023-11-25,CUST4213,Male,25,Books,14,139.0,1946.0,4,2023,Teenager,High
TX048028,2023-11-25,CUST5150,Male,23,Groceries,4,358.0,1432.0,4,2023,Teenager,High
TX048029,2023-11-25,CUST7579,Female,42,Clothing,7,348.0,2436.0,4,2023,Middle Aged,High
TX048030,2023-11-25,CUST4123,Female,70,Beauty,8,457.0,3656.0,4,2023,Retired,High
TX048031,2023-11-25,CUST4521,Female,55,Groceries,3,433.0,1299.0,4,2023,Middle Aged,High
TX048032,2023-11-25,CUST0571,Male,39,Books,10,65.0,650.0,4,2023,Youth,High
TX048033,2023-11-25,CUST9003,Male,68,Books,16,117.0,1872.0,4,2023,Retired,High
TX048034,2023-11-25,CUST6735,Male,25,Groceries,4,455.0,1820.0,4,2023,Teenager,High
TX048035,2023-11-25,CUST9347,Female,26,Books,3,132.0,396.0,4,2023,Youth,Medium
TX048036,2023-11-25,CUST6433,Female,48,Sports,5,389.0,1945.0,4,2023,Middle Aged,High
TX048037,2023-11-25,CUST8937,Male,68,Groceries,13,84.0,1092.0,4,2023,Retired,High
TX048038,2023-11-25,CUST8286,Female,18,Groceries,4,168.0,672.0,4,2023,,High
TX048039,2023-11-25,CUST7997,Female,70,Books,17,66.0,1122.0,4,2023,Retired,High
TX048040,2023-11-25,CUST9024,Male,29,Clothing,14,202.0,2828.0,4,2023,Youth,High
TX048041,2023-11-25,CUST8139,Male,42,Beauty,3,400.0,1200.0,4,2023,Middle Aged,High
TX048042,2023-11-25,CUST9946,Female,63,Sports,19,123.0,2337.0,4,2023,Retired,High
TX048043,2023-11-25,CUST6591,Female,65,Sports,6,171.0,1026.0,4,2023,Retired,High
TX048044,2023-11-25,CUST3734,Male,21,Clothing,20,424.0,8480.0,4,2023,Teenager,High
TX048045,2023-11-25,CUST2664,Male,35,Groceries,12,453.0,5436.0,4,2023,Youth,High
TX048046,2023-11-25,CUST5996,Female,37,Clothing,8,29.0,232.0,4,2023,Youth,Medium
TX048047,2023-11-25,CUST3064,Male,21,Books,7,460.0,3220.0,4,2023,Teenager,High
TX048048,2023-11-25,CUST0721,Male,62,Groceries,9,94.0,846.0,4,2023,Retired,High
TX048049,2023-11-25,CUST8209,Female,29,Electronics,7,163.0,1141.0,4,2023,Youth,High
TX048050,2023-11-25,CUST2772,Male,20,Sports,2,91.0,182.0,4,2023,Teenager,Medium
TX048051,2023-11-25,CUST9675,Female,20,Electronics,6,358.0,2148.0,4,2023,Teenager,High
TX048052,2023-11-25,CUST3582,Male,65,Beauty,7,134.0,938.0,4,2023,Retired,High
TX048053,2023-11-25,CUST3095,Male,44,Clothing,8,484.0,3872.0,4,2023,Middle Aged,High
TX048054,2023-11-25,CUST9065,Male,63,Electronics,12,437.0,5244.0,4,2023,Retired,High
TX048055,2023-11-25,CUST1794,Male,70,Electronics,10,411.0,4110.0,4,2023,Retired,High
TX048056,2023-11-25,CUST3178,Female,30,Electronics,12,451.0,5412.0,4,2023,Youth,High
TX048057,2023-11-25,CUST2281,Female,58,Sports,11,127.0,1397.0,4,2023,Middle Aged,High
TX048058,2023-11-25,CUST7018,Female,41,Books,3,271.0,813.0,4,2023,Middle Aged,High
TX048059,2023-11-25,CUST9598,Male,18,Sports,11,172.0,1892.0,4,2023,,High
TX048060,2023-11-25,CUST9538,Male,66,Clothing,18,148.0,2664.0,4,2023,Retired,High
TX048061,2023-11-25,CUST1761,Male,54,Sports,11,359.0,3949.0,4,2023,Middle Aged,High
TX048062,2023-11-25,CUST5089,Male,54,Clothing,6,347.0,2082.0,4,2023,Middle Aged,High
TX048063,2023-11-25,CUST5063,Male,62,Electronics,1,260.0,260.0,4,2023,Retired,Medium
TX048064,2023-11-25,CUST1432,Female,30,Books,3,183.0,549.0,4,2023,Youth,High
TX048065,2023-11-25,CUST4030,Female,25,Books,6,69.0,414.0,4,2023,Teenager,Medium
TX048066,2023-11-25,CUST7839,Female,50,Clothing,1,426.0,426.0,4,2023,Middle Aged,Medium
TX048067,2023-11-25,CUST9730,Female,49,Electronics,10,273.0,2730.0,4,2023,Middle Aged,High
TX048068,2023-11-25,CUST2574,Male,26,Clothing,17,102.0,1734.0,4,2023,Youth,High
TX048069,2023-11-25,CUST2286,Female,22,Clothing,12,104.0,1248.0,4,2023,Teenager,High
TX048070,2023-11-25,CUST4881,Female,67,Beauty,8,114.0,912.0,4,2023,Retired,High
TX048071,2023-11-25,CUST3766,Male,48,Books,8,44.0,352.0,4,2023,Middle Aged,Medium
TX048072,2023-11-25,CUST1998,Male,39,Beauty,12,355.0,4260.0,4,2023,Youth,High
TX048073,2023-11-25,CUST4529,Male,54,Clothing,9,116.0,1044.0,4,2023,Middle Aged,High
TX048074,2023-11-25,CUST1923,Female,24,Books,4,140.0,560.0,4,2023,Teenager,High
TX048075,2023-11-25,CUST6654,Female,18,Sports,2,57.0,114.0,4,2023,,Medium
TX048076,2023-11-25,CUST4525,Female,19,Electronics,18,387.0,6966.0,4,2023,Teenager,High
TX048077,2023-11-25,CUST8637,Female,29,Beauty,11,435.0,4785.0,4,2023,Youth,High
TX048078,2023-11-25,CUST5149,Female,20,Clothing,19,368.0,6992.0,4,2023,Teenager,High
TX048079,2023-11-25,CUST4745,Male,23,Clothing,14,353.0,4942.0,4,2023,Teenager,High
TX048080,2023-11-25,CUST9096,Male,61,Groceries,7,338.0,2366.0,4,2023,Retired,High
TX048081,2023-11-25,CUST0611,Female,53,Clothing,8,496.0,3968.0,4,2023,Middle Aged,High
TX048082,2023-11-25,CUST1428,Male,27,Groceries,16,159.0,2544.0,4,2023,Youth,High
TX048083,2023-11-25,CUST8016,Female,34,Sports,4,329.0,1316.0,4,2023,Youth,High
TX048084,2023-11-25,CUST1750,Female,68,Clothing,3,12.0,36.0,4,2023,Retired,Low
TX048085,2023-11-25,CUST2772,Male,41,Groceries,15,249.0,3735.0,4,2023,Middle Aged,High
TX048086,2023-11-25,CUST4615,Male,28,Groceries,17,324.0,5508.0,4,2023,Youth,High
TX048087,2023-11-25,CUST9898,Male,57,Electronics,2,338.0,676.0,4,2023,Middle Aged,High
TX048088,2023-11-25,CUST9083,Male,19,Books,7,498.0,3486.0,4,2023,Teenager,High
TX048089,2023-11-25,CUST4786,Female,57,Clothing,6,187.0,1122.0,4,2023,Middle Aged,High
TX048090,2023-11-25,CUST4879,Male,43,Groceries,8,173.0,1384.0,4,2023,Middle Aged,High
TX048091,2023-11-25,CUST5095,Male,27,Electronics,19,386.0,7334.0,4,2023,Youth,High
TX048092,2023-11-25,CUST2637,Female,53,Books,20,108.0,2160.0,4,2023,Middle Aged,High
TX048093,2023-11-25,CUST1143,Female,51,Beauty,16,239.0,3824.0,4,2023,Middle Aged,High
TX048094,2023-11-25,CUST8290,Male,24,Books,16,101.0,1616.0,4,2023,Teenager,High
TX048095,2023-11-25,CUST9923,Male,25,Clothing,8,385.0,3080.0,4,2023,Teenager,High
TX048096,2023-11-25,CUST8171,Female,59,Clothing,13,172.0,2236.0,4,2023,Middle Aged,High
TX048097,2023-11-25,CUST0983,Male,62,Groceries,12,258.0,3096.0,4,2023,Retired,High
TX048098,2023-11-25,CUST9623,Male,19,Groceries,13,491.0,6383.0,4,2023,Teenager,High
TX048099,2023-11-25,CUST5431,Female,55,Books,9,74.0,666.0,4,2023,Middle Aged,High
TX048100,2023-11-25,CUST1352,Female,27,Books,2,117.0,234.0,4,2023,Youth,Medium
TX048101,2023-11-25,CUST9902,Female,34,Clothing,17,465.0,7905.0,4,2023,Youth,High
TX048102,2023-11-25,CUST5666,Female,28,Books,13,193.0,2509.0,4,2023,Youth,High
TX048103,2023-11-25,CUST2153,Female,20,Books,16,163.0,2608.0,4,2023,Teenager,High
TX048104,2023-11-25,CUST5985,Male,64,Electronics,20,472.0,9440.0,4,2023,Retired,High
TX048105,2023-11-25,CUST1508,Male,66,Clothing,12,260.0,3120.0,4,2023,Retired,High
TX048106,2023-11-25,CUST0378,Female,24,Sports,18,478.0,8604.0,4,2023,Teenager,High
TX048107,2023-11-25,CUST6579,Female,26,Groceries,9,134.0,1206.0,4,2023,Youth,High
TX048108,2023-11-25,CUST8264,Female,27,Electronics,2,37.0,74.0,4,2023,Youth,Low
TX048109,2023-11-25,CUST1679,Female,27,Groceries,20,259.0,5180.0,4,2023,Youth,High
TX048110,2023-11-25,CUST0423,Male,34,Beauty,8,55.0,440.0,4,2023,Youth,Medium
TX048111,2023-11-25,CUST9636,Female,19,Beauty,20,132.0,2640.0,4,2023,Teenager,High
TX048112,2023-11-25,CUST8408,Male,28,Clothing,7,475.0,3325.0,4,2023,Youth,High
TX048113,2023-11-25,CUST8057,Male,54,Books,12,480.0,5760.0,4,2023,Middle Aged,High
TX048114,2023-11-25,CUST9011,Male,68,Books,3,147.0,441.0,4,2023,Retired,Medium
TX048115,2023-11-25,CUST7541,Male,19,Sports,8,429.0,3432.0,4,2023,Teenager,High
TX048116,2023-11-25,CUST7918,Male,22,Beauty,17,358.0,6086.0,4,2023,Teenager,High
TX048117,2023-11-25,CUST7904,Male,47,Beauty,5,396.0,1980.0,4,2023,Middle Aged,High
TX048118,2023-11-25,CUST2083,Female,21,Sports,7,47.0,329.0,4,2023,Teenager,Medium
TX048119,2023-11-25,CUST2358,Female,49,Clothing,7,16.0,112.0,4,2023,Middle Aged,Medium
TX048120,2023-11-25,CUST3824,Female,68,Beauty,19,369.0,7011.0,4,2023,Retired,High
TX048121,2023-11-25,CUST5561,Male,32,Clothing,2,149.0,298.0,4,2023,Youth,Medium
TX048122,2023-11-25,CUST7928,Female,32,Beauty,13,393.0,5109.0,4,2023,Youth,High
TX048123,2023-11-25,CUST2672,Male,26,Groceries,12,449.0,5388.0,4,2023,Youth,High
TX048124,2023-11-25,CUST6512,Female,32,Groceries,8,182.0,1456.0,4,2023,Youth,High
TX048125,2023-11-25,CUST3314,Male,50,Clothing,13,453.0,5889.0,4,2023,Middle Aged,High
TX048126,2023-11-25,CUST5298,Male,19,Beauty,8,373.0,2984.0,4,2023,Teenager,High
TX048127,2023-11-25,CUST6135,Male,55,Clothing,17,368.0,6256.0,4,2023,Middle Aged,High
TX048128,2023-11-25,CUST6150,Male,52,Beauty,4,52.0,208.0,4,2023,Middle Aged,Medium
TX048129,2023-11-25,CUST4007,Female,27,Sports,17,46.0,782.0,4,2023,Youth,High
TX048130,2023-11-25,CUST1266,Male,34,Groceries,7,157.0,1099.0,4,2023,Youth,High
TX048131,2023-11-25,CUST4098,Male,50,Clothing,11,209.0,2299.0,4,2023,Middle Aged,High
TX048132,2023-11-25,CUST0783,Male,47,Books,13,229.0,2977.0,4,2023,Middle Aged,High
TX048133,2023-11-25,CUST5133,Male,54,Beauty,2,324.0,648.0,4,2023,Middle Aged,High
TX048134,2023-11-25,CUST4328,Female,66,Groceries,3,129.0,387.0,4,2023,Retired,Medium
TX048135,2023-11-25,CUST6667,Female,22,Sports,4,376.0,1504.0,4,2023,Teenager,High
TX048136,2023-11-25,CUST6032,Male,45,Clothing,17,189.0,3213.0,4,2023,Middle Aged,High
TX048137,2023-11-25,CUST5477,Female,56,Books,11,478.0,5258.0,4,2023,Middle Aged,High
TX048138,2023-11-25,CUST0343,Female,56,Sports,19,456.0,8664.0,4,2023,Middle Aged,High
TX048139,2023-11-25,CUST3502,Female,29,Groceries,19,469.0,8911.0,4,2023,Youth,High
TX048140,2023-11-25,CUST9544,Male,39,Groceries,18,180.0,3240.0,4,2023,Youth,High
TX048141,2023-11-25,CUST1446,Male,28,Sports,3,491.0,1473.0,4,2023,Youth,High
TX048142,2023-11-25,CUST1957,Male,50,Books,10,334.0,3340.0,4,2023,Middle Aged,High
TX048143,2023-11-25,CUST3319,Male,63,Electronics,15,469.0,7035.0,4,2023,Retired,High
TX048144,2023-11-25,CUST2451,Male,19,Clothing,14,500.0,7000.0,4,2023,Teenager,High
TX048145,2023-11-25,CUST0075,Female,22,Beauty,2,280.0,560.0,4,2023,Teenager,High
TX048146,2023-11-25,CUST7430,Female,40,Sports,13,29.0,377.0,4,2023,Youth,Medium
TX048147,2023-11-25,CUST4496,Female,41,Clothing,18,20.0,360.0,4,2023,Middle Aged,Medium
TX048148,2023-11-25,CUST6756,Female,18,Groceries,1,223.0,223.0,4,2023,,Medium
TX048149,2023-11-25,CUST9161,Male,39,Books,17,347.0,5899.0,4,2023,Youth,High
TX048150,2023-11-25,CUST1137,Male,62,Electronics,13,298.0,3874.0,4,2023,Retired,High
TX048151,2023-11-25,CUST5232,Male,23,Groceries,14,74.0,1036.0,4,2023,Teenager,High
TX048152,2023-11-25,CUST5468,Male,66,Groceries,17,209.0,3553.0,4,2023,Retired,High
TX048153,2023-11-25,CUST9745,Female,23,Groceries,4,116.0,464.0,4,2023,Teenager,Medium
TX048154,2023-11-25,CUST2944,Male,66,Electronics,10,305.0,3050.0,4,2023,Retired,High
TX048155,2023-11-25,CUST3921,Female,61,Sports,8,229.0,1832.0,4,2023,Retired,High
TX048156,2023-11-25,CUST2019,Male,51,Clothing,8,404.0,3232.0,4,2023,Middle Aged,High
TX048157,2023-11-25,CUST1751,Female,20,Electronics,4,195.0,780.0,4,2023,Teenager,High
TX048158,2023-11-25,CUST0737,Male,23,Sports,18,387.0,6966.0,4,2023,Teenager,High
TX048159,2023-11-25,CUST7607,Female,36,Books,19,299.0,5681.0,4,2023,Youth,High
TX048160,2023-11-25,CUST6880,Female,63,Electronics,13,485.0,6305.0,4,2023,Retired,High
TX048161,2023-11-25,CUST1769,Female,30,Clothing,3,41.0,123.0,4,2023,Youth,Medium
TX048162,2023-11-25,CUST1182,Male,51,Beauty,11,243.0,2673.0,4,2023,Middle Aged,High
TX048163,2023-11-25,CUST0452,Female,63,Sports,8,314.0,2512.0,4,2023,Retired,High
TX048164,2023-11-25,CUST7777,Female,46,Electronics,2,313.0,626.0,4,2023,Middle Aged,High
TX048165,2023-11-25,CUST8394,Male,62,Groceries,12,185.0,2220.0,4,2023,Retired,High
TX048166,2023-11-25,CUST0603,Male,40,Electronics,10,425.0,4250.0,4,2023,Youth,High
TX048167,2023-11-25,CUST1644,Female,66,Electronics,9,479.0,4311.0,4,2023,Retired,High
TX048168,2023-11-25,CUST2332,Male,49,Beauty,7,278.0,1946.0,4,2023,Middle Aged,High
TX048169,2023-11-25,CUST3735,Female,36,Sports,9,239.0,2151.0,4,2023,Youth,High
TX048170,2023-11-25,CUST5490,Female,43,Books,18,184.0,3312.0,4,2023,Middle Aged,High
TX048171,2023-11-25,CUST8825,Female,49,Books,14,392.0,5488.0,4,2023,Middle Aged,High
TX048172,2023-11-25,CUST1778,Female,41,Clothing,15,114.0,1710.0,4,2023,Middle Aged,High
TX048173,2023-11-25,CUST6711,Male,29,Electronics,13,301.0,3913.0,4,2023,Youth,High
TX048174,2023-11-25,CUST1465,Female,24,Clothing,14,206.0,2884.0,4,2023,Teenager,High
TX048175,2023-11-25,CUST1765,Male,65,Groceries,7,454.0,3178.0,4,2023,Retired,High
TX048176,2023-11-25,CUST8116,Male,63,Beauty,20,228.0,4560.0,4,2023,Retired,High
TX048177,2023-11-25,CUST8149,Female,43,Groceries,4,452.0,1808.0,4,2023,Middle Aged,High
TX048178,2023-11-25,CUST5353,Female,32,Sports,9,387.0,3483.0,4,2023,Youth,High
TX048179,2023-11-25,CUST5479,Female,52,Groceries,7,94.0,658.0,4,2023,Middle Aged,High
TX048180,2023-11-25,CUST2595,Female,44,Books,20,212.0,4240.0,4,2023,Middle Aged,High
TX048181,2023-11-25,CUST9299,Male,30,Sports,13,475.0,6175.0,4,2023,Youth,High
TX048182,2023-11-25,CUST1895,Female,46,Beauty,12,82.0,984.0,4,2023,Middle Aged,High
TX048183,2023-11-25,CUST7990,Male,44,Books,10,136.0,1360.0,4,2023,Middle Aged,High
TX048184,2023-11-25,CUST2616,Female,57,Clothing,18,364.0,6552.0,4,2023,Middle Aged,High
TX048185,2023-11-25,CUST5792,Male,60,Electronics,5,254.0,1270.0,4,2023,Middle Aged,High
TX048186,2023-11-25,CUST4439,Male,21,Electronics,13,140.0,1820.0,4,2023,Teenager,High
TX048187,2023-11-25,CUST6093,Male,45,Beauty,12,258.0,3096.0,4,2023,Middle Aged,High
TX048188,2023-11-25,CUST5212,Female,67,Groceries,16,100.0,1600.0,4,2023,Retired,High
TX048189,2023-11-25,CUST5983,Female,70,Clothing,17,375.0,6375.0,4,2023,Retired,High
TX048190,2023-11-25,CUST6264,Female,67,Groceries,15,484.0,7260.0,4,2023,Retired,High
TX048191,2023-11-25,CUST3997,Male,40,Groceries,5,389.0,1945.0,4,2023,Youth,High
TX048192,2023-11-25,CUST0402,Male,60,Clothing,18,458.0,8244.0,4,2023,Middle Aged,High
TX048193,2023-11-25,CUST5984,Female,63,Sports,1,61.0,61.0,4,2023,Retired,Low
TX048194,2023-11-25,CUST5273,Male,34,Beauty,11,26.0,286.0,4,2023,Youth,Medium
TX048195,2023-11-25,CUST4169,Male,22,Beauty,10,170.0,1700.0,4,2023,Teenager,High
TX048196,2023-11-25,CUST2382,Female,45,Electronics,5,65.0,325.0,4,2023,Middle Aged,Medium
TX048197,2023-11-25,CUST6456,Male,18,Sports,11,487.0,5357.0,4,2023,,High
TX048198,2023-11-25,CUST8957,Female,66,Books,4,415.0,1660.0,4,2023,Retired,High
TX048199,2023-11-25,CUST9295,Female,64,Electronics,9,42.0,378.0,4,2023,Retired,Medium
TX048200,2023-11-25,CUST1469,Male,68,Books,1,155.0,155.0,4,2023,Retired,Medium
TX048201,2023-11-25,CUST8097,Male,48,Sports,6,256.0,1536.0,4,2023,Middle Aged,High
TX048202,2023-11-25,CUST3405,Female,48,Beauty,4,423.0,1692.0,4,2023,Middle Aged,High
TX048203,2023-11-25,CUST2781,Male,48,Sports,8,141.0,1128.0,4,2023,Middle Aged,High
TX048204,2023-11-25,CUST3764,Female,57,Sports,10,467.0,4670.0,4,2023,Middle Aged,High
TX048205,2023-11-25,CUST5939,Male,19,Sports,17,27.0,459.0,4,2023,Teenager,Medium
TX048206,2023-11-25,CUST6929,Male,54,Clothing,17,422.0,7174.0,4,2023,Middle Aged,High
TX048207,2023-11-25,CUST8412,Female,33,Books,17,226.0,3842.0,4,2023,Youth,High
TX048208,2023-11-25,CUST9059,Male,63,Sports,16,125.0,2000.0,4,2023,Retired,High
TX048209,2023-11-25,CUST1243,Male,19,Books,9,50.0,450.0,4,2023,Teenager,Medium
TX048210,2023-11-25,CUST5831,Male,37,Electronics,20,261.0,5220.0,4,2023,Youth,High
TX048211,2023-11-25,CUST8225,Female,69,Clothing,8,20.0,160.0,4,2023,Retired,Medium
TX048212,2023-11-25,CUST8994,Female,23,Beauty,9,482.0,4338.0,4,2023,Teenager,High
TX048213,2023-11-25,CUST0519,Male,49,Beauty,17,187.0,3179.0,4,2023,Middle Aged,High
TX048214,2023-11-25,CUST2477,Male,20,Electronics,20,136.0,2720.0,4,2023,Teenager,High
TX048215,2023-11-25,CUST5385,Female,63,Groceries,14,441.0,6174.0,4,2023,Retired,High
TX048216,2023-11-25,CUST1705,Female,32,Clothing,10,71.0,710.0,4,2023,Youth,High
TX048217,2023-11-25,CUST1315,Female,59,Sports,3,114.0,342.0,4,2023,Middle Aged,Medium
TX048218,2023-11-25,CUST1407,Female,43,Clothing,2,405.0,810.0,4,2023,Middle Aged,High
TX048219,2023-11-25,CUST3724,Male,28,Clothing,10,53.0,530.0,4,2023,Youth,High
TX048220,2023-11-25,CUST4141,Female,58,Sports,9,86.0,774.0,4,2023,Middle Aged,High
TX048221,2023-11-25,CUST6090,Female,68,Groceries,20,257.0,5140.0,4,2023,Retired,High
TX048222,2023-11-25,CUST6020,Male,31,Electronics,2,131.0,262.0,4,2023,Youth,Medium
TX048223,2023-11-25,CUST0979,Male,52,Sports,5,173.0,865.0,4,2023,Middle Aged,High
TX048224,2023-11-25,CUST3022,Female,66,Beauty,6,263.0,1578.0,4,2023,Retired,High
TX048225,2023-11-25,CUST9172,Female,21,Clothing,16,121.0,1936.0,4,2023,Teenager,High
TX048226,2023-11-25,CUST8655,Male,20,Groceries,6,278.0,1668.0,4,2023,Teenager,High
TX048227,2023-11-25,CUST4186,Female,39,Electronics,8,356.0,2848.0,4,2023,Youth,High
TX048228,2023-11-25,CUST6900,Male,42,Books,8,37.0,296.0,4,2023,Middle Aged,Medium
TX048229,2023-11-25,CUST1290,Female,57,Books,18,183.0,3294.0,4,2023,Middle Aged,High
TX048230,2023-11-25,CUST2080,Male,68,Clothing,12,177.0,2124.0,4,2023,Retired,High
TX048231,2023-11-25,CUST3464,Female,63,Beauty,1,189.0,189.0,4,2023,Retired,Medium
TX048232,2023-11-25,CUST5332,Female,28,Beauty,4,389.0,1556.0,4,2023,Youth,High
TX048233,2023-11-25,CUST6259,Female,48,Books,17,375.0,6375.0,4,2023,Middle Aged,High
TX048234,2023-11-25,CUST9535,Male,44,Clothing,1,339.0,339.0,4,2023,Middle Aged,Medium
TX048235,2023-11-25,CUST7329,Male,39,Beauty,12,452.0,5424.0,4,2023,Youth,High
TX048236,2023-11-25,CUST5891,Male,18,Beauty,12,306.0,3672.0,4,2023,,High
TX048237,2023-11-25,CUST1485,Male,35,Electronics,13,490.0,6370.0,4,2023,Youth,High
TX048238,2023-11-25,CUST9355,Female,42,Clothing,13,89.0,1157.0,4,2023,Middle Aged,High
TX048239,2023-11-25,CUST3383,Female,61,Clothing,8,148.0,1184.0,4,2023,Retired,High
TX048240,2023-11-25,CUST7023,Male,61,Electronics,1,121.0,121.0,4,2023,Retired,Medium
TX048241,2023-11-25,CUST3120,Male,55,Beauty,11,54.0,594.0,4,2023,Middle Aged,High
TX048242,2023-11-25,CUST4796,Female,52,Books,14,302.0,4228.0,4,2023,Middle Aged,High
TX048243,2023-11-25,CUST2094,Male,52,Beauty,16,94.0,1504.0,4,2023,Middle Aged,High
TX048244,2023-11-25,CUST6538,Female,50,Beauty,14,467.0,6538.0,4,2023,Middle Aged,High
TX048245,2023-11-25,CUST3232,Female,46,Books,20,408.0,8160.0,4,2023,Middle Aged,High
TX048246,2023-11-25,CUST1157,Male,32,Clothing,7,135.0,945.0,4,2023,Youth,High
TX048247,2023-11-25,CUST6120,Male,19,Books,14,462.0,6468.0,4,2023,Teenager,High
TX048248,2023-11-25,CUST8955,Male,57,Books,1,219.0,219.0,4,2023,Middle Aged,Medium
TX048249,2023-11-25,CUST4275,Female,28,Groceries,13,88.0,1144.0,4,2023,Youth,High
TX048250,2023-11-25,CUST0517,Male,63,Sports,11,383.0,4213.0,4,2023,Retired,High
TX048251,2023-11-25,CUST5697,Male,69,Sports,7,293.0,2051.0,4,2023,Retired,High
TX048252,2023-11-25,CUST9561,Male,63,Sports,6,128.0,768.0,4,2023,Retired,High
TX048253,2023-11-25,CUST0139,Female,53,Electronics,12,256.0,3072.0,4,2023,Middle Aged,High
TX048254,2023-11-25,CUST9259,Male,31,Beauty,5,491.0,2455.0,4,2023,Youth,High
TX048255,2023-11-25,CUST8836,Female,60,Books,1,455.0,455.0,4,2023,Middle Aged,Medium
TX048256,2023-11-25,CUST3100,Female,30,Clothing,3,29.0,87.0,4,2023,Youth,Low
TX048257,2023-11-25,CUST4911,Male,57,Clothing,4,454.0,1816.0,4,2023,Middle Aged,High
TX048258,2023-11-25,CUST3405,Male,48,Beauty,20,63.0,1260.0,4,2023,Middle Aged,High
TX048259,2023-11-25,CUST2588,Male,19,Electronics,2,39.0,78.0,4,2023,Teenager,Low
TX048260,2023-11-25,CUST4595,Female,18,Books,10,163.0,1630.0,4,2023,,High
TX048261,2023-11-25,CUST6984,Female,45,Clothing,20,480.0,9600.0,4,2023,Middle Aged,High
TX048262,2023-11-25,CUST4308,Male,60,Clothing,13,465.0,6045.0,4,2023,Middle Aged,High
TX048263,2023-11-25,CUST2531,Male,22,Sports,7,166.0,1162.0,4,2023,Teenager,High
TX048264,2023-11-25,CUST7056,Female,44,Sports,15,336.0,5040.0,4,2023,Middle Aged,High
TX048265,2023-11-25,CUST9849,Female,21,Books,13,483.0,6279.0,4,2023,Teenager,High
TX048266,2023-11-25,CUST1208,Male,60,Clothing,13,372.0,4836.0,4,2023,Middle Aged,High
TX048267,2023-11-25,CUST5258,Male,35,Sports,1,100.0,100.0,4,2023,Youth,Low
TX048268,2023-11-25,CUST3559,Female,42,Books,19,19.0,361.0,4,2023,Middle Aged,Medium
TX048269,2023-11-25,CUST1857,Female,22,Groceries,3,486.0,1458.0,4,2023,Teenager,High
TX048270,2023-11-25,CUST9107,Male,29,Groceries,15,317.0,4755.0,4,2023,Youth,High
TX048271,2023-11-25,CUST1208,Male,44,Clothing,10,226.0,2260.0,4,2023,Middle Aged,High
TX048272,2023-11-25,CUST4977,Male,57,Clothing,17,375.0,6375.0,4,2023,Middle Aged,High
TX048273,2023-11-25,CUST8915,Female,40,Books,3,233.0,699.0,4,2023,Youth,High
TX048274,2023-11-25,CUST1911,Female,22,Books,16,357.0,5712.0,4,2023,Teenager,High
TX048275,2023-11-25,CUST1740,Female,39,Electronics,20,55.0,1100.0,4,2023,Youth,High
TX048276,2023-11-25,CUST6517,Male,68,Electronics,7,172.0,1204.0,4,2023,Retired,High
TX048277,2023-11-25,CUST7375,Male,69,Groceries,20,200.0,4000.0,4,2023,Retired,High
TX048278,2023-11-25,CUST2036,Female,48,Electronics,5,289.0,1445.0,4,2023,Middle Aged,High
TX048279,2023-11-25,CUST1216,Male,57,Books,3,217.0,651.0,4,2023,Middle Aged,High
TX048280,2023-11-25,CUST2120,Female,30,Sports,18,30.0,540.0,4,2023,Youth,High
TX048281,2023-11-25,CUST9149,Female,35,Groceries,16,176.0,2816.0,4,2023,Youth,High
TX048282,2023-11-25,CUST7578,Female,68,Books,10,432.0,4320.0,4,2023,Retired,High
TX048283,2023-11-25,CUST2368,Male,53,Clothing,7,359.0,2513.0,4,2023,Middle Aged,High
TX048284,2023-11-25,CUST9056,Female,41,Sports,5,83.0,415.0,4,2023,Middle Aged,Medium
TX048285,2023-11-25,CUST6082,Male,43,Electronics,6,197.0,1182.0,4,2023,Middle Aged,High
TX048286,2023-11-25,CUST9985,Female,28,Beauty,7,441.0,3087.0,4,2023,Youth,High
TX048287,2023-11-25,CUST4322,Female,67,Clothing,18,377.0,6786.0,4,2023,Retired,High
TX048288,2023-11-25,CUST3615,Male,68,Clothing,10,412.0,4120.0,4,2023,Retired,High
TX048289,2023-11-25,CUST8116,Male,42,Books,7,102.0,714.0,4,2023,Middle Aged,High
TX048290,2023-11-25,CUST7304,Male,63,Sports,14,450.0,6300.0,4,2023,Retired,High
TX048291,2023-11-25,CUST4471,Female,28,Electronics,18,251.0,4518.0,4,2023,Youth,High
TX048292,2023-11-25,CUST2346,Female,20,Electronics,20,266.0,5320.0,4,2023,Teenager,High
TX048293,2023-11-25,CUST9821,Male,40,Clothing,4,487.0,1948.0,4,2023,Youth,High
TX048294,2023-11-25,CUST0016,Female,29,Clothing,5,346.0,1730.0,4,2023,Youth,High
TX048295,2023-11-25,CUST6796,Female,18,Beauty,11,316.0,3476.0,4,2023,,High
TX048296,2023-11-25,CUST5995,Male,46,Electronics,6,159.0,954.0,4,2023,Middle Aged,High
TX048297,2023-11-25,CUST5522,Male,44,Groceries,8,289.0,2312.0,4,2023,Middle Aged,High
TX048298,2023-11-25,CUST1605,Female,54,Sports,4,354.0,1416.0,4,2023,Middle Aged,High
TX048299,2023-11-25,CUST2936,Female,63,Clothing,5,145.0,725.0,4,2023,Retired,High
TX048300,2023-11-25,CUST3558,Male,40,Sports,3,216.0,648.0,4,2023,Youth,High
TX048301,2023-11-25,CUST1166,Male,47,Beauty,1,414.0,414.0,4,2023,Middle Aged,Medium
TX048302,2023-11-25,CUST2369,Male,48,Beauty,3,90.0,270.0,4,2023,Middle Aged,Medium
TX048303,2023-11-25,CUST7991,Male,61,Books,4,10.0,40.0,4,2023,Retired,Low
TX048304,2023-11-25,CUST1268,Female,40,Groceries,14,16.0,224.0,4,2023,Youth,Medium
TX048305,2023-11-25,CUST8498,Male,29,Clothing,6,210.0,1260.0,4,2023,Youth,High
TX048306,2023-11-25,CUST7898,Female,54,Electronics,17,27.0,459.0,4,2023,Middle Aged,Medium
TX048307,2023-11-25,CUST7622,Female,40,Sports,2,487.0,974.0,4,2023,Youth,High
TX048308,2023-11-25,CUST0247,Female,37,Groceries,6,179.0,1074.0,4,2023,Youth,High
TX048309,2023-11-25,CUST5339,Male,50,Groceries,9,24.0,216.0,4,2023,Middle Aged,Medium
TX048310,2023-11-25,CUST9801,Male,55,Groceries,9,177.0,1593.0,4,2023,Middle Aged,High
TX048311,2023-11-25,CUST9339,Female,46,Electronics,11,274.0,3014.0,4,2023,Middle Aged,High
TX048312,2023-11-25,CUST7741,Female,24,Groceries,2,256.0,512.0,4,2023,Teenager,High
TX048313,2023-11-25,CUST7135,Female,50,Electronics,1,415.0,415.0,4,2023,Middle Aged,Medium
TX048314,2023-11-25,CUST6191,Female,38,Electronics,1,36.0,36.0,4,2023,Youth,Low
TX048315,2023-11-25,CUST2618,Male,50,Beauty,7,395.0,2765.0,4,2023,Middle Aged,High
TX048316,2023-11-25,CUST2420,Female,36,Groceries,1,455.0,455.0,4,2023,Youth,Medium
TX048317,2023-11-25,CUST5888,Female,64,Books,16,301.0,4816.0,4,2023,Retired,High
TX048318,2023-11-25,CUST2140,Female,53,Books,10,413.0,4130.0,4,2023,Middle Aged,High
TX048319,2023-11-25,CUST8418,Female,20,Clothing,8,203.0,1624.0,4,2023,Teenager,High
TX048320,2023-11-25,CUST7446,Female,56,Groceries,5,253.0,1265.0,4,2023,Middle Aged,High
TX048321,2023-11-25,CUST2110,Female,52,Books,9,82.0,738.0,4,2023,Middle Aged,High
TX048322,2023-11-25,CUST5869,Male,70,Electronics,19,436.0,8284.0,4,2023,Retired,High
TX048323,2023-11-25,CUST8845,Male,28,Beauty,17,329.0,5593.0,4,2023,Youth,High
TX048324,2023-11-25,CUST5431,Male,38,Electronics,7,345.0,2415.0,4,2023,Youth,High
TX048325,2023-11-25,CUST5190,Male,57,Beauty,5,478.0,2390.0,4,2023,Middle Aged,High
TX048326,2023-11-25,CUST1983,Female,26,Clothing,12,26.0,312.0,4,2023,Youth,Medium
TX048327,2023-11-25,CUST9878,Male,45,Clothing,4,434.0,1736.0,4,2023,Middle Aged,High
TX048328,2023-11-25,CUST6005,Male,24,Clothing,19,473.0,8987.0,4,2023,Teenager,High
TX048329,2023-11-25,CUST7266,Male,41,Beauty,10,85.0,850.0,4,2023,Middle Aged,High
TX048330,2023-11-25,CUST2825,Female,23,Beauty,9,84.0,756.0,4,2023,Teenager,High
TX048331,2023-11-25,CUST9958,Female,57,Books,8,456.0,3648.0,4,2023,Middle Aged,High
TX048332,2023-11-25,CUST8477,Female,54,Groceries,5,347.0,1735.0,4,2023,Middle Aged,High
TX048333,2023-11-25,CUST2252,Male,33,Groceries,1,378.0,378.0,4,2023,Youth,Medium
TX048334,2023-11-25,CUST0706,Female,48,Electronics,12,414.0,4968.0,4,2023,Middle Aged,High
TX048335,2023-11-25,CUST7877,Male,37,Books,6,492.0,2952.0,4,2023,Youth,High
TX048336,2023-11-25,CUST3433,Female,24,Beauty,8,127.0,1016.0,4,2023,Teenager,High
TX048337,2023-11-25,CUST9407,Male,27,Electronics,9,108.0,972.0,4,2023,Youth,High
TX048338,2023-11-25,CUST2340,Female,29,Books,20,313.0,6260.0,4,2023,Youth,High
TX048339,2023-11-25,CUST7541,Male,53,Beauty,20,411.0,8220.0,4,2023,Middle Aged,High
TX048340,2023-11-25,CUST5326,Female,68,Groceries,17,320.0,5440.0,4,2023,Retired,High
TX048341,2023-11-25,CUST8529,Male,33,Sports,10,472.0,4720.0,4,2023,Youth,High
TX048342,2023-11-25,CUST6175,Male,31,Clothing,19,18.0,342.0,4,2023,Youth,Medium
TX048343,2023-11-25,CUST7374,Female,42,Beauty,10,162.0,1620.0,4,2023,Middle Aged,High
TX048344,2023-11-25,CUST3559,Female,30,Books,16,297.0,4752.0,4,2023,Youth,High
TX048345,2023-11-25,CUST6892,Male,46,Electronics,2,30.0,60.0,4,2023,Middle Aged,Low
TX048346,2023-11-25,CUST8434,Male,37,Beauty,4,55.0,220.0,4,2023,Youth,Medium
TX048347,2023-11-25,CUST3392,Female,42,Beauty,6,181.0,1086.0,4,2023,Middle Aged,High
TX048348,2023-11-25,CUST7951,Male,30,Electronics,11,152.0,1672.0,4,2023,Youth,High
TX048349,2023-11-25,CUST8298,Male,37,Electronics,16,353.0,5648.0,4,2023,Youth,High
TX048350,2023-11-25,CUST9266,Male,58,Beauty,20,222.0,4440.0,4,2023,Middle Aged,High
TX048351,2023-11-25,CUST5239,Female,23,Clothing,18,225.0,4050.0,4,2023,Teenager,High
TX048352,2023-11-25,CUST3414,Female,54,Beauty,5,265.0,1325.0,4,2023,Middle Aged,High
TX048353,2023-11-25,CUST8754,Female,25,Beauty,8,486.0,3888.0,4,2023,Teenager,High
TX048354,2023-11-25,CUST1301,Male,24,Books,5,155.0,775.0,4,2023,Teenager,High
TX048355,2023-11-25,CUST4124,Female,39,Beauty,19,172.0,3268.0,4,2023,Youth,High
TX048356,2023-11-25,CUST5690,Male,50,Beauty,4,12.0,48.0,4,2023,Middle Aged,Low
TX048357,2023-11-25,CUST0211,Male,22,Electronics,2,422.0,844.0,4,2023,Teenager,High
TX048358,2023-11-25,CUST4435,Female,37,Groceries,7,149.0,1043.0,4,2023,Youth,High
TX048359,2023-11-25,CUST2958,Male,36,Clothing,7,229.0,1603.0,4,2023,Youth,High
TX048360,2023-11-25,CUST2841,Male,46,Beauty,3,105.0,315.0,4,2023,Middle Aged,Medium
TX048361,2023-11-25,CUST8285,Male,68,Sports,10,432.0,4320.0,4,2023,Retired,High
TX048362,2023-11-25,CUST1315,Male,18,Beauty,11,197.0,2167.0,4,2023,,High
TX048363,2023-11-25,CUST2127,Female,36,Electronics,5,242.0,1210.0,4,2023,Youth,High
TX048364,2023-11-25,CUST0511,Female,38,Clothing,9,418.0,3762.0,4,2023,Youth,High
TX048365,2023-11-25,CUST7631,Female,47,Sports,2,312.0,624.0,4,2023,Middle Aged,High
TX048366,2023-11-25,CUST0579,Female,66,Clothing,9,200.0,1800.0,4,2023,Retired,High
TX048367,2023-11-25,CUST9067,Male,61,Beauty,16,335.0,5360.0,4,2023,Retired,High
TX048368,2023-11-25,CUST9194,Male,27,Electronics,8,480.0,3840.0,4,2023,Youth,High
TX048369,2023-11-25,CUST0874,Female,38,Groceries,13,154.0,2002.0,4,2023,Youth,High
TX048370,2023-11-25,CUST7166,Male,40,Groceries,17,101.0,1717.0,4,2023,Youth,High
TX048371,2023-11-25,CUST1357,Male,40,Beauty,14,290.0,4060.0,4,2023,Youth,High
TX048372,2023-11-25,CUST9721,Female,67,Electronics,18,414.0,7452.0,4,2023,Retired,High
TX048373,2023-11-25,CUST4081,Female,52,Electronics,2,55.0,110.0,4,2023,Middle Aged,Medium
TX048374,2023-11-25,CUST8655,Female,70,Beauty,6,24.0,144.0,4,2023,Retired,Medium
TX048375,2023-11-25,CUST6139,Male,31,Beauty,2,246.0,492.0,4,2023,Youth,Medium
TX048376,2023-11-25,CUST8290,Female,70,Books,17,132.0,2244.0,4,2023,Retired,High
TX048377,2023-11-25,CUST4277,Male,37,Beauty,1,81.0,81.0,4,2023,Youth,Low
TX048378,2023-11-25,CUST8449,Female,54,Beauty,11,331.0,3641.0,4,2023,Middle Aged,High
TX048379,2023-11-25,CUST5384,Male,25,Clothing,9,378.0,3402.0,4,2023,Teenager,High
TX048380,2023-11-25,CUST4976,Female,48,Sports,16,12.0,192.0,4,2023,Middle Aged,Medium
TX048381,2023-11-25,CUST1984,Male,32,Clothing,9,126.0,1134.0,4,2023,Youth,High
TX048382,2023-11-25,CUST1894,Female,23,Sports,11,279.0,3069.0,4,2023,Teenager,High
TX048383,2023-11-25,CUST4318,Female,39,Groceries,20,86.0,1720.0,4,2023,Youth,High
TX048384,2023-11-25,CUST3980,Female,64,Sports,13,289.0,3757.0,4,2023,Retired,High
TX048385,2023-11-25,CUST4179,Female,65,Books,13,50.0,650.0,4,2023,Retired,High
TX048386,2023-11-25,CUST1985,Female,40,Beauty,2,410.0,820.0,4,2023,Youth,High
TX048387,2023-11-25,CUST1892,Female,63,Sports,4,202.0,808.0,4,2023,Retired,High
TX048388,2023-11-25,CUST9414,Male,50,Electronics,6,466.0,2796.0,4,2023,Middle Aged,High
TX048389,2023-11-25,CUST6105,Female,35,Books,3,281.0,843.0,4,2023,Youth,High
TX048390,2023-11-25,CUST8201,Female,40,Electronics,15,229.0,3435.0,4,2023,Youth,High
TX048391,2023-11-25,CUST2882,Female,70,Clothing,12,234.0,2808.0,4,2023,Retired,High
TX048392,2023-11-25,CUST9365,Male,20,Sports,18,421.0,7578.0,4,2023,Teenager,High
TX048393,2023-11-25,CUST4345,Female,33,Sports,18,61.0,1098.0,4,2023,Youth,High
TX048394,2023-11-25,CUST3586,Female,65,Books,9,308.0,2772.0,4,2023,Retired,High
TX048395,2023-11-25,CUST9909,Female,52,Beauty,5,436.0,2180.0,4,2023,Middle Aged,High
TX048396,2023-11-25,CUST8714,Female,44,Sports,12,213.0,2556.0,4,2023,Middle Aged,High
TX048397,2023-11-25,CUST0898,Male,68,Beauty,4,452.0,1808.0,4,2023,Retired,High
TX048398,2023-11-25,CUST1505,Male,53,Groceries,20,117.0,2340.0,4,2023,Middle Aged,High
TX048399,2023-11-25,CUST8140,Male,40,Books,2,63.0,126.0,4,2023,Youth,Medium
TX048400,2023-11-25,CUST4833,Male,24,Groceries,11,79.0,869.0,4,2023,Teenager,High
TX048401,2023-11-25,CUST5474,Female,23,Clothing,5,202.0,1010.0,4,2023,Teenager,High
TX048402,2023-11-25,CUST1082,Female,68,Clothing,1,256.0,256.0,4,2023,Retired,Medium
TX048403,2023-11-25,CUST0307,Male,51,Sports,17,54.0,918.0,4,2023,Middle Aged,High
TX048404,2023-11-25,CUST9524,Female,23,Beauty,3,240.0,720.0,4,2023,Teenager,High
TX048405,2023-11-25,CUST1158,Female,32,Books,4,420.0,1680.0,4,2023,Youth,High
TX048406,2023-11-25,CUST1815,Male,48,Sports,10,188.0,1880.0,4,2023,Middle Aged,High
TX048407,2023-11-25,CUST9928,Male,24,Clothing,14,461.0,6454.0,4,2023,Teenager,High
TX048408,2023-11-25,CUST6424,Male,18,Electronics,12,485.0,5820.0,4,2023,,High
TX048409,2023-11-25,CUST8903,Female,20,Clothing,11,422.0,4642.0,4,2023,Teenager,High
TX048410,2023-11-25,CUST1972,Female,67,Groceries,3,257.0,771.0,4,2023,Retired,High
TX048411,2023-11-25,CUST9959,Female,68,Sports,17,429.0,7293.0,4,2023,Retired,High
TX048412,2023-11-25,CUST6821,Male,59,Groceries,2,475.0,950.0,4,2023,Middle Aged,High
TX048413,2023-11-25,CUST8935,Female,48,Groceries,14,244.0,3416.0,4,2023,Middle Aged,High
TX048414,2023-11-25,CUST7285,Male,65,Books,15,329.0,4935.0,4,2023,Retired,High
TX048415,2023-11-25,CUST9776,Male,40,Electronics,10,199.0,1990.0,4,2023,Youth,High
TX048416,2023-11-25,CUST6880,Female,30,Clothing,12,211.0,2532.0,4,2023,Youth,High
TX048417,2023-11-25,CUST2264,Female,28,Beauty,16,206.0,3296.0,4,2023,Youth,High
TX048418,2023-11-25,CUST8765,Female,39,Electronics,18,369.0,6642.0,4,2023,Youth,High
TX048419,2023-11-25,CUST3958,Female,68,Sports,1,259.0,259.0,4,2023,Retired,Medium
TX048420,2023-11-25,CUST7990,Female,45,Groceries,18,213.0,3834.0,4,2023,Middle Aged,High
TX048421,2023-11-25,CUST0637,Male,50,Electronics,11,39.0,429.0,4,2023,Middle Aged,Medium
TX048422,2023-11-25,CUST4537,Male,65,Clothing,15,90.0,1350.0,4,2023,Retired,High
TX048423,2023-11-25,CUST0737,Female,29,Clothing,1,126.0,126.0,4,2023,Youth,Medium
TX048424,2023-11-25,CUST0113,Male,38,Clothing,9,478.0,4302.0,4,2023,Youth,High
TX048425,2023-11-25,CUST9868,Male,57,Books,17,268.0,4556.0,4,2023,Middle Aged,High
TX048426,2023-11-25,CUST6826,Female,30,Sports,6,243.0,1458.0,4,2023,Youth,High
TX048427,2023-11-25,CUST3112,Male,34,Beauty,19,34.0,646.0,4,2023,Youth,High
TX048428,2023-11-25,CUST8117,Female,58,Sports,8,82.0,656.0,4,2023,Middle Aged,High
TX048429,2023-11-25,CUST7074,Male,69,Books,11,403.0,4433.0,4,2023,Retired,High
TX048430,2023-11-25,CUST5900,Female,33,Electronics,9,240.0,2160.0,4,2023,Youth,High
TX048431,2023-11-25,CUST2340,Female,31,Clothing,20,347.0,6940.0,4,2023,Youth,High
TX048432,2023-11-25,CUST9870,Female,25,Beauty,3,130.0,390.0,4,2023,Teenager,Medium
TX048433,2023-11-25,CUST2587,Male,29,Groceries,13,40.0,520.0,4,2023,Youth,High
TX048434,2023-11-25,CUST7113,Male,39,Groceries,19,427.0,8113.0,4,2023,Youth,High
TX048435,2023-11-25,CUST2551,Female,52,Clothing,9,480.0,4320.0,4,2023,Middle Aged,High
TX048436,2023-11-25,CUST9750,Female,54,Beauty,6,397.0,2382.0,4,2023,Middle Aged,High
TX048437,2023-11-25,CUST3560,Female,60,Beauty,5,50.0,250.0,4,2023,Middle Aged,Medium
TX048438,2023-11-25,CUST2551,Male,49,Electronics,4,301.0,1204.0,4,2023,Middle Aged,High
TX048439,2023-11-25,CUST0114,Male,57,Clothing,8,307.0,2456.0,4,2023,Middle Aged,High
TX048440,2023-11-25,CUST5142,Male,30,Sports,19,59.0,1121.0,4,2023,Youth,High
TX048441,2023-11-25,CUST9282,Female,41,Electronics,7,291.0,2037.0,4,2023,Middle Aged,High
TX048442,2023-11-25,CUST9730,Female,51,Electronics,5,108.0,540.0,4,2023,Middle Aged,High
TX048443,2023-11-25,CUST6166,Male,52,Sports,4,320.0,1280.0,4,2023,Middle Aged,High
TX048444,2023-11-25,CUST9438,Male,66,Sports,12,326.0,3912.0,4,2023,Retired,High
TX048445,2023-11-25,CUST8865,Female,41,Books,4,191.0,764.0,4,2023,Middle Aged,High
TX048446,2023-11-25,CUST4128,Female,62,Books,8,487.0,3896.0,4,2023,Retired,High
TX048447,2023-11-25,CUST6462,Male,48,Clothing,4,428.0,1712.0,4,2023,Middle Aged,High
TX048448,2023-11-25,CUST3156,Female,23,Electronics,17,347.0,5899.0,4,2023,Teenager,High
TX048449,2023-11-25,CUST7250,Male,21,Sports,12,393.0,4716.0,4,2023,Teenager,High
TX048450,2023-11-25,CUST5402,Male,69,Clothing,8,321.0,2568.0,4,2023,Retired,High
TX048451,2023-11-25,CUST4338,Female,63,Sports,3,185.0,555.0,4,2023,Retired,High
TX048452,2023-11-25,CUST6851,Female,49,Clothing,18,31.0,558.0,4,2023,Middle Aged,High
TX048453,2023-11-25,CUST4534,Male,46,Sports,3,33.0,99.0,4,2023,Middle Aged,Low
TX048454,2023-11-25,CUST3631,Male,30,Electronics,8,83.0,664.0,4,2023,Youth,High
TX048455,2023-11-25,CUST4325,Female,56,Beauty,8,111.0,888.0,4,2023,Middle Aged,High
TX048456,2023-11-25,CUST8096,Male,33,Electronics,18,385.0,6930.0,4,2023,Youth,High
TX048457,2023-11-25,CUST9872,Female,49,Clothing,13,209.0,2717.0,4,2023,Middle Aged,High
TX048458,2023-11-25,CUST4330,Female,57,Electronics,14,449.0,6286.0,4,2023,Middle Aged,High
TX048459,2023-11-25,CUST5928,Male,38,Beauty,19,93.0,1767.0,4,2023,Youth,High
TX048460,2023-11-25,CUST4897,Male,39,Books,5,129.0,645.0,4,2023,Youth,High
TX048461,2023-11-25,CUST1510,Male,56,Clothing,14,108.0,1512.0,4,2023,Middle Aged,High
TX048462,2023-11-25,CUST3779,Male,24,Beauty,16,63.0,1008.0,4,2023,Teenager,High
TX048463,2023-11-25,CUST9084,Female,67,Beauty,16,476.0,7616.0,4,2023,Retired,High
TX048464,2023-11-25,CUST1273,Female,30,Electronics,6,299.0,1794.0,4,2023,Youth,High
TX048465,2023-11-25,CUST9866,Male,24,Beauty,3,60.0,180.0,4,2023,Teenager,Medium
TX048466,2023-11-25,CUST0220,Female,36,Beauty,4,305.0,1220.0,4,2023,Youth,High
TX048467,2023-11-25,CUST4466,Female,31,Electronics,6,430.0,2580.0,4,2023,Youth,High
TX048468,2023-11-25,CUST5264,Male,63,Clothing,13,29.0,377.0,4,2023,Retired,Medium
TX048469,2023-11-25,CUST7853,Female,28,Groceries,6,297.0,1782.0,4,2023,Youth,High
TX048470,2023-11-25,CUST3812,Female,29,Beauty,1,96.0,96.0,4,2023,Youth,Low
TX048471,2023-11-25,CUST7362,Male,27,Groceries,8,389.0,3112.0,4,2023,Youth,High
TX048472,2023-11-25,CUST5341,Male,70,Clothing,13,471.0,6123.0,4,2023,Retired,High
TX048473,2023-11-25,CUST5500,Male,67,Electronics,12,334.0,4008.0,4,2023,Retired,High
TX048474,2023-11-25,CUST2287,Male,42,Clothing,13,149.0,1937.0,4,2023,Middle Aged,High
TX048475,2023-11-25,CUST7712,Male,18,Books,7,337.0,2359.0,4,2023,,High
TX048476,2023-11-25,CUST9197,Female,44,Electronics,6,293.0,1758.0,4,2023,Middle Aged,High
TX048477,2023-11-25,CUST3978,Female,37,Sports,18,56.0,1008.0,4,2023,Youth,High
TX048478,2023-11-25,CUST7736,Male,36,Clothing,18,227.0,4086.0,4,2023,Youth,High
TX048479,2023-11-25,CUST9186,Female,46,Clothing,6,317.0,1902.0,4,2023,Middle Aged,High
TX048480,2023-11-25,CUST1371,Female,37,Beauty,10,119.0,1190.0,4,2023,Youth,High
TX048481,2023-11-25,CUST8729,Male,54,Sports,2,62.0,124.0,4,2023,Middle Aged,Medium
TX048482,2023-11-25,CUST4706,Female,54,Electronics,12,166.0,1992.0,4,2023,Middle Aged,High
TX048483,2023-11-25,CUST7647,Female,44,Books,10,492.0,4920.0,4,2023,Middle Aged,High
TX048484,2023-11-25,CUST9715,Male,38,Clothing,14,87.0,1218.0,4,2023,Youth,High
TX048485,2023-11-25,CUST9139,Male,46,Electronics,11,103.0,1133.0,4,2023,Middle Aged,High
TX048486,2023-11-25,CUST7024,Female,19,Beauty,4,57.0,228.0,4,2023,Teenager,Medium
TX048487,2023-11-25,CUST9811,Female,64,Beauty,17,321.0,5457.0,4,2023,Retired,High
TX048488,2023-11-25,CUST1449,Male,43,Beauty,15,226.0,3390.0,4,2023,Middle Aged,High
TX048489,2023-11-25,CUST3020,Male,62,Electronics,5,374.0,1870.0,4,2023,Retired,High
TX048490,2023-11-25,CUST2431,Female,45,Clothing,11,196.0,2156.0,4,2023,Middle Aged,High
TX048491,2023-11-25,CUST0641,Female,25,Sports,19,427.0,8113.0,4,2023,Teenager,High
TX048492,2023-11-25,CUST7061,Male,33,Clothing,8,41.0,328.0,4,2023,Youth,Medium
TX048493,2023-11-25,CUST2045,Female,57,Books,1,415.0,415.0,4,2023,Middle Aged,Medium
TX048494,2023-11-25,CUST4889,Female,28,Groceries,3,432.0,1296.0,4,2023,Youth,High
TX048495,2023-11-25,CUST4920,Male,20,Clothing,10,488.0,4880.0,4,2023,Teenager,High
TX048496,2023-11-25,CUST9133,Female,33,Electronics,1,381.0,381.0,4,2023,Youth,Medium
TX048497,2023-11-25,CUST5949,Female,37,Electronics,9,245.0,2205.0,4,2023,Youth,High
TX048498,2023-11-25,CUST9362,Female,45,Electronics,6,74.0,444.0,4,2023,Middle Aged,Medium
TX048499,2023-11-25,CUST4680,Female,27,Groceries,7,452.0,3164.0,4,2023,Youth,High
TX048500,2023-11-25,CUST0419,Female,65,Beauty,11,172.0,1892.0,4,2023,Retired,High
TX048501,2023-11-25,CUST9231,Male,40,Groceries,18,269.0,4842.0,4,2023,Youth,High
TX048502,2023-11-25,CUST4403,Male,64,Groceries,15,459.0,6885.0,4,2023,Retired,High
TX048503,2023-11-25,CUST8347,Male,52,Beauty,2,263.0,526.0,4,2023,Middle Aged,High
TX048504,2023-11-25,CUST9154,Male,45,Sports,6,59.0,354.0,4,2023,Middle Aged,Medium
TX048505,2023-11-25,CUST9255,Female,59,Sports,13,314.0,4082.0,4,2023,Middle Aged,High
TX048506,2023-11-25,CUST6952,Female,47,Books,17,450.0,7650.0,4,2023,Middle Aged,High
TX048507,2023-11-25,CUST9804,Male,41,Books,2,466.0,932.0,4,2023,Middle Aged,High
TX048508,2023-11-25,CUST9752,Male,39,Books,1,50.0,50.0,4,2023,Youth,Low
TX048509,2023-11-25,CUST1859,Female,50,Books,15,42.0,630.0,4,2023,Middle Aged,High
TX048510,2023-11-25,CUST2921,Male,54,Sports,4,326.0,1304.0,4,2023,Middle Aged,High
TX048511,2023-11-25,CUST6543,Male,58,Beauty,7,220.0,1540.0,4,2023,Middle Aged,High
TX048512,2023-11-25,CUST9690,Female,62,Books,19,343.0,6517.0,4,2023,Retired,High
TX048513,2023-11-25,CUST0554,Female,34,Clothing,4,469.0,1876.0,4,2023,Youth,High
TX048514,2023-11-25,CUST4257,Male,29,Books,9,116.0,1044.0,4,2023,Youth,High
TX048515,2023-11-25,CUST4687,Male,43,Clothing,20,59.0,1180.0,4,2023,Middle Aged,High
TX048516,2023-11-25,CUST9833,Female,64,Groceries,12,105.0,1260.0,4,2023,Retired,High
TX048517,2023-11-25,CUST6799,Female,52,Groceries,9,246.0,2214.0,4,2023,Middle Aged,High
TX048518,2023-11-25,CUST9587,Male,45,Electronics,11,10.0,110.0,4,2023,Middle Aged,Medium
TX048519,2023-11-25,CUST8320,Male,56,Sports,18,186.0,3348.0,4,2023,Middle Aged,High
TX048520,2023-11-25,CUST3479,Female,41,Electronics,7,123.0,861.0,4,2023,Middle Aged,High
TX048521,2023-11-25,CUST7570,Female,62,Sports,6,437.0,2622.0,4,2023,Retired,High
TX048522,2023-11-25,CUST1117,Male,43,Electronics,20,436.0,8720.0,4,2023,Middle Aged,High
TX048523,2023-11-25,CUST2178,Male,29,Groceries,4,278.0,1112.0,4,2023,Youth,High
TX048524,2023-11-25,CUST6542,Male,43,Electronics,4,272.0,1088.0,4,2023,Middle Aged,High
TX048525,2023-11-25,CUST5832,Male,70,Electronics,20,302.0,6040.0,4,2023,Retired,High
TX048526,2023-11-25,CUST0770,Female,37,Books,13,124.0,1612.0,4,2023,Youth,High
TX048527,2023-11-25,CUST2566,Male,31,Beauty,4,218.0,872.0,4,2023,Youth,High
TX048528,2023-11-25,CUST4131,Female,40,Groceries,10,261.0,2610.0,4,2023,Youth,High
TX048529,2023-11-25,CUST0068,Male,31,Clothing,5,276.0,1380.0,4,2023,Youth,High
TX048530,2023-11-25,CUST6748,Female,21,Groceries,12,391.0,4692.0,4,2023,Teenager,High
TX048531,2023-11-25,CUST9395,Female,20,Books,4,248.0,992.0,4,2023,Teenager,High
TX048532,2023-11-25,CUST6797,Male,64,Books,15,474.0,7110.0,4,2023,Retired,High
TX048533,2023-11-25,CUST4473,Male,35,Groceries,2,180.0,360.0,4,2023,Youth,Medium
TX048534,2023-11-25,CUST7247,Male,60,Books,15,460.0,6900.0,4,2023,Middle Aged,High
TX048535,2023-11-25,CUST3578,Female,20,Electronics,2,374.0,748.0,4,2023,Teenager,High
TX048536,2023-11-25,CUST3879,Male,24,Groceries,4,421.0,1684.0,4,2023,Teenager,High
TX048537,2023-11-25,CUST5627,Female,57,Clothing,12,187.0,2244.0,4,2023,Middle Aged,High
TX048538,2023-11-25,CUST0893,Female,33,Books,12,184.0,2208.0,4,2023,Youth,High
TX048539,2023-11-25,CUST6057,Female,38,Groceries,15,59.0,885.0,4,2023,Youth,High
TX048540,2023-11-25,CUST4005,Male,20,Groceries,15,353.0,5295.0,4,2023,Teenager,High
TX048541,2023-11-25,CUST7448,Male,41,Groceries,13,129.0,1677.0,4,2023,Middle Aged,High
TX048542,2023-11-25,CUST6468,Female,22,Groceries,20,256.0,5120.0,4,2023,Teenager,High
TX048543,2023-11-25,CUST5669,Female,54,Electronics,3,450.0,1350.0,4,2023,Middle Aged,High
TX048544,2023-11-25,CUST2304,Male,52,Groceries,8,46.0,368.0,4,2023,Middle Aged,Medium
TX048545,2023-11-25,CUST6919,Male,30,Books,11,285.0,3135.0,4,2023,Youth,High
TX048546,2023-11-25,CUST2506,Male,20,Electronics,16,364.0,5824.0,4,2023,Teenager,High
TX048547,2023-11-25,CUST3831,Female,66,Beauty,9,120.0,1080.0,4,2023,Retired,High
TX048548,2023-11-25,CUST1251,Male,22,Groceries,6,194.0,1164.0,4,2023,Teenager,High
TX048549,2023-11-25,CUST2654,Male,44,Books,17,337.0,5729.0,4,2023,Middle Aged,High
TX048550,2023-11-25,CUST6289,Male,48,Books,16,323.0,5168.0,4,2023,Middle Aged,High
TX048551,2023-11-25,CUST9612,Male,46,Groceries,1,202.0,202.0,4,2023,Middle Aged,Medium
TX048552,2023-11-25,CUST5915,Male,32,Groceries,9,327.0,2943.0,4,2023,Youth,High
TX048553,2023-11-25,CUST4934,Male,69,Groceries,9,494.0,4446.0,4,2023,Retired,High
TX048554,2023-11-25,CUST2529,Male,69,Clothing,18,16.0,288.0,4,2023,Retired,Medium
TX048555,2023-11-25,CUST4605,Male,33,Beauty,11,355.0,3905.0,4,2023,Youth,High
TX048556,2023-11-25,CUST2995,Female,38,Groceries,17,26.0,442.0,4,2023,Youth,Medium
TX048557,2023-11-25,CUST4643,Female,65,Electronics,7,271.0,1897.0,4,2023,Retired,High
TX048558,2023-11-25,CUST6105,Female,47,Clothing,18,35.0,630.0,4,2023,Middle Aged,High
TX048559,2023-11-25,CUST1801,Male,59,Electronics,16,24.0,384.0,4,2023,Middle Aged,Medium
TX048560,2023-11-25,CUST1938,Male,37,Electronics,8,455.0,3640.0,4,2023,Youth,High
TX048561,2023-11-25,CUST3771,Female,53,Books,17,453.0,7701.0,4,2023,Middle Aged,High
TX048562,2023-11-25,CUST8924,Male,62,Groceries,10,342.0,3420.0,4,2023,Retired,High
TX048563,2023-11-25,CUST1438,Female,23,Electronics,20,197.0,3940.0,4,2023,Teenager,High
TX048564,2023-11-25,CUST1076,Female,47,Groceries,12,417.0,5004.0,4,2023,Middle Aged,High
TX048565,2023-11-25,CUST7120,Female,26,Beauty,14,62.0,868.0,4,2023,Youth,High
TX048566,2023-11-25,CUST6293,Male,53,Electronics,5,23.0,115.0,4,2023,Middle Aged,Medium
TX048567,2023-11-25,CUST8677,Female,30,Electronics,17,382.0,6494.0,4,2023,Youth,High
TX048568,2023-11-25,CUST5302,Male,56,Electronics,11,46.0,506.0,4,2023,Middle Aged,High
TX048569,2023-11-25,CUST4016,Male,35,Beauty,18,145.0,2610.0,4,2023,Youth,High
TX048570,2023-11-25,CUST5299,Female,46,Sports,1,296.0,296.0,4,2023,Middle Aged,Medium
TX048571,2023-11-25,CUST7889,Female,59,Electronics,8,280.0,2240.0,4,2023,Middle Aged,High
TX048572,2023-11-25,CUST0837,Female,39,Electronics,19,165.0,3135.0,4,2023,Youth,High
TX048573,2023-11-25,CUST2245,Female,67,Clothing,3,232.0,696.0,4,2023,Retired,High
TX048574,2023-11-25,CUST8174,Female,26,Clothing,20,292.0,5840.0,4,2023,Youth,High
TX048575,2023-11-25,CUST7747,Female,27,Groceries,6,120.0,720.0,4,2023,Youth,High
TX048576,2023-11-25,CUST9988,Male,57,Beauty,1,250.0,250.0,4,2023,Middle Aged,Medium
TX048577,2023-11-25,CUST9588,Female,60,Clothing,8,136.0,1088.0,4,2023,Middle Aged,High
TX048578,2023-11-25,CUST4795,Male,52,Sports,4,149.0,596.0,4,2023,Middle Aged,High
TX048579,2023-11-25,CUST4481,Female,29,Beauty,9,220.0,1980.0,4,2023,Youth,High
TX048580,2023-11-25,CUST0029,Female,55,Groceries,3,463.0,1389.0,4,2023,Middle Aged,High
TX048581,2023-11-25,CUST1623,Male,21,Sports,4,248.0,992.0,4,2023,Teenager,High
TX048582,2023-11-25,CUST1598,Female,64,Books,10,439.0,4390.0,4,2023,Retired,High
TX048583,2023-11-25,CUST6200,Female,66,Clothing,7,244.0,1708.0,4,2023,Retired,High
TX048584,2023-11-25,CUST1609,Male,67,Clothing,5,71.0,355.0,4,2023,Retired,Medium
TX048585,2023-11-25,CUST1930,Male,29,Beauty,9,191.0,1719.0,4,2023,Youth,High
TX048586,2023-11-25,CUST3863,Female,51,Groceries,5,19.0,95.0,4,2023,Middle Aged,Low
TX048587,2023-11-25,CUST2133,Female,29,Beauty,3,70.0,210.0,4,2023,Youth,Medium
TX048588,2023-11-25,CUST8412,Female,33,Beauty,1,402.0,402.0,4,2023,Youth,Medium
TX048589,2023-11-25,CUST1799,Female,22,Beauty,7,25.0,175.0,4,2023,Teenager,Medium
TX048590,2023-11-25,CUST3471,Female,61,Books,18,180.0,3240.0,4,2023,Retired,High
TX048591,2023-11-25,CUST4853,Female,63,Sports,9,387.0,3483.0,4,2023,Retired,High
TX048592,2023-11-25,CUST0014,Female,19,Electronics,16,33.0,528.0,4,2023,Teenager,High
TX048593,2023-11-25,CUST4957,Male,32,Sports,7,83.0,581.0,4,2023,Youth,High
TX048594,2023-11-25,CUST1275,Male,19,Beauty,17,153.0,2601.0,4,2023,Teenager,High
TX048595,2023-11-25,CUST1150,Female,52,Clothing,20,87.0,1740.0,4,2023,Middle Aged,High
TX048596,2023-11-25,CUST3581,Male,50,Sports,2,92.0,184.0,4,2023,Middle Aged,Medium
TX048597,2023-11-25,CUST9282,Male,70,Sports,14,135.0,1890.0,4,2023,Retired,High
TX048598,2023-11-25,CUST9809,Male,28,Groceries,4,118.0,472.0,4,2023,Youth,Medium
TX048599,2023-11-25,CUST1996,Male,34,Groceries,15,247.0,3705.0,4,2023,Youth,High
TX048600,2023-11-25,CUST2637,Male,62,Beauty,11,320.0,3520.0,4,2023,Retired,High
TX048601,2023-11-25,CUST2099,Female,19,Sports,20,76.0,1520.0,4,2023,Teenager,High
TX048602,2023-11-25,CUST3506,Male,41,Books,10,54.0,540.0,4,2023,Middle Aged,High
TX048603,2023-11-25,CUST4828,Male,36,Clothing,16,312.0,4992.0,4,2023,Youth,High
TX048604,2023-11-25,CUST8926,Male,35,Beauty,17,339.0,5763.0,4,2023,Youth,High
TX048605,2023-11-25,CUST6436,Female,27,Groceries,6,28.0,168.0,4,2023,Youth,Medium
TX048606,2023-11-25,CUST9261,Male,44,Sports,8,431.0,3448.0,4,2023,Middle Aged,High
TX048607,2023-11-25,CUST5912,Female,26,Books,1,493.0,493.0,4,2023,Youth,Medium
TX048608,2023-11-25,CUST3217,Female,35,Clothing,13,22.0,286.0,4,2023,Youth,Medium
TX048609,2023-11-25,CUST7657,Male,55,Sports,14,196.0,2744.0,4,2023,Middle Aged,High
TX048610,2023-11-25,CUST1100,Male,42,Clothing,1,239.0,239.0,4,2023,Middle Aged,Medium
TX048611,2023-11-25,CUST0823,Male,56,Groceries,2,375.0,750.0,4,2023,Middle Aged,High
TX048612,2023-11-25,CUST2866,Female,67,Groceries,17,118.0,2006.0,4,2023,Retired,High
TX048613,2023-11-25,CUST9119,Male,42,Clothing,14,302.0,4228.0,4,2023,Middle Aged,High
TX048614,2023-11-25,CUST3454,Female,55,Electronics,10,131.0,1310.0,4,2023,Middle Aged,High
TX048615,2023-11-25,CUST6710,Male,45,Sports,6,427.0,2562.0,4,2023,Middle Aged,High
TX048616,2023-11-25,CUST2898,Female,51,Electronics,13,110.0,1430.0,4,2023,Middle Aged,High
TX048617,2023-11-25,CUST6255,Male,35,Electronics,6,356.0,2136.0,4,2023,Youth,High
TX048618,2023-11-25,CUST0515,Female,55,Clothing,2,402.0,804.0,4,2023,Middle Aged,High
TX048619,2023-11-25,CUST4076,Male,45,Groceries,10,165.0,1650.0,4,2023,Middle Aged,High
TX048620,2023-11-25,CUST9806,Male,51,Electronics,14,46.0,644.0,4,2023,Middle Aged,High
TX048621,2023-11-25,CUST3700,Male,56,Sports,15,169.0,2535.0,4,2023,Middle Aged,High
TX048622,2023-11-25,CUST0282,Male,28,Groceries,12,139.0,1668.0,4,2023,Youth,High
TX048623,2023-11-25,CUST4914,Male,52,Clothing,11,90.0,990.0,4,2023,Middle Aged,High
TX048624,2023-11-25,CUST4508,Female,63,Clothing,20,53.0,1060.0,4,2023,Retired,High
TX048625,2023-11-25,CUST1002,Female,57,Clothing,8,179.0,1432.0,4,2023,Middle Aged,High
TX048626,2023-11-25,CUST7580,Male,52,Groceries,12,293.0,3516.0,4,2023,Middle Aged,High
TX048627,2023-11-25,CUST3413,Male,56,Groceries,2,360.0,720.0,4,2023,Middle Aged,High
TX048628,2023-11-25,CUST5601,Female,37,Beauty,9,412.0,3708.0,4,2023,Youth,High
TX048629,2023-11-25,CUST9887,Male,40,Electronics,9,117.0,1053.0,4,2023,Youth,High
TX048630,2023-11-25,CUST1520,Male,70,Clothing,20,401.0,8020.0,4,2023,Retired,High
TX048631,2023-11-25,CUST1716,Male,31,Books,2,21.0,42.0,4,2023,Youth,Low
TX048632,2023-11-25,CUST1865,Male,45,Electronics,8,334.0,2672.0,4,2023,Middle Aged,High
TX048633,2023-11-25,CUST8086,Female,57,Books,8,272.0,2176.0,4,2023,Middle Aged,High
TX048634,2023-11-25,CUST5268,Female,47,Sports,17,84.0,1428.0,4,2023,Middle Aged,High
TX048635,2023-11-25,CUST2326,Female,37,Sports,7,211.0,1477.0,4,2023,Youth,High
TX048636,2023-11-25,CUST5025,Female,28,Groceries,3,370.0,1110.0,4,2023,Youth,High
TX048637,2023-11-25,CUST5880,Male,54,Beauty,10,247.0,2470.0,4,2023,Middle Aged,High
TX048638,2023-11-25,CUST7851,Female,66,Beauty,1,420.0,420.0,4,2023,Retired,Medium
TX048639,2023-11-25,CUST7101,Female,18,Electronics,9,154.0,1386.0,4,2023,,High
TX048640,2023-11-25,CUST1905,Female,63,Clothing,8,209.0,1672.0,4,2023,Retired,High
TX048641,2023-11-25,CUST3851,Female,66,Clothing,18,67.0,1206.0,4,2023,Retired,High
TX048642,2023-11-25,CUST8175,Female,52,Books,7,169.0,1183.0,4,2023,Middle Aged,High
TX048643,2023-11-25,CUST9219,Female,18,Sports,9,73.0,657.0,4,2023,,High
TX048644,2023-11-25,CUST3560,Female,44,Beauty,1,166.0,166.0,4,2023,Middle Aged,Medium
TX048645,2023-11-25,CUST3828,Male,20,Beauty,10,24.0,240.0,4,2023,Teenager,Medium
TX048646,2023-11-25,CUST4228,Female,50,Books,10,160.0,1600.0,4,2023,Middle Aged,High
TX048647,2023-11-25,CUST5468,Male,49,Books,13,128.0,1664.0,4,2023,Middle Aged,High
TX048648,2023-11-25,CUST2893,Male,32,Clothing,16,258.0,4128.0,4,2023,Youth,High
TX048649,2023-11-25,CUST9793,Female,63,Sports,11,368.0,4048.0,4,2023,Retired,High
TX048650,2023-11-25,CUST9057,Female,32,Groceries,10,382.0,3820.0,4,2023,Youth,High
TX048651,2023-11-25,CUST9246,Female,41,Beauty,9,450.0,4050.0,4,2023,Middle Aged,High
TX048652,2023-11-25,CUST3844,Male,40,Clothing,17,396.0,6732.0,4,2023,Youth,High
TX048653,2023-11-25,CUST2139,Male,59,Books,3,400.0,1200.0,4,2023,Middle Aged,High
TX048654,2023-11-25,CUST5013,Male,64,Beauty,12,171.0,2052.0,4,2023,Retired,High
TX048655,2023-11-25,CUST5585,Female,26,Electronics,15,423.0,6345.0,4,2023,Youth,High
TX048656,2023-11-25,CUST9662,Male,35,Groceries,2,20.0,40.0,4,2023,Youth,Low
TX048657,2023-11-25,CUST6367,Male,33,Clothing,10,418.0,4180.0,4,2023,Youth,High
TX048658,2023-11-25,CUST6268,Male,60,Clothing,15,99.0,1485.0,4,2023,Middle Aged,High
TX048659,2023-11-25,CUST1750,Male,43,Books,20,386.0,7720.0,4,2023,Middle Aged,High
TX048660,2023-11-25,CUST8141,Female,66,Sports,9,423.0,3807.0,4,2023,Retired,High
TX048661,2023-11-25,CUST0953,Male,30,Groceries,5,221.0,1105.0,4,2023,Youth,High
TX048662,2023-11-25,CUST6647,Female,70,Groceries,8,233.0,1864.0,4,2023,Retired,High
TX048663,2023-11-25,CUST5148,Male,60,Beauty,6,302.0,1812.0,4,2023,Middle Aged,High
TX048664,2023-11-25,CUST6505,Female,58,Electronics,12,127.0,1524.0,4,2023,Middle Aged,High
TX048665,2023-11-25,CUST9148,Male,30,Books,20,228.0,4560.0,4,2023,Youth,High
TX048666,2023-11-25,CUST8134,Male,19,Groceries,13,161.0,2093.0,4,2023,Teenager,High
TX048667,2023-11-25,CUST4504,Female,45,Sports,7,499.0,3493.0,4,2023,Middle Aged,High
TX048668,2023-11-25,CUST6330,Male,41,Books,19,385.0,7315.0,4,2023,Middle Aged,High
TX048669,2023-11-25,CUST6068,Female,46,Clothing,19,439.0,8341.0,4,2023,Middle Aged,High
TX048670,2023-11-25,CUST1154,Female,54,Sports,14,115.0,1610.0,4,2023,Middle Aged,High
TX048671,2023-11-25,CUST5433,Male,39,Books,15,490.0,7350.0,4,2023,Youth,High
TX048672,2023-11-25,CUST9111,Female,25,Electronics,8,318.0,2544.0,4,2023,Teenager,High
TX048673,2023-11-25,CUST9696,Male,38,Sports,3,68.0,204.0,4,2023,Youth,Medium
TX048674,2023-11-25,CUST6953,Female,51,Books,13,47.0,611.0,4,2023,Middle Aged,High
TX048675,2023-11-25,CUST5699,Female,39,Electronics,14,272.0,3808.0,4,2023,Youth,High
TX048676,2023-11-25,CUST7196,Male,24,Clothing,5,192.0,960.0,4,2023,Teenager,High
TX048677,2023-11-25,CUST5977,Female,19,Sports,11,175.0,1925.0,4,2023,Teenager,High
TX048678,2023-11-25,CUST7618,Male,39,Electronics,14,319.0,4466.0,4,2023,Youth,High
TX048679,2023-11-25,CUST2834,Male,32,Groceries,6,204.0,1224.0,4,2023,Youth,High
TX048680,2023-11-25,CUST2677,Male,53,Electronics,17,204.0,3468.0,4,2023,Middle Aged,High
TX048681,2023-11-25,CUST1275,Female,41,Beauty,13,467.0,6071.0,4,2023,Middle Aged,High
TX048682,2023-11-25,CUST3862,Male,70,Beauty,1,333.0,333.0,4,2023,Retired,Medium
TX048683,2023-11-25,CUST2983,Female,65,Clothing,4,65.0,260.0,4,2023,Retired,Medium
TX048684,2023-11-25,CUST0391,Male,31,Electronics,8,273.0,2184.0,4,2023,Youth,High
TX048685,2023-11-25,CUST6336,Male,23,Books,11,133.0,1463.0,4,2023,Teenager,High
TX048686,2023-11-25,CUST7874,Male,45,Sports,13,396.0,5148.0,4,2023,Middle Aged,High
TX048687,2023-11-25,CUST1954,Male,66,Electronics,18,295.0,5310.0,4,2023,Retired,High
TX048688,2023-11-25,CUST4598,Female,62,Sports,9,353.0,3177.0,4,2023,Retired,High
TX048689,2023-11-25,CUST9145,Male,57,Beauty,7,407.0,2849.0,4,2023,Middle Aged,High
TX048690,2023-11-25,CUST0472,Male,66,Clothing,5,374.0,1870.0,4,2023,Retired,High
TX048691,2023-11-25,CUST8069,Male,51,Beauty,2,345.0,690.0,4,2023,Middle Aged,High
TX048692,2023-11-25,CUST2419,Female,53,Clothing,7,411.0,2877.0,4,2023,Middle Aged,High
TX048693,2023-11-25,CUST3353,Female,41,Groceries,2,322.0,644.0,4,2023,Middle Aged,High
TX048694,2023-11-25,CUST7255,Female,45,Books,12,212.0,2544.0,4,2023,Middle Aged,High
TX048695,2023-11-25,CUST4915,Female,67,Groceries,5,465.0,2325.0,4,2023,Retired,High
TX048696,2023-11-25,CUST7321,Female,34,Clothing,4,487.0,1948.0,4,2023,Youth,High
TX048697,2023-11-25,CUST8524,Male,63,Groceries,20,149.0,2980.0,4,2023,Retired,High
TX048698,2023-11-25,CUST0757,Male,55,Electronics,14,324.0,4536.0,4,2023,Middle Aged,High
TX048699,2023-11-25,CUST0361,Female,35,Clothing,8,494.0,3952.0,4,2023,Youth,High
TX048700,2023-11-25,CUST7686,Female,60,Groceries,5,19.0,95.0,4,2023,Middle Aged,Low
TX048701,2023-11-25,CUST5737,Female,60,Beauty,15,237.0,3555.0,4,2023,Middle Aged,High
TX048702,2023-11-25,CUST3630,Male,68,Electronics,6,38.0,228.0,4,2023,Retired,Medium
TX048703,2023-11-25,CUST5544,Female,60,Books,15,428.0,6420.0,4,2023,Middle Aged,High
TX048704,2023-11-25,CUST0960,Male,56,Clothing,19,494.0,9386.0,4,2023,Middle Aged,High
TX048705,2023-11-25,CUST1870,Female,43,Groceries,15,423.0,6345.0,4,2023,Middle Aged,High
TX048706,2023-11-25,CUST8851,Female,23,Electronics,3,184.0,552.0,4,2023,Teenager,High
TX048707,2023-11-25,CUST3272,Female,67,Beauty,11,495.0,5445.0,4,2023,Retired,High
TX048708,2023-11-25,CUST1034,Female,63,Electronics,8,37.0,296.0,4,2023,Retired,Medium
TX048709,2023-11-25,CUST9853,Male,18,Groceries,3,229.0,687.0,4,2023,,High
TX048710,2023-11-25,CUST4762,Male,25,Beauty,1,424.0,424.0,4,2023,Teenager,Medium
TX048711,2023-11-25,CUST8117,Female,39,Electronics,14,29.0,406.0,4,2023,Youth,Medium
TX048712,2023-11-25,CUST9819,Female,50,Electronics,14,285.0,3990.0,4,2023,Middle Aged,High
TX048713,2023-11-25,CUST8040,Female,60,Clothing,4,315.0,1260.0,4,2023,Middle Aged,High
TX048714,2023-11-25,CUST7072,Female,29,Books,18,472.0,8496.0,4,2023,Youth,High
TX048715,2023-11-25,CUST2208,Male,21,Clothing,7,387.0,2709.0,4,2023,Teenager,High
TX048716,2023-11-25,CUST9505,Male,40,Beauty,10,423.0,4230.0,4,2023,Youth,High
TX048717,2023-11-25,CUST1410,Female,70,Beauty,18,282.0,5076.0,4,2023,Retired,High
TX048718,2023-11-25,CUST0300,Female,20,Books,6,405.0,2430.0,4,2023,Teenager,High
TX048719,2023-11-25,CUST1261,Male,54,Electronics,5,468.0,2340.0,4,2023,Middle Aged,High
TX048720,2023-11-25,CUST4167,Female,45,Beauty,7,226.0,1582.0,4,2023,Middle Aged,High
TX048721,2023-11-25,CUST0453,Male,20,Groceries,14,106.0,1484.0,4,2023,Teenager,High
TX048722,2023-11-25,CUST8518,Female,50,Books,4,324.0,1296.0,4,2023,Middle Aged,High
TX048723,2023-11-25,CUST4475,Male,66,Books,17,343.0,5831.0,4,2023,Retired,High
TX048724,2023-11-25,CUST3552,Female,32,Clothing,3,262.0,786.0,4,2023,Youth,High
TX048725,2023-11-25,CUST1983,Male,62,Groceries,11,194.0,2134.0,4,2023,Retired,High
TX048726,2023-11-25,CUST8471,Male,57,Beauty,17,335.0,5695.0,4,2023,Middle Aged,High
TX048727,2023-11-25,CUST3950,Female,26,Beauty,9,265.0,2385.0,4,2023,Youth,High
TX048728,2023-11-25,CUST5721,Female,51,Sports,1,444.0,444.0,4,2023,Middle Aged,Medium
TX048729,2023-11-25,CUST5951,Female,51,Groceries,16,429.0,6864.0,4,2023,Middle Aged,High
TX048730,2023-11-25,CUST1543,Male,50,Clothing,5,37.0,185.0,4,2023,Middle Aged,Medium
TX048731,2023-11-25,CUST0666,Male,59,Sports,7,434.0,3038.0,4,2023,Middle Aged,High
TX048732,2023-11-25,CUST5575,Female,51,Clothing,13,293.0,3809.0,4,2023,Middle Aged,High
TX048733,2023-11-25,CUST7854,Male,65,Books,14,136.0,1904.0,4,2023,Retired,High
TX048734,2023-11-25,CUST5157,Male,57,Clothing,14,350.0,4900.0,4,2023,Middle Aged,High
TX048735,2023-11-25,CUST9698,Female,40,Electronics,1,171.0,171.0,4,2023,Youth,Medium
TX048736,2023-11-25,CUST0690,Male,28,Sports,16,357.0,5712.0,4,2023,Youth,High
TX048737,2023-11-25,CUST6569,Female,48,Clothing,4,360.0,1440.0,4,2023,Middle Aged,High
TX048738,2023-11-25,CUST0548,Male,70,Beauty,13,347.0,4511.0,4,2023,Retired,High
TX048739,2023-11-25,CUST8396,Female,62,Clothing,14,83.0,1162.0,4,2023,Retired,High
TX048740,2023-11-25,CUST4899,Female,26,Electronics,6,319.0,1914.0,4,2023,Youth,High
TX048741,2023-11-25,CUST0619,Female,24,Electronics,13,243.0,3159.0,4,2023,Teenager,High
TX048742,2023-11-25,CUST5531,Male,33,Clothing,2,333.0,666.0,4,2023,Youth,High
TX048743,2023-11-25,CUST8927,Female,58,Books,11,226.0,2486.0,4,2023,Middle Aged,High
TX048744,2023-11-25,CUST0126,Female,47,Sports,6,377.0,2262.0,4,2023,Middle Aged,High
TX048745,2023-11-25,CUST6961,Female,24,Groceries,7,475.0,3325.0,4,2023,Teenager,High
TX048746,2023-11-25,CUST2252,Female,19,Clothing,10,35.0,350.0,4,2023,Teenager,Medium
TX048747,2023-11-25,CUST9605,Male,48,Beauty,7,170.0,1190.0,4,2023,Middle Aged,High
TX048748,2023-11-25,CUST2120,Male,53,Groceries,9,227.0,2043.0,4,2023,Middle Aged,High
TX048749,2023-11-25,CUST9809,Female,54,Books,10,291.0,2910.0,4,2023,Middle Aged,High
TX048750,2023-11-25,CUST5436,Male,45,Books,3,254.0,762.0,4,2023,Middle Aged,High
TX048751,2023-11-25,CUST2756,Female,35,Groceries,6,305.0,1830.0,4,2023,Youth,High
TX048752,2023-11-25,CUST3169,Female,23,Beauty,14,261.0,3654.0,4,2023,Teenager,High
TX048753,2023-11-25,CUST9843,Male,65,Clothing,18,196.0,3528.0,4,2023,Retired,High
TX048754,2023-11-25,CUST9201,Male,43,Electronics,2,259.0,518.0,4,2023,Middle Aged,High
TX048755,2023-11-25,CUST1327,Male,46,Beauty,16,63.0,1008.0,4,2023,Middle Aged,High
TX048756,2023-11-25,CUST2336,Male,68,Books,18,412.0,7416.0,4,2023,Retired,High
TX048757,2023-11-25,CUST9248,Male,52,Books,6,499.0,2994.0,4,2023,Middle Aged,High
TX048758,2023-11-25,CUST8648,Male,58,Beauty,20,222.0,4440.0,4,2023,Middle Aged,High
TX048759,2023-11-25,CUST2523,Male,63,Books,20,120.0,2400.0,4,2023,Retired,High
TX048760,2023-11-25,CUST0753,Male,47,Sports,15,379.0,5685.0,4,2023,Middle Aged,High
TX048761,2023-11-25,CUST9407,Male,32,Beauty,2,226.0,452.0,4,2023,Youth,Medium
TX048762,2023-11-25,CUST0691,Male,58,Beauty,14,288.0,4032.0,4,2023,Middle Aged,High
TX048763,2023-11-25,CUST5232,Male,38,Books,17,420.0,7140.0,4,2023,Youth,High
TX048764,2023-11-25,CUST2831,Female,48,Sports,6,74.0,444.0,4,2023,Middle Aged,Medium
TX048765,2023-11-25,CUST4777,Female,47,Sports,4,184.0,736.0,4,2023,Middle Aged,High
TX048766,2023-11-25,CUST5142,Male,52,Electronics,10,183.0,1830.0,4,2023,Middle Aged,High
TX048767,2023-11-25,CUST5220,Female,27,Groceries,15,207.0,3105.0,4,2023,Youth,High
TX048768,2023-11-25,CUST7985,Female,62,Sports,18,301.0,5418.0,4,2023,Retired,High
TX048769,2023-11-25,CUST2161,Female,53,Groceries,6,179.0,1074.0,4,2023,Middle Aged,High
TX048770,2023-11-25,CUST8512,Female,53,Beauty,14,403.0,5642.0,4,2023,Middle Aged,High
TX048771,2023-11-25,CUST6886,Female,24,Beauty,3,382.0,1146.0,4,2023,Teenager,High
TX048772,2023-11-25,CUST9500,Female,36,Clothing,8,154.0,1232.0,4,2023,Youth,High
TX048773,2023-11-25,CUST2320,Male,61,Beauty,8,411.0,3288.0,4,2023,Retired,High
TX048774,2023-11-25,CUST4288,Female,33,Sports,17,90.0,1530.0,4,2023,Youth,High
TX048775,2023-11-25,CUST6488,Female,24,Sports,11,74.0,814.0,4,2023,Teenager,High
TX048776,2023-11-25,CUST9494,Male,21,Clothing,8,377.0,3016.0,4,2023,Teenager,High
TX048777,2023-11-25,CUST6679,Male,38,Clothing,5,86.0,430.0,4,2023,Youth,Medium
TX048778,2023-11-25,CUST0761,Female,45,Groceries,14,372.0,5208.0,4,2023,Middle Aged,High
TX048779,2023-11-25,CUST9447,Male,61,Groceries,20,183.0,3660.0,4,2023,Retired,High
TX048780,2023-11-25,CUST4015,Female,69,Clothing,14,278.0,3892.0,4,2023,Retired,High
TX048781,2023-11-25,CUST2827,Female,53,Electronics,10,226.0,2260.0,4,2023,Middle Aged,High
TX048782,2023-11-25,CUST4992,Female,43,Groceries,9,434.0,3906.0,4,2023,Middle Aged,High
TX048783,2023-11-25,CUST7090,Male,55,Groceries,1,85.0,85.0,4,2023,Middle Aged,Low
TX048784,2023-11-25,CUST6003,Female,34,Books,19,218.0,4142.0,4,2023,Youth,High
TX048785,2023-11-25,CUST6362,Male,31,Electronics,16,32.0,512.0,4,2023,Youth,High
TX048786,2023-11-25,CUST8867,Male,29,Electronics,3,33.0,99.0,4,2023,Youth,Low
TX048787,2023-11-25,CUST6072,Female,30,Books,8,296.0,2368.0,4,2023,Youth,High
TX048788,2023-11-25,CUST0943,Male,69,Electronics,1,143.0,143.0,4,2023,Retired,Medium
TX048789,2023-11-25,CUST9367,Male,40,Groceries,15,45.0,675.0,4,2023,Youth,High
TX048790,2023-11-25,CUST6607,Male,33,Groceries,12,388.0,4656.0,4,2023,Youth,High
TX048791,2023-11-25,CUST2766,Female,63,Electronics,1,129.0,129.0,4,2023,Retired,Medium
TX048792,2023-11-25,CUST1307,Female,55,Books,18,471.0,8478.0,4,2023,Middle Aged,High
TX048793,2023-11-25,CUST8692,Male,59,Sports,13,116.0,1508.0,4,2023,Middle Aged,High
TX048794,2023-11-25,CUST8165,Male,34,Sports,4,146.0,584.0,4,2023,Youth,High
TX048795,2023-11-25,CUST0481,Female,26,Groceries,17,463.0,7871.0,4,2023,Youth,High
TX048796,2023-11-25,CUST9487,Male,20,Books,12,76.0,912.0,4,2023,Teenager,High
TX048797,2023-11-25,CUST7928,Female,28,Beauty,16,272.0,4352.0,4,2023,Youth,High
TX048798,2023-11-25,CUST3985,Female,21,Electronics,9,205.0,1845.0,4,2023,Teenager,High
TX048799,2023-11-25,CUST7110,Male,56,Groceries,12,338.0,4056.0,4,2023,Middle Aged,High
TX048800,2023-11-25,CUST8605,Female,55,Sports,2,385.0,770.0,4,2023,Middle Aged,High
TX048801,2023-11-25,CUST5008,Female,59,Clothing,1,349.0,349.0,4,2023,Middle Aged,Medium
TX048802,2023-11-25,CUST1759,Male,36,Groceries,5,167.0,835.0,4,2023,Youth,High
TX048803,2023-11-25,CUST4264,Male,69,Electronics,4,26.0,104.0,4,2023,Retired,Medium
TX048804,2023-11-25,CUST8053,Male,58,Beauty,19,475.0,9025.0,4,2023,Middle Aged,High
TX048805,2023-11-25,CUST1876,Female,50,Books,7,393.0,2751.0,4,2023,Middle Aged,High
TX048806,2023-11-25,CUST2770,Female,28,Electronics,5,373.0,1865.0,4,2023,Youth,High
TX048807,2023-11-25,CUST7469,Female,30,Books,11,300.0,3300.0,4,2023,Youth,High
TX048808,2023-11-25,CUST6404,Male,27,Groceries,18,142.0,2556.0,4,2023,Youth,High
TX048809,2023-11-25,CUST8376,Male,37,Sports,5,383.0,1915.0,4,2023,Youth,High
TX048810,2023-11-25,CUST4711,Female,65,Clothing,1,257.0,257.0,4,2023,Retired,Medium
TX048811,2023-11-25,CUST5992,Female,51,Beauty,2,367.0,734.0,4,2023,Middle Aged,High
TX048812,2023-11-25,CUST7204,Female,49,Beauty,10,352.0,3520.0,4,2023,Middle Aged,High
TX048813,2023-11-25,CUST4812,Female,48,Sports,17,300.0,5100.0,4,2023,Middle Aged,High
TX048814,2023-11-25,CUST0175,Male,43,Clothing,20,124.0,2480.0,4,2023,Middle Aged,High
TX048815,2023-11-25,CUST0435,Male,51,Groceries,16,423.0,6768.0,4,2023,Middle Aged,High
TX048816,2023-11-25,CUST5858,Female,64,Beauty,19,237.0,4503.0,4,2023,Retired,High
TX048817,2023-11-25,CUST2935,Male,18,Beauty,20,334.0,6680.0,4,2023,,High
TX048818,2023-11-25,CUST6343,Male,41,Books,10,120.0,1200.0,4,2023,Middle Aged,High
TX048819,2023-11-25,CUST6240,Female,66,Sports,17,478.0,8126.0,4,2023,Retired,High
TX048820,2023-11-25,CUST0452,Male,19,Beauty,1,340.0,340.0,4,2023,Teenager,Medium
TX048821,2023-11-25,CUST3235,Male,58,Clothing,9,254.0,2286.0,4,2023,Middle Aged,High
TX048822,2023-11-25,CUST3002,Female,60,Beauty,14,124.0,1736.0,4,2023,Middle Aged,High
TX048823,2023-11-25,CUST7084,Male,21,Groceries,5,159.0,795.0,4,2023,Teenager,High
TX048824,2023-11-25,CUST7784,Male,18,Groceries,10,266.0,2660.0,4,2023,,High
TX048825,2023-11-25,CUST1098,Male,56,Books,12,346.0,4152.0,4,2023,Middle Aged,High
TX048826,2023-11-25,CUST3398,Male,20,Books,18,109.0,1962.0,4,2023,Teenager,High
TX048827,2023-11-25,CUST2849,Male,44,Electronics,3,355.0,1065.0,4,2023,Middle Aged,High
TX048828,2023-11-25,CUST5031,Female,19,Books,20,237.0,4740.0,4,2023,Teenager,High
TX048829,2023-11-25,CUST5146,Female,48,Groceries,4,251.0,1004.0,4,2023,Middle Aged,High
TX048830,2023-11-25,CUST6975,Female,62,Books,18,67.0,1206.0,4,2023,Retired,High
TX048831,2023-11-25,CUST2591,Female,19,Clothing,9,379.0,3411.0,4,2023,Teenager,High
TX048832,2023-11-25,CUST2116,Female,57,Groceries,4,352.0,1408.0,4,2023,Middle Aged,High
TX048833,2023-11-25,CUST2855,Male,39,Beauty,18,143.0,2574.0,4,2023,Youth,High
TX048834,2023-11-25,CUST9040,Female,43,Sports,10,389.0,3890.0,4,2023,Middle Aged,High
TX048835,2023-11-25,CUST9695,Female,46,Clothing,11,301.0,3311.0,4,2023,Middle Aged,High
TX048836,2023-11-25,CUST1859,Male,28,Sports,19,20.0,380.0,4,2023,Youth,Medium
TX048837,2023-11-25,CUST7320,Female,57,Clothing,13,31.0,403.0,4,2023,Middle Aged,Medium
TX048838,2023-11-25,CUST1599,Male,22,Clothing,5,21.0,105.0,4,2023,Teenager,Medium
TX048839,2023-11-25,CUST3308,Male,38,Groceries,9,29.0,261.0,4,2023,Youth,Medium
TX048840,2023-11-25,CUST3714,Male,54,Electronics,12,83.0,996.0,4,2023,Middle Aged,High
TX048841,2023-11-25,CUST4090,Female,42,Electronics,12,158.0,1896.0,4,2023,Middle Aged,High
TX048842,2023-11-25,CUST7285,Male,32,Groceries,3,307.0,921.0,4,2023,Youth,High
TX048843,2023-11-25,CUST0877,Male,45,Books,13,254.0,3302.0,4,2023,Middle Aged,High
TX048844,2023-11-25,CUST1795,Female,46,Sports,19,108.0,2052.0,4,2023,Middle Aged,High
TX048845,2023-11-25,CUST2439,Female,32,Electronics,15,24.0,360.0,4,2023,Youth,Medium
TX048846,2023-11-25,CUST7575,Male,59,Groceries,12,409.0,4908.0,4,2023,Middle Aged,High
TX048847,2023-11-25,CUST8522,Male,65,Books,8,104.0,832.0,4,2023,Retired,High
TX048848,2023-11-25,CUST1888,Male,66,Clothing,4,356.0,1424.0,4,2023,Retired,High
TX048849,2023-11-25,CUST7243,Male,47,Electronics,15,93.0,1395.0,4,2023,Middle Aged,High
TX048850,2023-11-25,CUST6210,Male,29,Groceries,2,270.0,540.0,4,2023,Youth,High
TX048851,2023-11-25,CUST5522,Female,36,Clothing,14,314.0,4396.0,4,2023,Youth,High
TX048852,2023-11-25,CUST9568,Female,48,Books,7,168.0,1176.0,4,2023,Middle Aged,High
TX048853,2023-11-25,CUST4844,Female,47,Groceries,13,313.0,4069.0,4,2023,Middle Aged,High
TX048854,2023-11-25,CUST4425,Female,58,Groceries,7,324.0,2268.0,4,2023,Middle Aged,High
TX048855,2023-11-25,CUST0796,Male,22,Books,8,39.0,312.0,4,2023,Teenager,Medium
TX048856,2023-11-25,CUST0808,Male,70,Sports,19,26.0,494.0,4,2023,Retired,Medium
TX048857,2023-11-25,CUST5488,Male,19,Groceries,6,78.0,468.0,4,2023,Teenager,Medium
TX048858,2023-11-25,CUST7865,Male,43,Sports,14,454.0,6356.0,4,2023,Middle Aged,High
TX048859,2023-11-25,CUST5577,Female,35,Sports,3,283.0,849.0,4,2023,Youth,High
TX048860,2023-11-25,CUST3858,Male,61,Sports,20,35.0,700.0,4,2023,Retired,High
TX048861,2023-11-25,CUST9846,Female,67,Beauty,3,208.0,624.0,4,2023,Retired,High
TX048862,2023-11-25,CUST8027,Female,66,Beauty,9,369.0,3321.0,4,2023,Retired,High
TX048863,2023-11-25,CUST8454,Male,58,Books,12,414.0,4968.0,4,2023,Middle Aged,High
TX048864,2023-11-25,CUST3625,Female,67,Electronics,6,314.0,1884.0,4,2023,Retired,High
TX048865,2023-11-25,CUST6614,Male,27,Books,16,287.0,4592.0,4,2023,Youth,High
TX048866,2023-11-25,CUST5792,Female,64,Clothing,13,476.0,6188.0,4,2023,Retired,High
TX048867,2023-11-25,CUST2134,Male,55,Clothing,7,495.0,3465.0,4,2023,Middle Aged,High
TX048868,2023-11-25,CUST5213,Female,43,Beauty,11,476.0,5236.0,4,2023,Middle Aged,High
TX048869,2023-11-25,CUST2272,Male,51,Books,8,249.0,1992.0,4,2023,Middle Aged,High
TX048870,2023-11-25,CUST6350,Male,48,Clothing,19,230.0,4370.0,4,2023,Middle Aged,High
TX048871,2023-11-25,CUST2582,Male,47,Groceries,10,36.0,360.0,4,2023,Middle Aged,Medium
TX048872,2023-11-25,CUST7813,Female,40,Clothing,4,491.0,1964.0,4,2023,Youth,High
TX048873,2023-11-25,CUST8088,Male,49,Electronics,1,206.0,206.0,4,2023,Middle Aged,Medium
TX048874,2023-11-25,CUST8832,Male,19,Sports,14,250.0,3500.0,4,2023,Teenager,High
TX048875,2023-11-25,CUST4496,Male,30,Books,20,405.0,8100.0,4,2023,Youth,High
TX048876,2023-11-25,CUST0958,Male,28,Electronics,12,318.0,3816.0,4,2023,Youth,High
TX048877,2023-11-25,CUST4362,Female,54,Clothing,14,466.0,6524.0,4,2023,Middle Aged,High
TX048878,2023-11-25,CUST4750,Male,47,Electronics,19,369.0,7011.0,4,2023,Middle Aged,High
TX048879,2023-11-25,CUST6692,Male,59,Beauty,11,287.0,3157.0,4,2023,Middle Aged,High
TX048880,2023-11-25,CUST9258,Female,46,Groceries,16,403.0,6448.0,4,2023,Middle Aged,High
TX048881,2023-11-25,CUST5047,Male,39,Clothing,8,320.0,2560.0,4,2023,Youth,High
TX048882,2023-11-25,CUST8757,Male,47,Sports,4,46.0,184.0,4,2023,Middle Aged,Medium
TX048883,2023-11-25,CUST6317,Female,68,Groceries,2,66.0,132.0,4,2023,Retired,Medium
TX048884,2023-11-25,CUST9318,Male,31,Sports,20,63.0,1260.0,4,2023,Youth,High
TX048885,2023-11-25,CUST9168,Female,23,Clothing,3,294.0,882.0,4,2023,Teenager,High
TX048886,2023-11-25,CUST8200,Female,53,Electronics,12,152.0,1824.0,4,2023,Middle Aged,High
TX048887,2023-11-25,CUST3225,Female,58,Books,2,446.0,892.0,4,2023,Middle Aged,High
TX048888,2023-11-25,CUST5147,Male,64,Groceries,14,293.0,4102.0,4,2023,Retired,High
TX048889,2023-11-25,CUST5907,Male,58,Beauty,13,83.0,1079.0,4,2023,Middle Aged,High
TX048890,2023-11-25,CUST1667,Male,44,Electronics,14,57.0,798.0,4,2023,Middle Aged,High
TX048891,2023-11-25,CUST6014,Female,51,Books,6,44.0,264.0,4,2023,Middle Aged,Medium
TX048892,2023-11-25,CUST8541,Female,44,Clothing,6,35.0,210.0,4,2023,Middle Aged,Medium
TX048893,2023-11-25,CUST9948,Female,31,Groceries,1,324.0,324.0,4,2023,Youth,Medium
TX048894,2023-11-25,CUST6329,Male,44,Sports,3,498.0,1494.0,4,2023,Middle Aged,High
TX048895,2023-11-25,CUST4390,Female,36,Clothing,7,234.0,1638.0,4,2023,Youth,High
TX048896,2023-11-25,CUST3130,Female,31,Sports,11,492.0,5412.0,4,2023,Youth,High
TX048897,2023-11-25,CUST7078,Female,18,Beauty,20,458.0,9160.0,4,2023,,High
TX048898,2023-11-25,CUST8089,Female,37,Books,14,355.0,4970.0,4,2023,Youth,High
TX048899,2023-11-25,CUST2173,Female,57,Beauty,17,197.0,3349.0,4,2023,Middle Aged,High
TX048900,2023-11-25,CUST5041,Male,59,Groceries,9,142.0,1278.0,4,2023,Middle Aged,High
TX048901,2023-11-25,CUST5140,Female,44,Beauty,3,361.0,1083.0,4,2023,Middle Aged,High
TX048902,2023-11-25,CUST9251,Male,22,Sports,2,57.0,114.0,4,2023,Teenager,Medium
TX048903,2023-11-25,CUST7189,Female,56,Books,1,202.0,202.0,4,2023,Middle Aged,Medium
TX048904,2023-11-25,CUST6576,Female,67,Groceries,20,78.0,1560.0,4,2023,Retired,High
TX048905,2023-11-25,CUST4884,Female,19,Beauty,19,381.0,7239.0,4,2023,Teenager,High
TX048906,2023-11-25,CUST4115,Female,52,Beauty,12,411.0,4932.0,4,2023,Middle Aged,High
TX048907,2023-11-25,CUST8806,Female,39,Electronics,6,85.0,510.0,4,2023,Youth,High
TX048908,2023-11-25,CUST5458,Male,60,Books,1,311.0,311.0,4,2023,Middle Aged,Medium
TX048909,2023-11-25,CUST4211,Female,24,Groceries,15,124.0,1860.0,4,2023,Teenager,High
TX048910,2023-11-25,CUST0647,Female,45,Clothing,15,178.0,2670.0,4,2023,Middle Aged,High
TX048911,2023-11-25,CUST2483,Female,55,Sports,16,500.0,8000.0,4,2023,Middle Aged,High
TX048912,2023-11-25,CUST4215,Male,35,Electronics,11,400.0,4400.0,4,2023,Youth,High
TX048913,2023-11-25,CUST8706,Female,65,Beauty,16,331.0,5296.0,4,2023,Retired,High
TX048914,2023-11-25,CUST8032,Male,56,Electronics,7,110.0,770.0,4,2023,Middle Aged,High
TX048915,2023-11-25,CUST3072,Female,39,Electronics,6,11.0,66.0,4,2023,Youth,Low
TX048916,2023-11-25,CUST7153,Male,59,Electronics,18,268.0,4824.0,4,2023,Middle Aged,High
TX048917,2023-11-25,CUST5673,Male,38,Electronics,7,14.0,98.0,4,2023,Youth,Low
TX048918,2023-11-25,CUST8344,Male,50,Sports,2,383.0,766.0,4,2023,Middle Aged,High
TX048919,2023-11-25,CUST7310,Female,29,Beauty,11,68.0,748.0,4,2023,Youth,High
TX048920,2023-11-25,CUST7714,Female,52,Books,6,199.0,1194.0,4,2023,Middle Aged,High
TX048921,2023-11-25,CUST8395,Female,34,Sports,16,430.0,6880.0,4,2023,Youth,High
TX048922,2023-11-25,CUST4564,Female,40,Clothing,1,145.0,145.0,4,2023,Youth,Medium
TX048923,2023-11-25,CUST7572,Male,52,Electronics,2,344.0,688.0,4,2023,Middle Aged,High
TX048924,2023-11-25,CUST6909,Male,51,Beauty,18,155.0,2790.0,4,2023,Middle Aged,High
TX048925,2023-11-25,CUST8403,Male,66,Beauty,8,446.0,3568.0,4,2023,Retired,High
TX048926,2023-11-25,CUST9587,Female,64,Sports,15,316.0,4740.0,4,2023,Retired,High
TX048927,2023-11-25,CUST6549,Male,56,Books,16,465.0,7440.0,4,2023,Middle Aged,High
TX048928,2023-11-25,CUST6247,Male,35,Beauty,12,253.0,3036.0,4,2023,Youth,High
TX048929,2023-11-25,CUST8985,Male,59,Books,1,291.0,291.0,4,2023,Middle Aged,Medium
TX048930,2023-11-25,CUST3958,Male,34,Books,10,348.0,3480.0,4,2023,Youth,High
TX048931,2023-11-25,CUST9777,Male,24,Books,14,129.0,1806.0,4,2023,Teenager,High
TX048932,2023-11-25,CUST6240,Female,46,Sports,3,471.0,1413.0,4,2023,Middle Aged,High
TX048933,2023-11-25,CUST5720,Female,25,Electronics,17,229.0,3893.0,4,2023,Teenager,High
TX048934,2023-11-25,CUST5356,Female,23,Electronics,6,335.0,2010.0,4,2023,Teenager,High
TX048935,2023-11-25,CUST0108,Male,67,Clothing,8,438.0,3504.0,4,2023,Retired,High
TX048936,2023-11-25,CUST0678,Female,46,Electronics,5,444.0,2220.0,4,2023,Middle Aged,High
TX048937,2023-11-25,CUST5505,Female,39,Beauty,7,113.0,791.0,4,2023,Youth,High
TX048938,2023-11-25,CUST4395,Male,39,Clothing,20,130.0,2600.0,4,2023,Youth,High
TX048939,2023-11-25,CUST3054,Female,43,Sports,3,364.0,1092.0,4,2023,Middle Aged,High
TX048940,2023-11-25,CUST7152,Male,60,Sports,19,293.0,5567.0,4,2023,Middle Aged,High
TX048941,2023-11-25,CUST2780,Male,63,Electronics,8,45.0,360.0,4,2023,Retired,Medium
TX048942,2023-11-25,CUST3130,Male,20,Electronics,3,243.0,729.0,4,2023,Teenager,High
TX048943,2023-11-25,CUST1044,Female,67,Groceries,8,89.0,712.0,4,2023,Retired,High
TX048944,2023-11-25,CUST3643,Male,26,Beauty,7,291.0,2037.0,4,2023,Youth,High
TX048945,2023-11-25,CUST4603,Male,37,Electronics,2,256.0,512.0,4,2023,Youth,High
TX048946,2023-11-25,CUST1103,Female,36,Electronics,16,317.0,5072.0,4,2023,Youth,High
TX048947,2023-11-25,CUST0441,Female,22,Clothing,4,295.0,1180.0,4,2023,Teenager,High
TX048948,2023-11-25,CUST3561,Female,53,Clothing,1,256.0,256.0,4,2023,Middle Aged,Medium
TX048949,2023-11-25,CUST4155,Female,21,Beauty,7,323.0,2261.0,4,2023,Teenager,High
TX048950,2023-11-25,CUST9137,Male,37,Electronics,19,112.0,2128.0,4,2023,Youth,High
TX048951,2023-11-25,CUST8316,Male,31,Groceries,16,280.0,4480.0,4,2023,Youth,High
TX048952,2023-11-25,CUST9626,Male,52,Clothing,19,223.0,4237.0,4,2023,Middle Aged,High
TX048953,2023-11-25,CUST8269,Male,69,Groceries,14,346.0,4844.0,4,2023,Retired,High
TX048954,2023-11-25,CUST4130,Female,39,Groceries,7,215.0,1505.0,4,2023,Youth,High
TX048955,2023-11-25,CUST3104,Male,54,Beauty,7,359.0,2513.0,4,2023,Middle Aged,High
TX048956,2023-11-25,CUST4888,Female,38,Groceries,20,488.0,9760.0,4,2023,Youth,High
TX048957,2023-11-25,CUST9394,Female,45,Electronics,2,318.0,636.0,4,2023,Middle Aged,High
TX048958,2023-11-25,CUST4621,Male,34,Books,8,246.0,1968.0,4,2023,Youth,High
TX048959,2023-11-25,CUST9307,Male,70,Beauty,8,482.0,3856.0,4,2023,Retired,High
TX048960,2023-11-25,CUST1190,Male,22,Groceries,8,486.0,3888.0,4,2023,Teenager,High
TX048961,2023-11-25,CUST2426,Female,45,Books,8,232.0,1856.0,4,2023,Middle Aged,High
TX048962,2023-11-25,CUST6053,Female,25,Groceries,9,145.0,1305.0,4,2023,Teenager,High
TX048963,2023-11-25,CUST6161,Male,65,Electronics,4,145.0,580.0,4,2023,Retired,High
TX048964,2023-11-25,CUST1804,Male,30,Electronics,10,230.0,2300.0,4,2023,Youth,High
TX048965,2023-11-25,CUST6867,Male,52,Clothing,11,293.0,3223.0,4,2023,Middle Aged,High
TX048966,2023-11-25,CUST6178,Female,67,Clothing,10,43.0,430.0,4,2023,Retired,Medium
TX048967,2023-11-25,CUST4673,Female,52,Sports,7,500.0,3500.0,4,2023,Middle Aged,High
TX048968,2023-11-25,CUST9946,Female,20,Clothing,18,74.0,1332.0,4,2023,Teenager,High
TX048969,2023-11-25,CUST7930,Male,39,Groceries,15,472.0,7080.0,4,2023,Youth,High
TX048970,2023-11-25,CUST4202,Female,60,Beauty,18,476.0,8568.0,4,2023,Middle Aged,High
TX048971,2023-11-25,CUST0628,Male,32,Clothing,6,194.0,1164.0,4,2023,Youth,High
TX048972,2023-11-25,CUST2396,Male,46,Groceries,10,217.0,2170.0,4,2023,Middle Aged,High
TX048973,2023-11-25,CUST5410,Female,61,Groceries,3,23.0,69.0,4,2023,Retired,Low
TX048974,2023-11-25,CUST8909,Female,47,Clothing,16,245.0,3920.0,4,2023,Middle Aged,High
TX048975,2023-11-25,CUST7223,Male,45,Beauty,17,62.0,1054.0,4,2023,Middle Aged,High
TX048976,2023-11-25,CUST6067,Male,46,Sports,6,376.0,2256.0,4,2023,Middle Aged,High
TX048977,2023-11-25,CUST5539,Female,46,Beauty,2,46.0,92.0,4,2023,Middle Aged,Low
TX048978,2023-11-25,CUST5202,Female,42,Groceries,10,472.0,4720.0,4,2023,Middle Aged,High
TX048979,2023-11-25,CUST9356,Female,61,Books,8,497.0,3976.0,4,2023,Retired,High
TX048980,2023-11-25,CUST2420,Male,67,Books,10,127.0,1270.0,4,2023,Retired,High
TX048981,2023-11-25,CUST5577,Female,49,Electronics,20,97.0,1940.0,4,2023,Middle Aged,High
TX048982,2023-11-25,CUST2871,Female,53,Groceries,19,227.0,4313.0,4,2023,Middle Aged,High
TX048983,2023-11-25,CUST9737,Male,52,Beauty,9,18.0,162.0,4,2023,Middle Aged,Medium
TX048984,2023-11-25,CUST2455,Male,30,Electronics,20,334.0,6680.0,4,2023,Youth,High
TX048985,2023-11-25,CUST6482,Male,48,Books,19,346.0,6574.0,4,2023,Middle Aged,High
TX048986,2023-11-25,CUST3290,Female,55,Clothing,10,379.0,3790.0,4,2023,Middle Aged,High
TX048987,2023-11-25,CUST7598,Female,53,Electronics,12,363.0,4356.0,4,2023,Middle Aged,High
TX048988,2023-11-25,CUST3617,Female,39,Beauty,2,252.0,504.0,4,2023,Youth,High
TX048989,2023-11-25,CUST0010,Female,59,Electronics,16,289.0,4624.0,4,2023,Middle Aged,High
TX048990,2023-11-25,CUST7407,Female,25,Clothing,2,304.0,608.0,4,2023,Teenager,High
TX048991,2023-11-25,CUST8912,Female,35,Clothing,4,136.0,544.0,4,2023,Youth,High
TX048992,2023-11-25,CUST6533,Female,62,Groceries,15,301.0,4515.0,4,2023,Retired,High
TX048993,2023-11-25,CUST3069,Female,62,Books,5,326.0,1630.0,4,2023,Retired,High
TX048994,2023-11-25,CUST9757,Female,68,Beauty,2,255.0,510.0,4,2023,Retired,High
TX048995,2023-11-25,CUST1091,Female,39,Books,3,345.0,1035.0,4,2023,Youth,High
TX048996,2023-11-25,CUST9556,Male,46,Sports,16,65.0,1040.0,4,2023,Middle Aged,High
TX048997,2023-11-25,CUST9958,Female,42,Clothing,4,392.0,1568.0,4,2023,Middle Aged,High
TX048998,2023-11-25,CUST5873,Female,63,Clothing,15,171.0,2565.0,4,2023,Retired,High
TX048999,2023-11-25,CUST1997,Female,49,Sports,12,443.0,5316.0,4,2023,Middle Aged,High
TX049000,2023-11-25,CUST5242,Female,49,Electronics,14,397.0,5558.0,4,2023,Middle Aged,High
TX049001,2023-11-25,CUST2688,Male,40,Clothing,2,264.0,528.0,4,2023,Youth,High
TX049002,2023-11-25,CUST1595,Female,62,Clothing,3,195.0,585.0,4,2023,Retired,High
TX049003,2023-11-25,CUST2625,Female,47,Sports,4,435.0,1740.0,4,2023,Middle Aged,High
TX049004,2023-11-25,CUST4956,Male,46,Groceries,4,287.0,1148.0,4,2023,Middle Aged,High
TX049005,2023-11-25,CUST4503,Female,45,Books,3,202.0,606.0,4,2023,Middle Aged,High
TX049006,2023-11-25,CUST2382,Female,47,Books,20,91.0,1820.0,4,2023,Middle Aged,High
TX049007,2023-11-25,CUST7762,Male,70,Clothing,13,124.0,1612.0,4,2023,Retired,High
TX049008,2023-11-25,CUST2725,Female,60,Books,13,385.0,5005.0,4,2023,Middle Aged,High
TX049009,2023-11-25,CUST3181,Male,45,Electronics,11,194.0,2134.0,4,2023,Middle Aged,High
TX049010,2023-11-25,CUST4060,Male,64,Clothing,8,24.0,192.0,4,2023,Retired,Medium
TX049011,2023-11-25,CUST0406,Female,55,Beauty,7,66.0,462.0,4,2023,Middle Aged,Medium
TX049012,2023-11-25,CUST7097,Female,40,Clothing,4,94.0,376.0,4,2023,Youth,Medium
TX049013,2023-11-25,CUST5378,Male,47,Sports,15,399.0,5985.0,4,2023,Middle Aged,High
TX049014,2023-11-25,CUST9374,Male,24,Sports,15,343.0,5145.0,4,2023,Teenager,High
TX049015,2023-11-25,CUST9596,Male,35,Groceries,19,411.0,7809.0,4,2023,Youth,High
TX049016,2023-11-25,CUST8458,Female,20,Clothing,11,260.0,2860.0,4,2023,Teenager,High
TX049017,2023-11-25,CUST8850,Female,60,Beauty,4,75.0,300.0,4,2023,Middle Aged,Medium
TX049018,2023-11-25,CUST0156,Female,25,Clothing,19,456.0,8664.0,4,2023,Teenager,High
TX049019,2023-11-25,CUST1518,Male,21,Groceries,6,444.0,2664.0,4,2023,Teenager,High
TX049020,2023-11-25,CUST9881,Female,42,Beauty,1,113.0,113.0,4,2023,Middle Aged,Medium
TX049021,2023-11-25,CUST0029,Male,39,Books,2,53.0,106.0,4,2023,Youth,Medium
TX049022,2023-11-25,CUST9489,Female,56,Books,19,429.0,8151.0,4,2023,Middle Aged,High
TX049023,2023-11-25,CUST7796,Female,51,Clothing,13,261.0,3393.0,4,2023,Middle Aged,High
TX049024,2023-11-25,CUST0658,Female,69,Books,2,81.0,162.0,4,2023,Retired,Medium
TX049025,2023-11-25,CUST8680,Male,31,Electronics,19,19.0,361.0,4,2023,Youth,Medium
TX049026,2023-11-25,CUST4195,Female,19,Sports,1,318.0,318.0,4,2023,Teenager,Medium
TX049027,2023-11-25,CUST9244,Male,47,Electronics,19,384.0,7296.0,4,2023,Middle Aged,High
TX049028,2023-11-25,CUST4472,Male,39,Books,8,161.0,1288.0,4,2023,Youth,High
TX049029,2023-11-25,CUST0397,Female,47,Groceries,14,124.0,1736.0,4,2023,Middle Aged,High
TX049030,2023-11-25,CUST9777,Male,67,Books,10,333.0,3330.0,4,2023,Retired,High
TX049031,2023-11-25,CUST6692,Female,45,Groceries,15,144.0,2160.0,4,2023,Middle Aged,High
TX049032,2023-11-25,CUST0445,Male,49,Books,4,175.0,700.0,4,2023,Middle Aged,High
TX049033,2023-11-25,CUST7899,Male,46,Groceries,6,466.0,2796.0,4,2023,Middle Aged,High
TX049034,2023-11-25,CUST5763,Female,41,Beauty,9,214.0,1926.0,4,2023,Middle Aged,High
TX049035,2023-11-25,CUST6137,Male,64,Beauty,5,125.0,625.0,4,2023,Retired,High
TX049036,2023-11-25,CUST8381,Female,29,Books,13,441.0,5733.0,4,2023,Youth,High
TX049037,2023-11-25,CUST8176,Female,33,Clothing,19,412.0,7828.0,4,2023,Youth,High
TX049038,2023-11-25,CUST9140,Male,48,Beauty,20,413.0,8260.0,4,2023,Middle Aged,High
TX049039,2023-11-25,CUST2333,Female,48,Books,4,379.0,1516.0,4,2023,Middle Aged,High
TX049040,2023-11-25,CUST3912,Female,44,Groceries,14,267.0,3738.0,4,2023,Middle Aged,High
TX049041,2023-11-25,CUST6108,Female,64,Groceries,16,421.0,6736.0,4,2023,Retired,High
TX049042,2023-11-25,CUST9385,Male,63,Books,3,103.0,309.0,4,2023,Retired,Medium
TX049043,2023-11-25,CUST9150,Female,56,Electronics,20,426.0,8520.0,4,2023,Middle Aged,High
TX049044,2023-11-25,CUST2027,Female,48,Sports,3,328.0,984.0,4,2023,Middle Aged,High
TX049045,2023-11-25,CUST3422,Male,49,Clothing,3,258.0,774.0,4,2023,Middle Aged,High
TX049046,2023-11-25,CUST2603,Female,51,Electronics,17,446.0,7582.0,4,2023,Middle Aged,High
TX049047,2023-11-25,CUST1616,Female,19,Clothing,7,138.0,966.0,4,2023,Teenager,High
TX049048,2023-11-25,CUST6849,Female,56,Groceries,19,247.0,4693.0,4,2023,Middle Aged,High
TX049049,2023-11-25,CUST3055,Male,53,Clothing,5,466.0,2330.0,4,2023,Middle Aged,High
TX049050,2023-11-25,CUST3918,Female,38,Beauty,12,153.0,1836.0,4,2023,Youth,High
TX049051,2023-11-25,CUST4016,Female,56,Books,2,237.0,474.0,4,2023,Middle Aged,Medium
TX049052,2023-11-25,CUST9402,Female,60,Sports,19,401.0,7619.0,4,2023,Middle Aged,High
TX049053,2023-11-25,CUST6436,Female,38,Beauty,14,386.0,5404.0,4,2023,Youth,High
TX049054,2023-11-25,CUST1187,Female,23,Groceries,5,269.0,1345.0,4,2023,Teenager,High
TX049055,2023-11-25,CUST5009,Male,59,Sports,15,148.0,2220.0,4,2023,Middle Aged,High
TX049056,2023-11-25,CUST4306,Female,21,Electronics,4,35.0,140.0,4,2023,Teenager,Medium
TX049057,2023-11-25,CUST8689,Female,58,Electronics,13,47.0,611.0,4,2023,Middle Aged,High
TX049058,2023-11-25,CUST6547,Male,41,Clothing,8,265.0,2120.0,4,2023,Middle Aged,High
TX049059,2023-11-25,CUST3729,Male,44,Books,20,183.0,3660.0,4,2023,Middle Aged,High
TX049060,2023-11-25,CUST7217,Male,65,Clothing,16,369.0,5904.0,4,2023,Retired,High
TX049061,2023-11-25,CUST4295,Male,58,Clothing,9,396.0,3564.0,4,2023,Middle Aged,High
TX049062,2023-11-25,CUST1054,Male,29,Books,13,241.0,3133.0,4,2023,Youth,High
TX049063,2023-11-25,CUST9074,Female,55,Beauty,2,162.0,324.0,4,2023,Middle Aged,Medium
TX049064,2023-11-25,CUST1901,Male,33,Beauty,3,212.0,636.0,4,2023,Youth,High
TX049065,2023-11-25,CUST0379,Female,36,Sports,5,295.0,1475.0,4,2023,Youth,High
TX049066,2023-11-25,CUST0653,Female,41,Beauty,7,328.0,2296.0,4,2023,Middle Aged,High
TX049067,2023-11-25,CUST8873,Female,31,Groceries,4,23.0,92.0,4,2023,Youth,Low
TX049068,2023-11-25,CUST4556,Male,40,Electronics,17,342.0,5814.0,4,2023,Youth,High
TX049069,2023-11-25,CUST8073,Female,65,Sports,1,277.0,277.0,4,2023,Retired,Medium
TX049070,2023-11-25,CUST6655,Female,48,Clothing,6,277.0,1662.0,4,2023,Middle Aged,High
TX049071,2023-11-25,CUST4708,Female,66,Clothing,18,420.0,7560.0,4,2023,Retired,High
TX049072,2023-11-25,CUST5195,Male,57,Clothing,18,135.0,2430.0,4,2023,Middle Aged,High
TX049073,2023-11-25,CUST8725,Female,30,Groceries,17,185.0,3145.0,4,2023,Youth,High
TX049074,2023-11-25,CUST5756,Male,50,Books,11,246.0,2706.0,4,2023,Middle Aged,High
TX049075,2023-11-25,CUST0221,Female,41,Books,9,492.0,4428.0,4,2023,Middle Aged,High
TX049076,2023-11-25,CUST5272,Female,32,Electronics,16,215.0,3440.0,4,2023,Youth,High
TX049077,2023-11-25,CUST6738,Female,56,Electronics,11,441.0,4851.0,4,2023,Middle Aged,High
TX049078,2023-11-25,CUST8557,Male,48,Electronics,3,406.0,1218.0,4,2023,Middle Aged,High
TX049079,2023-11-25,CUST1535,Male,39,Beauty,8,58.0,464.0,4,2023,Youth,Medium
TX049080,2023-11-25,CUST0185,Male,47,Groceries,5,413.0,2065.0,4,2023,Middle Aged,High
TX049081,2023-11-25,CUST4948,Male,36,Clothing,16,285.0,4560.0,4,2023,Youth,High
TX049082,2023-11-25,CUST7571,Male,64,Beauty,5,270.0,1350.0,4,2023,Retired,High
TX049083,2023-11-25,CUST7648,Male,50,Books,6,322.0,1932.0,4,2023,Middle Aged,High
TX049084,2023-11-25,CUST7643,Female,26,Groceries,4,444.0,1776.0,4,2023,Youth,High
TX049085,2023-11-25,CUST8160,Male,21,Sports,15,304.0,4560.0,4,2023,Teenager,High
TX049086,2023-11-25,CUST0793,Female,40,Electronics,3,139.0,417.0,4,2023,Youth,Medium
TX049087,2023-11-25,CUST7997,Female,43,Beauty,3,245.0,735.0,4,2023,Middle Aged,High
TX049088,2023-11-25,CUST6545,Female,32,Sports,15,114.0,1710.0,4,2023,Youth,High
TX049089,2023-11-25,CUST0415,Female,21,Sports,3,94.0,282.0,4,2023,Teenager,Medium
TX049090,2023-11-25,CUST2981,Female,22,Groceries,20,455.0,9100.0,4,2023,Teenager,High
TX049091,2023-11-25,CUST1080,Female,31,Clothing,10,238.0,2380.0,4,2023,Youth,High
TX049092,2023-11-25,CUST8682,Female,58,Beauty,8,80.0,640.0,4,2023,Middle Aged,High
TX049093,2023-11-25,CUST4492,Male,39,Beauty,11,383.0,4213.0,4,2023,Youth,High
TX049094,2023-11-25,CUST3910,Male,47,Books,2,368.0,736.0,4,2023,Middle Aged,High
TX049095,2023-11-25,CUST3846,Male,32,Groceries,17,177.0,3009.0,4,2023,Youth,High
TX049096,2023-11-25,CUST2877,Male,53,Clothing,6,311.0,1866.0,4,2023,Middle Aged,High
TX049097,2023-11-25,CUST3221,Male,59,Beauty,10,262.0,2620.0,4,2023,Middle Aged,High
TX049098,2023-11-25,CUST9694,Male,37,Books,13,124.0,1612.0,4,2023,Youth,High
TX049099,2023-11-25,CUST8264,Female,32,Groceries,15,191.0,2865.0,4,2023,Youth,High
TX049100,2023-11-25,CUST6864,Female,50,Sports,6,479.0,2874.0,4,2023,Middle Aged,High
TX049101,2023-11-25,CUST1104,Female,20,Books,3,328.0,984.0,4,2023,Teenager,High
TX049102,2023-11-25,CUST0392,Female,68,Clothing,18,100.0,1800.0,4,2023,Retired,High
TX049103,2023-11-25,CUST0632,Female,27,Books,13,443.0,5759.0,4,2023,Youth,High
TX049104,2023-11-25,CUST4323,Female,55,Beauty,13,219.0,2847.0,4,2023,Middle Aged,High
TX049105,2023-11-25,CUST5434,Female,44,Electronics,13,250.0,3250.0,4,2023,Middle Aged,High
TX049106,2023-11-25,CUST2620,Male,18,Beauty,16,222.0,3552.0,4,2023,,High
TX049107,2023-11-25,CUST0025,Male,27,Beauty,7,180.0,1260.0,4,2023,Youth,High
TX049108,2023-11-25,CUST5412,Female,55,Sports,16,113.0,1808.0,4,2023,Middle Aged,High
TX049109,2023-11-25,CUST5177,Female,34,Sports,16,232.0,3712.0,4,2023,Youth,High
TX049110,2023-11-25,CUST5591,Male,59,Books,2,155.0,310.0,4,2023,Middle Aged,Medium
TX049111,2023-11-25,CUST5114,Male,22,Books,9,283.0,2547.0,4,2023,Teenager,High
TX049112,2023-11-25,CUST6618,Female,55,Electronics,6,439.0,2634.0,4,2023,Middle Aged,High
TX049113,2023-11-25,CUST8493,Female,24,Groceries,3,401.0,1203.0,4,2023,Teenager,High
TX049114,2023-11-25,CUST6599,Male,34,Sports,1,150.0,150.0,4,2023,Youth,Medium
TX049115,2023-11-25,CUST1022,Female,63,Electronics,14,336.0,4704.0,4,2023,Retired,High
TX049116,2023-11-25,CUST3138,Female,47,Sports,11,148.0,1628.0,4,2023,Middle Aged,High
TX049117,2023-11-25,CUST8230,Male,27,Sports,3,70.0,210.0,4,2023,Youth,Medium
TX049118,2023-11-25,CUST2196,Male,35,Beauty,2,110.0,220.0,4,2023,Youth,Medium
TX049119,2023-11-25,CUST0567,Female,36,Beauty,9,439.0,3951.0,4,2023,Youth,High
TX049120,2023-11-25,CUST2840,Female,54,Clothing,2,482.0,964.0,4,2023,Middle Aged,High
TX049121,2023-11-25,CUST6933,Male,46,Beauty,18,492.0,8856.0,4,2023,Middle Aged,High
TX049122,2023-11-25,CUST5432,Female,43,Electronics,20,317.0,6340.0,4,2023,Middle Aged,High
TX049123,2023-11-25,CUST4835,Female,37,Beauty,3,19.0,57.0,4,2023,Youth,Low
TX049124,2023-11-25,CUST9525,Male,25,Books,7,146.0,1022.0,4,2023,Teenager,High
TX049125,2023-11-25,CUST3142,Male,68,Groceries,2,394.0,788.0,4,2023,Retired,High
TX049126,2023-11-25,CUST5733,Male,51,Books,5,161.0,805.0,4,2023,Middle Aged,High
TX049127,2023-11-25,CUST7855,Female,57,Groceries,18,280.0,5040.0,4,2023,Middle Aged,High
TX049128,2023-11-25,CUST8405,Female,60,Electronics,17,50.0,850.0,4,2023,Middle Aged,High
TX049129,2023-11-25,CUST8830,Male,19,Clothing,4,67.0,268.0,4,2023,Teenager,Medium
TX049130,2023-11-25,CUST6588,Female,33,Groceries,7,377.0,2639.0,4,2023,Youth,High
TX049131,2023-11-25,CUST8731,Female,23,Groceries,8,71.0,568.0,4,2023,Teenager,High
TX049132,2023-11-25,CUST5643,Female,67,Sports,8,357.0,2856.0,4,2023,Retired,High
TX049133,2023-11-25,CUST3014,Male,58,Electronics,9,56.0,504.0,4,2023,Middle Aged,High
TX049134,2023-11-25,CUST0663,Female,31,Groceries,14,256.0,3584.0,4,2023,Youth,High
TX049135,2023-11-25,CUST1506,Male,46,Electronics,10,136.0,1360.0,4,2023,Middle Aged,High
TX049136,2023-11-25,CUST4911,Female,45,Groceries,19,318.0,6042.0,4,2023,Middle Aged,High
TX049137,2023-11-25,CUST7434,Male,30,Beauty,4,496.0,1984.0,4,2023,Youth,High
TX049138,2023-11-25,CUST0276,Male,32,Sports,12,22.0,264.0,4,2023,Youth,Medium
TX049139,2023-11-25,CUST7353,Female,22,Groceries,19,293.0,5567.0,4,2023,Teenager,High
TX049140,2023-11-25,CUST3811,Male,63,Electronics,8,429.0,3432.0,4,2023,Retired,High
TX049141,2023-11-25,CUST3261,Male,62,Groceries,1,296.0,296.0,4,2023,Retired,Medium
TX049142,2023-11-25,CUST6042,Male,32,Clothing,7,418.0,2926.0,4,2023,Youth,High
TX049143,2023-11-25,CUST5801,Female,41,Groceries,13,466.0,6058.0,4,2023,Middle Aged,High
TX049144,2023-11-25,CUST7026,Female,45,Sports,8,456.0,3648.0,4,2023,Middle Aged,High
TX049145,2023-11-25,CUST6977,Female,40,Electronics,19,452.0,8588.0,4,2023,Youth,High
TX049146,2023-11-25,CUST6836,Female,50,Groceries,6,153.0,918.0,4,2023,Middle Aged,High
TX049147,2023-11-25,CUST3427,Male,56,Books,8,356.0,2848.0,4,2023,Middle Aged,High
TX049148,2023-11-25,CUST4171,Female,49,Books,19,128.0,2432.0,4,2023,Middle Aged,High
TX049149,2023-11-25,CUST8157,Female,66,Sports,1,108.0,108.0,4,2023,Retired,Medium
TX049150,2023-11-25,CUST6526,Female,61,Sports,20,476.0,9520.0,4,2023,Retired,High
TX049151,2023-11-25,CUST6258,Female,54,Clothing,7,367.0,2569.0,4,2023,Middle Aged,High
TX049152,2023-11-25,CUST3141,Female,35,Beauty,8,407.0,3256.0,4,2023,Youth,High
TX049153,2023-11-25,CUST3642,Male,59,Books,12,483.0,5796.0,4,2023,Middle Aged,High
TX049154,2023-11-25,CUST1237,Female,24,Clothing,11,63.0,693.0,4,2023,Teenager,High
TX049155,2023-11-25,CUST2692,Male,35,Electronics,5,457.0,2285.0,4,2023,Youth,High
TX049156,2023-11-25,CUST7762,Female,39,Beauty,17,489.0,8313.0,4,2023,Youth,High
TX049157,2023-11-25,CUST4527,Female,48,Sports,10,11.0,110.0,4,2023,Middle Aged,Medium
TX049158,2023-11-25,CUST2119,Male,56,Books,12,499.0,5988.0,4,2023,Middle Aged,High
TX049159,2023-11-25,CUST8193,Female,52,Beauty,1,230.0,230.0,4,2023,Middle Aged,Medium
TX049160,2023-11-25,CUST6394,Female,37,Clothing,12,250.0,3000.0,4,2023,Youth,High
TX049161,2023-11-25,CUST9939,Male,62,Groceries,10,441.0,4410.0,4,2023,Retired,High
TX049162,2023-11-25,CUST2109,Female,68,Sports,12,314.0,3768.0,4,2023,Retired,High
TX049163,2023-11-25,CUST6162,Female,69,Electronics,1,154.0,154.0,4,2023,Retired,Medium
TX049164,2023-11-25,CUST9872,Male,65,Sports,6,46.0,276.0,4,2023,Retired,Medium
TX049165,2023-11-25,CUST7327,Male,59,Clothing,7,303.0,2121.0,4,2023,Middle Aged,High
TX049166,2023-11-25,CUST8221,Female,65,Electronics,4,385.0,1540.0,4,2023,Retired,High
TX049167,2023-11-25,CUST5357,Male,39,Clothing,9,26.0,234.0,4,2023,Youth,Medium
TX049168,2023-11-25,CUST2284,Male,47,Clothing,3,434.0,1302.0,4,2023,Middle Aged,High
TX049169,2023-11-25,CUST6281,Male,53,Groceries,7,471.0,3297.0,4,2023,Middle Aged,High
TX049170,2023-11-25,CUST7646,Male,57,Beauty,7,68.0,476.0,4,2023,Middle Aged,Medium
TX049171,2023-11-25,CUST2982,Female,41,Sports,5,498.0,2490.0,4,2023,Middle Aged,High
TX049172,2023-11-25,CUST7379,Male,50,Sports,10,231.0,2310.0,4,2023,Middle Aged,High
TX049173,2023-11-25,CUST9191,Female,43,Beauty,14,120.0,1680.0,4,2023,Middle Aged,High
TX049174,2023-11-25,CUST3796,Female,31,Groceries,3,76.0,228.0,4,2023,Youth,Medium
TX049175,2023-11-25,CUST6214,Male,69,Electronics,10,249.0,2490.0,4,2023,Retired,High
TX049176,2023-11-25,CUST3415,Female,32,Beauty,12,248.0,2976.0,4,2023,Youth,High
TX049177,2023-11-25,CUST8980,Male,54,Clothing,15,439.0,6585.0,4,2023,Middle Aged,High
TX049178,2023-11-25,CUST3180,Female,70,Electronics,10,441.0,4410.0,4,2023,Retired,High
TX049179,2023-11-25,CUST8305,Male,65,Books,13,469.0,6097.0,4,2023,Retired,High
TX049180,2023-11-25,CUST5620,Female,33,Sports,18,419.0,7542.0,4,2023,Youth,High
TX049181,2023-11-25,CUST3542,Female,61,Electronics,15,53.0,795.0,4,2023,Retired,High
TX049182,2023-11-25,CUST4476,Female,64,Books,12,294.0,3528.0,4,2023,Retired,High
TX049183,2023-11-25,CUST9745,Female,69,Electronics,18,236.0,4248.0,4,2023,Retired,High
TX049184,2023-11-25,CUST9344,Female,57,Sports,5,250.0,1250.0,4,2023,Middle Aged,High
TX049185,2023-11-25,CUST2012,Male,53,Electronics,4,177.0,708.0,4,2023,Middle Aged,High
TX049186,2023-11-25,CUST7580,Female,60,Electronics,4,411.0,1644.0,4,2023,Middle Aged,High
TX049187,2023-11-25,CUST4645,Female,20,Groceries,8,478.0,3824.0,4,2023,Teenager,High
TX049188,2023-11-25,CUST8991,Male,21,Sports,6,299.0,1794.0,4,2023,Teenager,High
TX049189,2023-11-25,CUST0879,Female,29,Sports,7,475.0,3325.0,4,2023,Youth,High
TX049190,2023-11-25,CUST5551,Female,46,Beauty,15,437.0,6555.0,4,2023,Middle Aged,High
TX049191,2023-11-25,CUST9687,Male,33,Sports,10,233.0,2330.0,4,2023,Youth,High
TX049192,2023-11-25,CUST0991,Female,56,Beauty,8,271.0,2168.0,4,2023,Middle Aged,High
TX049193,2023-11-25,CUST9466,Female,49,Beauty,19,433.0,8227.0,4,2023,Middle Aged,High
TX049194,2023-11-25,CUST0157,Male,62,Groceries,5,45.0,225.0,4,2023,Retired,Medium
TX049195,2023-11-25,CUST3523,Male,19,Beauty,12,27.0,324.0,4,2023,Teenager,Medium
TX049196,2023-11-25,CUST0670,Female,54,Groceries,15,433.0,6495.0,4,2023,Middle Aged,High
TX049197,2023-11-25,CUST5017,Female,43,Beauty,10,344.0,3440.0,4,2023,Middle Aged,High
TX049198,2023-11-25,CUST1142,Male,51,Clothing,6,376.0,2256.0,4,2023,Middle Aged,High
TX049199,2023-11-25,CUST7655,Male,58,Clothing,3,210.0,630.0,4,2023,Middle Aged,High
TX049200,2023-11-25,CUST7180,Female,55,Groceries,10,312.0,3120.0,4,2023,Middle Aged,High
TX049201,2023-11-25,CUST2591,Male,53,Electronics,9,402.0,3618.0,4,2023,Middle Aged,High
TX049202,2023-11-25,CUST6544,Male,25,Electronics,13,328.0,4264.0,4,2023,Teenager,High
TX049203,2023-11-25,CUST2145,Male,33,Sports,9,200.0,1800.0,4,2023,Youth,High
TX049204,2023-11-25,CUST3294,Male,58,Groceries,5,403.0,2015.0,4,2023,Middle Aged,High
TX049205,2023-11-25,CUST2454,Female,28,Groceries,1,326.0,326.0,4,2023,Youth,Medium
TX049206,2023-11-25,CUST3073,Male,46,Clothing,16,63.0,1008.0,4,2023,Middle Aged,High
TX049207,2023-11-25,CUST4878,Male,20,Beauty,6,156.0,936.0,4,2023,Teenager,High
TX049208,2023-11-25,CUST6922,Male,20,Books,16,48.0,768.0,4,2023,Teenager,High
TX049209,2023-11-25,CUST5366,Female,29,Clothing,11,482.0,5302.0,4,2023,Youth,High
TX049210,2023-11-25,CUST7177,Female,36,Clothing,12,78.0,936.0,4,2023,Youth,High
TX049211,2023-11-25,CUST3455,Male,42,Groceries,18,101.0,1818.0,4,2023,Middle Aged,High
TX049212,2023-11-25,CUST0164,Female,42,Groceries,13,157.0,2041.0,4,2023,Middle Aged,High
TX049213,2023-11-25,CUST2624,Male,68,Clothing,13,155.0,2015.0,4,2023,Retired,High
TX049214,2023-11-25,CUST8164,Male,49,Sports,11,297.0,3267.0,4,2023,Middle Aged,High
TX049215,2023-11-25,CUST8735,Male,42,Electronics,8,50.0,400.0,4,2023,Middle Aged,Medium
TX049216,2023-11-25,CUST5062,Female,46,Groceries,4,334.0,1336.0,4,2023,Middle Aged,High
TX049217,2023-11-25,CUST3519,Male,43,Clothing,5,273.0,1365.0,4,2023,Middle Aged,High
TX049218,2023-11-25,CUST8950,Female,69,Electronics,8,82.0,656.0,4,2023,Retired,High
TX049219,2023-11-25,CUST0621,Male,41,Electronics,10,471.0,4710.0,4,2023,Middle Aged,High
TX049220,2023-11-25,CUST1671,Male,20,Books,12,134.0,1608.0,4,2023,Teenager,High
TX049221,2023-11-25,CUST4135,Female,50,Sports,13,227.0,2951.0,4,2023,Middle Aged,High
TX049222,2023-11-25,CUST0803,Female,21,Beauty,10,489.0,4890.0,4,2023,Teenager,High
TX049223,2023-11-25,CUST0109,Female,28,Books,14,184.0,2576.0,4,2023,Youth,High
TX049224,2023-11-25,CUST3058,Female,58,Sports,9,321.0,2889.0,4,2023,Middle Aged,High
TX049225,2023-11-25,CUST6615,Male,27,Groceries,2,305.0,610.0,4,2023,Youth,High
TX049226,2023-11-25,CUST9163,Male,62,Electronics,13,142.0,1846.0,4,2023,Retired,High
TX049227,2023-11-25,CUST1136,Male,65,Books,10,488.0,4880.0,4,2023,Retired,High
TX049228,2023-11-25,CUST6695,Female,52,Sports,18,408.0,7344.0,4,2023,Middle Aged,High
TX049229,2023-11-25,CUST6893,Female,46,Groceries,14,96.0,1344.0,4,2023,Middle Aged,High
TX049230,2023-11-25,CUST1879,Male,63,Electronics,7,12.0,84.0,4,2023,Retired,Low
TX049231,2023-11-25,CUST2228,Male,19,Sports,14,264.0,3696.0,4,2023,Teenager,High
TX049232,2023-11-25,CUST9672,Female,43,Beauty,17,222.0,3774.0,4,2023,Middle Aged,High
TX049233,2023-11-25,CUST4621,Male,34,Clothing,15,83.0,1245.0,4,2023,Youth,High
TX049234,2023-11-25,CUST2321,Female,33,Groceries,11,95.0,1045.0,4,2023,Youth,High
TX049235,2023-11-25,CUST4611,Male,33,Books,9,249.0,2241.0,4,2023,Youth,High
TX049236,2023-11-25,CUST1409,Female,55,Electronics,3,260.0,780.0,4,2023,Middle Aged,High
TX049237,2023-11-25,CUST1668,Female,24,Beauty,7,221.0,1547.0,4,2023,Teenager,High
TX049238,2023-11-25,CUST1837,Male,58,Clothing,4,147.0,588.0,4,2023,Middle Aged,High
TX049239,2023-11-25,CUST6957,Male,44,Beauty,11,16.0,176.0,4,2023,Middle Aged,Medium
TX049240,2023-11-25,CUST3304,Female,51,Beauty,17,132.0,2244.0,4,2023,Middle Aged,High
TX049241,2023-11-25,CUST7146,Male,24,Beauty,11,322.0,3542.0,4,2023,Teenager,High
TX049242,2023-11-25,CUST6565,Female,37,Groceries,15,403.0,6045.0,4,2023,Youth,High
TX049243,2023-11-25,CUST3049,Female,66,Groceries,12,163.0,1956.0,4,2023,Retired,High
TX049244,2023-11-25,CUST1569,Female,40,Electronics,20,446.0,8920.0,4,2023,Youth,High
TX049245,2023-11-25,CUST4253,Male,70,Electronics,6,14.0,84.0,4,2023,Retired,Low
TX049246,2023-11-25,CUST6205,Female,63,Beauty,10,170.0,1700.0,4,2023,Retired,High
TX049247,2023-11-25,CUST9158,Female,53,Books,5,278.0,1390.0,4,2023,Middle Aged,High
TX049248,2023-11-25,CUST8457,Female,50,Groceries,13,264.0,3432.0,4,2023,Middle Aged,High
TX049249,2023-11-25,CUST7017,Male,67,Sports,10,459.0,4590.0,4,2023,Retired,High
TX049250,2023-11-25,CUST6497,Male,51,Electronics,13,433.0,5629.0,4,2023,Middle Aged,High
TX049251,2023-11-25,CUST8589,Female,58,Books,9,421.0,3789.0,4,2023,Middle Aged,High
TX049252,2023-11-25,CUST2100,Male,63,Books,18,306.0,5508.0,4,2023,Retired,High
TX049253,2023-11-25,CUST0647,Female,50,Books,12,402.0,4824.0,4,2023,Middle Aged,High
TX049254,2023-11-25,CUST2938,Male,30,Groceries,16,157.0,2512.0,4,2023,Youth,High
TX049255,2023-11-25,CUST1141,Male,38,Clothing,8,250.0,2000.0,4,2023,Youth,High
TX049256,2023-11-25,CUST8648,Male,24,Clothing,19,116.0,2204.0,4,2023,Teenager,High
TX049257,2023-11-25,CUST8157,Female,70,Groceries,18,459.0,8262.0,4,2023,Retired,High
TX049258,2023-11-25,CUST5490,Male,43,Electronics,2,158.0,316.0,4,2023,Middle Aged,Medium
TX049259,2023-11-25,CUST7282,Female,35,Clothing,9,176.0,1584.0,4,2023,Youth,High
TX049260,2023-11-25,CUST4455,Female,25,Books,13,193.0,2509.0,4,2023,Teenager,High
TX049261,2023-11-25,CUST0014,Male,41,Sports,2,84.0,168.0,4,2023,Middle Aged,Medium
TX049262,2023-11-25,CUST8913,Female,35,Books,14,18.0,252.0,4,2023,Youth,Medium
TX049263,2023-11-25,CUST0485,Female,18,Groceries,4,40.0,160.0,4,2023,,Medium
TX049264,2023-11-25,CUST3374,Female,62,Electronics,13,439.0,5707.0,4,2023,Retired,High
TX049265,2023-11-25,CUST2204,Female,68,Electronics,16,255.0,4080.0,4,2023,Retired,High
TX049266,2023-11-25,CUST1612,Male,53,Sports,8,231.0,1848.0,4,2023,Middle Aged,High
TX049267,2023-11-25,CUST4029,Male,44,Clothing,14,403.0,5642.0,4,2023,Middle Aged,High
TX049268,2023-11-25,CUST6653,Male,60,Clothing,10,421.0,4210.0,4,2023,Middle Aged,High
TX049269,2023-11-25,CUST6055,Female,18,Clothing,7,121.0,847.0,4,2023,,High
TX049270,2023-11-25,CUST5270,Female,51,Books,2,465.0,930.0,4,2023,Middle Aged,High
TX049271,2023-11-25,CUST8066,Female,48,Sports,10,427.0,4270.0,4,2023,Middle Aged,High
TX049272,2023-11-25,CUST3842,Male,66,Sports,2,150.0,300.0,4,2023,Retired,Medium
TX049273,2023-11-25,CUST1495,Male,66,Groceries,20,254.0,5080.0,4,2023,Retired,High
TX049274,2023-11-25,CUST8638,Female,44,Beauty,17,113.0,1921.0,4,2023,Middle Aged,High
TX049275,2023-11-25,CUST8432,Male,28,Electronics,20,96.0,1920.0,4,2023,Youth,High
TX049276,2023-11-25,CUST7667,Male,30,Books,5,116.0,580.0,4,2023,Youth,High
TX049277,2023-11-25,CUST4953,Female,69,Groceries,12,361.0,4332.0,4,2023,Retired,High
TX049278,2023-11-25,CUST1378,Female,54,Beauty,12,447.0,5364.0,4,2023,Middle Aged,High
TX049279,2023-11-25,CUST5218,Female,29,Books,15,287.0,4305.0,4,2023,Youth,High
TX049280,2023-11-25,CUST1224,Male,40,Sports,14,434.0,6076.0,4,2023,Youth,High
TX049281,2023-11-25,CUST9369,Female,55,Clothing,2,77.0,154.0,4,2023,Middle Aged,Medium
TX049282,2023-11-25,CUST9259,Male,58,Groceries,9,373.0,3357.0,4,2023,Middle Aged,High
TX049283,2023-11-25,CUST8515,Male,49,Books,13,61.0,793.0,4,2023,Middle Aged,High
TX049284,2023-11-25,CUST9999,Female,46,Electronics,3,491.0,1473.0,4,2023,Middle Aged,High
TX049285,2023-11-25,CUST8520,Female,49,Sports,2,385.0,770.0,4,2023,Middle Aged,High
TX049286,2023-11-25,CUST9639,Female,58,Sports,15,196.0,2940.0,4,2023,Middle Aged,High
TX049287,2023-11-25,CUST0191,Female,55,Sports,19,343.0,6517.0,4,2023,Middle Aged,High
TX049288,2023-11-25,CUST5326,Male,28,Books,4,447.0,1788.0,4,2023,Youth,High
TX049289,2023-11-25,CUST7726,Male,30,Electronics,17,344.0,5848.0,4,2023,Youth,High
TX049290,2023-11-25,CUST6134,Male,66,Beauty,5,24.0,120.0,4,2023,Retired,Medium
TX049291,2023-11-25,CUST7807,Female,24,Electronics,18,190.0,3420.0,4,2023,Teenager,High
TX049292,2023-11-25,CUST7583,Male,37,Books,20,112.0,2240.0,4,2023,Youth,High
TX049293,2023-11-25,CUST9261,Male,44,Clothing,19,269.0,5111.0,4,2023,Middle Aged,High
TX049294,2023-11-25,CUST8470,Female,24,Groceries,10,92.0,920.0,4,2023,Teenager,High
TX049295,2023-11-25,CUST6172,Female,18,Books,11,160.0,1760.0,4,2023,,High
TX049296,2023-11-25,CUST0548,Male,22,Groceries,9,303.0,2727.0,4,2023,Teenager,High
TX049297,2023-11-25,CUST8871,Female,61,Groceries,8,111.0,888.0,4,2023,Retired,High
TX049298,2023-11-25,CUST2184,Female,37,Beauty,17,471.0,8007.0,4,2023,Youth,High
TX049299,2023-11-25,CUST8272,Male,34,Clothing,5,178.0,890.0,4,2023,Youth,High
TX049300,2023-11-25,CUST9194,Female,19,Groceries,14,277.0,3878.0,4,2023,Teenager,High
TX049301,2023-11-25,CUST1561,Male,53,Clothing,11,304.0,3344.0,4,2023,Middle Aged,High
TX049302,2023-11-25,CUST5436,Male,48,Electronics,6,323.0,1938.0,4,2023,Middle Aged,High
TX049303,2023-11-25,CUST0040,Male,29,Groceries,12,149.0,1788.0,4,2023,Youth,High
TX049304,2023-11-25,CUST0435,Female,46,Clothing,15,387.0,5805.0,4,2023,Middle Aged,High
TX049305,2023-11-25,CUST8381,Male,45,Clothing,3,169.0,507.0,4,2023,Middle Aged,High
TX049306,2023-11-25,CUST7255,Female,36,Sports,17,117.0,1989.0,4,2023,Youth,High
TX049307,2023-11-25,CUST9250,Female,61,Electronics,20,437.0,8740.0,4,2023,Retired,High
TX049308,2023-11-25,CUST7585,Male,32,Electronics,17,208.0,3536.0,4,2023,Youth,High
TX049309,2023-11-25,CUST5872,Female,62,Clothing,17,119.0,2023.0,4,2023,Retired,High
TX049310,2023-11-25,CUST5127,Male,36,Books,3,113.0,339.0,4,2023,Youth,Medium
TX049311,2023-11-25,CUST8235,Male,40,Sports,5,394.0,1970.0,4,2023,Youth,High
TX049312,2023-11-25,CUST6171,Female,64,Beauty,7,96.0,672.0,4,2023,Retired,High
TX049313,2023-11-25,CUST4096,Male,69,Groceries,20,148.0,2960.0,4,2023,Retired,High
TX049314,2023-11-25,CUST6035,Male,63,Sports,15,286.0,4290.0,4,2023,Retired,High
TX049315,2023-11-25,CUST2656,Male,57,Groceries,1,24.0,24.0,4,2023,Middle Aged,Low
TX049316,2023-11-25,CUST7727,Female,23,Books,4,172.0,688.0,4,2023,Teenager,High
TX049317,2023-11-25,CUST2190,Female,51,Electronics,10,228.0,2280.0,4,2023,Middle Aged,High
TX049318,2023-11-25,CUST6702,Female,65,Books,20,188.0,3760.0,4,2023,Retired,High
TX049319,2023-11-25,CUST4819,Female,41,Groceries,10,339.0,3390.0,4,2023,Middle Aged,High
TX049320,2023-11-25,CUST2018,Female,66,Sports,16,268.0,4288.0,4,2023,Retired,High
TX049321,2023-11-25,CUST9768,Male,70,Books,17,383.0,6511.0,4,2023,Retired,High
TX049322,2023-11-25,CUST7927,Female,64,Groceries,1,160.0,160.0,4,2023,Retired,Medium
TX049323,2023-11-25,CUST4869,Female,30,Sports,10,87.0,870.0,4,2023,Youth,High
TX049324,2023-11-25,CUST1492,Male,25,Groceries,13,68.0,884.0,4,2023,Teenager,High
TX049325,2023-11-25,CUST6632,Male,54,Clothing,6,112.0,672.0,4,2023,Middle Aged,High
TX049326,2023-11-25,CUST9289,Female,59,Groceries,15,341.0,5115.0,4,2023,Middle Aged,High
TX049327,2023-11-25,CUST3864,Female,51,Electronics,6,479.0,2874.0,4,2023,Middle Aged,High
TX049328,2023-11-25,CUST8544,Male,20,Electronics,6,154.0,924.0,4,2023,Teenager,High
TX049329,2023-11-25,CUST6893,Male,33,Beauty,13,128.0,1664.0,4,2023,Youth,High
TX049330,2023-11-25,CUST4072,Male,32,Sports,3,479.0,1437.0,4,2023,Youth,High
TX049331,2023-11-25,CUST6063,Male,56,Sports,14,83.0,1162.0,4,2023,Middle Aged,High
TX049332,2023-11-25,CUST4983,Male,28,Clothing,7,240.0,1680.0,4,2023,Youth,High
TX049333,2023-11-25,CUST8331,Male,65,Groceries,1,158.0,158.0,4,2023,Retired,Medium
TX049334,2023-11-25,CUST5690,Male,51,Clothing,2,95.0,190.0,4,2023,Middle Aged,Medium
TX049335,2023-11-25,CUST8480,Male,23,Books,2,446.0,892.0,4,2023,Teenager,High
TX049336,2023-11-25,CUST9399,Female,61,Beauty,14,251.0,3514.0,4,2023,Retired,High
TX049337,2023-11-25,CUST2698,Male,19,Groceries,16,245.0,3920.0,4,2023,Teenager,High
TX049338,2023-11-25,CUST7378,Female,30,Beauty,18,478.0,8604.0,4,2023,Youth,High
TX049339,2023-11-25,CUST8001,Female,32,Beauty,8,302.0,2416.0,4,2023,Youth,High
TX049340,2023-11-25,CUST8456,Female,44,Books,13,366.0,4758.0,4,2023,Middle Aged,High
TX049341,2023-11-25,CUST5145,Male,30,Groceries,18,148.0,2664.0,4,2023,Youth,High
TX049342,2023-11-25,CUST2229,Male,18,Clothing,4,13.0,52.0,4,2023,,Low
TX049343,2023-11-25,CUST2930,Male,55,Electronics,12,495.0,5940.0,4,2023,Middle Aged,High
TX049344,2023-11-25,CUST6800,Female,30,Books,15,212.0,3180.0,4,2023,Youth,High
TX049345,2023-11-25,CUST4390,Male,62,Clothing,9,241.0,2169.0,4,2023,Retired,High
TX049346,2023-11-25,CUST5208,Female,53,Groceries,20,143.0,2860.0,4,2023,Middle Aged,High
TX049347,2023-11-25,CUST1544,Male,57,Beauty,14,114.0,1596.0,4,2023,Middle Aged,High
TX049348,2023-11-25,CUST0792,Male,39,Clothing,10,113.0,1130.0,4,2023,Youth,High
TX049349,2023-11-25,CUST4613,Female,20,Beauty,7,277.0,1939.0,4,2023,Teenager,High
TX049350,2023-11-25,CUST4657,Female,24,Clothing,5,348.0,1740.0,4,2023,Teenager,High
TX049351,2023-11-25,CUST6127,Male,52,Books,12,64.0,768.0,4,2023,Middle Aged,High
TX049352,2023-11-25,CUST6288,Female,40,Beauty,16,415.0,6640.0,4,2023,Youth,High
TX049353,2023-11-25,CUST9928,Male,39,Beauty,7,158.0,1106.0,4,2023,Youth,High
TX049354,2023-11-25,CUST0465,Male,33,Sports,20,453.0,9060.0,4,2023,Youth,High
TX049355,2023-11-25,CUST9267,Male,45,Beauty,11,498.0,5478.0,4,2023,Middle Aged,High
TX049356,2023-11-25,CUST1605,Female,52,Electronics,19,60.0,1140.0,4,2023,Middle Aged,High
TX049357,2023-11-25,CUST6291,Male,66,Beauty,8,362.0,2896.0,4,2023,Retired,High
TX049358,2023-11-25,CUST7981,Female,69,Groceries,14,288.0,4032.0,4,2023,Retired,High
TX049359,2023-11-25,CUST3400,Female,57,Sports,4,84.0,336.0,4,2023,Middle Aged,Medium
TX049360,2023-11-25,CUST7571,Male,46,Groceries,10,349.0,3490.0,4,2023,Middle Aged,High
TX049361,2023-11-25,CUST9436,Female,18,Clothing,18,163.0,2934.0,4,2023,,High
TX049362,2023-11-25,CUST3827,Female,66,Electronics,15,125.0,1875.0,4,2023,Retired,High
TX049363,2023-11-25,CUST3299,Male,29,Clothing,14,64.0,896.0,4,2023,Youth,High
TX049364,2023-11-25,CUST7756,Male,22,Sports,8,48.0,384.0,4,2023,Teenager,Medium
TX049365,2023-11-25,CUST4546,Female,48,Books,14,384.0,5376.0,4,2023,Middle Aged,High
TX049366,2023-11-25,CUST6583,Male,33,Beauty,9,366.0,3294.0,4,2023,Youth,High
TX049367,2023-11-25,CUST4341,Male,49,Sports,6,336.0,2016.0,4,2023,Middle Aged,High
TX049368,2023-11-25,CUST9028,Male,61,Electronics,10,220.0,2200.0,4,2023,Retired,High
TX049369,2023-11-25,CUST5577,Male,47,Electronics,15,371.0,5565.0,4,2023,Middle Aged,High
TX049370,2023-11-25,CUST8930,Male,39,Beauty,15,86.0,1290.0,4,2023,Youth,High
TX049371,2023-11-25,CUST4157,Male,23,Clothing,3,281.0,843.0,4,2023,Teenager,High
TX049372,2023-11-25,CUST1232,Female,41,Electronics,4,142.0,568.0,4,2023,Middle Aged,High
TX049373,2023-11-25,CUST5701,Female,68,Electronics,9,169.0,1521.0,4,2023,Retired,High
TX049374,2023-11-25,CUST7569,Male,57,Electronics,3,242.0,726.0,4,2023,Middle Aged,High
TX049375,2023-11-25,CUST4089,Female,65,Electronics,13,431.0,5603.0,4,2023,Retired,High
TX049376,2023-11-25,CUST9405,Male,64,Electronics,15,193.0,2895.0,4,2023,Retired,High
TX049377,2023-11-25,CUST5403,Female,19,Groceries,17,478.0,8126.0,4,2023,Teenager,High
TX049378,2023-11-25,CUST6602,Male,32,Books,13,297.0,3861.0,4,2023,Youth,High
TX049379,2023-11-25,CUST9784,Female,19,Books,13,60.0,780.0,4,2023,Teenager,High
TX049380,2023-11-25,CUST4670,Male,66,Beauty,10,394.0,3940.0,4,2023,Retired,High
TX049381,2023-11-25,CUST5898,Male,70,Sports,14,290.0,4060.0,4,2023,Retired,High
TX049382,2023-11-25,CUST7835,Male,54,Clothing,17,276.0,4692.0,4,2023,Middle Aged,High
TX049383,2023-11-25,CUST3852,Female,33,Groceries,16,82.0,1312.0,4,2023,Youth,High
TX049384,2023-11-25,CUST7812,Male,49,Books,8,23.0,184.0,4,2023,Middle Aged,Medium
TX049385,2023-11-25,CUST3120,Male,66,Sports,14,172.0,2408.0,4,2023,Retired,High
TX049386,2023-11-25,CUST8035,Female,56,Beauty,10,396.0,3960.0,4,2023,Middle Aged,High
TX049387,2023-11-25,CUST6459,Female,70,Sports,20,468.0,9360.0,4,2023,Retired,High
TX049388,2023-11-25,CUST1519,Female,42,Clothing,4,495.0,1980.0,4,2023,Middle Aged,High
TX049389,2023-11-25,CUST4947,Male,36,Electronics,3,87.0,261.0,4,2023,Youth,Medium
TX049390,2023-11-25,CUST6124,Female,34,Groceries,8,148.0,1184.0,4,2023,Youth,High
TX049391,2023-11-25,CUST7363,Female,49,Clothing,17,441.0,7497.0,4,2023,Middle Aged,High
TX049392,2023-11-25,CUST8273,Male,21,Clothing,6,464.0,2784.0,4,2023,Teenager,High
TX049393,2023-11-25,CUST9150,Male,43,Beauty,4,324.0,1296.0,4,2023,Middle Aged,High
TX049394,2023-11-25,CUST4225,Female,24,Groceries,7,428.0,2996.0,4,2023,Teenager,High
TX049395,2023-11-25,CUST1068,Male,61,Clothing,12,215.0,2580.0,4,2023,Retired,High
TX049396,2023-11-25,CUST4773,Female,69,Electronics,13,336.0,4368.0,4,2023,Retired,High
TX049397,2023-11-25,CUST7968,Male,69,Electronics,1,456.0,456.0,4,2023,Retired,Medium
TX049398,2023-11-25,CUST9431,Male,36,Beauty,7,311.0,2177.0,4,2023,Youth,High
TX049399,2023-11-25,CUST2354,Male,51,Beauty,8,83.0,664.0,4,2023,Middle Aged,High
TX049400,2023-11-25,CUST8315,Female,34,Electronics,16,487.0,7792.0,4,2023,Youth,High
TX049401,2023-11-25,CUST5541,Female,56,Electronics,10,319.0,3190.0,4,2023,Middle Aged,High
TX049402,2023-11-25,CUST4712,Female,53,Beauty,17,100.0,1700.0,4,2023,Middle Aged,High
TX049403,2023-11-25,CUST4219,Male,51,Sports,13,265.0,3445.0,4,2023,Middle Aged,High
TX049404,2023-11-25,CUST0397,Female,52,Sports,7,113.0,791.0,4,2023,Middle Aged,High
TX049405,2023-11-25,CUST4916,Female,27,Electronics,6,90.0,540.0,4,2023,Youth,High
TX049406,2023-11-25,CUST4446,Female,66,Groceries,1,131.0,131.0,4,2023,Retired,Medium
TX049407,2023-11-25,CUST0347,Male,21,Beauty,14,491.0,6874.0,4,2023,Teenager,High
TX049408,2023-11-25,CUST9158,Female,60,Books,5,108.0,540.0,4,2023,Middle Aged,High
TX049409,2023-11-25,CUST6787,Male,46,Groceries,12,220.0,2640.0,4,2023,Middle Aged,High
TX049410,2023-11-25,CUST1344,Male,61,Clothing,9,99.0,891.0,4,2023,Retired,High
TX049411,2023-11-25,CUST7229,Male,60,Groceries,7,40.0,280.0,4,2023,Middle Aged,Medium
TX049412,2023-11-25,CUST4308,Female,62,Sports,19,148.0,2812.0,4,2023,Retired,High
TX049413,2023-11-25,CUST4628,Male,55,Books,7,83.0,581.0,4,2023,Middle Aged,High
TX049414,2023-11-25,CUST8544,Male,55,Sports,5,236.0,1180.0,4,2023,Middle Aged,High
TX049415,2023-11-25,CUST8072,Female,65,Books,19,61.0,1159.0,4,2023,Retired,High
TX049416,2023-11-25,CUST3750,Female,28,Books,10,338.0,3380.0,4,2023,Youth,High
TX049417,2023-11-25,CUST4693,Male,35,Sports,5,361.0,1805.0,4,2023,Youth,High
TX049418,2023-11-25,CUST4298,Male,65,Books,20,393.0,7860.0,4,2023,Retired,High
TX049419,2023-11-25,CUST6385,Female,61,Books,10,215.0,2150.0,4,2023,Retired,High
TX049420,2023-11-25,CUST0780,Female,45,Clothing,12,201.0,2412.0,4,2023,Middle Aged,High
TX049421,2023-11-25,CUST0629,Female,52,Books,15,37.0,555.0,4,2023,Middle Aged,High
TX049422,2023-11-25,CUST8443,Female,18,Books,20,73.0,1460.0,4,2023,,High
TX049423,2023-11-25,CUST3390,Male,68,Beauty,11,148.0,1628.0,4,2023,Retired,High
TX049424,2023-11-25,CUST6766,Male,37,Clothing,18,33.0,594.0,4,2023,Youth,High
TX049425,2023-11-25,CUST3307,Female,30,Books,8,97.0,776.0,4,2023,Youth,High
TX049426,2023-11-25,CUST3237,Male,42,Electronics,3,273.0,819.0,4,2023,Middle Aged,High
TX049427,2023-11-25,CUST9165,Female,60,Beauty,7,112.0,784.0,4,2023,Middle Aged,High
TX049428,2023-11-25,CUST5971,Female,64,Beauty,6,286.0,1716.0,4,2023,Retired,High
TX049429,2023-11-25,CUST9650,Female,26,Sports,12,210.0,2520.0,4,2023,Youth,High
TX049430,2023-11-25,CUST5917,Male,43,Beauty,12,140.0,1680.0,4,2023,Middle Aged,High
TX049431,2023-11-25,CUST9470,Female,18,Beauty,7,55.0,385.0,4,2023,,Medium
TX049432,2023-11-25,CUST1197,Male,62,Beauty,7,451.0,3157.0,4,2023,Retired,High
TX049433,2023-11-25,CUST7368,Male,37,Electronics,14,324.0,4536.0,4,2023,Youth,High
TX049434,2023-11-25,CUST5345,Male,35,Clothing,12,257.0,3084.0,4,2023,Youth,High
TX049435,2023-11-25,CUST4657,Male,52,Sports,20,345.0,6900.0,4,2023,Middle Aged,High
TX049436,2023-11-25,CUST8468,Male,55,Groceries,14,33.0,462.0,4,2023,Middle Aged,Medium
TX049437,2023-11-25,CUST5829,Male,32,Groceries,12,24.0,288.0,4,2023,Youth,Medium
TX049438,2023-11-25,CUST4073,Male,50,Beauty,18,305.0,5490.0,4,2023,Middle Aged,High
TX049439,2023-11-25,CUST2117,Male,27,Beauty,10,352.0,3520.0,4,2023,Youth,High
TX049440,2023-11-25,CUST0174,Male,28,Sports,6,369.0,2214.0,4,2023,Youth,High
TX049441,2023-11-25,CUST7697,Male,33,Clothing,14,370.0,5180.0,4,2023,Youth,High
TX049442,2023-11-25,CUST2483,Male,45,Clothing,2,477.0,954.0,4,2023,Middle Aged,High
TX049443,2023-11-25,CUST4179,Male,40,Books,17,213.0,3621.0,4,2023,Youth,High
TX049444,2023-11-25,CUST7399,Female,18,Clothing,6,104.0,624.0,4,2023,,High
TX049445,2023-11-25,CUST0036,Male,41,Groceries,4,494.0,1976.0,4,2023,Middle Aged,High
TX049446,2023-11-25,CUST1829,Male,35,Clothing,19,384.0,7296.0,4,2023,Youth,High
TX049447,2023-11-25,CUST8942,Female,46,Electronics,15,51.0,765.0,4,2023,Middle Aged,High
TX049448,2023-11-25,CUST4157,Male,25,Electronics,13,218.0,2834.0,4,2023,Teenager,High
TX049449,2023-11-25,CUST8084,Male,52,Sports,10,15.0,150.0,4,2023,Middle Aged,Medium
TX049450,2023-11-25,CUST3690,Male,23,Groceries,16,398.0,6368.0,4,2023,Teenager,High
TX049451,2023-11-25,CUST3962,Male,45,Groceries,3,123.0,369.0,4,2023,Middle Aged,Medium
TX049452,2023-11-25,CUST7235,Male,30,Clothing,6,227.0,1362.0,4,2023,Youth,High
TX049453,2023-11-25,CUST1250,Male,52,Sports,5,126.0,630.0,4,2023,Middle Aged,High
TX049454,2023-11-25,CUST1395,Female,64,Books,1,297.0,297.0,4,2023,Retired,Medium
TX049455,2023-11-25,CUST1875,Male,57,Groceries,14,154.0,2156.0,4,2023,Middle Aged,High
TX049456,2023-11-25,CUST6661,Male,40,Electronics,10,410.0,4100.0,4,2023,Youth,High
TX049457,2023-11-25,CUST8046,Male,20,Sports,20,291.0,5820.0,4,2023,Teenager,High
TX049458,2023-11-25,CUST1820,Male,69,Groceries,10,447.0,4470.0,4,2023,Retired,High
TX049459,2023-11-25,CUST9243,Female,43,Sports,11,327.0,3597.0,4,2023,Middle Aged,High
TX049460,2023-11-25,CUST6567,Female,45,Groceries,18,392.0,7056.0,4,2023,Middle Aged,High
TX049461,2023-11-25,CUST6992,Male,48,Electronics,4,99.0,396.0,4,2023,Middle Aged,Medium
TX049462,2023-11-25,CUST5730,Male,36,Books,16,254.0,4064.0,4,2023,Youth,High
TX049463,2023-11-25,CUST0448,Female,26,Beauty,2,392.0,784.0,4,2023,Youth,High
TX049464,2023-11-25,CUST7718,Male,51,Books,14,447.0,6258.0,4,2023,Middle Aged,High
TX049465,2023-11-25,CUST9120,Male,46,Clothing,9,70.0,630.0,4,2023,Middle Aged,High
TX049466,2023-11-25,CUST3911,Male,27,Electronics,2,213.0,426.0,4,2023,Youth,Medium
TX049467,2023-11-25,CUST4314,Male,62,Beauty,6,140.0,840.0,4,2023,Retired,High
TX049468,2023-11-25,CUST7281,Female,69,Electronics,7,212.0,1484.0,4,2023,Retired,High
TX049469,2023-11-25,CUST3689,Male,65,Clothing,18,151.0,2718.0,4,2023,Retired,High
TX049470,2023-11-25,CUST4143,Female,18,Groceries,8,428.0,3424.0,4,2023,,High
TX049471,2023-11-25,CUST9415,Female,29,Groceries,17,372.0,6324.0,4,2023,Youth,High
TX049472,2023-11-25,CUST3226,Male,54,Books,3,409.0,1227.0,4,2023,Middle Aged,High
TX049473,2023-11-25,CUST8037,Male,26,Sports,1,419.0,419.0,4,2023,Youth,Medium
TX049474,2023-11-25,CUST4377,Male,25,Beauty,1,461.0,461.0,4,2023,Teenager,Medium
TX049475,2023-11-25,CUST4373,Male,18,Beauty,13,332.0,4316.0,4,2023,,High
TX049476,2023-11-25,CUST5490,Female,66,Groceries,5,402.0,2010.0,4,2023,Retired,High
TX049477,2023-11-25,CUST9654,Male,24,Beauty,18,374.0,6732.0,4,2023,Teenager,High
TX049478,2023-11-25,CUST0104,Male,33,Beauty,8,237.0,1896.0,4,2023,Youth,High
TX049479,2023-11-25,CUST8674,Female,43,Beauty,11,396.0,4356.0,4,2023,Middle Aged,High
TX049480,2023-11-25,CUST6673,Female,53,Sports,11,403.0,4433.0,4,2023,Middle Aged,High
TX049481,2023-11-25,CUST1081,Male,70,Books,12,18.0,216.0,4,2023,Retired,Medium
TX049482,2023-11-25,CUST3948,Male,62,Electronics,10,402.0,4020.0,4,2023,Retired,High
TX049483,2023-11-25,CUST9160,Female,70,Clothing,7,385.0,2695.0,4,2023,Retired,High
TX049484,2023-11-25,CUST8388,Female,65,Clothing,10,361.0,3610.0,4,2023,Retired,High
TX049485,2023-11-25,CUST7392,Female,34,Beauty,17,318.0,5406.0,4,2023,Youth,High
TX049486,2023-11-25,CUST2668,Male,39,Books,6,384.0,2304.0,4,2023,Youth,High
TX049487,2023-11-25,CUST3874,Male,49,Books,14,409.0,5726.0,4,2023,Middle Aged,High
TX049488,2023-11-25,CUST7576,Female,50,Groceries,18,146.0,2628.0,4,2023,Middle Aged,High
TX049489,2023-11-25,CUST6191,Female,45,Books,10,421.0,4210.0,4,2023,Middle Aged,High
TX049490,2023-11-25,CUST2683,Male,28,Beauty,16,479.0,7664.0,4,2023,Youth,High
TX049491,2023-11-25,CUST4092,Male,37,Groceries,13,198.0,2574.0,4,2023,Youth,High
TX049492,2023-11-25,CUST6782,Female,64,Sports,2,383.0,766.0,4,2023,Retired,High
TX049493,2023-11-25,CUST3723,Female,28,Sports,5,397.0,1985.0,4,2023,Youth,High
TX049494,2023-11-25,CUST1460,Female,26,Electronics,1,463.0,463.0,4,2023,Youth,Medium
TX049495,2023-11-25,CUST9816,Male,61,Clothing,16,321.0,5136.0,4,2023,Retired,High
TX049496,2023-11-25,CUST5577,Male,25,Sports,16,105.0,1680.0,4,2023,Teenager,High
TX049497,2023-11-25,CUST8976,Male,61,Groceries,3,137.0,411.0,4,2023,Retired,Medium
TX049498,2023-11-25,CUST3472,Female,46,Electronics,2,401.0,802.0,4,2023,Middle Aged,High
TX049499,2023-11-25,CUST5442,Male,44,Clothing,20,369.0,7380.0,4,2023,Middle Aged,High
TX049500,2023-11-25,CUST8588,Male,57,Clothing,20,310.0,6200.0,4,2023,Middle Aged,High
TX049501,2023-11-25,CUST4777,Male,54,Groceries,8,315.0,2520.0,4,2023,Middle Aged,High
TX049502,2023-11-25,CUST1230,Male,33,Sports,8,288.0,2304.0,4,2023,Youth,High
TX049503,2023-11-25,CUST5092,Male,59,Books,11,327.0,3597.0,4,2023,Middle Aged,High
TX049504,2023-11-25,CUST9609,Male,20,Electronics,19,335.0,6365.0,4,2023,Teenager,High
TX049505,2023-11-25,CUST4369,Female,61,Clothing,20,491.0,9820.0,4,2023,Retired,High
TX049506,2023-11-25,CUST3718,Female,34,Electronics,5,422.0,2110.0,4,2023,Youth,High
TX049507,2023-11-25,CUST1088,Female,60,Books,16,40.0,640.0,4,2023,Middle Aged,High
TX049508,2023-11-25,CUST0268,Male,66,Sports,20,328.0,6560.0,4,2023,Retired,High
TX049509,2023-11-25,CUST9365,Male,47,Sports,20,244.0,4880.0,4,2023,Middle Aged,High
TX049510,2023-11-25,CUST1297,Female,60,Groceries,16,90.0,1440.0,4,2023,Middle Aged,High
TX049511,2023-11-25,CUST9869,Male,34,Electronics,18,34.0,612.0,4,2023,Youth,High
TX049512,2023-11-25,CUST7265,Male,53,Beauty,16,257.0,4112.0,4,2023,Middle Aged,High
TX049513,2023-11-25,CUST6286,Female,67,Electronics,8,31.0,248.0,4,2023,Retired,Medium
TX049514,2023-11-25,CUST1207,Male,29,Groceries,5,351.0,1755.0,4,2023,Youth,High
TX049515,2023-11-25,CUST3707,Male,68,Beauty,2,293.0,586.0,4,2023,Retired,High
TX049516,2023-11-25,CUST3991,Female,61,Electronics,15,358.0,5370.0,4,2023,Retired,High
TX049517,2023-11-25,CUST2553,Female,29,Groceries,13,387.0,5031.0,4,2023,Youth,High
TX049518,2023-11-25,CUST6673,Male,18,Beauty,10,166.0,1660.0,4,2023,,High
TX049519,2023-11-25,CUST0801,Male,32,Sports,4,344.0,1376.0,4,2023,Youth,High
TX049520,2023-11-25,CUST7317,Female,43,Sports,1,35.0,35.0,4,2023,Middle Aged,Low
TX049521,2023-11-25,CUST4520,Male,64,Books,5,195.0,975.0,4,2023,Retired,High
TX049522,2023-11-25,CUST3323,Male,63,Beauty,17,312.0,5304.0,4,2023,Retired,High
TX049523,2023-11-25,CUST9679,Female,52,Beauty,16,234.0,3744.0,4,2023,Middle Aged,High
TX049524,2023-11-25,CUST4889,Female,24,Electronics,13,48.0,624.0,4,2023,Teenager,High
TX049525,2023-11-25,CUST4475,Male,29,Groceries,4,183.0,732.0,4,2023,Youth,High
TX049526,2023-11-25,CUST6225,Male,48,Clothing,4,256.0,1024.0,4,2023,Middle Aged,High
TX049527,2023-11-25,CUST2184,Female,34,Groceries,6,215.0,1290.0,4,2023,Youth,High
TX049528,2023-11-25,CUST2310,Male,43,Sports,6,16.0,96.0,4,2023,Middle Aged,Low
TX049529,2023-11-25,CUST2624,Female,24,Electronics,14,197.0,2758.0,4,2023,Teenager,High
TX049530,2023-11-25,CUST2435,Female,46,Electronics,5,277.0,1385.0,4,2023,Middle Aged,High
TX049531,2023-11-25,CUST5525,Female,62,Beauty,3,99.0,297.0,4,2023,Retired,Medium
TX049532,2023-11-25,CUST6032,Female,63,Groceries,9,58.0,522.0,4,2023,Retired,High
TX049533,2023-11-25,CUST4921,Male,29,Beauty,17,403.0,6851.0,4,2023,Youth,High
TX049534,2023-11-25,CUST2105,Female,20,Electronics,11,406.0,4466.0,4,2023,Teenager,High
TX049535,2023-11-25,CUST7510,Male,26,Groceries,5,168.0,840.0,4,2023,Youth,High
TX049536,2023-11-25,CUST6057,Male,21,Sports,2,129.0,258.0,4,2023,Teenager,Medium
TX049537,2023-11-25,CUST5473,Male,45,Sports,1,500.0,500.0,4,2023,Middle Aged,Medium
TX049538,2023-11-25,CUST8736,Male,19,Groceries,18,48.0,864.0,4,2023,Teenager,High
TX049539,2023-11-25,CUST7325,Female,23,Clothing,20,296.0,5920.0,4,2023,Teenager,High
TX049540,2023-11-25,CUST7931,Female,32,Electronics,15,45.0,675.0,4,2023,Youth,High
TX049541,2023-11-25,CUST2079,Female,61,Clothing,18,179.0,3222.0,4,2023,Retired,High
TX049542,2023-11-25,CUST8053,Male,22,Clothing,6,456.0,2736.0,4,2023,Teenager,High
TX049543,2023-11-25,CUST0830,Female,46,Clothing,2,236.0,472.0,4,2023,Middle Aged,Medium
TX049544,2023-11-25,CUST5462,Female,19,Clothing,12,244.0,2928.0,4,2023,Teenager,High
TX049545,2023-11-25,CUST4581,Male,66,Clothing,5,189.0,945.0,4,2023,Retired,High
TX049546,2023-11-25,CUST5164,Female,19,Electronics,5,383.0,1915.0,4,2023,Teenager,High
TX049547,2023-11-25,CUST4654,Female,50,Books,5,57.0,285.0,4,2023,Middle Aged,Medium
TX049548,2023-11-25,CUST8131,Male,69,Books,8,232.0,1856.0,4,2023,Retired,High
TX049549,2023-11-25,CUST3078,Male,48,Sports,18,496.0,8928.0,4,2023,Middle Aged,High
TX049550,2023-11-25,CUST2630,Male,42,Groceries,15,496.0,7440.0,4,2023,Middle Aged,High
TX049551,2023-11-25,CUST6877,Female,68,Books,5,29.0,145.0,4,2023,Retired,Medium
TX049552,2023-11-25,CUST6526,Male,46,Beauty,12,430.0,5160.0,4,2023,Middle Aged,High
TX049553,2023-11-25,CUST0361,Female,23,Books,3,110.0,330.0,4,2023,Teenager,Medium
TX049554,2023-11-25,CUST8712,Female,42,Clothing,11,185.0,2035.0,4,2023,Middle Aged,High
TX049555,2023-11-25,CUST5458,Male,34,Books,14,269.0,3766.0,4,2023,Youth,High
TX049556,2023-11-25,CUST1344,Male,56,Groceries,11,369.0,4059.0,4,2023,Middle Aged,High
TX049557,2023-11-25,CUST6960,Male,40,Groceries,2,34.0,68.0,4,2023,Youth,Low
TX049558,2023-11-25,CUST4940,Female,47,Electronics,3,436.0,1308.0,4,2023,Middle Aged,High
TX049559,2023-11-25,CUST7538,Female,20,Books,10,53.0,530.0,4,2023,Teenager,High
TX049560,2023-11-25,CUST3349,Male,27,Beauty,17,447.0,7599.0,4,2023,Youth,High
TX049561,2023-11-25,CUST7206,Male,66,Books,10,14.0,140.0,4,2023,Retired,Medium
TX049562,2023-11-25,CUST9794,Female,22,Electronics,15,341.0,5115.0,4,2023,Teenager,High
TX049563,2023-11-25,CUST3644,Male,18,Electronics,13,24.0,312.0,4,2023,,Medium
TX049564,2023-11-25,CUST6509,Female,58,Sports,5,72.0,360.0,4,2023,Middle Aged,Medium
TX049565,2023-11-25,CUST7632,Male,67,Electronics,12,415.0,4980.0,4,2023,Retired,High
TX049566,2023-11-25,CUST8240,Female,67,Beauty,16,263.0,4208.0,4,2023,Retired,High
TX049567,2023-11-25,CUST0136,Male,64,Sports,8,229.0,1832.0,4,2023,Retired,High
TX049568,2023-11-25,CUST9605,Female,59,Beauty,11,62.0,682.0,4,2023,Middle Aged,High
TX049569,2023-11-25,CUST5314,Male,29,Groceries,11,465.0,5115.0,4,2023,Youth,High
TX049570,2023-11-25,CUST3775,Male,29,Beauty,8,453.0,3624.0,4,2023,Youth,High
TX049571,2023-11-25,CUST8843,Female,50,Groceries,6,221.0,1326.0,4,2023,Middle Aged,High
TX049572,2023-11-25,CUST8062,Male,64,Clothing,3,354.0,1062.0,4,2023,Retired,High
TX049573,2023-11-25,CUST8395,Female,58,Groceries,15,294.0,4410.0,4,2023,Middle Aged,High
TX049574,2023-11-25,CUST8930,Female,46,Books,17,440.0,7480.0,4,2023,Middle Aged,High
TX049575,2023-11-25,CUST2119,Female,46,Sports,6,150.0,900.0,4,2023,Middle Aged,High
TX049576,2023-11-25,CUST2398,Male,21,Sports,11,205.0,2255.0,4,2023,Teenager,High
TX049577,2023-11-25,CUST9798,Female,48,Clothing,7,258.0,1806.0,4,2023,Middle Aged,High
TX049578,2023-11-25,CUST3379,Male,64,Beauty,8,91.0,728.0,4,2023,Retired,High
TX049579,2023-11-25,CUST4374,Male,23,Groceries,18,107.0,1926.0,4,2023,Teenager,High
TX049580,2023-11-25,CUST7292,Male,31,Sports,12,178.0,2136.0,4,2023,Youth,High
TX049581,2023-11-25,CUST8530,Male,56,Books,11,419.0,4609.0,4,2023,Middle Aged,High
TX049582,2023-11-25,CUST8916,Female,57,Beauty,3,263.0,789.0,4,2023,Middle Aged,High
TX049583,2023-11-25,CUST7433,Female,61,Sports,6,82.0,492.0,4,2023,Retired,Medium
TX049584,2023-11-25,CUST2669,Male,50,Books,6,181.0,1086.0,4,2023,Middle Aged,High
TX049585,2023-11-25,CUST9700,Male,34,Groceries,2,431.0,862.0,4,2023,Youth,High
TX049586,2023-11-25,CUST1105,Male,38,Electronics,3,364.0,1092.0,4,2023,Youth,High
TX049587,2023-11-25,CUST6198,Female,63,Books,8,257.0,2056.0,4,2023,Retired,High
TX049588,2023-11-25,CUST4157,Female,70,Sports,17,70.0,1190.0,4,2023,Retired,High
TX049589,2023-11-25,CUST6745,Male,66,Electronics,13,349.0,4537.0,4,2023,Retired,High
TX049590,2023-11-25,CUST9006,Female,30,Sports,18,275.0,4950.0,4,2023,Youth,High
TX049591,2023-11-25,CUST8496,Male,61,Sports,18,297.0,5346.0,4,2023,Retired,High
TX049592,2023-11-25,CUST7077,Male,33,Books,13,385.0,5005.0,4,2023,Youth,High
TX049593,2023-11-25,CUST4109,Female,22,Electronics,3,184.0,552.0,4,2023,Teenager,High
TX049594,2023-11-25,CUST4357,Male,32,Sports,7,219.0,1533.0,4,2023,Youth,High
TX049595,2023-11-25,CUST5249,Female,41,Sports,18,401.0,7218.0,4,2023,Middle Aged,High
TX049596,2023-11-25,CUST2576,Male,58,Electronics,16,413.0,6608.0,4,2023,Middle Aged,High
TX049597,2023-11-25,CUST2207,Male,51,Clothing,14,19.0,266.0,4,2023,Middle Aged,Medium
TX049598,2023-11-25,CUST7625,Female,40,Sports,2,431.0,862.0,4,2023,Youth,High
TX049599,2023-11-25,CUST0774,Male,56,Groceries,17,236.0,4012.0,4,2023,Middle Aged,High
TX049600,2023-11-25,CUST3069,Female,42,Books,19,44.0,836.0,4,2023,Middle Aged,High
TX049601,2023-11-25,CUST1092,Male,51,Books,3,186.0,558.0,4,2023,Middle Aged,High
TX049602,2023-11-25,CUST7832,Male,51,Electronics,10,242.0,2420.0,4,2023,Middle Aged,High
TX049603,2023-11-25,CUST7980,Male,30,Groceries,12,41.0,492.0,4,2023,Youth,Medium
TX049604,2023-11-25,CUST5465,Female,55,Books,15,177.0,2655.0,4,2023,Middle Aged,High
TX049605,2023-11-25,CUST7923,Female,37,Books,8,486.0,3888.0,4,2023,Youth,High
TX049606,2023-11-25,CUST9576,Male,69,Electronics,6,171.0,1026.0,4,2023,Retired,High
TX049607,2023-11-25,CUST4988,Female,67,Electronics,16,47.0,752.0,4,2023,Retired,High
TX049608,2023-11-25,CUST3745,Male,24,Beauty,4,388.0,1552.0,4,2023,Teenager,High
TX049609,2023-11-25,CUST5656,Male,66,Beauty,3,318.0,954.0,4,2023,Retired,High
TX049610,2023-11-25,CUST1850,Female,52,Groceries,1,290.0,290.0,4,2023,Middle Aged,Medium
TX049611,2023-11-25,CUST9145,Male,53,Books,3,412.0,1236.0,4,2023,Middle Aged,High
TX049612,2023-11-25,CUST5583,Male,29,Books,14,329.0,4606.0,4,2023,Youth,High
TX049613,2023-11-25,CUST5252,Male,68,Beauty,8,189.0,1512.0,4,2023,Retired,High
TX049614,2023-11-25,CUST4923,Female,53,Beauty,14,98.0,1372.0,4,2023,Middle Aged,High
TX049615,2023-11-25,CUST4729,Female,49,Beauty,17,71.0,1207.0,4,2023,Middle Aged,High
TX049616,2023-11-25,CUST9794,Male,66,Beauty,11,80.0,880.0,4,2023,Retired,High
TX049617,2023-11-25,CUST5421,Female,25,Beauty,1,289.0,289.0,4,2023,Teenager,Medium
TX049618,2023-11-25,CUST9632,Female,32,Groceries,16,183.0,2928.0,4,2023,Youth,High
TX049619,2023-11-25,CUST0965,Male,41,Beauty,16,283.0,4528.0,4,2023,Middle Aged,High
TX049620,2023-11-25,CUST4330,Male,33,Beauty,6,354.0,2124.0,4,2023,Youth,High
TX049621,2023-11-25,CUST6905,Male,65,Sports,11,463.0,5093.0,4,2023,Retired,High
TX049622,2023-11-25,CUST1727,Male,27,Sports,12,478.0,5736.0,4,2023,Youth,High
TX049623,2023-11-25,CUST0533,Female,69,Sports,2,217.0,434.0,4,2023,Retired,Medium
TX049624,2023-11-25,CUST7450,Female,44,Books,18,26.0,468.0,4,2023,Middle Aged,Medium
TX049625,2023-11-25,CUST9812,Male,67,Beauty,8,401.0,3208.0,4,2023,Retired,High
TX049626,2023-11-25,CUST3683,Female,58,Electronics,6,449.0,2694.0,4,2023,Middle Aged,High
TX049627,2023-11-25,CUST4803,Male,32,Groceries,15,217.0,3255.0,4,2023,Youth,High
TX049628,2023-11-25,CUST8253,Male,62,Groceries,12,193.0,2316.0,4,2023,Retired,High
TX049629,2023-11-25,CUST5739,Male,28,Beauty,8,95.0,760.0,4,2023,Youth,High
TX049630,2023-11-25,CUST8370,Female,30,Sports,13,22.0,286.0,4,2023,Youth,Medium
TX049631,2023-11-25,CUST4654,Male,22,Electronics,13,478.0,6214.0,4,2023,Teenager,High
TX049632,2023-11-25,CUST0911,Male,37,Groceries,12,420.0,5040.0,4,2023,Youth,High
TX049633,2023-11-25,CUST0781,Female,65,Books,9,119.0,1071.0,4,2023,Retired,High
TX049634,2023-11-25,CUST6302,Male,70,Groceries,14,161.0,2254.0,4,2023,Retired,High
TX049635,2023-11-25,CUST7389,Female,32,Beauty,7,300.0,2100.0,4,2023,Youth,High
TX049636,2023-11-25,CUST6937,Female,24,Groceries,13,287.0,3731.0,4,2023,Teenager,High
TX049637,2023-11-25,CUST7874,Female,40,Electronics,20,472.0,9440.0,4,2023,Youth,High
TX049638,2023-11-25,CUST2970,Male,36,Clothing,4,31.0,124.0,4,2023,Youth,Medium
TX049639,2023-11-25,CUST2912,Male,18,Electronics,15,450.0,6750.0,4,2023,,High
TX049640,2023-11-25,CUST9373,Female,48,Clothing,16,130.0,2080.0,4,2023,Middle Aged,High
TX049641,2023-11-25,CUST8289,Male,24,Groceries,18,355.0,6390.0,4,2023,Teenager,High
TX049642,2023-11-25,CUST4539,Male,31,Electronics,7,184.0,1288.0,4,2023,Youth,High
TX049643,2023-11-25,CUST0362,Male,34,Sports,13,130.0,1690.0,4,2023,Youth,High
TX049644,2023-11-25,CUST0461,Female,66,Clothing,13,69.0,897.0,4,2023,Retired,High
TX049645,2023-11-25,CUST5542,Male,62,Electronics,12,335.0,4020.0,4,2023,Retired,High
TX049646,2023-11-25,CUST7513,Female,50,Books,11,265.0,2915.0,4,2023,Middle Aged,High
TX049647,2023-11-25,CUST1298,Female,51,Groceries,4,347.0,1388.0,4,2023,Middle Aged,High
TX049648,2023-11-25,CUST8661,Male,53,Books,9,389.0,3501.0,4,2023,Middle Aged,High
TX049649,2023-11-25,CUST3380,Female,56,Electronics,6,309.0,1854.0,4,2023,Middle Aged,High
TX049650,2023-11-25,CUST7119,Male,28,Groceries,15,417.0,6255.0,4,2023,Youth,High
TX049651,2023-11-25,CUST0709,Male,29,Sports,16,302.0,4832.0,4,2023,Youth,High
TX049652,2023-11-25,CUST5267,Female,60,Clothing,17,218.0,3706.0,4,2023,Middle Aged,High
TX049653,2023-11-25,CUST4335,Male,33,Books,16,460.0,7360.0,4,2023,Youth,High
TX049654,2023-11-25,CUST2041,Female,38,Books,14,289.0,4046.0,4,2023,Youth,High
TX049655,2023-11-25,CUST1391,Male,55,Electronics,20,384.0,7680.0,4,2023,Middle Aged,High
TX049656,2023-11-25,CUST5627,Female,36,Beauty,8,333.0,2664.0,4,2023,Youth,High
TX049657,2023-11-25,CUST3661,Male,51,Clothing,4,67.0,268.0,4,2023,Middle Aged,Medium
TX049658,2023-11-25,CUST9914,Female,64,Electronics,17,314.0,5338.0,4,2023,Retired,High
TX049659,2023-11-25,CUST1139,Female,20,Clothing,2,422.0,844.0,4,2023,Teenager,High
TX049660,2023-11-25,CUST6734,Female,62,Books,12,201.0,2412.0,4,2023,Retired,High
TX049661,2023-11-25,CUST9929,Male,23,Books,16,29.0,464.0,4,2023,Teenager,Medium
TX049662,2023-11-25,CUST4423,Female,24,Electronics,13,231.0,3003.0,4,2023,Teenager,High
TX049663,2023-11-25,CUST5852,Male,51,Sports,9,60.0,540.0,4,2023,Middle Aged,High
TX049664,2023-11-25,CUST6482,Male,20,Electronics,16,104.0,1664.0,4,2023,Teenager,High
TX049665,2023-11-25,CUST3051,Male,54,Electronics,18,219.0,3942.0,4,2023,Middle Aged,High
TX049666,2023-11-25,CUST2713,Male,67,Sports,9,230.0,2070.0,4,2023,Retired,High
TX049667,2023-11-25,CUST2788,Female,35,Clothing,20,74.0,1480.0,4,2023,Youth,High
TX049668,2023-11-25,CUST8659,Female,55,Clothing,5,50.0,250.0,4,2023,Middle Aged,Medium
TX049669,2023-11-25,CUST8218,Male,47,Beauty,20,242.0,4840.0,4,2023,Middle Aged,High
TX049670,2023-11-25,CUST1609,Female,68,Books,16,380.0,6080.0,4,2023,Retired,High
TX049671,2023-11-25,CUST4345,Male,31,Books,4,274.0,1096.0,4,2023,Youth,High
TX049672,2023-11-25,CUST7328,Female,64,Clothing,17,97.0,1649.0,4,2023,Retired,High
TX049673,2023-11-25,CUST7887,Female,22,Electronics,12,390.0,4680.0,4,2023,Teenager,High
TX049674,2023-11-25,CUST1691,Male,40,Sports,4,379.0,1516.0,4,2023,Youth,High
TX049675,2023-11-25,CUST8340,Male,61,Sports,14,148.0,2072.0,4,2023,Retired,High
TX049676,2023-11-25,CUST3949,Female,42,Books,19,191.0,3629.0,4,2023,Middle Aged,High
TX049677,2023-11-25,CUST4174,Female,69,Electronics,5,171.0,855.0,4,2023,Retired,High
TX049678,2023-11-25,CUST5278,Female,50,Groceries,17,203.0,3451.0,4,2023,Middle Aged,High
TX049679,2023-11-25,CUST5139,Female,20,Sports,10,456.0,4560.0,4,2023,Teenager,High
TX049680,2023-11-25,CUST3005,Female,41,Electronics,1,67.0,67.0,4,2023,Middle Aged,Low
TX049681,2023-11-25,CUST9687,Male,31,Sports,8,171.0,1368.0,4,2023,Youth,High
TX049682,2023-11-25,CUST2757,Female,52,Beauty,2,35.0,70.0,4,2023,Middle Aged,Low
TX049683,2023-11-25,CUST6526,Male,27,Electronics,4,456.0,1824.0,4,2023,Youth,High
TX049684,2023-11-25,CUST7629,Male,55,Clothing,2,16.0,32.0,4,2023,Middle Aged,Low
TX049685,2023-11-25,CUST1110,Female,53,Electronics,20,232.0,4640.0,4,2023,Middle Aged,High
TX049686,2023-11-25,CUST2953,Male,48,Clothing,17,36.0,612.0,4,2023,Middle Aged,High
TX049687,2023-11-25,CUST4001,Male,31,Sports,4,214.0,856.0,4,2023,Youth,High
TX049688,2023-11-25,CUST0328,Female,33,Clothing,14,82.0,1148.0,4,2023,Youth,High
TX049689,2023-11-25,CUST8586,Female,62,Books,9,317.0,2853.0,4,2023,Retired,High
TX049690,2023-11-25,CUST0770,Female,33,Groceries,8,166.0,1328.0,4,2023,Youth,High
TX049691,2023-11-25,CUST2744,Female,56,Groceries,10,298.0,2980.0,4,2023,Middle Aged,High
TX049692,2023-11-25,CUST4428,Female,27,Groceries,7,366.0,2562.0,4,2023,Youth,High
TX049693,2023-11-25,CUST2022,Female,43,Books,15,354.0,5310.0,4,2023,Middle Aged,High
TX049694,2023-11-25,CUST2488,Male,23,Sports,16,312.0,4992.0,4,2023,Teenager,High
TX049695,2023-11-25,CUST8743,Female,68,Sports,19,259.0,4921.0,4,2023,Retired,High
TX049696,2023-11-25,CUST7695,Female,26,Sports,5,122.0,610.0,4,2023,Youth,High
TX049697,2023-11-25,CUST7873,Male,49,Electronics,7,486.0,3402.0,4,2023,Middle Aged,High
TX049698,2023-11-25,CUST6177,Male,69,Beauty,9,216.0,1944.0,4,2023,Retired,High
TX049699,2023-11-25,CUST1811,Male,32,Clothing,15,214.0,3210.0,4,2023,Youth,High
TX049700,2023-11-25,CUST1239,Female,60,Electronics,3,448.0,1344.0,4,2023,Middle Aged,High
TX049701,2023-11-25,CUST5011,Male,64,Sports,10,293.0,2930.0,4,2023,Retired,High
TX049702,2023-11-25,CUST2894,Male,42,Sports,13,73.0,949.0,4,2023,Middle Aged,High
TX049703,2023-11-25,CUST4708,Male,59,Sports,19,172.0,3268.0,4,2023,Middle Aged,High
TX049704,2023-11-25,CUST1817,Male,59,Sports,18,111.0,1998.0,4,2023,Middle Aged,High
TX049705,2023-11-25,CUST4176,Male,23,Electronics,5,208.0,1040.0,4,2023,Teenager,High
TX049706,2023-11-25,CUST0874,Male,67,Groceries,3,266.0,798.0,4,2023,Retired,High
TX049707,2023-11-25,CUST8453,Male,52,Beauty,4,482.0,1928.0,4,2023,Middle Aged,High
TX049708,2023-11-25,CUST8286,Female,22,Electronics,1,466.0,466.0,4,2023,Teenager,Medium
TX049709,2023-11-25,CUST4025,Male,65,Clothing,13,410.0,5330.0,4,2023,Retired,High
TX049710,2023-11-25,CUST4022,Female,21,Electronics,8,419.0,3352.0,4,2023,Teenager,High
TX049711,2023-11-25,CUST3838,Male,62,Books,9,109.0,981.0,4,2023,Retired,High
TX049712,2023-11-25,CUST0827,Female,38,Clothing,14,203.0,2842.0,4,2023,Youth,High
TX049713,2023-11-25,CUST4284,Female,19,Sports,19,185.0,3515.0,4,2023,Teenager,High
TX049714,2023-11-25,CUST8350,Female,55,Clothing,17,276.0,4692.0,4,2023,Middle Aged,High
TX049715,2023-11-25,CUST7752,Female,51,Electronics,8,53.0,424.0,4,2023,Middle Aged,Medium
TX049716,2023-11-25,CUST2665,Female,49,Groceries,11,318.0,3498.0,4,2023,Middle Aged,High
TX049717,2023-11-25,CUST1351,Female,66,Groceries,7,264.0,1848.0,4,2023,Retired,High
TX049718,2023-11-25,CUST5895,Female,60,Electronics,8,45.0,360.0,4,2023,Middle Aged,Medium
TX049719,2023-11-25,CUST5540,Male,46,Groceries,15,228.0,3420.0,4,2023,Middle Aged,High
TX049720,2023-11-25,CUST1642,Male,43,Books,12,139.0,1668.0,4,2023,Middle Aged,High
TX049721,2023-11-25,CUST8143,Male,20,Clothing,11,395.0,4345.0,4,2023,Teenager,High
TX049722,2023-11-25,CUST1794,Male,45,Sports,19,235.0,4465.0,4,2023,Middle Aged,High
TX049723,2023-11-25,CUST2665,Male,33,Beauty,18,434.0,7812.0,4,2023,Youth,High
TX049724,2023-11-25,CUST9979,Female,55,Sports,5,168.0,840.0,4,2023,Middle Aged,High
TX049725,2023-11-25,CUST8764,Male,22,Electronics,9,479.0,4311.0,4,2023,Teenager,High
TX049726,2023-11-25,CUST0301,Female,64,Electronics,17,316.0,5372.0,4,2023,Retired,High
TX049727,2023-11-25,CUST0667,Female,28,Clothing,3,339.0,1017.0,4,2023,Youth,High
TX049728,2023-11-25,CUST6015,Female,23,Clothing,17,313.0,5321.0,4,2023,Teenager,High
TX049729,2023-11-25,CUST9294,Male,41,Books,19,473.0,8987.0,4,2023,Middle Aged,High
TX049730,2023-11-25,CUST2941,Male,33,Electronics,1,137.0,137.0,4,2023,Youth,Medium
TX049731,2023-11-25,CUST1648,Male,40,Beauty,2,242.0,484.0,4,2023,Youth,Medium
TX049732,2023-11-25,CUST4419,Female,60,Clothing,15,436.0,6540.0,4,2023,Middle Aged,High
TX049733,2023-11-25,CUST5475,Female,48,Books,17,267.0,4539.0,4,2023,Middle Aged,High
TX049734,2023-11-25,CUST2704,Male,70,Groceries,5,264.0,1320.0,4,2023,Retired,High
TX049735,2023-11-25,CUST2652,Female,21,Beauty,16,91.0,1456.0,4,2023,Teenager,High
TX049736,2023-11-25,CUST0055,Female,62,Beauty,2,430.0,860.0,4,2023,Retired,High
TX049737,2023-11-25,CUST5957,Male,34,Sports,18,319.0,5742.0,4,2023,Youth,High
TX049738,2023-11-25,CUST2572,Male,39,Sports,17,213.0,3621.0,4,2023,Youth,High
TX049739,2023-11-25,CUST9114,Female,53,Electronics,18,249.0,4482.0,4,2023,Middle Aged,High
TX049740,2023-11-25,CUST3925,Female,27,Books,18,239.0,4302.0,4,2023,Youth,High
TX049741,2023-11-25,CUST9003,Female,36,Beauty,4,367.0,1468.0,4,2023,Youth,High
TX049742,2023-11-25,CUST3573,Male,54,Groceries,17,449.0,7633.0,4,2023,Middle Aged,High
TX049743,2023-11-25,CUST3392,Male,41,Books,13,137.0,1781.0,4,2023,Middle Aged,High
TX049744,2023-11-25,CUST9715,Male,43,Electronics,6,29.0,174.0,4,2023,Middle Aged,Medium
TX049745,2023-11-25,CUST6001,Male,44,Groceries,16,55.0,880.0,4,2023,Middle Aged,High
TX049746,2023-11-25,CUST2086,Male,45,Sports,8,50.0,400.0,4,2023,Middle Aged,Medium
TX049747,2023-11-25,CUST3212,Male,42,Books,1,461.0,461.0,4,2023,Middle Aged,Medium
TX049748,2023-11-25,CUST5043,Male,50,Clothing,18,201.0,3618.0,4,2023,Middle Aged,High
TX049749,2023-11-25,CUST0692,Male,33,Sports,7,476.0,3332.0,4,2023,Youth,High
TX049750,2023-11-25,CUST1942,Female,27,Beauty,18,208.0,3744.0,4,2023,Youth,High
TX049751,2023-11-25,CUST0958,Male,50,Groceries,20,126.0,2520.0,4,2023,Middle Aged,High
TX049752,2023-11-25,CUST7481,Female,49,Books,20,54.0,1080.0,4,2023,Middle Aged,High
TX049753,2023-11-25,CUST4165,Female,25,Beauty,19,397.0,7543.0,4,2023,Teenager,High
TX049754,2023-11-25,CUST6816,Male,25,Clothing,19,20.0,380.0,4,2023,Teenager,Medium
TX049755,2023-11-25,CUST9335,Male,68,Clothing,4,353.0,1412.0,4,2023,Retired,High
TX049756,2023-11-25,CUST4021,Male,66,Groceries,4,452.0,1808.0,4,2023,Retired,High
TX049757,2023-11-25,CUST3033,Female,70,Electronics,15,17.0,255.0,4,2023,Retired,Medium
TX049758,2023-11-25,CUST0050,Female,55,Groceries,2,363.0,726.0,4,2023,Middle Aged,High
TX049759,2023-11-25,CUST0796,Female,27,Clothing,2,473.0,946.0,4,2023,Youth,High
TX049760,2023-11-25,CUST7845,Female,19,Clothing,10,202.0,2020.0,4,2023,Teenager,High
TX049761,2023-11-25,CUST0546,Male,48,Books,3,308.0,924.0,4,2023,Middle Aged,High
TX049762,2023-11-25,CUST8925,Female,47,Electronics,9,35.0,315.0,4,2023,Middle Aged,Medium
TX049763,2023-11-25,CUST9851,Female,66,Beauty,10,475.0,4750.0,4,2023,Retired,High
TX049764,2023-11-25,CUST9306,Male,62,Clothing,18,265.0,4770.0,4,2023,Retired,High
TX049765,2023-11-25,CUST8635,Female,41,Electronics,20,82.0,1640.0,4,2023,Middle Aged,High
TX049766,2023-11-25,CUST0691,Female,23,Sports,7,382.0,2674.0,4,2023,Teenager,High
TX049767,2023-11-25,CUST2053,Male,62,Groceries,5,112.0,560.0,4,2023,Retired,High
TX049768,2023-11-25,CUST0300,Male,57,Electronics,11,286.0,3146.0,4,2023,Middle Aged,High
TX049769,2023-11-25,CUST1716,Male,63,Sports,9,492.0,4428.0,4,2023,Retired,High
TX049770,2023-11-25,CUST7696,Female,22,Electronics,10,340.0,3400.0,4,2023,Teenager,High
TX049771,2023-11-25,CUST2516,Female,22,Sports,17,18.0,306.0,4,2023,Teenager,Medium
TX049772,2023-11-25,CUST5492,Male,57,Groceries,19,397.0,7543.0,4,2023,Middle Aged,High
TX049773,2023-11-25,CUST4556,Female,18,Clothing,17,193.0,3281.0,4,2023,,High
TX049774,2023-11-25,CUST9754,Male,65,Clothing,20,292.0,5840.0,4,2023,Retired,High
TX049775,2023-11-25,CUST8910,Female,46,Clothing,20,21.0,420.0,4,2023,Middle Aged,Medium
TX049776,2023-11-25,CUST1880,Female,35,Groceries,17,365.0,6205.0,4,2023,Youth,High
TX049777,2023-11-25,CUST4582,Male,37,Sports,5,372.0,1860.0,4,2023,Youth,High
TX049778,2023-11-25,CUST8803,Female,52,Electronics,20,337.0,6740.0,4,2023,Middle Aged,High
TX049779,2023-11-25,CUST9500,Male,41,Electronics,19,141.0,2679.0,4,2023,Middle Aged,High
TX049780,2023-11-25,CUST2519,Male,33,Sports,1,480.0,480.0,4,2023,Youth,Medium
TX049781,2023-11-25,CUST5244,Female,26,Beauty,18,403.0,7254.0,4,2023,Youth,High
TX049782,2023-11-25,CUST5032,Female,41,Groceries,7,449.0,3143.0,4,2023,Middle Aged,High
TX049783,2023-11-25,CUST2858,Male,20,Beauty,12,284.0,3408.0,4,2023,Teenager,High
TX049784,2023-11-25,CUST7693,Male,32,Sports,19,88.0,1672.0,4,2023,Youth,High
TX049785,2023-11-25,CUST0151,Female,61,Sports,2,266.0,532.0,4,2023,Retired,High
TX049786,2023-11-25,CUST5069,Male,20,Sports,11,449.0,4939.0,4,2023,Teenager,High
TX049787,2023-11-25,CUST7921,Female,37,Clothing,16,305.0,4880.0,4,2023,Youth,High
TX049788,2023-11-25,CUST1188,Male,30,Beauty,20,207.0,4140.0,4,2023,Youth,High
TX049789,2023-11-25,CUST5436,Female,62,Groceries,18,404.0,7272.0,4,2023,Retired,High
TX049790,2023-11-25,CUST0544,Female,45,Beauty,17,204.0,3468.0,4,2023,Middle Aged,High
TX049791,2023-11-25,CUST0274,Female,23,Beauty,17,476.0,8092.0,4,2023,Teenager,High
TX049792,2023-11-25,CUST4129,Male,41,Electronics,16,416.0,6656.0,4,2023,Middle Aged,High
TX049793,2023-11-25,CUST0969,Female,65,Sports,12,96.0,1152.0,4,2023,Retired,High
TX049794,2023-11-25,CUST9114,Female,34,Sports,3,136.0,408.0,4,2023,Youth,Medium
TX049795,2023-11-25,CUST9102,Female,56,Electronics,4,411.0,1644.0,4,2023,Middle Aged,High
TX049796,2023-11-25,CUST9468,Female,46,Electronics,10,475.0,4750.0,4,2023,Middle Aged,High
TX049797,2023-11-25,CUST4864,Male,42,Beauty,20,50.0,1000.0,4,2023,Middle Aged,High
TX049798,2023-11-25,CUST1573,Female,64,Electronics,15,457.0,6855.0,4,2023,Retired,High
TX049799,2023-11-25,CUST1204,Male,26,Groceries,9,456.0,4104.0,4,2023,Youth,High
TX049800,2023-11-25,CUST8766,Female,34,Electronics,11,98.0,1078.0,4,2023,Youth,High
TX049801,2023-11-25,CUST6049,Male,60,Electronics,20,477.0,9540.0,4,2023,Middle Aged,High
TX049802,2023-11-25,CUST0402,Female,68,Electronics,19,328.0,6232.0,4,2023,Retired,High
TX049803,2023-11-25,CUST8105,Male,68,Books,19,14.0,266.0,4,2023,Retired,Medium
TX049804,2023-11-25,CUST3284,Male,67,Sports,8,258.0,2064.0,4,2023,Retired,High
TX049805,2023-11-25,CUST5379,Male,38,Clothing,13,405.0,5265.0,4,2023,Youth,High
TX049806,2023-11-25,CUST0419,Female,57,Clothing,18,478.0,8604.0,4,2023,Middle Aged,High
TX049807,2023-11-25,CUST8615,Male,51,Beauty,13,14.0,182.0,4,2023,Middle Aged,Medium
TX049808,2023-11-25,CUST9178,Female,62,Beauty,14,40.0,560.0,4,2023,Retired,High
TX049809,2023-11-25,CUST9209,Male,59,Clothing,13,16.0,208.0,4,2023,Middle Aged,Medium
TX049810,2023-11-25,CUST0366,Male,44,Books,5,211.0,1055.0,4,2023,Middle Aged,High
TX049811,2023-11-25,CUST1100,Female,60,Beauty,6,419.0,2514.0,4,2023,Middle Aged,High
TX049812,2023-11-25,CUST3367,Female,64,Clothing,17,201.0,3417.0,4,2023,Retired,High
TX049813,2023-11-25,CUST2958,Male,69,Sports,10,86.0,860.0,4,2023,Retired,High
TX049814,2023-11-25,CUST0019,Male,36,Sports,20,85.0,1700.0,4,2023,Youth,High
TX049815,2023-11-25,CUST7933,Male,69,Clothing,10,123.0,1230.0,4,2023,Retired,High
TX049816,2023-11-25,CUST1151,Female,56,Electronics,11,22.0,242.0,4,2023,Middle Aged,Medium
TX049817,2023-11-25,CUST0698,Female,58,Sports,2,484.0,968.0,4,2023,Middle Aged,High
TX049818,2023-11-25,CUST9269,Female,42,Books,15,41.0,615.0,4,2023,Middle Aged,High
TX049819,2023-11-25,CUST0691,Female,31,Groceries,20,110.0,2200.0,4,2023,Youth,High
TX049820,2023-11-25,CUST2967,Male,20,Electronics,4,426.0,1704.0,4,2023,Teenager,High
TX049821,2023-11-25,CUST3362,Female,52,Groceries,6,255.0,1530.0,4,2023,Middle Aged,High
TX049822,2023-11-25,CUST8397,Female,40,Electronics,16,438.0,7008.0,4,2023,Youth,High
TX049823,2023-11-25,CUST2659,Male,61,Sports,17,162.0,2754.0,4,2023,Retired,High
TX049824,2023-11-25,CUST1418,Male,68,Clothing,10,170.0,1700.0,4,2023,Retired,High
TX049825,2023-11-25,CUST3096,Female,28,Clothing,11,140.0,1540.0,4,2023,Youth,High
TX049826,2023-11-25,CUST1691,Female,59,Beauty,18,236.0,4248.0,4,2023,Middle Aged,High
TX049827,2023-11-25,CUST8746,Male,36,Beauty,13,32.0,416.0,4,2023,Youth,Medium
TX049828,2023-11-25,CUST8583,Male,24,Books,10,31.0,310.0,4,2023,Teenager,Medium
TX049829,2023-11-25,CUST8718,Male,40,Books,11,437.0,4807.0,4,2023,Youth,High
TX049830,2023-11-25,CUST5751,Female,42,Clothing,12,296.0,3552.0,4,2023,Middle Aged,High
TX049831,2023-11-25,CUST3545,Female,51,Electronics,3,240.0,720.0,4,2023,Middle Aged,High
TX049832,2023-11-25,CUST7635,Male,54,Electronics,11,204.0,2244.0,4,2023,Middle Aged,High
TX049833,2023-11-25,CUST5334,Female,18,Electronics,4,339.0,1356.0,4,2023,,High
TX049834,2023-11-25,CUST0683,Male,32,Clothing,14,496.0,6944.0,4,2023,Youth,High
TX049835,2023-11-25,CUST3209,Female,28,Electronics,4,59.0,236.0,4,2023,Youth,Medium
TX049836,2023-11-25,CUST5210,Male,48,Groceries,10,459.0,4590.0,4,2023,Middle Aged,High
TX049837,2023-11-25,CUST7587,Male,24,Books,5,24.0,120.0,4,2023,Teenager,Medium
TX049838,2023-11-25,CUST5844,Male,69,Clothing,12,136.0,1632.0,4,2023,Retired,High
TX049839,2023-11-25,CUST3465,Male,24,Sports,20,448.0,8960.0,4,2023,Teenager,High
TX049840,2023-11-25,CUST2591,Male,59,Groceries,12,30.0,360.0,4,2023,Middle Aged,Medium
TX049841,2023-11-25,CUST9302,Male,55,Beauty,7,230.0,1610.0,4,2023,Middle Aged,High
TX049842,2023-11-25,CUST2707,Female,22,Beauty,7,221.0,1547.0,4,2023,Teenager,High
TX049843,2023-11-25,CUST9359,Female,50,Groceries,19,12.0,228.0,4,2023,Middle Aged,Medium
TX049844,2023-11-25,CUST3538,Female,59,Electronics,6,65.0,390.0,4,2023,Middle Aged,Medium
TX049845,2023-11-25,CUST7523,Male,63,Electronics,14,294.0,4116.0,4,2023,Retired,High
TX049846,2023-11-25,CUST7650,Female,52,Groceries,8,246.0,1968.0,4,2023,Middle Aged,High
TX049847,2023-11-25,CUST1028,Female,56,Books,19,488.0,9272.0,4,2023,Middle Aged,High
TX049848,2023-11-25,CUST0759,Female,64,Groceries,4,132.0,528.0,4,2023,Retired,High
TX049849,2023-11-25,CUST7482,Female,18,Groceries,9,392.0,3528.0,4,2023,,High
TX049850,2023-11-25,CUST8375,Female,28,Books,18,484.0,8712.0,4,2023,Youth,High
TX049851,2023-11-25,CUST7882,Male,23,Clothing,3,212.0,636.0,4,2023,Teenager,High
TX049852,2023-11-25,CUST6815,Male,55,Clothing,13,261.0,3393.0,4,2023,Middle Aged,High
TX049853,2023-11-25,CUST3582,Male,24,Sports,6,332.0,1992.0,4,2023,Teenager,High
TX049854,2023-11-25,CUST5280,Female,43,Beauty,17,191.0,3247.0,4,2023,Middle Aged,High
TX049855,2023-11-25,CUST9117,Male,40,Beauty,15,69.0,1035.0,4,2023,Youth,High
TX049856,2023-11-25,CUST4058,Female,59,Electronics,10,370.0,3700.0,4,2023,Middle Aged,High
TX049857,2023-11-25,CUST6988,Female,53,Books,5,242.0,1210.0,4,2023,Middle Aged,High
TX049858,2023-11-25,CUST5697,Female,50,Books,7,396.0,2772.0,4,2023,Middle Aged,High
TX049859,2023-11-25,CUST6614,Female,58,Clothing,13,124.0,1612.0,4,2023,Middle Aged,High
TX049860,2023-11-25,CUST3583,Female,43,Groceries,14,161.0,2254.0,4,2023,Middle Aged,High
TX049861,2023-11-25,CUST4159,Female,24,Beauty,15,370.0,5550.0,4,2023,Teenager,High
TX049862,2023-11-25,CUST9755,Female,37,Books,19,123.0,2337.0,4,2023,Youth,High
TX049863,2023-11-25,CUST4500,Female,21,Clothing,13,62.0,806.0,4,2023,Teenager,High
TX049864,2023-11-25,CUST2527,Male,65,Sports,9,75.0,675.0,4,2023,Retired,High
TX049865,2023-11-25,CUST6221,Male,56,Electronics,4,197.0,788.0,4,2023,Middle Aged,High
TX049866,2023-11-25,CUST2569,Female,19,Books,13,277.0,3601.0,4,2023,Teenager,High
TX049867,2023-11-25,CUST9170,Female,36,Clothing,7,295.0,2065.0,4,2023,Youth,High
TX049868,2023-11-25,CUST6327,Female,43,Books,3,109.0,327.0,4,2023,Middle Aged,Medium
TX049869,2023-11-25,CUST3154,Male,55,Groceries,6,252.0,1512.0,4,2023,Middle Aged,High
TX049870,2023-11-25,CUST4454,Female,69,Clothing,11,125.0,1375.0,4,2023,Retired,High
TX049871,2023-11-25,CUST6425,Female,26,Electronics,18,490.0,8820.0,4,2023,Youth,High
TX049872,2023-11-25,CUST4511,Female,57,Electronics,3,342.0,1026.0,4,2023,Middle Aged,High
TX049873,2023-11-25,CUST1779,Male,26,Books,16,48.0,768.0,4,2023,Youth,High
TX049874,2023-11-25,CUST7312,Male,38,Groceries,8,319.0,2552.0,4,2023,Youth,High
TX049875,2023-11-25,CUST6792,Male,65,Beauty,13,140.0,1820.0,4,2023,Retired,High
TX049876,2023-11-25,CUST7838,Male,48,Sports,14,78.0,1092.0,4,2023,Middle Aged,High
TX049877,2023-11-25,CUST9392,Female,36,Books,16,463.0,7408.0,4,2023,Youth,High
TX049878,2023-11-25,CUST5311,Male,18,Clothing,6,349.0,2094.0,4,2023,,High
TX049879,2023-11-25,CUST0821,Female,19,Electronics,19,397.0,7543.0,4,2023,Teenager,High
TX049880,2023-11-25,CUST9708,Male,62,Sports,14,56.0,784.0,4,2023,Retired,High
TX049881,2023-11-25,CUST3968,Female,52,Electronics,7,335.0,2345.0,4,2023,Middle Aged,High
TX049882,2023-11-25,CUST8084,Female,66,Clothing,12,63.0,756.0,4,2023,Retired,High
TX049883,2023-11-25,CUST7854,Female,32,Groceries,5,455.0,2275.0,4,2023,Youth,High
TX049884,2023-11-25,CUST7743,Male,49,Sports,13,500.0,6500.0,4,2023,Middle Aged,High
TX049885,2023-11-25,CUST5348,Male,51,Books,10,65.0,650.0,4,2023,Middle Aged,High
TX049886,2023-11-25,CUST6230,Female,58,Electronics,3,415.0,1245.0,4,2023,Middle Aged,High
TX049887,2023-11-25,CUST8321,Female,61,Groceries,9,286.0,2574.0,4,2023,Retired,High
TX049888,2023-11-25,CUST5635,Female,56,Sports,1,484.0,484.0,4,2023,Middle Aged,Medium
TX049889,2023-11-25,CUST6035,Male,18,Beauty,1,475.0,475.0,4,2023,,Medium
TX049890,2023-11-25,CUST5819,Male,56,Beauty,16,222.0,3552.0,4,2023,Middle Aged,High
TX049891,2023-11-25,CUST3709,Female,69,Groceries,15,373.0,5595.0,4,2023,Retired,High
TX049892,2023-11-25,CUST4881,Female,45,Electronics,10,140.0,1400.0,4,2023,Middle Aged,High
TX049893,2023-11-25,CUST6986,Female,39,Books,5,297.0,1485.0,4,2023,Youth,High
TX049894,2023-11-25,CUST5758,Male,50,Electronics,13,103.0,1339.0,4,2023,Middle Aged,High
TX049895,2023-11-25,CUST2410,Male,58,Books,10,499.0,4990.0,4,2023,Middle Aged,High
TX049896,2023-11-25,CUST1636,Male,27,Beauty,3,224.0,672.0,4,2023,Youth,High
TX049897,2023-11-25,CUST7977,Female,22,Sports,1,405.0,405.0,4,2023,Teenager,Medium
TX049898,2023-11-25,CUST1799,Male,25,Electronics,18,417.0,7506.0,4,2023,Teenager,High
TX049899,2023-11-25,CUST5784,Male,49,Sports,19,166.0,3154.0,4,2023,Middle Aged,High
TX049900,2023-11-25,CUST8119,Male,57,Books,16,316.0,5056.0,4,2023,Middle Aged,High
TX049901,2023-11-25,CUST0258,Female,43,Sports,20,400.0,8000.0,4,2023,Middle Aged,High
TX049902,2023-11-25,CUST5569,Female,28,Groceries,18,75.0,1350.0,4,2023,Youth,High
TX049903,2023-11-25,CUST6341,Male,64,Sports,10,64.0,640.0,4,2023,Retired,High
TX049904,2023-11-25,CUST4937,Male,48,Books,5,377.0,1885.0,4,2023,Middle Aged,High
TX049905,2023-11-25,CUST3161,Female,28,Sports,2,467.0,934.0,4,2023,Youth,High
TX049906,2023-11-25,CUST3863,Male,57,Electronics,16,152.0,2432.0,4,2023,Middle Aged,High
TX049907,2023-11-25,CUST4210,Female,70,Books,19,246.0,4674.0,4,2023,Retired,High
TX049908,2023-11-25,CUST9048,Female,53,Books,13,223.0,2899.0,4,2023,Middle Aged,High
TX049909,2023-11-25,CUST3104,Male,46,Beauty,7,381.0,2667.0,4,2023,Middle Aged,High
TX049910,2023-11-25,CUST4999,Male,37,Books,16,55.0,880.0,4,2023,Youth,High
TX049911,2023-11-25,CUST6427,Male,37,Books,1,356.0,356.0,4,2023,Youth,Medium
TX049912,2023-11-25,CUST0752,Female,20,Electronics,18,436.0,7848.0,4,2023,Teenager,High
TX049913,2023-11-25,CUST2418,Male,51,Sports,17,27.0,459.0,4,2023,Middle Aged,Medium
TX049914,2023-11-25,CUST4211,Female,63,Beauty,10,292.0,2920.0,4,2023,Retired,High
TX049915,2023-11-25,CUST1746,Female,34,Groceries,14,318.0,4452.0,4,2023,Youth,High
TX049916,2023-11-25,CUST6708,Female,49,Sports,10,102.0,1020.0,4,2023,Middle Aged,High
TX049917,2023-11-25,CUST8632,Female,66,Beauty,6,24.0,144.0,4,2023,Retired,Medium
TX049918,2023-11-25,CUST5001,Male,54,Clothing,15,123.0,1845.0,4,2023,Middle Aged,High
TX049919,2023-11-25,CUST9818,Female,45,Clothing,15,474.0,7110.0,4,2023,Middle Aged,High
TX049920,2023-11-25,CUST4269,Female,24,Sports,14,31.0,434.0,4,2023,Teenager,Medium
TX049921,2023-11-25,CUST2222,Male,23,Groceries,10,42.0,420.0,4,2023,Teenager,Medium
TX049922,2023-11-25,CUST2807,Female,41,Sports,19,52.0,988.0,4,2023,Middle Aged,High
TX049923,2023-11-25,CUST0598,Female,57,Clothing,13,222.0,2886.0,4,2023,Middle Aged,High
TX049924,2023-11-25,CUST1238,Female,18,Books,8,378.0,3024.0,4,2023,,High
TX049925,2023-11-25,CUST3886,Female,35,Books,13,462.0,6006.0,4,2023,Youth,High
TX049926,2023-11-25,CUST7836,Male,57,Beauty,10,304.0,3040.0,4,2023,Middle Aged,High
TX049927,2023-11-25,CUST1775,Female,69,Groceries,7,441.0,3087.0,4,2023,Retired,High
TX049928,2023-11-25,CUST3836,Male,35,Electronics,12,18.0,216.0,4,2023,Youth,Medium
TX049929,2023-11-25,CUST1779,Male,18,Sports,18,81.0,1458.0,4,2023,,High
TX049930,2023-11-25,CUST4809,Male,41,Groceries,8,441.0,3528.0,4,2023,Middle Aged,High
TX049931,2023-11-25,CUST2350,Male,40,Books,7,69.0,483.0,4,2023,Youth,Medium
TX049932,2023-11-25,CUST4608,Female,69,Sports,4,416.0,1664.0,4,2023,Retired,High
TX049933,2023-11-25,CUST4522,Female,65,Sports,9,244.0,2196.0,4,2023,Retired,High
TX049934,2023-11-25,CUST0335,Male,69,Books,9,27.0,243.0,4,2023,Retired,Medium
TX049935,2023-11-25,CUST2492,Male,44,Electronics,16,150.0,2400.0,4,2023,Middle Aged,High
TX049936,2023-11-25,CUST2866,Female,28,Sports,5,183.0,915.0,4,2023,Youth,High
TX049937,2023-11-25,CUST9393,Female,49,Clothing,19,461.0,8759.0,4,2023,Middle Aged,High
TX049938,2023-11-25,CUST8511,Male,38,Books,19,409.0,7771.0,4,2023,Youth,High
TX049939,2023-11-25,CUST5381,Female,23,Books,16,415.0,6640.0,4,2023,Teenager,High
TX049940,2023-11-25,CUST3797,Male,48,Groceries,15,358.0,5370.0,4,2023,Middle Aged,High
TX049941,2023-11-25,CUST1527,Male,44,Groceries,9,158.0,1422.0,4,2023,Middle Aged,High
TX049942,2023-11-25,CUST1091,Female,29,Sports,11,213.0,2343.0,4,2023,Youth,High
TX049943,2023-11-25,CUST9713,Female,24,Books,7,88.0,616.0,4,2023,Teenager,High
TX049944,2023-11-25,CUST1656,Female,33,Beauty,1,246.0,246.0,4,2023,Youth,Medium
TX049945,2023-11-25,CUST1363,Female,56,Books,1,362.0,362.0,4,2023,Middle Aged,Medium
TX049946,2023-11-25,CUST4741,Male,49,Electronics,19,289.0,5491.0,4,2023,Middle Aged,High
TX049947,2023-11-25,CUST1172,Female,49,Beauty,9,473.0,4257.0,4,2023,Middle Aged,High
TX049948,2023-11-25,CUST7085,Female,50,Sports,20,68.0,1360.0,4,2023,Middle Aged,High
TX049949,2023-11-25,CUST3587,Male,31,Clothing,4,332.0,1328.0,4,2023,Youth,High
TX049950,2023-11-25,CUST5915,Female,55,Electronics,4,364.0,1456.0,4,2023,Middle Aged,High
TX049951,2023-11-25,CUST9023,Male,50,Beauty,1,338.0,338.0,4,2023,Middle Aged,Medium
TX049952,2023-11-25,CUST3477,Male,23,Groceries,8,74.0,592.0,4,2023,Teenager,High
TX049953,2023-11-25,CUST6242,Female,55,Books,15,287.0,4305.0,4,2023,Middle Aged,High
TX049954,2023-11-25,CUST4194,Female,41,Groceries,5,46.0,230.0,4,2023,Middle Aged,Medium
TX049955,2023-11-25,CUST4396,Female,67,Groceries,3,308.0,924.0,4,2023,Retired,High
TX049956,2023-11-25,CUST3700,Male,44,Books,7,246.0,1722.0,4,2023,Middle Aged,High
TX049957,2023-11-25,CUST0404,Female,61,Clothing,9,112.0,1008.0,4,2023,Retired,High
TX049958,2023-11-25,CUST1281,Male,56,Electronics,18,257.0,4626.0,4,2023,Middle Aged,High
TX049959,2023-11-25,CUST9200,Female,25,Clothing,6,470.0,2820.0,4,2023,Teenager,High
TX049960,2023-11-25,CUST4036,Male,24,Clothing,17,310.0,5270.0,4,2023,Teenager,High
TX049961,2023-11-25,CUST4543,Male,31,Sports,6,434.0,2604.0,4,2023,Youth,High
TX049962,2023-11-25,CUST4103,Female,29,Electronics,3,436.0,1308.0,4,2023,Youth,High
TX049963,2023-11-25,CUST8547,Male,65,Groceries,4,414.0,1656.0,4,2023,Retired,High
TX049964,2023-11-25,CUST0494,Male,53,Books,15,268.0,4020.0,4,2023,Middle Aged,High
TX049965,2023-11-25,CUST6040,Male,30,Books,19,411.0,7809.0,4,2023,Youth,High
TX049966,2023-11-25,CUST0184,Male,36,Beauty,14,453.0,6342.0,4,2023,Youth,High
TX049967,2023-11-25,CUST0411,Male,69,Groceries,5,85.0,425.0,4,2023,Retired,Medium
TX049968,2023-11-25,CUST1034,Male,49,Sports,17,308.0,5236.0,4,2023,Middle Aged,High
TX049969,2023-11-25,CUST5296,Female,25,Beauty,18,70.0,1260.0,4,2023,Teenager,High
TX049970,2023-11-25,CUST9949,Male,38,Beauty,12,62.0,744.0,4,2023,Youth,High
TX049971,2023-11-25,CUST8288,Female,67,Groceries,9,167.0,1503.0,4,2023,Retired,High
TX049972,2023-11-25,CUST7924,Female,20,Electronics,16,267.0,4272.0,4,2023,Teenager,High
TX049973,2023-11-25,CUST4451,Female,64,Books,17,314.0,5338.0,4,2023,Retired,High
TX049974,2023-11-25,CUST3730,Male,67,Groceries,20,27.0,540.0,4,2023,Retired,High
TX049975,2023-11-25,CUST2843,Female,50,Books,2,41.0,82.0,4,2023,Middle Aged,Low
TX049976,2023-11-25,CUST8815,Male,57,Books,14,13.0,182.0,4,2023,Middle Aged,Medium
TX049977,2023-11-25,CUST0697,Female,59,Electronics,15,440.0,6600.0,4,2023,Middle Aged,High
TX049978,2023-11-25,CUST4022,Female,24,Clothing,12,429.0,5148.0,4,2023,Teenager,High
TX049979,2023-11-25,CUST8382,Female,68,Sports,18,294.0,5292.0,4,2023,Retired,High
TX049980,2023-11-25,CUST6169,Male,51,Groceries,8,457.0,3656.0,4,2023,Middle Aged,High
TX049981,2023-11-25,CUST4794,Male,42,Sports,20,229.0,4580.0,4,2023,Middle Aged,High
TX049982,2023-11-25,CUST7376,Female,38,Clothing,14,253.0,3542.0,4,2023,Youth,High
TX049983,2023-11-25,CUST0829,Female,25,Groceries,19,84.0,1596.0,4,2023,Teenager,High
TX049984,2023-11-25,CUST5692,Female,24,Electronics,9,291.0,2619.0,4,2023,Teenager,High
TX049985,2023-11-25,CUST8155,Male,39,Books,19,453.0,8607.0,4,2023,Youth,High
TX049986,2023-11-25,CUST5217,Female,60,Books,20,133.0,2660.0,4,2023,Middle Aged,High
TX049987,2023-11-25,CUST8706,Female,23,Electronics,13,337.0,4381.0,4,2023,Teenager,High
TX049988,2023-11-25,CUST6119,Male,51,Beauty,4,340.0,1360.0,4,2023,Middle Aged,High
TX049989,2023-11-25,CUST5112,Female,41,Beauty,20,468.0,9360.0,4,2023,Middle Aged,High
TX049990,2023-11-25,CUST7076,Female,24,Electronics,7,193.0,1351.0,4,2023,Teenager,High
TX049991,2023-11-25,CUST7923,Male,20,Sports,11,167.0,1837.0,4,2023,Teenager,High
TX049992,2023-11-25,CUST5163,Female,45,Groceries,17,207.0,3519.0,4,2023,Middle Aged,High
TX049993,2023-11-25,CUST2956,Male,25,Beauty,5,95.0,475.0,4,2023,Teenager,Medium
TX049994,2023-11-25,CUST5739,Female,64,Clothing,2,101.0,202.0,4,2023,Retired,Medium
TX049995,2023-11-25,CUST6737,Male,34,Clothing,4,254.0,1016.0,4,2023,Youth,High
TX049996,2023-11-25,CUST1601,Male,64,Electronics,14,310.0,4340.0,4,2023,Retired,High
TX049997,2023-11-25,CUST4177,Male,53,Groceries,6,132.0,792.0,4,2023,Middle Aged,High
TX049998,2023-11-25,CUST4723,Female,35,Beauty,13,318.0,4134.0,4,2023,Youth,High
TX049999,2023-11-25,CUST0828,Male,41,Books,10,386.0,3860.0,4,2023,Middle Aged,High
TX050000,2023-11-25,CUST2300,Female,61,Books,16,459.0,7344.0,4,2023,Retired,High
